{
"type": "FeatureCollection",
"name": "centros_poblados_la_encanada",
"crs": { "type": "name", "properties": { "name": "urn:ogc:def:crs:OGC:1.3:CRS84" } },
"features": [
{ "type": "Feature", "properties": { "OBJECTID": 27273.0, "PROVINCIA": "CAJAMARCA", "DISTRITO": "ENCAÑADA", "REGION_NAT": "QUECHUA", "LONGITUD": -78.32015996, "LATITUD": -7.14805954, "CATEGORIA": "CASERIO", "CODIGO": "0601050107", "UBIGEO": "060105", "DEPARTAMEN": "CAJAMARCA", "ALTITUD": 3038.0, "DESCRIPCIO": "SANTA CLEOTILDE", "CPV2017_GI": 2.0, "POBLACION": 69.0, "ORIGEN": "cpv2017_v1", "CCDD": "06", "CCPP": "01", "CCDI": "05", "COD_GRUPO": "06010599992", "FLAG_TIPO_": 3.0, "descargar": "www.geogpsperu.com", "contacto": "Suyo Pomalía Juan Pablo", "ARCHIVO": "CAJAMARCA_CCPP_geogpsperu_SuyoPomalia" }, "geometry": { "type": "Polygon", "coordinates": [ [ [ -78.31833427871203, -7.138471660745255 ], [ -78.310490167689906, -7.139189247073918 ], [ -78.311091910669461, -7.156534699392555 ], [ -78.3188, -7.1648 ], [ -78.322, -7.1549 ], [ -78.3226, -7.1462 ], [ -78.323619478472878, -7.145849554274945 ], [ -78.31833427871203, -7.138471660745255 ] ] ] } },
{ "type": "Feature", "properties": { "OBJECTID": 27269.0, "PROVINCIA": "CAJAMARCA", "DISTRITO": "ENCAÑADA", "REGION_NAT": "QUECHUA", "LONGITUD": -78.326825, "LATITUD": -7.143285, "CATEGORIA": "CASERIO", "CODIGO": "0601050103", "UBIGEO": "060105", "DEPARTAMEN": "CAJAMARCA", "ALTITUD": 2980.0, "DESCRIPCIO": "YERBA BUENA DE POLLOC", "CPV2017_GI": 2.0, "POBLACION": 144.0, "ORIGEN": "cpv2017_v1", "CCDD": "06", "CCPP": "01", "CCDI": "05", "COD_GRUPO": "06010599992", "FLAG_TIPO_": 3.0, "descargar": "www.geogpsperu.com", "contacto": "Suyo Pomalía Juan Pablo", "ARCHIVO": "CAJAMARCA_CCPP_geogpsperu_SuyoPomalia" }, "geometry": { "type": "Polygon", "coordinates": [ [ [ -78.332638580254724, -7.130192375319405 ], [ -78.31833427871203, -7.138471660745255 ], [ -78.323619478472878, -7.145849554274945 ], [ -78.329, -7.144 ], [ -78.3325, -7.1316 ], [ -78.336345442327925, -7.130006584670745 ], [ -78.332638580254724, -7.130192375319405 ] ] ] } },
{ "type": "Feature", "properties": { "OBJECTID": 27267.0, "PROVINCIA": "CAJAMARCA", "DISTRITO": "ENCAÑADA", "REGION_NAT": "QUECHUA", "LONGITUD": -78.36634, "LATITUD": -7.11837167, "CATEGORIA": "CASERIO", "CODIGO": "0601050101", "UBIGEO": "060105", "DEPARTAMEN": "CAJAMARCA", "ALTITUD": 3143.0, "DESCRIPCIO": "CHAQUIL ENCAÑADA", "CPV2017_GI": 2.0, "POBLACION": 158.0, "ORIGEN": "cpv2017_v1", "CCDD": "06", "CCPP": "01", "CCDI": "05", "COD_GRUPO": "06010501012", "FLAG_TIPO_": 2.0, "descargar": "www.geogpsperu.com", "contacto": "Suyo Pomalía Juan Pablo", "ARCHIVO": "CAJAMARCA_CCPP_geogpsperu_SuyoPomalia" }, "geometry": { "type": "Polygon", "coordinates": [ [ [ -78.358819292902353, -7.111236256081584 ], [ -78.354554410414991, -7.124695870062534 ], [ -78.3579, -7.1252 ], [ -78.3612, -7.1242 ], [ -78.3669, -7.1191 ], [ -78.360280905348773, -7.111302162465678 ], [ -78.358819292902353, -7.111236256081584 ] ] ] } },
{ "type": "Feature", "properties": { "OBJECTID": 27255.0, "PROVINCIA": "CAJAMARCA", "DISTRITO": "ENCAÑADA", "REGION_NAT": "QUECHUA", "LONGITUD": -78.38401833, "LATITUD": -7.096495, "CATEGORIA": "CASERIO", "CODIGO": "0601050089", "UBIGEO": "060105", "DEPARTAMEN": "CAJAMARCA", "ALTITUD": 3411.0, "DESCRIPCIO": "GALLORCO", "CPV2017_GI": 2.0, "POBLACION": 183.0, "ORIGEN": "cpv2017_v1", "CCDD": "06", "CCPP": "01", "CCDI": "05", "COD_GRUPO": "06010500892", "FLAG_TIPO_": 2.0, "descargar": "www.geogpsperu.com", "contacto": "Suyo Pomalía Juan Pablo", "ARCHIVO": "CAJAMARCA_CCPP_geogpsperu_SuyoPomalia" }, "geometry": { "type": "Polygon", "coordinates": [ [ [ -78.37513095095413, -7.090627461127886 ], [ -78.37312359242992, -7.095802064379613 ], [ -78.375635573550568, -7.100960011971183 ], [ -78.3861, -7.0975 ], [ -78.4002, -7.0884 ], [ -78.400048406524007, -7.087869422834031 ], [ -78.37513095095413, -7.090627461127886 ] ] ] } },
{ "type": "Feature", "properties": { "OBJECTID": 27204.0, "PROVINCIA": "CAJAMARCA", "DISTRITO": "ENCAÑADA", "REGION_NAT": "SUNI", "LONGITUD": -78.52538313, "LATITUD": -6.95307625, "CATEGORIA": "ANEXO", "CODIGO": "0601050031", "UBIGEO": "060105", "DEPARTAMEN": "CAJAMARCA", "ALTITUD": 3641.0, "DESCRIPCIO": "LA PAJUELA", "CPV2017_GI": 2.0, "POBLACION": 26.0, "ORIGEN": "cpv2017_v1", "CCDD": "06", "CCPP": "01", "CCDI": "05", "COD_GRUPO": "06010599992", "FLAG_TIPO_": 3.0, "descargar": "www.geogpsperu.com", "contacto": "Suyo Pomalía Juan Pablo", "ARCHIVO": "CAJAMARCA_CCPP_geogpsperu_SuyoPomalia" }, "geometry": { "type": "Polygon", "coordinates": [ [ [ -78.519784490488505, -6.94683495065757 ], [ -78.477735054631225, -6.964823927110977 ], [ -78.477438364862834, -6.965126763572868 ], [ -78.487687832786463, -6.987555013028376 ], [ -78.4883, -6.9877 ], [ -78.4969, -6.9822 ], [ -78.5068, -6.9787 ], [ -78.5053, -6.9763 ], [ -78.5052, -6.9701 ], [ -78.5079, -6.9641 ], [ -78.5126, -6.9594 ], [ -78.5126, -6.9555 ], [ -78.5189, -6.9568 ], [ -78.5254, -6.9558 ], [ -78.526736294098697, -6.948736731192549 ], [ -78.519784490488505, -6.94683495065757 ] ] ] } },
{ "type": "Feature", "properties": { "OBJECTID": 27218.0, "PROVINCIA": "CAJAMARCA", "DISTRITO": "ENCAÑADA", "REGION_NAT": "QUECHUA", "LONGITUD": -78.41961426, "LATITUD": -7.03645193, "CATEGORIA": "CASERIO", "CODIGO": "0601050045", "UBIGEO": "060105", "DEPARTAMEN": "CAJAMARCA", "ALTITUD": 3241.0, "DESCRIPCIO": "BELLAVISTA BAJA", "CPV2017_GI": 2.0, "POBLACION": 301.0, "ORIGEN": "cpv2017_v1", "CCDD": "06", "CCPP": "01", "CCDI": "05", "COD_GRUPO": "06010500452", "FLAG_TIPO_": 2.0, "descargar": "www.geogpsperu.com", "contacto": "Suyo Pomalía Juan Pablo", "ARCHIVO": "CAJAMARCA_CCPP_geogpsperu_SuyoPomalia" }, "geometry": { "type": "Polygon", "coordinates": [ [ [ -78.420058959170007, -7.032033448123151 ], [ -78.411492512273, -7.039097425108284 ], [ -78.414902022854164, -7.042717033147229 ], [ -78.4173, -7.0392 ], [ -78.425775078212638, -7.033663516745517 ], [ -78.420058959170007, -7.032033448123151 ] ] ] } },
{ "type": "Feature", "properties": { "OBJECTID": 27203.0, "PROVINCIA": "CAJAMARCA", "DISTRITO": "ENCAÑADA", "REGION_NAT": "SUNI", "LONGITUD": -78.43933667, "LATITUD": -7.00729167, "CATEGORIA": "CASERIO", "CODIGO": "0601050030", "UBIGEO": "060105", "DEPARTAMEN": "CAJAMARCA", "ALTITUD": 3623.0, "DESCRIPCIO": "PORVENIR COMBAYO", "CPV2017_GI": 2.0, "POBLACION": 144.0, "ORIGEN": "cpv2017_v1", "CCDD": "06", "CCPP": "01", "CCDI": "05", "COD_GRUPO": "06010599992", "FLAG_TIPO_": 3.0, "descargar": "www.geogpsperu.com", "contacto": "Suyo Pomalía Juan Pablo", "ARCHIVO": "CAJAMARCA_CCPP_geogpsperu_SuyoPomalia" }, "geometry": { "type": "Polygon", "coordinates": [ [ [ -78.432026925795341, -7.001449113909293 ], [ -78.427708049690224, -7.008593254799844 ], [ -78.441269996131012, -7.025234238206201 ], [ -78.4431, -7.0248 ], [ -78.4552, -7.0113 ], [ -78.4594, -7.0034 ], [ -78.47012847792233, -6.994855763091797 ], [ -78.432026925795341, -7.001449113909293 ] ] ] } },
{ "type": "Feature", "properties": { "OBJECTID": 27210.0, "PROVINCIA": "CAJAMARCA", "DISTRITO": "ENCAÑADA", "REGION_NAT": "SUNI", "LONGITUD": -78.43694833000001, "LATITUD": -6.99349, "CATEGORIA": "CASERIO", "CODIGO": "0601050037", "UBIGEO": "060105", "DEPARTAMEN": "CAJAMARCA", "ALTITUD": 3730.0, "DESCRIPCIO": "PABELLON", "CPV2017_GI": 2.0, "POBLACION": 185.0, "ORIGEN": "cpv2017_v1", "CCDD": "06", "CCPP": "01", "CCDI": "05", "COD_GRUPO": "06010500372", "FLAG_TIPO_": 2.0, "descargar": "www.geogpsperu.com", "contacto": "Suyo Pomalía Juan Pablo", "ARCHIVO": "CAJAMARCA_CCPP_geogpsperu_SuyoPomalia" }, "geometry": { "type": "Polygon", "coordinates": [ [ [ -78.473128402358938, -6.962223894451589 ], [ -78.42929586404108, -6.968211467283343 ], [ -78.424309395937584, -6.976667917497155 ], [ -78.432026925795341, -7.001449113909293 ], [ -78.47012847792233, -6.994855763091797 ], [ -78.4761, -6.9901 ], [ -78.4845, -6.9868 ], [ -78.487687832786463, -6.987555013028376 ], [ -78.477438364862834, -6.965126763572868 ], [ -78.473128402358938, -6.962223894451589 ] ] ] } },
{ "type": "Feature", "properties": { "OBJECTID": 27282.0, "PROVINCIA": "CAJAMARCA", "DISTRITO": "ENCAÑADA", "REGION_NAT": "SUNI", "LONGITUD": -78.55114349, "LATITUD": -6.91158961, "CATEGORIA": null, "CODIGO": "0601050118", "UBIGEO": "060105", "DEPARTAMEN": "CAJAMARCA", "ALTITUD": 3643.0, "DESCRIPCIO": "APALINA ALTA (ANEXO)", "CPV2017_GI": 2.0, "POBLACION": 54.0, "ORIGEN": "cpv2017_v1", "CCDD": "06", "CCPP": "01", "CCDI": "05", "COD_GRUPO": "06010599992", "FLAG_TIPO_": 3.0, "descargar": "www.geogpsperu.com", "contacto": "Suyo Pomalía Juan Pablo", "ARCHIVO": "CAJAMARCA_CCPP_geogpsperu_SuyoPomalia" }, "geometry": { "type": "Polygon", "coordinates": [ [ [ -78.557056648349487, -6.8902596482325 ], [ -78.548717129637055, -6.893022813419362 ], [ -78.540187004192092, -6.925892422514781 ], [ -78.545494248920463, -6.92996254192609 ], [ -78.5626, -6.9314 ], [ -78.5679, -6.9297 ], [ -78.5702, -6.9216 ], [ -78.5749, -6.916 ], [ -78.575709225245362, -6.910155595450191 ], [ -78.557056648349487, -6.8902596482325 ] ] ] } },
{ "type": "Feature", "properties": { "OBJECTID": 27193.0, "PROVINCIA": "CAJAMARCA", "DISTRITO": "ENCAÑADA", "REGION_NAT": "SUNI", "LONGITUD": -78.52778055, "LATITUD": -6.94431271, "CATEGORIA": "CASERIO", "CODIGO": "0601050019", "UBIGEO": "060105", "DEPARTAMEN": "CAJAMARCA", "ALTITUD": 3636.0, "DESCRIPCIO": "APALINA", "CPV2017_GI": 2.0, "POBLACION": 128.0, "ORIGEN": "cpv2017_v1", "CCDD": "06", "CCPP": "01", "CCDI": "05", "COD_GRUPO": "06010599992", "FLAG_TIPO_": 3.0, "descargar": "www.geogpsperu.com", "contacto": "Suyo Pomalía Juan Pablo", "ARCHIVO": "CAJAMARCA_CCPP_geogpsperu_SuyoPomalia" }, "geometry": { "type": "Polygon", "coordinates": [ [ [ -78.523949135008877, -6.940667922926093 ], [ -78.519784490488505, -6.94683495065757 ], [ -78.526736294098697, -6.948736731192549 ], [ -78.5268, -6.9484 ], [ -78.529672034141029, -6.942655931717935 ], [ -78.523949135008877, -6.940667922926093 ] ] ] } },
{ "type": "Feature", "properties": { "OBJECTID": 27261.0, "PROVINCIA": "CAJAMARCA", "DISTRITO": "ENCAÑADA", "REGION_NAT": "QUECHUA", "LONGITUD": -78.36695167000001, "LATITUD": -7.10480667, "CATEGORIA": "CASERIO", "CODIGO": "0601050095", "UBIGEO": "060105", "DEPARTAMEN": "CAJAMARCA", "ALTITUD": 3342.0, "DESCRIPCIO": "ALTO CHAQUIL", "CPV2017_GI": 2.0, "POBLACION": 135.0, "ORIGEN": "cpv2017_v1", "CCDD": "06", "CCPP": "01", "CCDI": "05", "COD_GRUPO": "06010599992", "FLAG_TIPO_": 3.0, "descargar": "www.geogpsperu.com", "contacto": "Suyo Pomalía Juan Pablo", "ARCHIVO": "CAJAMARCA_CCPP_geogpsperu_SuyoPomalia" }, "geometry": { "type": "Polygon", "coordinates": [ [ [ -78.37312359242992, -7.095802064379613 ], [ -78.358788950296898, -7.097919681967451 ], [ -78.354681702141619, -7.101386635151504 ], [ -78.354670208804151, -7.101616378420812 ], [ -78.358819292902353, -7.111236256081584 ], [ -78.360280905348773, -7.111302162465678 ], [ -78.3596, -7.1105 ], [ -78.3622, -7.1062 ], [ -78.3713, -7.1048 ], [ -78.3737, -7.1016 ], [ -78.375635573550568, -7.100960011971183 ], [ -78.37312359242992, -7.095802064379613 ] ] ] } },
{ "type": "Feature", "properties": { "OBJECTID": 27254.0, "PROVINCIA": "CAJAMARCA", "DISTRITO": "ENCAÑADA", "REGION_NAT": "QUECHUA", "LONGITUD": -78.36461167, "LATITUD": -7.08896667, "CATEGORIA": "CASERIO", "CODIGO": "0601050088", "UBIGEO": "060105", "DEPARTAMEN": "CAJAMARCA", "ALTITUD": 3211.0, "DESCRIPCIO": "CORRAL PAMPA ENCAÑADA", "CPV2017_GI": 2.0, "POBLACION": 80.0, "ORIGEN": "cpv2017_v1", "CCDD": "06", "CCPP": "01", "CCDI": "05", "COD_GRUPO": "06010599992", "FLAG_TIPO_": 3.0, "descargar": "www.geogpsperu.com", "contacto": "Suyo Pomalía Juan Pablo", "ARCHIVO": "CAJAMARCA_CCPP_geogpsperu_SuyoPomalia" }, "geometry": { "type": "Polygon", "coordinates": [ [ [ -78.37513095095413, -7.090627461127886 ], [ -78.372593215457513, -7.083063532035512 ], [ -78.359197908099503, -7.079530212231582 ], [ -78.358788950296898, -7.097919681967451 ], [ -78.37312359242992, -7.095802064379613 ], [ -78.37513095095413, -7.090627461127886 ] ] ] } },
{ "type": "Feature", "properties": { "OBJECTID": 27250.0, "PROVINCIA": "CAJAMARCA", "DISTRITO": "ENCAÑADA", "REGION_NAT": "QUECHUA", "LONGITUD": -78.38252, "LATITUD": -7.08295833, "CATEGORIA": "CASERIO", "CODIGO": "0601050084", "UBIGEO": "060105", "DEPARTAMEN": "CAJAMARCA", "ALTITUD": 3089.0, "DESCRIPCIO": "SANGAL BAJO", "CPV2017_GI": 2.0, "POBLACION": 159.0, "ORIGEN": "cpv2017_v1", "CCDD": "06", "CCPP": "01", "CCDI": "05", "COD_GRUPO": "06010500842", "FLAG_TIPO_": 2.0, "descargar": "www.geogpsperu.com", "contacto": "Suyo Pomalía Juan Pablo", "ARCHIVO": "CAJAMARCA_CCPP_geogpsperu_SuyoPomalia" }, "geometry": { "type": "Polygon", "coordinates": [ [ [ -78.387867660682176, -7.067911886896914 ], [ -78.381607581060209, -7.069030945468081 ], [ -78.372593215457513, -7.083063532035512 ], [ -78.37513095095413, -7.090627461127886 ], [ -78.400048406524007, -7.087869422834031 ], [ -78.3992, -7.0849 ], [ -78.4026, -7.0777 ], [ -78.404437479721778, -7.07708750675941 ], [ -78.387867660682176, -7.067911886896914 ] ] ] } },
{ "type": "Feature", "properties": { "OBJECTID": 27224.0, "PROVINCIA": "CAJAMARCA", "DISTRITO": "ENCAÑADA", "REGION_NAT": "QUECHUA", "LONGITUD": -78.40836667000001, "LATITUD": -7.04704667, "CATEGORIA": "ANEXO", "CODIGO": "0601050052", "UBIGEO": "060105", "DEPARTAMEN": "CAJAMARCA", "ALTITUD": 3069.0, "DESCRIPCIO": "SANTA ROSA DE VENTANILLAS", "CPV2017_GI": 2.0, "POBLACION": 146.0, "ORIGEN": "cpv2017_v1", "CCDD": "06", "CCPP": "01", "CCDI": "05", "COD_GRUPO": "06010599992", "FLAG_TIPO_": 3.0, "descargar": "www.geogpsperu.com", "contacto": "Suyo Pomalía Juan Pablo", "ARCHIVO": "CAJAMARCA_CCPP_geogpsperu_SuyoPomalia" }, "geometry": { "type": "Polygon", "coordinates": [ [ [ -78.411492512273, -7.039097425108284 ], [ -78.407517284014546, -7.037223039105296 ], [ -78.398117560105348, -7.04195402616374 ], [ -78.396946894361577, -7.043452122218578 ], [ -78.40859568683733, -7.058219508889334 ], [ -78.4123, -7.0522 ], [ -78.4128, -7.0458 ], [ -78.414902022854164, -7.042717033147229 ], [ -78.411492512273, -7.039097425108284 ] ] ] } },
{ "type": "Feature", "properties": { "OBJECTID": 27246.0, "PROVINCIA": "CAJAMARCA", "DISTRITO": "ENCAÑADA", "REGION_NAT": "QUECHUA", "LONGITUD": -78.36856167000001, "LATITUD": -7.07399167, "CATEGORIA": "CASERIO", "CODIGO": "0601050079", "UBIGEO": "060105", "DEPARTAMEN": "CAJAMARCA", "ALTITUD": 3220.0, "DESCRIPCIO": "SANGAL ALTO", "CPV2017_GI": 2.0, "POBLACION": 87.0, "ORIGEN": "cpv2017_v1", "CCDD": "06", "CCPP": "01", "CCDI": "05", "COD_GRUPO": "06010599992", "FLAG_TIPO_": 3.0, "descargar": "www.geogpsperu.com", "contacto": "Suyo Pomalía Juan Pablo", "ARCHIVO": "CAJAMARCA_CCPP_geogpsperu_SuyoPomalia" }, "geometry": { "type": "Polygon", "coordinates": [ [ [ -78.381607581060209, -7.069030945468081 ], [ -78.366716995908632, -7.06166210227813 ], [ -78.359441285595736, -7.070483014314944 ], [ -78.358573202944626, -7.077316971590051 ], [ -78.358948521458601, -7.0792729219903 ], [ -78.359197908099503, -7.079530212231582 ], [ -78.372593215457513, -7.083063532035512 ], [ -78.381607581060209, -7.069030945468081 ] ] ] } },
{ "type": "Feature", "properties": { "OBJECTID": 27238.0, "PROVINCIA": "CAJAMARCA", "DISTRITO": "ENCAÑADA", "REGION_NAT": "QUECHUA", "LONGITUD": -78.39778333, "LATITUD": -7.055395, "CATEGORIA": "CASERIO", "CODIGO": "0601050071", "UBIGEO": "060105", "DEPARTAMEN": "CAJAMARCA", "ALTITUD": 3020.0, "DESCRIPCIO": "MOLINO DEL ARCO", "CPV2017_GI": 2.0, "POBLACION": 91.0, "ORIGEN": "cpv2017_v1", "CCDD": "06", "CCPP": "01", "CCDI": "05", "COD_GRUPO": "06010599992", "FLAG_TIPO_": 3.0, "descargar": "www.geogpsperu.com", "contacto": "Suyo Pomalía Juan Pablo", "ARCHIVO": "CAJAMARCA_CCPP_geogpsperu_SuyoPomalia" }, "geometry": { "type": "Polygon", "coordinates": [ [ [ -78.404437479721778, -7.07708750675941 ], [ -78.4089, -7.0756 ], [ -78.4089, -7.0699 ], [ -78.4068, -7.0661 ], [ -78.4083, -7.0587 ], [ -78.40859568683733, -7.058219508889334 ], [ -78.396946894361577, -7.043452122218578 ], [ -78.387595896291998, -7.046442500071102 ], [ -78.387867660682176, -7.067911886896914 ], [ -78.404437479721778, -7.07708750675941 ] ] ] } },
{ "type": "Feature", "properties": { "OBJECTID": 27231.0, "PROVINCIA": "CAJAMARCA", "DISTRITO": "ENCAÑADA", "REGION_NAT": "QUECHUA", "LONGITUD": -78.37763833, "LATITUD": -7.05565, "CATEGORIA": "CASERIO", "CODIGO": "0601050060", "UBIGEO": "060105", "DEPARTAMEN": "CAJAMARCA", "ALTITUD": 3268.0, "DESCRIPCIO": "YANATOTORA", "CPV2017_GI": 2.0, "POBLACION": 258.0, "ORIGEN": "cpv2017_v1", "CCDD": "06", "CCPP": "01", "CCDI": "05", "COD_GRUPO": "06010500602", "FLAG_TIPO_": 2.0, "descargar": "www.geogpsperu.com", "contacto": "Suyo Pomalía Juan Pablo", "ARCHIVO": "CAJAMARCA_CCPP_geogpsperu_SuyoPomalia" }, "geometry": { "type": "Polygon", "coordinates": [ [ [ -78.387595896291998, -7.046442500071102 ], [ -78.378527902479675, -7.041157895020258 ], [ -78.372796486621993, -7.041588758316216 ], [ -78.364470422301906, -7.053640096446968 ], [ -78.366716995908632, -7.06166210227813 ], [ -78.381607581060209, -7.069030945468081 ], [ -78.387867660682176, -7.067911886896914 ], [ -78.387595896291998, -7.046442500071102 ] ] ] } },
{ "type": "Feature", "properties": { "OBJECTID": 27222.0, "PROVINCIA": "CAJAMARCA", "DISTRITO": "ENCAÑADA", "REGION_NAT": "QUECHUA", "LONGITUD": -78.39069833000001, "LATITUD": -7.03324, "CATEGORIA": "ANEXO", "CODIGO": "0601050049", "UBIGEO": "060105", "DEPARTAMEN": "CAJAMARCA", "ALTITUD": 3316.0, "DESCRIPCIO": "CORRAL PAMPA VENTANILLAS", "CPV2017_GI": 2.0, "POBLACION": 54.0, "ORIGEN": "cpv2017_v1", "CCDD": "06", "CCPP": "01", "CCDI": "05", "COD_GRUPO": "06010599992", "FLAG_TIPO_": 3.0, "descargar": "www.geogpsperu.com", "contacto": "Suyo Pomalía Juan Pablo", "ARCHIVO": "CAJAMARCA_CCPP_geogpsperu_SuyoPomalia" }, "geometry": { "type": "Polygon", "coordinates": [ [ [ -78.398117560105348, -7.04195402616374 ], [ -78.393886308277473, -7.026308622200219 ], [ -78.379838616659342, -7.037981144138561 ], [ -78.378527902479675, -7.041157895020258 ], [ -78.387595896291998, -7.046442500071102 ], [ -78.396946894361577, -7.043452122218578 ], [ -78.398117560105348, -7.04195402616374 ] ] ] } },
{ "type": "Feature", "properties": { "OBJECTID": 27274.0, "PROVINCIA": "CAJAMARCA", "DISTRITO": "ENCAÑADA", "REGION_NAT": "QUECHUA", "LONGITUD": -78.42201167, "LATITUD": -7.028045, "CATEGORIA": "OTROS", "CODIGO": "0601050108", "UBIGEO": "060105", "DEPARTAMEN": "CAJAMARCA", "ALTITUD": 3182.0, "DESCRIPCIO": "EL TRIUNFO", "CPV2017_GI": 2.0, "POBLACION": 114.0, "ORIGEN": "cpv2017_v1", "CCDD": "06", "CCPP": "01", "CCDI": "05", "COD_GRUPO": "06010599992", "FLAG_TIPO_": 3.0, "descargar": "www.geogpsperu.com", "contacto": "Suyo Pomalía Juan Pablo", "ARCHIVO": "CAJAMARCA_CCPP_geogpsperu_SuyoPomalia" }, "geometry": { "type": "Polygon", "coordinates": [ [ [ -78.416962316094313, -7.022365356981401 ], [ -78.415296519116509, -7.023560734216557 ], [ -78.420058959170007, -7.032033448123151 ], [ -78.425775078212638, -7.033663516745517 ], [ -78.435859763302574, -7.027075531510885 ], [ -78.416962316094313, -7.022365356981401 ] ] ] } },
{ "type": "Feature", "properties": { "OBJECTID": 27214.0, "PROVINCIA": "CAJAMARCA", "DISTRITO": "ENCAÑADA", "REGION_NAT": "QUECHUA", "LONGITUD": -78.41563667, "LATITUD": -7.03162833, "CATEGORIA": "ANEXO", "CODIGO": "0601050041", "UBIGEO": "060105", "DEPARTAMEN": "CAJAMARCA", "ALTITUD": 3252.0, "DESCRIPCIO": "COMBAYO", "CPV2017_GI": 2.0, "POBLACION": 346.0, "ORIGEN": "cpv2017_v1", "CCDD": "06", "CCPP": "01", "CCDI": "05", "COD_GRUPO": "06010500412", "FLAG_TIPO_": 2.0, "descargar": "www.geogpsperu.com", "contacto": "Suyo Pomalía Juan Pablo", "ARCHIVO": "CAJAMARCA_CCPP_geogpsperu_SuyoPomalia" }, "geometry": { "type": "Polygon", "coordinates": [ [ [ -78.415296519116509, -7.023560734216557 ], [ -78.4082802761734, -7.024639079235167 ], [ -78.407517284014546, -7.037223039105296 ], [ -78.411492512273, -7.039097425108284 ], [ -78.420058959170007, -7.032033448123151 ], [ -78.415296519116509, -7.023560734216557 ] ] ] } },
{ "type": "Feature", "properties": { "OBJECTID": 27219.0, "PROVINCIA": "CAJAMARCA", "DISTRITO": "ENCAÑADA", "REGION_NAT": "QUECHUA", "LONGITUD": -78.40013333, "LATITUD": -7.03068833, "CATEGORIA": "CASERIO", "CODIGO": "0601050046", "UBIGEO": "060105", "DEPARTAMEN": "CAJAMARCA", "ALTITUD": 3328.0, "DESCRIPCIO": "VENTANILLAS DE COMBAYO", "CPV2017_GI": 2.0, "POBLACION": 421.0, "ORIGEN": "cpv2017_v1", "CCDD": "06", "CCPP": "01", "CCDI": "05", "COD_GRUPO": "06010500462", "FLAG_TIPO_": 2.0, "descargar": "www.geogpsperu.com", "contacto": "Suyo Pomalía Juan Pablo", "ARCHIVO": "CAJAMARCA_CCPP_geogpsperu_SuyoPomalia" }, "geometry": { "type": "Polygon", "coordinates": [ [ [ -78.40465074759679, -7.021461873817862 ], [ -78.395091815307694, -7.019768207318606 ], [ -78.393886308277473, -7.026308622200219 ], [ -78.398117560105348, -7.04195402616374 ], [ -78.407517284014546, -7.037223039105296 ], [ -78.4082802761734, -7.024639079235167 ], [ -78.40465074759679, -7.021461873817862 ] ] ] } },
{ "type": "Feature", "properties": { "OBJECTID": 27225.0, "PROVINCIA": "CAJAMARCA", "DISTRITO": "ENCAÑADA", "REGION_NAT": "QUECHUA", "LONGITUD": -78.37548167, "LATITUD": -7.02696167, "CATEGORIA": "CASERIO", "CODIGO": "0601050053", "UBIGEO": "060105", "DEPARTAMEN": "CAJAMARCA", "ALTITUD": 3417.0, "DESCRIPCIO": "EL PROGRESO COMBAYO", "CPV2017_GI": 2.0, "POBLACION": 139.0, "ORIGEN": "cpv2017_v1", "CCDD": "06", "CCPP": "01", "CCDI": "05", "COD_GRUPO": "06010599992", "FLAG_TIPO_": 3.0, "descargar": "www.geogpsperu.com", "contacto": "Suyo Pomalía Juan Pablo", "ARCHIVO": "CAJAMARCA_CCPP_geogpsperu_SuyoPomalia" }, "geometry": { "type": "Polygon", "coordinates": [ [ [ -78.371603523273123, -7.017891745224842 ], [ -78.362603732333881, -7.02273271950931 ], [ -78.360408871519482, -7.027165760758229 ], [ -78.372796486621993, -7.041588758316216 ], [ -78.378527902479675, -7.041157895020258 ], [ -78.379838616659342, -7.037981144138561 ], [ -78.381836363454426, -7.019833790225209 ], [ -78.371603523273123, -7.017891745224842 ] ] ] } },
{ "type": "Feature", "properties": { "OBJECTID": 27223.0, "PROVINCIA": "CAJAMARCA", "DISTRITO": "ENCAÑADA", "REGION_NAT": "QUECHUA", "LONGITUD": -78.38648833000001, "LATITUD": -7.02817333, "CATEGORIA": "CASERIO", "CODIGO": "0601050051", "UBIGEO": "060105", "DEPARTAMEN": "CAJAMARCA", "ALTITUD": 3477.0, "DESCRIPCIO": "LA FLORIDA", "CPV2017_GI": 2.0, "POBLACION": 113.0, "ORIGEN": "cpv2017_v1", "CCDD": "06", "CCPP": "01", "CCDI": "05", "COD_GRUPO": "06010599992", "FLAG_TIPO_": 3.0, "descargar": "www.geogpsperu.com", "contacto": "Suyo Pomalía Juan Pablo", "ARCHIVO": "CAJAMARCA_CCPP_geogpsperu_SuyoPomalia" }, "geometry": { "type": "Polygon", "coordinates": [ [ [ -78.395091815307694, -7.019768207318606 ], [ -78.390988888877075, -7.015626097596431 ], [ -78.381836363454426, -7.019833790225209 ], [ -78.379838616659342, -7.037981144138561 ], [ -78.393886308277473, -7.026308622200219 ], [ -78.395091815307694, -7.019768207318606 ] ] ] } },
{ "type": "Feature", "properties": { "OBJECTID": 27211.0, "PROVINCIA": "CAJAMARCA", "DISTRITO": "ENCAÑADA", "REGION_NAT": "QUECHUA", "LONGITUD": -78.42408667, "LATITUD": -7.01972, "CATEGORIA": "CASERIO", "CODIGO": "0601050038", "UBIGEO": "060105", "DEPARTAMEN": "CAJAMARCA", "ALTITUD": 3358.0, "DESCRIPCIO": "BELLAVISTA ALTA", "CPV2017_GI": 2.0, "POBLACION": 380.0, "ORIGEN": "cpv2017_v1", "CCDD": "06", "CCPP": "01", "CCDI": "05", "COD_GRUPO": "06010500382", "FLAG_TIPO_": 2.0, "descargar": "www.geogpsperu.com", "contacto": "Suyo Pomalía Juan Pablo", "ARCHIVO": "CAJAMARCA_CCPP_geogpsperu_SuyoPomalia" }, "geometry": { "type": "Polygon", "coordinates": [ [ [ -78.420863482322247, -7.011629755304759 ], [ -78.416962316094313, -7.022365356981401 ], [ -78.435859763302574, -7.027075531510885 ], [ -78.4372, -7.0262 ], [ -78.441269996131012, -7.025234238206201 ], [ -78.427708049690224, -7.008593254799844 ], [ -78.426584988248592, -7.00862537383074 ], [ -78.420863482322247, -7.011629755304759 ] ] ] } },
{ "type": "Feature", "properties": { "OBJECTID": 27213.0, "PROVINCIA": "CAJAMARCA", "DISTRITO": "ENCAÑADA", "REGION_NAT": "QUECHUA", "LONGITUD": -78.41319833, "LATITUD": -7.01576333, "CATEGORIA": "CASERIO", "CODIGO": "0601050040", "UBIGEO": "060105", "DEPARTAMEN": "CAJAMARCA", "ALTITUD": 3481.0, "DESCRIPCIO": "SAN PEDRO DE COMBAYO", "CPV2017_GI": 2.0, "POBLACION": 388.0, "ORIGEN": "cpv2017_v1", "CCDD": "06", "CCPP": "01", "CCDI": "05", "COD_GRUPO": "06010500402", "FLAG_TIPO_": 2.0, "descargar": "www.geogpsperu.com", "contacto": "Suyo Pomalía Juan Pablo", "ARCHIVO": "CAJAMARCA_CCPP_geogpsperu_SuyoPomalia" }, "geometry": { "type": "Polygon", "coordinates": [ [ [ -78.416962316094313, -7.022365356981401 ], [ -78.420863482322247, -7.011629755304759 ], [ -78.410483271882796, -7.009043824145186 ], [ -78.40465074759679, -7.021461873817862 ], [ -78.4082802761734, -7.024639079235167 ], [ -78.415296519116509, -7.023560734216557 ], [ -78.416962316094313, -7.022365356981401 ] ] ] } },
{ "type": "Feature", "properties": { "OBJECTID": 27276.0, "PROVINCIA": "CAJAMARCA", "DISTRITO": "ENCAÑADA", "REGION_NAT": "QUECHUA", "LONGITUD": -78.36617333, "LATITUD": -7.00965667, "CATEGORIA": "OTROS", "CODIGO": "0601050111", "UBIGEO": "060105", "DEPARTAMEN": "CAJAMARCA", "ALTITUD": 3356.0, "DESCRIPCIO": "EL VALLE", "CPV2017_GI": 2.0, "POBLACION": 344.0, "ORIGEN": "cpv2017_v1", "CCDD": "06", "CCPP": "01", "CCDI": "05", "COD_GRUPO": "06010501112", "FLAG_TIPO_": 2.0, "descargar": "www.geogpsperu.com", "contacto": "Suyo Pomalía Juan Pablo", "ARCHIVO": "CAJAMARCA_CCPP_geogpsperu_SuyoPomalia" }, "geometry": { "type": "Polygon", "coordinates": [ [ [ -78.372864994987978, -7.005074839624672 ], [ -78.362123905457153, -7.004151627040763 ], [ -78.35690818496488, -7.007181183837334 ], [ -78.362603732333881, -7.02273271950931 ], [ -78.371603523273123, -7.017891745224842 ], [ -78.372864994987978, -7.005074839624672 ] ] ] } },
{ "type": "Feature", "properties": { "OBJECTID": 27215.0, "PROVINCIA": "CAJAMARCA", "DISTRITO": "ENCAÑADA", "REGION_NAT": "SUNI", "LONGITUD": -78.378535, "LATITUD": -7.01087333, "CATEGORIA": "CASERIO", "CODIGO": "0601050042", "UBIGEO": "060105", "DEPARTAMEN": "CAJAMARCA", "ALTITUD": 3550.0, "DESCRIPCIO": "MARAYPATA", "CPV2017_GI": 2.0, "POBLACION": 295.0, "ORIGEN": "cpv2017_v1", "CCDD": "06", "CCPP": "01", "CCDI": "05", "COD_GRUPO": "06010500422", "FLAG_TIPO_": 2.0, "descargar": "www.geogpsperu.com", "contacto": "Suyo Pomalía Juan Pablo", "ARCHIVO": "CAJAMARCA_CCPP_geogpsperu_SuyoPomalia" }, "geometry": { "type": "Polygon", "coordinates": [ [ [ -78.388089601823978, -7.002675042957887 ], [ -78.374509037411514, -7.00342696990482 ], [ -78.372864994987978, -7.005074839624672 ], [ -78.371603523273123, -7.017891745224842 ], [ -78.381836363454426, -7.019833790225209 ], [ -78.390988888877075, -7.015626097596431 ], [ -78.391150659862419, -7.00472578991388 ], [ -78.388089601823978, -7.002675042957887 ] ] ] } },
{ "type": "Feature", "properties": { "OBJECTID": 27212.0, "PROVINCIA": "CAJAMARCA", "DISTRITO": "ENCAÑADA", "REGION_NAT": "SUNI", "LONGITUD": -78.40357833, "LATITUD": -7.011245, "CATEGORIA": "CASERIO", "CODIGO": "0601050039", "UBIGEO": "060105", "DEPARTAMEN": "CAJAMARCA", "ALTITUD": 3676.0, "DESCRIPCIO": "EL MILAGRO", "CPV2017_GI": 2.0, "POBLACION": 255.0, "ORIGEN": "cpv2017_v1", "CCDD": "06", "CCPP": "01", "CCDI": "05", "COD_GRUPO": "06010500392", "FLAG_TIPO_": 2.0, "descargar": "www.geogpsperu.com", "contacto": "Suyo Pomalía Juan Pablo", "ARCHIVO": "CAJAMARCA_CCPP_geogpsperu_SuyoPomalia" }, "geometry": { "type": "Polygon", "coordinates": [ [ [ -78.404094490169655, -6.997447184984913 ], [ -78.391150659862419, -7.00472578991388 ], [ -78.390988888877075, -7.015626097596431 ], [ -78.395091815307694, -7.019768207318606 ], [ -78.40465074759679, -7.021461873817862 ], [ -78.410483271882796, -7.009043824145186 ], [ -78.404094490169655, -6.997447184984913 ] ] ] } },
{ "type": "Feature", "properties": { "OBJECTID": 27275.0, "PROVINCIA": "CAJAMARCA", "DISTRITO": "ENCAÑADA", "REGION_NAT": "SUNI", "LONGITUD": -78.41603333, "LATITUD": -7.00438333, "CATEGORIA": "OTROS", "CODIGO": "0601050109", "UBIGEO": "060105", "DEPARTAMEN": "CAJAMARCA", "ALTITUD": 3625.0, "DESCRIPCIO": "LA LIBERTAD", "CPV2017_GI": 2.0, "POBLACION": 85.0, "ORIGEN": "cpv2017_v1", "CCDD": "06", "CCPP": "01", "CCDI": "05", "COD_GRUPO": "06010599992", "FLAG_TIPO_": 3.0, "descargar": "www.geogpsperu.com", "contacto": "Suyo Pomalía Juan Pablo", "ARCHIVO": "CAJAMARCA_CCPP_geogpsperu_SuyoPomalia" }, "geometry": { "type": "Polygon", "coordinates": [ [ [ -78.426584988248592, -7.00862537383074 ], [ -78.409169540596139, -6.989305717905897 ], [ -78.408596265371727, -6.989540798166186 ], [ -78.404094490169655, -6.997447184984913 ], [ -78.410483271882796, -7.009043824145186 ], [ -78.420863482322247, -7.011629755304759 ], [ -78.426584988248592, -7.00862537383074 ] ] ] } },
{ "type": "Feature", "properties": { "OBJECTID": 27209.0, "PROVINCIA": "CAJAMARCA", "DISTRITO": "ENCAÑADA", "REGION_NAT": "SUNI", "LONGITUD": -78.36705333, "LATITUD": -6.99941833, "CATEGORIA": "CASERIO", "CODIGO": "0601050036", "UBIGEO": "060105", "DEPARTAMEN": "CAJAMARCA", "ALTITUD": 3555.0, "DESCRIPCIO": "SANTA ROSA DE YERBA BUENA", "CPV2017_GI": 2.0, "POBLACION": 21.0, "ORIGEN": "cpv2017_v1", "CCDD": "06", "CCPP": "01", "CCDI": "05", "COD_GRUPO": "06010599992", "FLAG_TIPO_": 3.0, "descargar": "www.geogpsperu.com", "contacto": "Suyo Pomalía Juan Pablo", "ARCHIVO": "CAJAMARCA_CCPP_geogpsperu_SuyoPomalia" }, "geometry": { "type": "Polygon", "coordinates": [ [ [ -78.374509037411514, -7.00342696990482 ], [ -78.371788854510697, -6.995886791752623 ], [ -78.364676431754063, -6.991141335668396 ], [ -78.362123905457153, -7.004151627040763 ], [ -78.372864994987978, -7.005074839624672 ], [ -78.374509037411514, -7.00342696990482 ] ] ] } },
{ "type": "Feature", "properties": { "OBJECTID": 27190.0, "PROVINCIA": "CAJAMARCA", "DISTRITO": "ENCAÑADA", "REGION_NAT": "SUNI", "LONGITUD": -78.57872333, "LATITUD": -6.88573333, "CATEGORIA": "OTROS", "CODIGO": "0601050016", "UBIGEO": "060105", "DEPARTAMEN": "CAJAMARCA", "ALTITUD": 3752.0, "DESCRIPCIO": "SAN CIRILO", "CPV2017_GI": 2.0, "POBLACION": 16.0, "ORIGEN": "cpv2017_v1", "CCDD": "06", "CCPP": "01", "CCDI": "05", "COD_GRUPO": "06010599992", "FLAG_TIPO_": 3.0, "descargar": "www.geogpsperu.com", "contacto": "Suyo Pomalía Juan Pablo", "ARCHIVO": "CAJAMARCA_CCPP_geogpsperu_SuyoPomalia" }, "geometry": { "type": "Polygon", "coordinates": [ [ [ -78.564948489724344, -6.86554885748756 ], [ -78.561819841189234, -6.869662488823918 ], [ -78.557056648349487, -6.8902596482325 ], [ -78.575709225245362, -6.910155595450191 ], [ -78.5758, -6.9095 ], [ -78.5828, -6.8973 ], [ -78.6003, -6.8873 ], [ -78.5986, -6.8855 ], [ -78.5979, -6.8799 ], [ -78.6019, -6.8707 ], [ -78.6009, -6.8674 ], [ -78.5956, -6.8672 ], [ -78.5958, -6.8621 ], [ -78.591391493751217, -6.851785758965095 ], [ -78.564948489724344, -6.86554885748756 ] ] ] } },
{ "type": "Feature", "properties": { "OBJECTID": 27195.0, "PROVINCIA": "CAJAMARCA", "DISTRITO": "ENCAÑADA", "REGION_NAT": "SUNI", "LONGITUD": -78.529215, "LATITUD": -6.94018333, "CATEGORIA": "OTROS", "CODIGO": "0601050021", "UBIGEO": "060105", "DEPARTAMEN": "CAJAMARCA", "ALTITUD": 3736.0, "DESCRIPCIO": "RIO COLORADO", "CPV2017_GI": 2.0, "POBLACION": 42.0, "ORIGEN": "cpv2017_v1", "CCDD": "06", "CCPP": "01", "CCDI": "05", "COD_GRUPO": "06010599992", "FLAG_TIPO_": 3.0, "descargar": "www.geogpsperu.com", "contacto": "Suyo Pomalía Juan Pablo", "ARCHIVO": "CAJAMARCA_CCPP_geogpsperu_SuyoPomalia" }, "geometry": { "type": "Polygon", "coordinates": [ [ [ -78.527032641213708, -6.922471059464165 ], [ -78.523949135008877, -6.940667922926093 ], [ -78.529672034141029, -6.942655931717935 ], [ -78.5354, -6.9312 ], [ -78.5388, -6.9294 ], [ -78.545494248920463, -6.92996254192609 ], [ -78.540187004192092, -6.925892422514781 ], [ -78.527032641213708, -6.922471059464165 ] ] ] } },
{ "type": "Feature", "properties": { "OBJECTID": 27285.0, "PROVINCIA": "CAJAMARCA", "DISTRITO": "ENCAÑADA", "REGION_NAT": "SUNI", "LONGITUD": -78.51913688, "LATITUD": -6.93847557, "CATEGORIA": null, "CODIGO": "0601050121", "UBIGEO": "060105", "DEPARTAMEN": "CAJAMARCA", "ALTITUD": 3775.0, "DESCRIPCIO": "LA QUINUA", "CPV2017_GI": 2.0, "POBLACION": 28.0, "ORIGEN": "cpv2017_v1", "CCDD": "06", "CCPP": "01", "CCDI": "05", "COD_GRUPO": "06010599992", "FLAG_TIPO_": 3.0, "descargar": "www.geogpsperu.com", "contacto": "Suyo Pomalía Juan Pablo", "ARCHIVO": "CAJAMARCA_CCPP_geogpsperu_SuyoPomalia" }, "geometry": { "type": "Polygon", "coordinates": [ [ [ -78.527032641213708, -6.922471059464165 ], [ -78.513336930974262, -6.914169813901268 ], [ -78.477735054631225, -6.964823927110977 ], [ -78.519784490488505, -6.94683495065757 ], [ -78.523949135008877, -6.940667922926093 ], [ -78.527032641213708, -6.922471059464165 ] ] ] } },
{ "type": "Feature", "properties": { "OBJECTID": 27194.0, "PROVINCIA": "CAJAMARCA", "DISTRITO": "ENCAÑADA", "REGION_NAT": "SUNI", "LONGITUD": -78.48850333, "LATITUD": -6.916945, "CATEGORIA": "CASERIO", "CODIGO": "0601050020", "UBIGEO": "060105", "DEPARTAMEN": "CAJAMARCA", "ALTITUD": 3898.0, "DESCRIPCIO": "CUSHUROBAMBA", "CPV2017_GI": 2.0, "POBLACION": 66.0, "ORIGEN": "cpv2017_v1", "CCDD": "06", "CCPP": "01", "CCDI": "05", "COD_GRUPO": "06010599992", "FLAG_TIPO_": 3.0, "descargar": "www.geogpsperu.com", "contacto": "Suyo Pomalía Juan Pablo", "ARCHIVO": "CAJAMARCA_CCPP_geogpsperu_SuyoPomalia" }, "geometry": { "type": "Polygon", "coordinates": [ [ [ -78.513336930974262, -6.914169813901268 ], [ -78.511215580711365, -6.90244643625269 ], [ -78.510186220023328, -6.902192979203606 ], [ -78.483200083135742, -6.898146144353952 ], [ -78.455434545457152, -6.920508050445769 ], [ -78.473128402358938, -6.962223894451589 ], [ -78.477438364862834, -6.965126763572868 ], [ -78.477735054631225, -6.964823927110977 ], [ -78.513336930974262, -6.914169813901268 ] ] ] } },
{ "type": "Feature", "properties": { "OBJECTID": 27192.0, "PROVINCIA": "CAJAMARCA", "DISTRITO": "ENCAÑADA", "REGION_NAT": "SUNI", "LONGITUD": -78.53756833, "LATITUD": -6.90806667, "CATEGORIA": "CASERIO", "CODIGO": "0601050018", "UBIGEO": "060105", "DEPARTAMEN": "CAJAMARCA", "ALTITUD": 3515.0, "DESCRIPCIO": "LA EXTREMA", "CPV2017_GI": 2.0, "POBLACION": 99.0, "ORIGEN": "cpv2017_v1", "CCDD": "06", "CCPP": "01", "CCDI": "05", "COD_GRUPO": "06010599992", "FLAG_TIPO_": 3.0, "descargar": "www.geogpsperu.com", "contacto": "Suyo Pomalía Juan Pablo", "ARCHIVO": "CAJAMARCA_CCPP_geogpsperu_SuyoPomalia" }, "geometry": { "type": "Polygon", "coordinates": [ [ [ -78.540187004192092, -6.925892422514781 ], [ -78.548717129637055, -6.893022813419362 ], [ -78.519461268981203, -6.891150544838523 ], [ -78.511215580711365, -6.90244643625269 ], [ -78.513336930974262, -6.914169813901268 ], [ -78.527032641213708, -6.922471059464165 ], [ -78.540187004192092, -6.925892422514781 ] ] ] } },
{ "type": "Feature", "properties": { "OBJECTID": 27284.0, "PROVINCIA": "CAJAMARCA", "DISTRITO": "ENCAÑADA", "REGION_NAT": "SUNI", "LONGITUD": -78.4937842, "LATITUD": -6.88172976, "CATEGORIA": null, "CODIGO": "0601050120", "UBIGEO": "060105", "DEPARTAMEN": "CAJAMARCA", "ALTITUD": 3643.0, "DESCRIPCIO": "LA COLPA", "CPV2017_GI": 2.0, "POBLACION": 80.0, "ORIGEN": "cpv2017_v1", "CCDD": "06", "CCPP": "01", "CCDI": "05", "COD_GRUPO": "06010599992", "FLAG_TIPO_": 3.0, "descargar": "www.geogpsperu.com", "contacto": "Suyo Pomalía Juan Pablo", "ARCHIVO": "CAJAMARCA_CCPP_geogpsperu_SuyoPomalia" }, "geometry": { "type": "Polygon", "coordinates": [ [ [ -78.478569180247689, -6.880323033469327 ], [ -78.483200083135742, -6.898146144353952 ], [ -78.510186220023328, -6.902192979203606 ], [ -78.489989977527117, -6.871574602446717 ], [ -78.478569180247689, -6.880323033469327 ] ] ] } },
{ "type": "Feature", "properties": { "OBJECTID": 27191.0, "PROVINCIA": "CAJAMARCA", "DISTRITO": "ENCAÑADA", "REGION_NAT": "SUNI", "LONGITUD": -78.49783167, "LATITUD": -6.87906, "CATEGORIA": "CASERIO", "CODIGO": "0601050017", "UBIGEO": "060105", "DEPARTAMEN": "CAJAMARCA", "ALTITUD": 3642.0, "DESCRIPCIO": "NUEVO TRIUNFO", "CPV2017_GI": 2.0, "POBLACION": 118.0, "ORIGEN": "cpv2017_v1", "CCDD": "06", "CCPP": "01", "CCDI": "05", "COD_GRUPO": "06010599992", "FLAG_TIPO_": 3.0, "descargar": "www.geogpsperu.com", "contacto": "Suyo Pomalía Juan Pablo", "ARCHIVO": "CAJAMARCA_CCPP_geogpsperu_SuyoPomalia" }, "geometry": { "type": "Polygon", "coordinates": [ [ [ -78.519116534729605, -6.885102529638823 ], [ -78.509736682895252, -6.868169656729497 ], [ -78.495816090902892, -6.864538352213708 ], [ -78.489989977527117, -6.871574602446717 ], [ -78.510186220023328, -6.902192979203606 ], [ -78.511215580711365, -6.90244643625269 ], [ -78.519461268981203, -6.891150544838523 ], [ -78.519116534729605, -6.885102529638823 ] ] ] } },
{ "type": "Feature", "properties": { "OBJECTID": 27283.0, "PROVINCIA": "CAJAMARCA", "DISTRITO": "ENCAÑADA", "REGION_NAT": "SUNI", "LONGITUD": -78.53957693, "LATITUD": -6.87668054, "CATEGORIA": null, "CODIGO": "0601050119", "UBIGEO": "060105", "DEPARTAMEN": "CAJAMARCA", "ALTITUD": 3603.0, "DESCRIPCIO": "CHAQUIL (ANEXO)", "CPV2017_GI": 2.0, "POBLACION": 42.0, "ORIGEN": "cpv2017_v1", "CCDD": "06", "CCPP": "01", "CCDI": "05", "COD_GRUPO": "06010599992", "FLAG_TIPO_": 3.0, "descargar": "www.geogpsperu.com", "contacto": "Suyo Pomalía Juan Pablo", "ARCHIVO": "CAJAMARCA_CCPP_geogpsperu_SuyoPomalia" }, "geometry": { "type": "Polygon", "coordinates": [ [ [ -78.561819841189234, -6.869662488823918 ], [ -78.535732115197405, -6.866587472949296 ], [ -78.519116534729605, -6.885102529638823 ], [ -78.519461268981203, -6.891150544838523 ], [ -78.548717129637055, -6.893022813419362 ], [ -78.557056648349487, -6.8902596482325 ], [ -78.561819841189234, -6.869662488823918 ] ] ] } },
{ "type": "Feature", "properties": { "OBJECTID": 27189.0, "PROVINCIA": "CAJAMARCA", "DISTRITO": "ENCAÑADA", "REGION_NAT": "QUECHUA", "LONGITUD": -78.52528333, "LATITUD": -6.86385333, "CATEGORIA": "CASERIO", "CODIGO": "0601050015", "UBIGEO": "060105", "DEPARTAMEN": "CAJAMARCA", "ALTITUD": 3433.0, "DESCRIPCIO": "YANACANCHA GRANDE", "CPV2017_GI": 2.0, "POBLACION": 642.0, "ORIGEN": "cpv2017_v1", "CCDD": "06", "CCPP": "01", "CCDI": "05", "COD_GRUPO": "06010500152", "FLAG_TIPO_": 2.0, "descargar": "www.geogpsperu.com", "contacto": "Suyo Pomalía Juan Pablo", "ARCHIVO": "CAJAMARCA_CCPP_geogpsperu_SuyoPomalia" }, "geometry": { "type": "Polygon", "coordinates": [ [ [ -78.535732115197405, -6.866587472949296 ], [ -78.531961992683421, -6.856513843141611 ], [ -78.517096232579831, -6.854379280185877 ], [ -78.509736682895252, -6.868169656729497 ], [ -78.519116534729605, -6.885102529638823 ], [ -78.535732115197405, -6.866587472949296 ] ] ] } },
{ "type": "Feature", "properties": { "OBJECTID": 27187.0, "PROVINCIA": "CAJAMARCA", "DISTRITO": "ENCAÑADA", "REGION_NAT": "SUNI", "LONGITUD": -78.48117333, "LATITUD": -6.86526667, "CATEGORIA": "CASERIO", "CODIGO": "0601050013", "UBIGEO": "060105", "DEPARTAMEN": "CAJAMARCA", "ALTITUD": 3543.0, "DESCRIPCIO": "CERRO AZUL LA LIBERTAD", "CPV2017_GI": 2.0, "POBLACION": 234.0, "ORIGEN": "cpv2017_v1", "CCDD": "06", "CCPP": "01", "CCDI": "05", "COD_GRUPO": "06010500132", "FLAG_TIPO_": 2.0, "descargar": "www.geogpsperu.com", "contacto": "Suyo Pomalía Juan Pablo", "ARCHIVO": "CAJAMARCA_CCPP_geogpsperu_SuyoPomalia" }, "geometry": { "type": "Polygon", "coordinates": [ [ [ -78.489989977527117, -6.871574602446717 ], [ -78.495816090902892, -6.864538352213708 ], [ -78.493191887269973, -6.859572128745707 ], [ -78.491719077918916, -6.858829882901796 ], [ -78.464954371472999, -6.871582354723334 ], [ -78.478569180247689, -6.880323033469327 ], [ -78.489989977527117, -6.871574602446717 ] ] ] } },
{ "type": "Feature", "properties": { "OBJECTID": 27279.0, "PROVINCIA": "CAJAMARCA", "DISTRITO": "ENCAÑADA", "REGION_NAT": "QUECHUA", "LONGITUD": -78.37768833, "LATITUD": -6.99558167, "CATEGORIA": "OTROS", "CODIGO": "0601050114", "UBIGEO": "060105", "DEPARTAMEN": "CAJAMARCA", "ALTITUD": 3468.0, "DESCRIPCIO": "LA VECINDAD", "CPV2017_GI": 2.0, "POBLACION": 65.0, "ORIGEN": "cpv2017_v1", "CCDD": "06", "CCPP": "01", "CCDI": "05", "COD_GRUPO": "06010599992", "FLAG_TIPO_": 3.0, "descargar": "www.geogpsperu.com", "contacto": "Suyo Pomalía Juan Pablo", "ARCHIVO": "CAJAMARCA_CCPP_geogpsperu_SuyoPomalia" }, "geometry": { "type": "Polygon", "coordinates": [ [ [ -78.38274025107404, -6.986887398258424 ], [ -78.371788854510697, -6.995886791752623 ], [ -78.374509037411514, -7.00342696990482 ], [ -78.388089601823978, -7.002675042957887 ], [ -78.38274025107404, -6.986887398258424 ] ] ] } },
{ "type": "Feature", "properties": { "OBJECTID": 27205.0, "PROVINCIA": "CAJAMARCA", "DISTRITO": "ENCAÑADA", "REGION_NAT": "SUNI", "LONGITUD": -78.42345667, "LATITUD": -6.99769167, "CATEGORIA": "CASERIO", "CODIGO": "0601050032", "UBIGEO": "060105", "DEPARTAMEN": "CAJAMARCA", "ALTITUD": 3706.0, "DESCRIPCIO": "SAN LUIS", "CPV2017_GI": 2.0, "POBLACION": 182.0, "ORIGEN": "cpv2017_v1", "CCDD": "06", "CCPP": "01", "CCDI": "05", "COD_GRUPO": "06010500322", "FLAG_TIPO_": 2.0, "descargar": "www.geogpsperu.com", "contacto": "Suyo Pomalía Juan Pablo", "ARCHIVO": "CAJAMARCA_CCPP_geogpsperu_SuyoPomalia" }, "geometry": { "type": "Polygon", "coordinates": [ [ [ -78.424309395937584, -6.976667917497155 ], [ -78.409169540596139, -6.989305717905897 ], [ -78.426584988248592, -7.00862537383074 ], [ -78.427708049690224, -7.008593254799844 ], [ -78.432026925795341, -7.001449113909293 ], [ -78.424309395937584, -6.976667917497155 ] ] ] } },
{ "type": "Feature", "properties": { "OBJECTID": 27206.0, "PROVINCIA": "CAJAMARCA", "DISTRITO": "ENCAÑADA", "REGION_NAT": "SUNI", "LONGITUD": -78.39203667, "LATITUD": -6.99072, "CATEGORIA": "CASERIO", "CODIGO": "0601050033", "UBIGEO": "060105", "DEPARTAMEN": "CAJAMARCA", "ALTITUD": 3759.0, "DESCRIPCIO": "YERBA BUENA CHICA", "CPV2017_GI": 2.0, "POBLACION": 221.0, "ORIGEN": "cpv2017_v1", "CCDD": "06", "CCPP": "01", "CCDI": "05", "COD_GRUPO": "06010500332", "FLAG_TIPO_": 2.0, "descargar": "www.geogpsperu.com", "contacto": "Suyo Pomalía Juan Pablo", "ARCHIVO": "CAJAMARCA_CCPP_geogpsperu_SuyoPomalia" }, "geometry": { "type": "Polygon", "coordinates": [ [ [ -78.404094490169655, -6.997447184984913 ], [ -78.408596265371727, -6.989540798166186 ], [ -78.387238490015392, -6.975149156374813 ], [ -78.382868939353642, -6.982578825566653 ], [ -78.38274025107404, -6.986887398258424 ], [ -78.388089601823978, -7.002675042957887 ], [ -78.391150659862419, -7.00472578991388 ], [ -78.404094490169655, -6.997447184984913 ] ] ] } },
{ "type": "Feature", "properties": { "OBJECTID": 27207.0, "PROVINCIA": "CAJAMARCA", "DISTRITO": "ENCAÑADA", "REGION_NAT": "SUNI", "LONGITUD": -78.37323167, "LATITUD": -6.99015833, "CATEGORIA": "CASERIO", "CODIGO": "0601050034", "UBIGEO": "060105", "DEPARTAMEN": "CAJAMARCA", "ALTITUD": 3555.0, "DESCRIPCIO": "SAN JUAN DE YERBA BUENA (YERBA BUENA GRANDE)", "CPV2017_GI": 2.0, "POBLACION": 189.0, "ORIGEN": "cpv2017_v1", "CCDD": "06", "CCPP": "01", "CCDI": "05", "COD_GRUPO": "06010500342", "FLAG_TIPO_": 2.0, "descargar": "www.geogpsperu.com", "contacto": "Suyo Pomalía Juan Pablo", "ARCHIVO": "CAJAMARCA_CCPP_geogpsperu_SuyoPomalia" }, "geometry": { "type": "Polygon", "coordinates": [ [ [ -78.382868939353642, -6.982578825566653 ], [ -78.36187913778403, -6.986066603566459 ], [ -78.361865383524872, -6.986104546926978 ], [ -78.364676431754063, -6.991141335668396 ], [ -78.371788854510697, -6.995886791752623 ], [ -78.38274025107404, -6.986887398258424 ], [ -78.382868939353642, -6.982578825566653 ] ] ] } },
{ "type": "Feature", "properties": { "OBJECTID": 27199.0, "PROVINCIA": "CAJAMARCA", "DISTRITO": "ENCAÑADA", "REGION_NAT": "SUNI", "LONGITUD": -78.37129833, "LATITUD": -6.97852333, "CATEGORIA": "CASERIO", "CODIGO": "0601050025", "UBIGEO": "060105", "DEPARTAMEN": "CAJAMARCA", "ALTITUD": 3768.0, "DESCRIPCIO": "PORVENIR DE YERBA BUENA", "CPV2017_GI": 2.0, "POBLACION": 138.0, "ORIGEN": "cpv2017_v1", "CCDD": "06", "CCPP": "01", "CCDI": "05", "COD_GRUPO": "06010599992", "FLAG_TIPO_": 3.0, "descargar": "www.geogpsperu.com", "contacto": "Suyo Pomalía Juan Pablo", "ARCHIVO": "CAJAMARCA_CCPP_geogpsperu_SuyoPomalia" }, "geometry": { "type": "Polygon", "coordinates": [ [ [ -78.387010508465409, -6.97361250964322 ], [ -78.357347433147837, -6.958482122761903 ], [ -78.36187913778403, -6.986066603566459 ], [ -78.382868939353642, -6.982578825566653 ], [ -78.387238490015392, -6.975149156374813 ], [ -78.387010508465409, -6.97361250964322 ] ] ] } },
{ "type": "Feature", "properties": { "OBJECTID": 27198.0, "PROVINCIA": "CAJAMARCA", "DISTRITO": "ENCAÑADA", "REGION_NAT": "SUNI", "LONGITUD": -78.40347167, "LATITUD": -6.97375, "CATEGORIA": "ANEXO", "CODIGO": "0601050024", "UBIGEO": "060105", "DEPARTAMEN": "CAJAMARCA", "ALTITUD": 3782.0, "DESCRIPCIO": "QUINUAPAMPA", "CPV2017_GI": 2.0, "POBLACION": 81.0, "ORIGEN": "cpv2017_v1", "CCDD": "06", "CCPP": "01", "CCDI": "05", "COD_GRUPO": "06010599992", "FLAG_TIPO_": 3.0, "descargar": "www.geogpsperu.com", "contacto": "Suyo Pomalía Juan Pablo", "ARCHIVO": "CAJAMARCA_CCPP_geogpsperu_SuyoPomalia" }, "geometry": { "type": "Polygon", "coordinates": [ [ [ -78.405308514070327, -6.948374282090326 ], [ -78.387010508465409, -6.97361250964322 ], [ -78.387238490015392, -6.975149156374813 ], [ -78.408596265371727, -6.989540798166186 ], [ -78.409169540596139, -6.989305717905897 ], [ -78.424309395937584, -6.976667917497155 ], [ -78.42929586404108, -6.968211467283343 ], [ -78.405308514070327, -6.948374282090326 ] ] ] } },
{ "type": "Feature", "properties": { "OBJECTID": 27196.0, "PROVINCIA": "CAJAMARCA", "DISTRITO": "ENCAÑADA", "REGION_NAT": "PUNA O JALCA", "LONGITUD": -78.42988833, "LATITUD": -6.94180667, "CATEGORIA": "CASERIO", "CODIGO": "0601050022", "UBIGEO": "060105", "DEPARTAMEN": "CAJAMARCA", "ALTITUD": 4031.0, "DESCRIPCIO": "LAS LAGUNAS", "CPV2017_GI": 2.0, "POBLACION": 63.0, "ORIGEN": "cpv2017_v1", "CCDD": "06", "CCPP": "01", "CCDI": "05", "COD_GRUPO": "06010599992", "FLAG_TIPO_": 3.0, "descargar": "www.geogpsperu.com", "contacto": "Suyo Pomalía Juan Pablo", "ARCHIVO": "CAJAMARCA_CCPP_geogpsperu_SuyoPomalia" }, "geometry": { "type": "Polygon", "coordinates": [ [ [ -78.405308514070327, -6.948374282090326 ], [ -78.42929586404108, -6.968211467283343 ], [ -78.473128402358938, -6.962223894451589 ], [ -78.455434545457152, -6.920508050445769 ], [ -78.429919969980944, -6.90309145013622 ], [ -78.4322, -6.9098 ], [ -78.4298, -6.9285 ], [ -78.4243, -6.9314 ], [ -78.4203, -6.93 ], [ -78.4151, -6.9353 ], [ -78.4083, -6.9386 ], [ -78.4047, -6.9304 ], [ -78.3997, -6.9277 ], [ -78.398256491588285, -6.927428571067883 ], [ -78.405308514070327, -6.948374282090326 ] ] ] } },
{ "type": "Feature", "properties": { "OBJECTID": 27188.0, "PROVINCIA": "CAJAMARCA", "DISTRITO": "ENCAÑADA", "REGION_NAT": "SUNI", "LONGITUD": -78.46596333, "LATITUD": -6.88895833, "CATEGORIA": "CASERIO", "CODIGO": "0601050014", "UBIGEO": "060105", "DEPARTAMEN": "CAJAMARCA", "ALTITUD": 3765.0, "DESCRIPCIO": "SAN ANTONIO DE PACHACHACA", "CPV2017_GI": 2.0, "POBLACION": 232.0, "ORIGEN": "cpv2017_v1", "CCDD": "06", "CCPP": "01", "CCDI": "05", "COD_GRUPO": "06010500142", "FLAG_TIPO_": 2.0, "descargar": "www.geogpsperu.com", "contacto": "Suyo Pomalía Juan Pablo", "ARCHIVO": "CAJAMARCA_CCPP_geogpsperu_SuyoPomalia" }, "geometry": { "type": "Polygon", "coordinates": [ [ [ -78.464954371472999, -6.871582354723334 ], [ -78.443570817454756, -6.85997194523999 ], [ -78.442, -6.8649 ], [ -78.4432, -6.8785 ], [ -78.4333, -6.8855 ], [ -78.427, -6.8945 ], [ -78.429919969980944, -6.90309145013622 ], [ -78.455434545457152, -6.920508050445769 ], [ -78.483200083135742, -6.898146144353952 ], [ -78.478569180247689, -6.880323033469327 ], [ -78.464954371472999, -6.871582354723334 ] ] ] } },
{ "type": "Feature", "properties": { "OBJECTID": 27186.0, "PROVINCIA": "CAJAMARCA", "DISTRITO": "ENCAÑADA", "REGION_NAT": "QUECHUA", "LONGITUD": -78.54181833, "LATITUD": -6.857665, "CATEGORIA": "CASERIO", "CODIGO": "0601050012", "UBIGEO": "060105", "DEPARTAMEN": "CAJAMARCA", "ALTITUD": 3449.0, "DESCRIPCIO": "NEGRITOS BAJO", "CPV2017_GI": 2.0, "POBLACION": 138.0, "ORIGEN": "cpv2017_v1", "CCDD": "06", "CCPP": "01", "CCDI": "05", "COD_GRUPO": "06010599992", "FLAG_TIPO_": 3.0, "descargar": "www.geogpsperu.com", "contacto": "Suyo Pomalía Juan Pablo", "ARCHIVO": "CAJAMARCA_CCPP_geogpsperu_SuyoPomalia" }, "geometry": { "type": "Polygon", "coordinates": [ [ [ -78.564948489724344, -6.86554885748756 ], [ -78.553005943212085, -6.853987696146849 ], [ -78.537951693246285, -6.848070386741131 ], [ -78.531961992683421, -6.856513843141611 ], [ -78.535732115197405, -6.866587472949296 ], [ -78.561819841189234, -6.869662488823918 ], [ -78.564948489724344, -6.86554885748756 ] ] ] } },
{ "type": "Feature", "properties": { "OBJECTID": 27184.0, "PROVINCIA": "CAJAMARCA", "DISTRITO": "ENCAÑADA", "REGION_NAT": "QUECHUA", "LONGITUD": -78.50466833, "LATITUD": -6.85285167, "CATEGORIA": "CASERIO", "CODIGO": "0601050010", "UBIGEO": "060105", "DEPARTAMEN": "CAJAMARCA", "ALTITUD": 3424.0, "DESCRIPCIO": "YANACANCHA ALTA (LIRIOPAMPA)", "CPV2017_GI": 2.0, "POBLACION": 188.0, "ORIGEN": "cpv2017_v1", "CCDD": "06", "CCPP": "01", "CCDI": "05", "COD_GRUPO": "06010500102", "FLAG_TIPO_": 2.0, "descargar": "www.geogpsperu.com", "contacto": "Suyo Pomalía Juan Pablo", "ARCHIVO": "CAJAMARCA_CCPP_geogpsperu_SuyoPomalia" }, "geometry": { "type": "Polygon", "coordinates": [ [ [ -78.505762730638082, -6.837868767410833 ], [ -78.503495748735475, -6.83669444240178 ], [ -78.493191887269973, -6.859572128745707 ], [ -78.495816090902892, -6.864538352213708 ], [ -78.509736682895252, -6.868169656729497 ], [ -78.517096232579831, -6.854379280185877 ], [ -78.516350750261097, -6.851126652958652 ], [ -78.505762730638082, -6.837868767410833 ] ] ] } },
{ "type": "Feature", "properties": { "OBJECTID": 27185.0, "PROVINCIA": "CAJAMARCA", "DISTRITO": "ENCAÑADA", "REGION_NAT": "QUECHUA", "LONGITUD": -78.52761833, "LATITUD": -6.84759167, "CATEGORIA": "CASERIO", "CODIGO": "0601050011", "UBIGEO": "060105", "DEPARTAMEN": "CAJAMARCA", "ALTITUD": 3238.0, "DESCRIPCIO": "EL INGENIO", "CPV2017_GI": 2.0, "POBLACION": 163.0, "ORIGEN": "cpv2017_v1", "CCDD": "06", "CCPP": "01", "CCDI": "05", "COD_GRUPO": "06010500112", "FLAG_TIPO_": 2.0, "descargar": "www.geogpsperu.com", "contacto": "Suyo Pomalía Juan Pablo", "ARCHIVO": "CAJAMARCA_CCPP_geogpsperu_SuyoPomalia" }, "geometry": { "type": "Polygon", "coordinates": [ [ [ -78.537951693246285, -6.848070386741131 ], [ -78.535074276049414, -6.83359265366291 ], [ -78.516350750261097, -6.851126652958652 ], [ -78.517096232579831, -6.854379280185877 ], [ -78.531961992683421, -6.856513843141611 ], [ -78.537951693246285, -6.848070386741131 ] ] ] } },
{ "type": "Feature", "properties": { "OBJECTID": 27179.0, "PROVINCIA": "CAJAMARCA", "DISTRITO": "ENCAÑADA", "REGION_NAT": "QUECHUA", "LONGITUD": -78.52061667, "LATITUD": -6.840115, "CATEGORIA": "CASERIO", "CODIGO": "0601050004", "UBIGEO": "060105", "DEPARTAMEN": "CAJAMARCA", "ALTITUD": 3290.0, "DESCRIPCIO": "YANACANCHA BAJA", "CPV2017_GI": 2.0, "POBLACION": 693.0, "ORIGEN": "cpv2017_v1", "CCDD": "06", "CCPP": "01", "CCDI": "05", "COD_GRUPO": "06010500042", "FLAG_TIPO_": 2.0, "descargar": "www.geogpsperu.com", "contacto": "Suyo Pomalía Juan Pablo", "ARCHIVO": "CAJAMARCA_CCPP_geogpsperu_SuyoPomalia" }, "geometry": { "type": "Polygon", "coordinates": [ [ [ -78.535074276049414, -6.83359265366291 ], [ -78.535529586690146, -6.830179422131873 ], [ -78.534710230611992, -6.829892849824778 ], [ -78.505762730638082, -6.837868767410833 ], [ -78.516350750261097, -6.851126652958652 ], [ -78.535074276049414, -6.83359265366291 ] ] ] } },
{ "type": "Feature", "properties": { "OBJECTID": 27181.0, "PROVINCIA": "CAJAMARCA", "DISTRITO": "ENCAÑADA", "REGION_NAT": "QUECHUA", "LONGITUD": -78.54731667, "LATITUD": -6.84367667, "CATEGORIA": "CASERIO", "CODIGO": "0601050006", "UBIGEO": "060105", "DEPARTAMEN": "CAJAMARCA", "ALTITUD": 3194.0, "DESCRIPCIO": "YANACANCHILLA BAJA", "CPV2017_GI": 2.0, "POBLACION": 151.0, "ORIGEN": "cpv2017_v1", "CCDD": "06", "CCPP": "01", "CCDI": "05", "COD_GRUPO": "06010500062", "FLAG_TIPO_": 2.0, "descargar": "www.geogpsperu.com", "contacto": "Suyo Pomalía Juan Pablo", "ARCHIVO": "CAJAMARCA_CCPP_geogpsperu_SuyoPomalia" }, "geometry": { "type": "Polygon", "coordinates": [ [ [ -78.550103530611167, -6.827597242785503 ], [ -78.5484, -6.8256 ], [ -78.549, -6.8233 ], [ -78.548722672092694, -6.822729937079422 ], [ -78.535529586690146, -6.830179422131873 ], [ -78.535074276049414, -6.83359265366291 ], [ -78.537951693246285, -6.848070386741131 ], [ -78.553005943212085, -6.853987696146849 ], [ -78.550103530611167, -6.827597242785503 ] ] ] } },
{ "type": "Feature", "properties": { "OBJECTID": 27178.0, "PROVINCIA": "CAJAMARCA", "DISTRITO": "ENCAÑADA", "REGION_NAT": "QUECHUA", "LONGITUD": -78.51737, "LATITUD": -6.82833167, "CATEGORIA": "CASERIO", "CODIGO": "0601050003", "UBIGEO": "060105", "DEPARTAMEN": "CAJAMARCA", "ALTITUD": 3284.0, "DESCRIPCIO": "SANTIAGO DE CHANTA BAJA", "CPV2017_GI": 2.0, "POBLACION": 433.0, "ORIGEN": "cpv2017_v1", "CCDD": "06", "CCPP": "01", "CCDI": "05", "COD_GRUPO": "06010500032", "FLAG_TIPO_": 2.0, "descargar": "www.geogpsperu.com", "contacto": "Suyo Pomalía Juan Pablo", "ARCHIVO": "CAJAMARCA_CCPP_geogpsperu_SuyoPomalia" }, "geometry": { "type": "Polygon", "coordinates": [ [ [ -78.51744613944723, -6.815495392294808 ], [ -78.5105, -6.8192 ], [ -78.5013, -6.8187 ], [ -78.4936, -6.8109 ], [ -78.4876, -6.8018 ], [ -78.4793, -6.8008 ], [ -78.479136004144252, -6.800874543570794 ], [ -78.503495748735475, -6.83669444240178 ], [ -78.505762730638082, -6.837868767410833 ], [ -78.534710230611992, -6.829892849824778 ], [ -78.51744613944723, -6.815495392294808 ] ] ] } },
{ "type": "Feature", "properties": { "OBJECTID": 27182.0, "PROVINCIA": "CAJAMARCA", "DISTRITO": "ENCAÑADA", "REGION_NAT": "SUNI", "LONGITUD": -78.55631833, "LATITUD": -6.84268667, "CATEGORIA": "ANEXO", "CODIGO": "0601050007", "UBIGEO": "060105", "DEPARTAMEN": "CAJAMARCA", "ALTITUD": 3512.0, "DESCRIPCIO": "YANACANCHILLA ALTA", "CPV2017_GI": 2.0, "POBLACION": 147.0, "ORIGEN": "cpv2017_v1", "CCDD": "06", "CCPP": "01", "CCDI": "05", "COD_GRUPO": "06010599992", "FLAG_TIPO_": 3.0, "descargar": "www.geogpsperu.com", "contacto": "Suyo Pomalía Juan Pablo", "ARCHIVO": "CAJAMARCA_CCPP_geogpsperu_SuyoPomalia" }, "geometry": { "type": "Polygon", "coordinates": [ [ [ -78.553005943212085, -6.853987696146849 ], [ -78.564948489724344, -6.86554885748756 ], [ -78.591391493751217, -6.851785758965095 ], [ -78.5905, -6.8497 ], [ -78.5728, -6.8437 ], [ -78.5675, -6.8395 ], [ -78.5614, -6.8312 ], [ -78.5572, -6.8315 ], [ -78.5513, -6.829 ], [ -78.550103530611167, -6.827597242785503 ], [ -78.553005943212085, -6.853987696146849 ] ] ] } },
{ "type": "Feature", "properties": { "OBJECTID": 27177.0, "PROVINCIA": "CAJAMARCA", "DISTRITO": "ENCAÑADA", "REGION_NAT": "QUECHUA", "LONGITUD": -78.53006, "LATITUD": -6.813115, "CATEGORIA": "CASERIO", "CODIGO": "0601050002", "UBIGEO": "060105", "DEPARTAMEN": "CAJAMARCA", "ALTITUD": 3034.0, "DESCRIPCIO": "BAÑOS CHANTA", "CPV2017_GI": 2.0, "POBLACION": 140.0, "ORIGEN": "cpv2017_v1", "CCDD": "06", "CCPP": "01", "CCDI": "05", "COD_GRUPO": "06010599992", "FLAG_TIPO_": 3.0, "descargar": "www.geogpsperu.com", "contacto": "Suyo Pomalía Juan Pablo", "ARCHIVO": "CAJAMARCA_CCPP_geogpsperu_SuyoPomalia" }, "geometry": { "type": "Polygon", "coordinates": [ [ [ -78.534710230611992, -6.829892849824778 ], [ -78.535529586690146, -6.830179422131873 ], [ -78.548722672092694, -6.822729937079422 ], [ -78.5472, -6.8196 ], [ -78.5399, -6.8148 ], [ -78.5308, -6.7996 ], [ -78.5261, -6.8036 ], [ -78.5225, -6.8128 ], [ -78.51744613944723, -6.815495392294808 ], [ -78.534710230611992, -6.829892849824778 ] ] ] } },
{ "type": "Feature", "properties": { "OBJECTID": 27272.0, "PROVINCIA": "CAJAMARCA", "DISTRITO": "ENCAÑADA", "REGION_NAT": "QUECHUA", "LONGITUD": -78.30145833, "LATITUD": -7.14870833, "CATEGORIA": "CASERIO", "CODIGO": "0601050106", "UBIGEO": "060105", "DEPARTAMEN": "CAJAMARCA", "ALTITUD": 3038.0, "DESCRIPCIO": "SAN LUIS DE POLLOQUITO", "CPV2017_GI": 2.0, "POBLACION": 254.0, "ORIGEN": "cpv2017_v1", "CCDD": "06", "CCPP": "01", "CCDI": "05", "COD_GRUPO": "06010501062", "FLAG_TIPO_": 2.0, "descargar": "www.geogpsperu.com", "contacto": "Suyo Pomalía Juan Pablo", "ARCHIVO": "CAJAMARCA_CCPP_geogpsperu_SuyoPomalia" }, "geometry": { "type": "Polygon", "coordinates": [ [ [ -78.310490167689906, -7.139189247073918 ], [ -78.303234585494181, -7.133045767874471 ], [ -78.27834287892496, -7.146193417015167 ], [ -78.2783, -7.1471 ], [ -78.2809, -7.1544 ], [ -78.289, -7.1528 ], [ -78.3068, -7.1543 ], [ -78.3105, -7.1559 ], [ -78.311091910669461, -7.156534699392555 ], [ -78.310490167689906, -7.139189247073918 ] ] ] } },
{ "type": "Feature", "properties": { "OBJECTID": 27263.0, "PROVINCIA": "CAJAMARCA", "DISTRITO": "ENCAÑADA", "REGION_NAT": "SUNI", "LONGITUD": -78.2136759, "LATITUD": -7.09687372, "CATEGORIA": "CASERIO", "CODIGO": "0601050097", "UBIGEO": "060105", "DEPARTAMEN": "CAJAMARCA", "ALTITUD": 3690.0, "DESCRIPCIO": "MAQUI MAQUI", "CPV2017_GI": 2.0, "POBLACION": 84.0, "ORIGEN": "cpv2017_v1", "CCDD": "06", "CCPP": "01", "CCDI": "05", "COD_GRUPO": "06010599992", "FLAG_TIPO_": 3.0, "descargar": "www.geogpsperu.com", "contacto": "Suyo Pomalía Juan Pablo", "ARCHIVO": "CAJAMARCA_CCPP_geogpsperu_SuyoPomalia" }, "geometry": { "type": "Polygon", "coordinates": [ [ [ -78.238026679822681, -7.089368592909969 ], [ -78.217178184987048, -7.082331646131041 ], [ -78.2174, -7.0915 ], [ -78.215, -7.0941 ], [ -78.2066, -7.0977 ], [ -78.2029, -7.1079 ], [ -78.1961, -7.1139 ], [ -78.1879, -7.125 ], [ -78.1871, -7.138 ], [ -78.1883, -7.144 ], [ -78.1862, -7.1488 ], [ -78.1874, -7.1511 ], [ -78.1917, -7.1568 ], [ -78.1962, -7.1562 ], [ -78.1976, -7.1516 ], [ -78.2042, -7.1454 ], [ -78.2018, -7.1381 ], [ -78.2088, -7.1351 ], [ -78.2166, -7.1261 ], [ -78.226312333830336, -7.124452371939496 ], [ -78.238026679822681, -7.089368592909969 ] ] ] } },
{ "type": "Feature", "properties": { "OBJECTID": 27268.0, "PROVINCIA": "CAJAMARCA", "DISTRITO": "ENCAÑADA", "REGION_NAT": "SUNI", "LONGITUD": -78.25298333000001, "LATITUD": -7.10999833, "CATEGORIA": "CASERIO", "CODIGO": "0601050102", "UBIGEO": "060105", "DEPARTAMEN": "CAJAMARCA", "ALTITUD": 3511.0, "DESCRIPCIO": "SAN MARTIN", "CPV2017_GI": 2.0, "POBLACION": 179.0, "ORIGEN": "cpv2017_v1", "CCDD": "06", "CCPP": "01", "CCDI": "05", "COD_GRUPO": "06010501022", "FLAG_TIPO_": 2.0, "descargar": "www.geogpsperu.com", "contacto": "Suyo Pomalía Juan Pablo", "ARCHIVO": "CAJAMARCA_CCPP_geogpsperu_SuyoPomalia" }, "geometry": { "type": "Polygon", "coordinates": [ [ [ -78.266905284811273, -7.127644889553498 ], [ -78.26795644351941, -7.105043067575182 ], [ -78.239763413216082, -7.088118080469697 ], [ -78.238026679822681, -7.089368592909969 ], [ -78.226312333830336, -7.124452371939496 ], [ -78.2278, -7.1242 ], [ -78.2304, -7.1325 ], [ -78.2365, -7.1367 ], [ -78.2425, -7.1349 ], [ -78.263413092449269, -7.135729884621003 ], [ -78.266905284811273, -7.127644889553498 ] ] ] } },
{ "type": "Feature", "properties": { "OBJECTID": 27271.0, "PROVINCIA": "CAJAMARCA", "DISTRITO": "ENCAÑADA", "REGION_NAT": "QUECHUA", "LONGITUD": -78.28929667, "LATITUD": -7.12568333, "CATEGORIA": "CASERIO", "CODIGO": "0601050105", "UBIGEO": "060105", "DEPARTAMEN": "CAJAMARCA", "ALTITUD": 3303.0, "DESCRIPCIO": "ALTO POLLOQUITO", "CPV2017_GI": 2.0, "POBLACION": 130.0, "ORIGEN": "cpv2017_v1", "CCDD": "06", "CCPP": "01", "CCDI": "05", "COD_GRUPO": "06010599992", "FLAG_TIPO_": 3.0, "descargar": "www.geogpsperu.com", "contacto": "Suyo Pomalía Juan Pablo", "ARCHIVO": "CAJAMARCA_CCPP_geogpsperu_SuyoPomalia" }, "geometry": { "type": "Polygon", "coordinates": [ [ [ -78.303623730686553, -7.129307233529473 ], [ -78.287420962567836, -7.117769181104497 ], [ -78.266905284811273, -7.127644889553498 ], [ -78.263413092449269, -7.135729884621003 ], [ -78.2677, -7.1359 ], [ -78.279, -7.1323 ], [ -78.27834287892496, -7.146193417015167 ], [ -78.303234585494181, -7.133045767874471 ], [ -78.303623730686553, -7.129307233529473 ] ] ] } },
{ "type": "Feature", "properties": { "OBJECTID": 27265.0, "PROVINCIA": "CAJAMARCA", "DISTRITO": "ENCAÑADA", "REGION_NAT": "QUECHUA", "LONGITUD": -78.29551333000001, "LATITUD": -7.11695333, "CATEGORIA": "CASERIO", "CODIGO": "0601050099", "UBIGEO": "060105", "DEPARTAMEN": "CAJAMARCA", "ALTITUD": 3144.0, "DESCRIPCIO": "SANTA DELIA", "CPV2017_GI": 2.0, "POBLACION": 124.0, "ORIGEN": "cpv2017_v1", "CCDD": "06", "CCPP": "01", "CCDI": "05", "COD_GRUPO": "06010599992", "FLAG_TIPO_": 3.0, "descargar": "www.geogpsperu.com", "contacto": "Suyo Pomalía Juan Pablo", "ARCHIVO": "CAJAMARCA_CCPP_geogpsperu_SuyoPomalia" }, "geometry": { "type": "Polygon", "coordinates": [ [ [ -78.307896378142345, -7.120994496958555 ], [ -78.300790832835517, -7.110794707160258 ], [ -78.290283814826907, -7.111051897353919 ], [ -78.287420962567836, -7.117769181104497 ], [ -78.303623730686553, -7.129307233529473 ], [ -78.307896378142345, -7.120994496958555 ] ] ] } },
{ "type": "Feature", "properties": { "OBJECTID": 27281.0, "PROVINCIA": "CAJAMARCA", "DISTRITO": "ENCAÑADA", "REGION_NAT": "QUECHUA", "LONGITUD": -78.282405, "LATITUD": -7.11136667, "CATEGORIA": "OTROS", "CODIGO": "0601050117", "UBIGEO": "060105", "DEPARTAMEN": "CAJAMARCA", "ALTITUD": 3181.0, "DESCRIPCIO": "SIERRA MORENA", "CPV2017_GI": 2.0, "POBLACION": 13.0, "ORIGEN": "cpv2017_v1", "CCDD": "06", "CCPP": "01", "CCDI": "05", "COD_GRUPO": "06010599992", "FLAG_TIPO_": 3.0, "descargar": "www.geogpsperu.com", "contacto": "Suyo Pomalía Juan Pablo", "ARCHIVO": "CAJAMARCA_CCPP_geogpsperu_SuyoPomalia" }, "geometry": { "type": "Polygon", "coordinates": [ [ [ -78.290283814826907, -7.111051897353919 ], [ -78.283578547169739, -7.097762364895215 ], [ -78.280210044784553, -7.095452927528246 ], [ -78.26795644351941, -7.105043067575182 ], [ -78.266905284811273, -7.127644889553498 ], [ -78.287420962567836, -7.117769181104497 ], [ -78.290283814826907, -7.111051897353919 ] ] ] } },
{ "type": "Feature", "properties": { "OBJECTID": 27258.0, "PROVINCIA": "CAJAMARCA", "DISTRITO": "ENCAÑADA", "REGION_NAT": "QUECHUA", "LONGITUD": -78.29521833, "LATITUD": -7.10490167, "CATEGORIA": "CASERIO", "CODIGO": "0601050092", "UBIGEO": "060105", "DEPARTAMEN": "CAJAMARCA", "ALTITUD": 3084.0, "DESCRIPCIO": "EL MANGLE", "CPV2017_GI": 2.0, "POBLACION": 172.0, "ORIGEN": "cpv2017_v1", "CCDD": "06", "CCPP": "01", "CCDI": "05", "COD_GRUPO": "06010500922", "FLAG_TIPO_": 2.0, "descargar": "www.geogpsperu.com", "contacto": "Suyo Pomalía Juan Pablo", "ARCHIVO": "CAJAMARCA_CCPP_geogpsperu_SuyoPomalia" }, "geometry": { "type": "Polygon", "coordinates": [ [ [ -78.301830253508356, -7.098632927483759 ], [ -78.283578547169739, -7.097762364895215 ], [ -78.290283814826907, -7.111051897353919 ], [ -78.300790832835517, -7.110794707160258 ], [ -78.303087258936287, -7.100958387532946 ], [ -78.301830253508356, -7.098632927483759 ] ] ] } },
{ "type": "Feature", "properties": { "OBJECTID": 27257.0, "PROVINCIA": "CAJAMARCA", "DISTRITO": "ENCAÑADA", "REGION_NAT": "QUECHUA", "LONGITUD": -78.295845, "LATITUD": -7.09176333, "CATEGORIA": "CASERIO", "CODIGO": "0601050091", "UBIGEO": "060105", "DEPARTAMEN": "CAJAMARCA", "ALTITUD": 3268.0, "DESCRIPCIO": "ROMERAL", "CPV2017_GI": 2.0, "POBLACION": 47.0, "ORIGEN": "cpv2017_v1", "CCDD": "06", "CCPP": "01", "CCDI": "05", "COD_GRUPO": "06010599992", "FLAG_TIPO_": 3.0, "descargar": "www.geogpsperu.com", "contacto": "Suyo Pomalía Juan Pablo", "ARCHIVO": "CAJAMARCA_CCPP_geogpsperu_SuyoPomalia" }, "geometry": { "type": "Polygon", "coordinates": [ [ [ -78.30542151617837, -7.087455232710737 ], [ -78.301838686710809, -7.083821861760448 ], [ -78.285635131536139, -7.084820711096218 ], [ -78.280563602076057, -7.09068341625157 ], [ -78.280210044784553, -7.095452927528246 ], [ -78.283578547169739, -7.097762364895215 ], [ -78.301830253508356, -7.098632927483759 ], [ -78.30542151617837, -7.087455232710737 ] ] ] } },
{ "type": "Feature", "properties": { "OBJECTID": 27252.0, "PROVINCIA": "CAJAMARCA", "DISTRITO": "ENCAÑADA", "REGION_NAT": "QUECHUA", "LONGITUD": -78.26529, "LATITUD": -7.08949833, "CATEGORIA": "CASERIO", "CODIGO": "0601050086", "UBIGEO": "060105", "DEPARTAMEN": "CAJAMARCA", "ALTITUD": 3483.0, "DESCRIPCIO": "SAN JOSE", "CPV2017_GI": 2.0, "POBLACION": 246.0, "ORIGEN": "cpv2017_v1", "CCDD": "06", "CCPP": "01", "CCDI": "05", "COD_GRUPO": "06010500862", "FLAG_TIPO_": 2.0, "descargar": "www.geogpsperu.com", "contacto": "Suyo Pomalía Juan Pablo", "ARCHIVO": "CAJAMARCA_CCPP_geogpsperu_SuyoPomalia" }, "geometry": { "type": "Polygon", "coordinates": [ [ [ -78.267586856750441, -7.079379570429547 ], [ -78.250392918548883, -7.07698406109015 ], [ -78.243405365828977, -7.080769275262109 ], [ -78.239763413216082, -7.088118080469697 ], [ -78.26795644351941, -7.105043067575182 ], [ -78.280210044784553, -7.095452927528246 ], [ -78.280563602076057, -7.09068341625157 ], [ -78.267586856750441, -7.079379570429547 ] ] ] } },
{ "type": "Feature", "properties": { "OBJECTID": 27248.0, "PROVINCIA": "CAJAMARCA", "DISTRITO": "ENCAÑADA", "REGION_NAT": "SUNI", "LONGITUD": -78.277295, "LATITUD": -7.07571667, "CATEGORIA": "CASERIO", "CODIGO": "0601050081", "UBIGEO": "060105", "DEPARTAMEN": "CAJAMARCA", "ALTITUD": 3585.0, "DESCRIPCIO": "SAN LUIS DE UÑIGAN", "CPV2017_GI": 2.0, "POBLACION": 132.0, "ORIGEN": "cpv2017_v1", "CCDD": "06", "CCPP": "01", "CCDI": "05", "COD_GRUPO": "06010599992", "FLAG_TIPO_": 3.0, "descargar": "www.geogpsperu.com", "contacto": "Suyo Pomalía Juan Pablo", "ARCHIVO": "CAJAMARCA_CCPP_geogpsperu_SuyoPomalia" }, "geometry": { "type": "Polygon", "coordinates": [ [ [ -78.285635131536139, -7.084820711096218 ], [ -78.286330977889079, -7.07204903116021 ], [ -78.285953449570641, -7.071784883315349 ], [ -78.273025930459781, -7.071948380617752 ], [ -78.267586856750441, -7.079379570429547 ], [ -78.280563602076057, -7.09068341625157 ], [ -78.285635131536139, -7.084820711096218 ] ] ] } },
{ "type": "Feature", "properties": { "OBJECTID": 27270.0, "PROVINCIA": "CAJAMARCA", "DISTRITO": "ENCAÑADA", "REGION_NAT": "QUECHUA", "LONGITUD": -78.31839, "LATITUD": -7.12871167, "CATEGORIA": "CASERIO", "CODIGO": "0601050104", "UBIGEO": "060105", "DEPARTAMEN": "CAJAMARCA", "ALTITUD": 2997.0, "DESCRIPCIO": "SANTA MARGARITA", "CPV2017_GI": 2.0, "POBLACION": 129.0, "ORIGEN": "cpv2017_v1", "CCDD": "06", "CCPP": "01", "CCDI": "05", "COD_GRUPO": "06010599992", "FLAG_TIPO_": 3.0, "descargar": "www.geogpsperu.com", "contacto": "Suyo Pomalía Juan Pablo", "ARCHIVO": "CAJAMARCA_CCPP_geogpsperu_SuyoPomalia" }, "geometry": { "type": "Polygon", "coordinates": [ [ [ -78.332638580254724, -7.130192375319405 ], [ -78.314019799183555, -7.118043047588954 ], [ -78.307896378142345, -7.120994496958555 ], [ -78.303623730686553, -7.129307233529473 ], [ -78.303234585494181, -7.133045767874471 ], [ -78.310490167689906, -7.139189247073918 ], [ -78.31833427871203, -7.138471660745255 ], [ -78.332638580254724, -7.130192375319405 ] ] ] } },
{ "type": "Feature", "properties": { "OBJECTID": 27260.0, "PROVINCIA": "CAJAMARCA", "DISTRITO": "ENCAÑADA", "REGION_NAT": "QUECHUA", "LONGITUD": -78.34856167, "LATITUD": -7.11273833, "CATEGORIA": "CASERIO", "CODIGO": "0601050094", "UBIGEO": "060105", "DEPARTAMEN": "CAJAMARCA", "ALTITUD": 3222.0, "DESCRIPCIO": "LLOCTARAPAMPA", "CPV2017_GI": 2.0, "POBLACION": 141.0, "ORIGEN": "cpv2017_v1", "CCDD": "06", "CCPP": "01", "CCDI": "05", "COD_GRUPO": "06010599992", "FLAG_TIPO_": 3.0, "descargar": "www.geogpsperu.com", "contacto": "Suyo Pomalía Juan Pablo", "ARCHIVO": "CAJAMARCA_CCPP_geogpsperu_SuyoPomalia" }, "geometry": { "type": "Polygon", "coordinates": [ [ [ -78.354670208804151, -7.101616378420812 ], [ -78.336812110791954, -7.114133919233744 ], [ -78.339941686777692, -7.128516428130792 ], [ -78.3506, -7.1241 ], [ -78.354554410414991, -7.124695870062534 ], [ -78.358819292902353, -7.111236256081584 ], [ -78.354670208804151, -7.101616378420812 ] ] ] } },
{ "type": "Feature", "properties": { "OBJECTID": 27266.0, "PROVINCIA": "CAJAMARCA", "DISTRITO": "ENCAÑADA", "REGION_NAT": "QUECHUA", "LONGITUD": -78.325545, "LATITUD": -7.11774667, "CATEGORIA": "CASERIO", "CODIGO": "0601050100", "UBIGEO": "060105", "DEPARTAMEN": "CAJAMARCA", "ALTITUD": 3001.0, "DESCRIPCIO": "ROSARIO DE POLLOC", "CPV2017_GI": 2.0, "POBLACION": 963.0, "ORIGEN": "cpv2017_v1", "CCDD": "06", "CCPP": "01", "CCDI": "05", "COD_GRUPO": "06010501002", "FLAG_TIPO_": 2.0, "descargar": "www.geogpsperu.com", "contacto": "Suyo Pomalía Juan Pablo", "ARCHIVO": "CAJAMARCA_CCPP_geogpsperu_SuyoPomalia" }, "geometry": { "type": "Polygon", "coordinates": [ [ [ -78.336812110791954, -7.114133919233744 ], [ -78.336267862114383, -7.113497374067365 ], [ -78.319456420632463, -7.108499046022153 ], [ -78.314019799183555, -7.118043047588954 ], [ -78.332638580254724, -7.130192375319405 ], [ -78.336345442327925, -7.130006584670745 ], [ -78.339941686777692, -7.128516428130792 ], [ -78.336812110791954, -7.114133919233744 ] ] ] } },
{ "type": "Feature", "properties": { "OBJECTID": 27264.0, "PROVINCIA": "CAJAMARCA", "DISTRITO": "ENCAÑADA", "REGION_NAT": "QUECHUA", "LONGITUD": -78.30839667, "LATITUD": -7.10797833, "CATEGORIA": "CASERIO", "CODIGO": "0601050098", "UBIGEO": "060105", "DEPARTAMEN": "CAJAMARCA", "ALTITUD": 3032.0, "DESCRIPCIO": "SANTA TERESITA DE LA QUISPA", "CPV2017_GI": 2.0, "POBLACION": 209.0, "ORIGEN": "cpv2017_v1", "CCDD": "06", "CCPP": "01", "CCDI": "05", "COD_GRUPO": "06010500982", "FLAG_TIPO_": 2.0, "descargar": "www.geogpsperu.com", "contacto": "Suyo Pomalía Juan Pablo", "ARCHIVO": "CAJAMARCA_CCPP_geogpsperu_SuyoPomalia" }, "geometry": { "type": "Polygon", "coordinates": [ [ [ -78.314019799183555, -7.118043047588954 ], [ -78.319456420632463, -7.108499046022153 ], [ -78.318645269398232, -7.104085398174196 ], [ -78.303087258936287, -7.100958387532946 ], [ -78.300790832835517, -7.110794707160258 ], [ -78.307896378142345, -7.120994496958555 ], [ -78.314019799183555, -7.118043047588954 ] ] ] } },
{ "type": "Feature", "properties": { "OBJECTID": 27251.0, "PROVINCIA": "CAJAMARCA", "DISTRITO": "ENCAÑADA", "REGION_NAT": "QUECHUA", "LONGITUD": -78.34213167, "LATITUD": -7.103565, "CATEGORIA": "ANEXO", "CODIGO": "0601050085", "UBIGEO": "060105", "DEPARTAMEN": "CAJAMARCA", "ALTITUD": 3064.0, "DESCRIPCIO": "SAN FRANCISCO", "CPV2017_GI": 2.0, "POBLACION": 220.0, "ORIGEN": "cpv2017_v1", "CCDD": "06", "CCPP": "01", "CCDI": "05", "COD_GRUPO": "06010500852", "FLAG_TIPO_": 2.0, "descargar": "www.geogpsperu.com", "contacto": "Suyo Pomalía Juan Pablo", "ARCHIVO": "CAJAMARCA_CCPP_geogpsperu_SuyoPomalia" }, "geometry": { "type": "Polygon", "coordinates": [ [ [ -78.354681702141619, -7.101386635151504 ], [ -78.347316313732762, -7.095811956323028 ], [ -78.344673429457771, -7.095442173733498 ], [ -78.335820324731358, -7.102614538872961 ], [ -78.336267862114383, -7.113497374067365 ], [ -78.336812110791954, -7.114133919233744 ], [ -78.354670208804151, -7.101616378420812 ], [ -78.354681702141619, -7.101386635151504 ] ] ] } },
{ "type": "Feature", "properties": { "OBJECTID": 27262.0, "PROVINCIA": "CAJAMARCA", "DISTRITO": "ENCAÑADA", "REGION_NAT": "QUECHUA", "LONGITUD": -78.32960833, "LATITUD": -7.10408, "CATEGORIA": "CASERIO", "CODIGO": "0601050096", "UBIGEO": "060105", "DEPARTAMEN": "CAJAMARCA", "ALTITUD": 3026.0, "DESCRIPCIO": "POTRERILLO", "CPV2017_GI": 2.0, "POBLACION": 129.0, "ORIGEN": "cpv2017_v1", "CCDD": "06", "CCPP": "01", "CCDI": "05", "COD_GRUPO": "06010599992", "FLAG_TIPO_": 3.0, "descargar": "www.geogpsperu.com", "contacto": "Suyo Pomalía Juan Pablo", "ARCHIVO": "CAJAMARCA_CCPP_geogpsperu_SuyoPomalia" }, "geometry": { "type": "Polygon", "coordinates": [ [ [ -78.335820324731358, -7.102614538872961 ], [ -78.326269153145148, -7.094580748161137 ], [ -78.320744619732224, -7.098823342198939 ], [ -78.318645269398232, -7.104085398174196 ], [ -78.319456420632463, -7.108499046022153 ], [ -78.336267862114383, -7.113497374067365 ], [ -78.335820324731358, -7.102614538872961 ] ] ] } },
{ "type": "Feature", "properties": { "OBJECTID": 27256.0, "PROVINCIA": "CAJAMARCA", "DISTRITO": "ENCAÑADA", "REGION_NAT": "QUECHUA", "LONGITUD": -78.31069667, "LATITUD": -7.096535, "CATEGORIA": "CASERIO", "CODIGO": "0601050090", "UBIGEO": "060105", "DEPARTAMEN": "CAJAMARCA", "ALTITUD": 3024.0, "DESCRIPCIO": "TAMBOMAYO", "CPV2017_GI": 2.0, "POBLACION": 192.0, "ORIGEN": "cpv2017_v1", "CCDD": "06", "CCPP": "01", "CCDI": "05", "COD_GRUPO": "06010500902", "FLAG_TIPO_": 2.0, "descargar": "www.geogpsperu.com", "contacto": "Suyo Pomalía Juan Pablo", "ARCHIVO": "CAJAMARCA_CCPP_geogpsperu_SuyoPomalia" }, "geometry": { "type": "Polygon", "coordinates": [ [ [ -78.320744619732224, -7.098823342198939 ], [ -78.308637472433048, -7.087311109791161 ], [ -78.30542151617837, -7.087455232710737 ], [ -78.301830253508356, -7.098632927483759 ], [ -78.303087258936287, -7.100958387532946 ], [ -78.318645269398232, -7.104085398174196 ], [ -78.320744619732224, -7.098823342198939 ] ] ] } },
{ "type": "Feature", "properties": { "OBJECTID": 27259.0, "PROVINCIA": "CAJAMARCA", "DISTRITO": "ENCAÑADA", "REGION_NAT": "QUECHUA", "LONGITUD": -78.3362, "LATITUD": -7.09624333, "CATEGORIA": "CASERIO", "CODIGO": "0601050093", "UBIGEO": "060105", "DEPARTAMEN": "CAJAMARCA", "ALTITUD": 3188.0, "DESCRIPCIO": "ROLLOPAMPA", "CPV2017_GI": 2.0, "POBLACION": 103.0, "ORIGEN": "cpv2017_v1", "CCDD": "06", "CCPP": "01", "CCDI": "05", "COD_GRUPO": "06010599992", "FLAG_TIPO_": 3.0, "descargar": "www.geogpsperu.com", "contacto": "Suyo Pomalía Juan Pablo", "ARCHIVO": "CAJAMARCA_CCPP_geogpsperu_SuyoPomalia" }, "geometry": { "type": "Polygon", "coordinates": [ [ [ -78.33363883754005, -7.08565332249117 ], [ -78.332150686225546, -7.085555442958068 ], [ -78.328396533432127, -7.089292246842488 ], [ -78.326269153145148, -7.094580748161137 ], [ -78.335820324731358, -7.102614538872961 ], [ -78.344673429457771, -7.095442173733498 ], [ -78.33363883754005, -7.08565332249117 ] ] ] } },
{ "type": "Feature", "properties": { "OBJECTID": 27253.0, "PROVINCIA": "CAJAMARCA", "DISTRITO": "ENCAÑADA", "REGION_NAT": "QUECHUA", "LONGITUD": -78.31795333, "LATITUD": -7.08890333, "CATEGORIA": "CASERIO", "CODIGO": "0601050087", "UBIGEO": "060105", "DEPARTAMEN": "CAJAMARCA", "ALTITUD": 3338.0, "DESCRIPCIO": "LA TORRE", "CPV2017_GI": 2.0, "POBLACION": 115.0, "ORIGEN": "cpv2017_v1", "CCDD": "06", "CCPP": "01", "CCDI": "05", "COD_GRUPO": "06010599992", "FLAG_TIPO_": 3.0, "descargar": "www.geogpsperu.com", "contacto": "Suyo Pomalía Juan Pablo", "ARCHIVO": "CAJAMARCA_CCPP_geogpsperu_SuyoPomalia" }, "geometry": { "type": "Polygon", "coordinates": [ [ [ -78.328396533432127, -7.089292246842488 ], [ -78.314728756821779, -7.082816264044459 ], [ -78.308637472433048, -7.087311109791161 ], [ -78.320744619732224, -7.098823342198939 ], [ -78.326269153145148, -7.094580748161137 ], [ -78.328396533432127, -7.089292246842488 ] ] ] } },
{ "type": "Feature", "properties": { "OBJECTID": 27249.0, "PROVINCIA": "CAJAMARCA", "DISTRITO": "ENCAÑADA", "REGION_NAT": "QUECHUA", "LONGITUD": -78.35337, "LATITUD": -7.08871667, "CATEGORIA": "CASERIO", "CODIGO": "0601050083", "UBIGEO": "060105", "DEPARTAMEN": "CAJAMARCA", "ALTITUD": 3306.0, "DESCRIPCIO": "HUAYTORCO", "CPV2017_GI": 2.0, "POBLACION": 186.0, "ORIGEN": "cpv2017_v1", "CCDD": "06", "CCPP": "01", "CCDI": "05", "COD_GRUPO": "06010500832", "FLAG_TIPO_": 2.0, "descargar": "www.geogpsperu.com", "contacto": "Suyo Pomalía Juan Pablo", "ARCHIVO": "CAJAMARCA_CCPP_geogpsperu_SuyoPomalia" }, "geometry": { "type": "Polygon", "coordinates": [ [ [ -78.358948521458601, -7.0792729219903 ], [ -78.349717237191413, -7.08381229033703 ], [ -78.347316313732762, -7.095811956323028 ], [ -78.354681702141619, -7.101386635151504 ], [ -78.358788950296898, -7.097919681967451 ], [ -78.359197908099503, -7.079530212231582 ], [ -78.358948521458601, -7.0792729219903 ] ] ] } },
{ "type": "Feature", "properties": { "OBJECTID": 27176.0, "PROVINCIA": "CAJAMARCA", "DISTRITO": "ENCAÑADA", "REGION_NAT": "QUECHUA", "LONGITUD": -78.34445866, "LATITUD": -7.08693366, "CATEGORIA": "PUEBLO", "CODIGO": "0601050001", "UBIGEO": "060105", "DEPARTAMEN": "CAJAMARCA", "ALTITUD": 3087.0, "DESCRIPCIO": "ENCAÑADA", "CPV2017_GI": 1.0, "POBLACION": 1390.0, "ORIGEN": "cpv2017_v1", "CCDD": "06", "CCPP": "01", "CCDI": "05", "COD_GRUPO": "06010500011", "FLAG_TIPO_": 1.0, "descargar": "www.geogpsperu.com", "contacto": "Suyo Pomalía Juan Pablo", "ARCHIVO": "CAJAMARCA_CCPP_geogpsperu_SuyoPomalia" }, "geometry": { "type": "Polygon", "coordinates": [ [ [ -78.34189246869029, -7.080681335947159 ], [ -78.33363883754005, -7.08565332249117 ], [ -78.344673429457771, -7.095442173733498 ], [ -78.347316313732762, -7.095811956323028 ], [ -78.349717237191413, -7.08381229033703 ], [ -78.34189246869029, -7.080681335947159 ] ] ] } },
{ "type": "Feature", "properties": { "OBJECTID": 27241.0, "PROVINCIA": "CAJAMARCA", "DISTRITO": "ENCAÑADA", "REGION_NAT": "QUECHUA", "LONGITUD": -78.32148167, "LATITUD": -7.08145667, "CATEGORIA": "ANEXO", "CODIGO": "0601050074", "UBIGEO": "060105", "DEPARTAMEN": "CAJAMARCA", "ALTITUD": 3362.0, "DESCRIPCIO": "CHAGMAPAMPA", "CPV2017_GI": 2.0, "POBLACION": 61.0, "ORIGEN": "cpv2017_v1", "CCDD": "06", "CCPP": "01", "CCDI": "05", "COD_GRUPO": "06010599992", "FLAG_TIPO_": 3.0, "descargar": "www.geogpsperu.com", "contacto": "Suyo Pomalía Juan Pablo", "ARCHIVO": "CAJAMARCA_CCPP_geogpsperu_SuyoPomalia" }, "geometry": { "type": "Polygon", "coordinates": [ [ [ -78.328217210044031, -7.074952637861845 ], [ -78.316590263696597, -7.076666233741619 ], [ -78.314728756821779, -7.082816264044459 ], [ -78.328396533432127, -7.089292246842488 ], [ -78.332150686225546, -7.085555442958068 ], [ -78.328217210044031, -7.074952637861845 ] ] ] } },
{ "type": "Feature", "properties": { "OBJECTID": 27280.0, "PROVINCIA": "CAJAMARCA", "DISTRITO": "ENCAÑADA", "REGION_NAT": "QUECHUA", "LONGITUD": -78.34806333, "LATITUD": -7.077925, "CATEGORIA": "OTROS", "CODIGO": "0601050115", "UBIGEO": "060105", "DEPARTAMEN": "CAJAMARCA", "ALTITUD": 3356.0, "DESCRIPCIO": "LOS ALISOS", "CPV2017_GI": 2.0, "POBLACION": 35.0, "ORIGEN": "cpv2017_v1", "CCDD": "06", "CCPP": "01", "CCDI": "05", "COD_GRUPO": "06010599992", "FLAG_TIPO_": 3.0, "descargar": "www.geogpsperu.com", "contacto": "Suyo Pomalía Juan Pablo", "ARCHIVO": "CAJAMARCA_CCPP_geogpsperu_SuyoPomalia" }, "geometry": { "type": "Polygon", "coordinates": [ [ [ -78.358948521458601, -7.0792729219903 ], [ -78.358573202944626, -7.077316971590051 ], [ -78.343590353108539, -7.073361025467347 ], [ -78.34189246869029, -7.080681335947159 ], [ -78.349717237191413, -7.08381229033703 ], [ -78.358948521458601, -7.0792729219903 ] ] ] } },
{ "type": "Feature", "properties": { "OBJECTID": 27239.0, "PROVINCIA": "CAJAMARCA", "DISTRITO": "ENCAÑADA", "REGION_NAT": "QUECHUA", "LONGITUD": -78.337565, "LATITUD": -7.07549, "CATEGORIA": "ANEXO", "CODIGO": "0601050072", "UBIGEO": "060105", "DEPARTAMEN": "CAJAMARCA", "ALTITUD": 3163.0, "DESCRIPCIO": "JUANCHOPUQUIO", "CPV2017_GI": 2.0, "POBLACION": 74.0, "ORIGEN": "cpv2017_v1", "CCDD": "06", "CCPP": "01", "CCDI": "05", "COD_GRUPO": "06010599992", "FLAG_TIPO_": 3.0, "descargar": "www.geogpsperu.com", "contacto": "Suyo Pomalía Juan Pablo", "ARCHIVO": "CAJAMARCA_CCPP_geogpsperu_SuyoPomalia" }, "geometry": { "type": "Polygon", "coordinates": [ [ [ -78.342808066521954, -7.070913949969415 ], [ -78.337511017976738, -7.068531388047464 ], [ -78.328324051903422, -7.074561019826146 ], [ -78.328217210044031, -7.074952637861845 ], [ -78.332150686225546, -7.085555442958068 ], [ -78.33363883754005, -7.08565332249117 ], [ -78.34189246869029, -7.080681335947159 ], [ -78.343590353108539, -7.073361025467347 ], [ -78.342808066521954, -7.070913949969415 ] ] ] } },
{ "type": "Feature", "properties": { "OBJECTID": 27237.0, "PROVINCIA": "CAJAMARCA", "DISTRITO": "ENCAÑADA", "REGION_NAT": "QUECHUA", "LONGITUD": -78.34973333000001, "LATITUD": -7.0716, "CATEGORIA": "CASERIO", "CODIGO": "0601050070", "UBIGEO": "060105", "DEPARTAMEN": "CAJAMARCA", "ALTITUD": 3332.0, "DESCRIPCIO": "MAGMAMAYO", "CPV2017_GI": 2.0, "POBLACION": 45.0, "ORIGEN": "cpv2017_v1", "CCDD": "06", "CCPP": "01", "CCDI": "05", "COD_GRUPO": "06010599992", "FLAG_TIPO_": 3.0, "descargar": "www.geogpsperu.com", "contacto": "Suyo Pomalía Juan Pablo", "ARCHIVO": "CAJAMARCA_CCPP_geogpsperu_SuyoPomalia" }, "geometry": { "type": "Polygon", "coordinates": [ [ [ -78.348860735949799, -7.065387771734424 ], [ -78.342808066521954, -7.070913949969415 ], [ -78.343590353108539, -7.073361025467347 ], [ -78.358573202944626, -7.077316971590051 ], [ -78.359441285595736, -7.070483014314944 ], [ -78.348860735949799, -7.065387771734424 ] ] ] } },
{ "type": "Feature", "properties": { "OBJECTID": 27240.0, "PROVINCIA": "CAJAMARCA", "DISTRITO": "ENCAÑADA", "REGION_NAT": "QUECHUA", "LONGITUD": -78.31989167, "LATITUD": -7.07066833, "CATEGORIA": "CASERIO", "CODIGO": "0601050073", "UBIGEO": "060105", "DEPARTAMEN": "CAJAMARCA", "ALTITUD": 3447.0, "DESCRIPCIO": "USNIO", "CPV2017_GI": 2.0, "POBLACION": 94.0, "ORIGEN": "cpv2017_v1", "CCDD": "06", "CCPP": "01", "CCDI": "05", "COD_GRUPO": "06010599992", "FLAG_TIPO_": 3.0, "descargar": "www.geogpsperu.com", "contacto": "Suyo Pomalía Juan Pablo", "ARCHIVO": "CAJAMARCA_CCPP_geogpsperu_SuyoPomalia" }, "geometry": { "type": "Polygon", "coordinates": [ [ [ -78.328324051903422, -7.074561019826146 ], [ -78.320381514492496, -7.056517328438148 ], [ -78.313089454263547, -7.061524996511649 ], [ -78.309658292673262, -7.067106373437159 ], [ -78.316590263696597, -7.076666233741619 ], [ -78.328217210044031, -7.074952637861845 ], [ -78.328324051903422, -7.074561019826146 ] ] ] } },
{ "type": "Feature", "properties": { "OBJECTID": 27232.0, "PROVINCIA": "CAJAMARCA", "DISTRITO": "ENCAÑADA", "REGION_NAT": "QUECHUA", "LONGITUD": -78.33114833, "LATITUD": -7.06571333, "CATEGORIA": "CASERIO", "CODIGO": "0601050061", "UBIGEO": "060105", "DEPARTAMEN": "CAJAMARCA", "ALTITUD": 3368.0, "DESCRIPCIO": "PALPATA", "CPV2017_GI": 2.0, "POBLACION": 37.0, "ORIGEN": "cpv2017_v1", "CCDD": "06", "CCPP": "01", "CCDI": "05", "COD_GRUPO": "06010599992", "FLAG_TIPO_": 3.0, "descargar": "www.geogpsperu.com", "contacto": "Suyo Pomalía Juan Pablo", "ARCHIVO": "CAJAMARCA_CCPP_geogpsperu_SuyoPomalia" }, "geometry": { "type": "Polygon", "coordinates": [ [ [ -78.335279383327858, -7.05380259657276 ], [ -78.323553855101366, -7.053221292034565 ], [ -78.320398406537223, -7.056487810140002 ], [ -78.320381514492496, -7.056517328438148 ], [ -78.328324051903422, -7.074561019826146 ], [ -78.337511017976738, -7.068531388047464 ], [ -78.335279383327858, -7.05380259657276 ] ] ] } },
{ "type": "Feature", "properties": { "OBJECTID": 27234.0, "PROVINCIA": "CAJAMARCA", "DISTRITO": "ENCAÑADA", "REGION_NAT": "QUECHUA", "LONGITUD": -78.35426167, "LATITUD": -7.06219667, "CATEGORIA": "CASERIO", "CODIGO": "0601050064", "UBIGEO": "060105", "DEPARTAMEN": "CAJAMARCA", "ALTITUD": 3444.0, "DESCRIPCIO": "SOGORON BAJO", "CPV2017_GI": 2.0, "POBLACION": 212.0, "ORIGEN": "cpv2017_v1", "CCDD": "06", "CCPP": "01", "CCDI": "05", "COD_GRUPO": "06010500642", "FLAG_TIPO_": 2.0, "descargar": "www.geogpsperu.com", "contacto": "Suyo Pomalía Juan Pablo", "ARCHIVO": "CAJAMARCA_CCPP_geogpsperu_SuyoPomalia" }, "geometry": { "type": "Polygon", "coordinates": [ [ [ -78.364470422301906, -7.053640096446968 ], [ -78.346567935045655, -7.050381331770895 ], [ -78.348860735949799, -7.065387771734424 ], [ -78.359441285595736, -7.070483014314944 ], [ -78.366716995908632, -7.06166210227813 ], [ -78.364470422301906, -7.053640096446968 ] ] ] } },
{ "type": "Feature", "properties": { "OBJECTID": 27235.0, "PROVINCIA": "CAJAMARCA", "DISTRITO": "ENCAÑADA", "REGION_NAT": "QUECHUA", "LONGITUD": -78.34275333, "LATITUD": -7.063955, "CATEGORIA": "OTROS", "CODIGO": "0601050066", "UBIGEO": "060105", "DEPARTAMEN": "CAJAMARCA", "ALTITUD": 3327.0, "DESCRIPCIO": "HUALTIPATA", "CPV2017_GI": 2.0, "POBLACION": 34.0, "ORIGEN": "cpv2017_v1", "CCDD": "06", "CCPP": "01", "CCDI": "05", "COD_GRUPO": "06010599992", "FLAG_TIPO_": 3.0, "descargar": "www.geogpsperu.com", "contacto": "Suyo Pomalía Juan Pablo", "ARCHIVO": "CAJAMARCA_CCPP_geogpsperu_SuyoPomalia" }, "geometry": { "type": "Polygon", "coordinates": [ [ [ -78.346567935045655, -7.050381331770895 ], [ -78.344994484118345, -7.049291807879142 ], [ -78.335279383327858, -7.05380259657276 ], [ -78.337511017976738, -7.068531388047464 ], [ -78.342808066521954, -7.070913949969415 ], [ -78.348860735949799, -7.065387771734424 ], [ -78.346567935045655, -7.050381331770895 ] ] ] } },
{ "type": "Feature", "properties": { "OBJECTID": 27230.0, "PROVINCIA": "CAJAMARCA", "DISTRITO": "ENCAÑADA", "REGION_NAT": "QUECHUA", "LONGITUD": -78.33234667000001, "LATITUD": -7.04154167, "CATEGORIA": "CASERIO", "CODIGO": "0601050059", "UBIGEO": "060105", "DEPARTAMEN": "CAJAMARCA", "ALTITUD": 3457.0, "DESCRIPCIO": "MICHIQUILLAY", "CPV2017_GI": 2.0, "POBLACION": 244.0, "ORIGEN": "cpv2017_v1", "CCDD": "06", "CCPP": "01", "CCDI": "05", "COD_GRUPO": "06010500592", "FLAG_TIPO_": 2.0, "descargar": "www.geogpsperu.com", "contacto": "Suyo Pomalía Juan Pablo", "ARCHIVO": "CAJAMARCA_CCPP_geogpsperu_SuyoPomalia" }, "geometry": { "type": "Polygon", "coordinates": [ [ [ -78.34517514584978, -7.039922415605462 ], [ -78.33827024940598, -7.0355698874371 ], [ -78.319204664487685, -7.032502918360291 ], [ -78.323553855101366, -7.053221292034565 ], [ -78.335279383327858, -7.05380259657276 ], [ -78.344994484118345, -7.049291807879142 ], [ -78.34517514584978, -7.039922415605462 ] ] ] } },
{ "type": "Feature", "properties": { "OBJECTID": 27245.0, "PROVINCIA": "CAJAMARCA", "DISTRITO": "ENCAÑADA", "REGION_NAT": "QUECHUA", "LONGITUD": -78.30986333, "LATITUD": -7.07794, "CATEGORIA": "CASERIO", "CODIGO": "0601050078", "UBIGEO": "060105", "DEPARTAMEN": "CAJAMARCA", "ALTITUD": 3370.0, "DESCRIPCIO": "LA VICTORIA", "CPV2017_GI": 2.0, "POBLACION": 131.0, "ORIGEN": "cpv2017_v1", "CCDD": "06", "CCPP": "01", "CCDI": "05", "COD_GRUPO": "06010599992", "FLAG_TIPO_": 3.0, "descargar": "www.geogpsperu.com", "contacto": "Suyo Pomalía Juan Pablo", "ARCHIVO": "CAJAMARCA_CCPP_geogpsperu_SuyoPomalia" }, "geometry": { "type": "Polygon", "coordinates": [ [ [ -78.314728756821779, -7.082816264044459 ], [ -78.316590263696597, -7.076666233741619 ], [ -78.309658292673262, -7.067106373437159 ], [ -78.304722653918574, -7.069258265200596 ], [ -78.302938442022864, -7.070809054667413 ], [ -78.301838686710809, -7.083821861760448 ], [ -78.30542151617837, -7.087455232710737 ], [ -78.308637472433048, -7.087311109791161 ], [ -78.314728756821779, -7.082816264044459 ] ] ] } },
{ "type": "Feature", "properties": { "OBJECTID": 27244.0, "PROVINCIA": "CAJAMARCA", "DISTRITO": "ENCAÑADA", "REGION_NAT": "QUECHUA", "LONGITUD": -78.294915, "LATITUD": -7.07667667, "CATEGORIA": "CASERIO", "CODIGO": "0601050077", "UBIGEO": "060105", "DEPARTAMEN": "CAJAMARCA", "ALTITUD": 3360.0, "DESCRIPCIO": "CARHUAQUERO", "CPV2017_GI": 2.0, "POBLACION": 157.0, "ORIGEN": "cpv2017_v1", "CCDD": "06", "CCPP": "01", "CCDI": "05", "COD_GRUPO": "06010500772", "FLAG_TIPO_": 2.0, "descargar": "www.geogpsperu.com", "contacto": "Suyo Pomalía Juan Pablo", "ARCHIVO": "CAJAMARCA_CCPP_geogpsperu_SuyoPomalia" }, "geometry": { "type": "Polygon", "coordinates": [ [ [ -78.301838686710809, -7.083821861760448 ], [ -78.302938442022864, -7.070809054667413 ], [ -78.291338692177931, -7.069179931536669 ], [ -78.286330977889079, -7.07204903116021 ], [ -78.285635131536139, -7.084820711096218 ], [ -78.301838686710809, -7.083821861760448 ] ] ] } },
{ "type": "Feature", "properties": { "OBJECTID": 27247.0, "PROVINCIA": "CAJAMARCA", "DISTRITO": "ENCAÑADA", "REGION_NAT": "SUNI", "LONGITUD": -78.26814333, "LATITUD": -7.06901833, "CATEGORIA": "CASERIO", "CODIGO": "0601050080", "UBIGEO": "060105", "DEPARTAMEN": "CAJAMARCA", "ALTITUD": 3575.0, "DESCRIPCIO": "NUEVO PERU(AGUA MALA)", "CPV2017_GI": 2.0, "POBLACION": 35.0, "ORIGEN": "cpv2017_v1", "CCDD": "06", "CCPP": "01", "CCDI": "05", "COD_GRUPO": "06010599992", "FLAG_TIPO_": 3.0, "descargar": "www.geogpsperu.com", "contacto": "Suyo Pomalía Juan Pablo", "ARCHIVO": "CAJAMARCA_CCPP_geogpsperu_SuyoPomalia" }, "geometry": { "type": "Polygon", "coordinates": [ [ [ -78.273025930459781, -7.071948380617752 ], [ -78.270599208266717, -7.048695502884195 ], [ -78.267201588389014, -7.047220198817459 ], [ -78.250392918548883, -7.07698406109015 ], [ -78.267586856750441, -7.079379570429547 ], [ -78.273025930459781, -7.071948380617752 ] ] ] } },
{ "type": "Feature", "properties": { "OBJECTID": 27236.0, "PROVINCIA": "CAJAMARCA", "DISTRITO": "ENCAÑADA", "REGION_NAT": "SUNI", "LONGITUD": -78.29684167000001, "LATITUD": -7.06295833, "CATEGORIA": "CASERIO", "CODIGO": "0601050067", "UBIGEO": "060105", "DEPARTAMEN": "CAJAMARCA", "ALTITUD": 3546.0, "DESCRIPCIO": "QUINUAMAYO ALTO", "CPV2017_GI": 2.0, "POBLACION": 203.0, "ORIGEN": "cpv2017_v1", "CCDD": "06", "CCPP": "01", "CCDI": "05", "COD_GRUPO": "06010500672", "FLAG_TIPO_": 2.0, "descargar": "www.geogpsperu.com", "contacto": "Suyo Pomalía Juan Pablo", "ARCHIVO": "CAJAMARCA_CCPP_geogpsperu_SuyoPomalia" }, "geometry": { "type": "Polygon", "coordinates": [ [ [ -78.304722653918574, -7.069258265200596 ], [ -78.29250465686836, -7.051091160669629 ], [ -78.291338692177931, -7.069179931536669 ], [ -78.302938442022864, -7.070809054667413 ], [ -78.304722653918574, -7.069258265200596 ] ] ] } },
{ "type": "Feature", "properties": { "OBJECTID": 27242.0, "PROVINCIA": "CAJAMARCA", "DISTRITO": "ENCAÑADA", "REGION_NAT": "SUNI", "LONGITUD": -78.27719833, "LATITUD": -7.06807333, "CATEGORIA": "CASERIO", "CODIGO": "0601050075", "UBIGEO": "060105", "DEPARTAMEN": "CAJAMARCA", "ALTITUD": 3593.0, "DESCRIPCIO": "GRAN CHIMU", "CPV2017_GI": 2.0, "POBLACION": 35.0, "ORIGEN": "cpv2017_v1", "CCDD": "06", "CCPP": "01", "CCDI": "05", "COD_GRUPO": "06010599992", "FLAG_TIPO_": 3.0, "descargar": "www.geogpsperu.com", "contacto": "Suyo Pomalía Juan Pablo", "ARCHIVO": "CAJAMARCA_CCPP_geogpsperu_SuyoPomalia" }, "geometry": { "type": "Polygon", "coordinates": [ [ [ -78.272070504821926, -7.048971458863626 ], [ -78.270599208266717, -7.048695502884195 ], [ -78.273025930459781, -7.071948380617752 ], [ -78.285953449570641, -7.071784883315349 ], [ -78.272070504821926, -7.048971458863626 ] ] ] } },
{ "type": "Feature", "properties": { "OBJECTID": 27228.0, "PROVINCIA": "CAJAMARCA", "DISTRITO": "ENCAÑADA", "REGION_NAT": "SUNI", "LONGITUD": -78.28668, "LATITUD": -7.06230333, "CATEGORIA": "CASERIO", "CODIGO": "0601050056", "UBIGEO": "060105", "DEPARTAMEN": "CAJAMARCA", "ALTITUD": 3593.0, "DESCRIPCIO": "PROGRESO LA TOMA", "CPV2017_GI": 2.0, "POBLACION": 211.0, "ORIGEN": "cpv2017_v1", "CCDD": "06", "CCPP": "01", "CCDI": "05", "COD_GRUPO": "06010500562", "FLAG_TIPO_": 2.0, "descargar": "www.geogpsperu.com", "contacto": "Suyo Pomalía Juan Pablo", "ARCHIVO": "CAJAMARCA_CCPP_geogpsperu_SuyoPomalia" }, "geometry": { "type": "Polygon", "coordinates": [ [ [ -78.291828736882408, -7.047318930747979 ], [ -78.291677542384036, -7.047023827946271 ], [ -78.272070504821926, -7.048971458863626 ], [ -78.285953449570641, -7.071784883315349 ], [ -78.286330977889079, -7.07204903116021 ], [ -78.291338692177931, -7.069179931536669 ], [ -78.29250465686836, -7.051091160669629 ], [ -78.291828736882408, -7.047318930747979 ] ] ] } },
{ "type": "Feature", "properties": { "OBJECTID": 27233.0, "PROVINCIA": "CAJAMARCA", "DISTRITO": "ENCAÑADA", "REGION_NAT": "SUNI", "LONGITUD": -78.30186, "LATITUD": -7.05958333, "CATEGORIA": "CASERIO", "CODIGO": "0601050063", "UBIGEO": "060105", "DEPARTAMEN": "CAJAMARCA", "ALTITUD": 3509.0, "DESCRIPCIO": "QUINUAMAYO BAJO", "CPV2017_GI": 2.0, "POBLACION": 136.0, "ORIGEN": "cpv2017_v1", "CCDD": "06", "CCPP": "01", "CCDI": "05", "COD_GRUPO": "06010599992", "FLAG_TIPO_": 3.0, "descargar": "www.geogpsperu.com", "contacto": "Suyo Pomalía Juan Pablo", "ARCHIVO": "CAJAMARCA_CCPP_geogpsperu_SuyoPomalia" }, "geometry": { "type": "Polygon", "coordinates": [ [ [ -78.313089454263547, -7.061524996511649 ], [ -78.291828736882408, -7.047318930747979 ], [ -78.29250465686836, -7.051091160669629 ], [ -78.304722653918574, -7.069258265200596 ], [ -78.309658292673262, -7.067106373437159 ], [ -78.313089454263547, -7.061524996511649 ] ] ] } },
{ "type": "Feature", "properties": { "OBJECTID": 27229.0, "PROVINCIA": "CAJAMARCA", "DISTRITO": "ENCAÑADA", "REGION_NAT": "SUNI", "LONGITUD": -78.30699833, "LATITUD": -7.05189333, "CATEGORIA": "ANEXO", "CODIGO": "0601050058", "UBIGEO": "060105", "DEPARTAMEN": "CAJAMARCA", "ALTITUD": 3537.0, "DESCRIPCIO": "TUYUPAMPA", "CPV2017_GI": 2.0, "POBLACION": 102.0, "ORIGEN": "cpv2017_v1", "CCDD": "06", "CCPP": "01", "CCDI": "05", "COD_GRUPO": "06010599992", "FLAG_TIPO_": 3.0, "descargar": "www.geogpsperu.com", "contacto": "Suyo Pomalía Juan Pablo", "ARCHIVO": "CAJAMARCA_CCPP_geogpsperu_SuyoPomalia" }, "geometry": { "type": "Polygon", "coordinates": [ [ [ -78.320398406537223, -7.056487810140002 ], [ -78.296611717836157, -7.040949618831716 ], [ -78.291677542384036, -7.047023827946271 ], [ -78.291828736882408, -7.047318930747979 ], [ -78.313089454263547, -7.061524996511649 ], [ -78.320381514492496, -7.056517328438148 ], [ -78.320398406537223, -7.056487810140002 ] ] ] } },
{ "type": "Feature", "properties": { "OBJECTID": 27277.0, "PROVINCIA": "CAJAMARCA", "DISTRITO": "ENCAÑADA", "REGION_NAT": "SUNI", "LONGITUD": -78.31080667000001, "LATITUD": -7.04606333, "CATEGORIA": "CASERIO", "CODIGO": "0601050112", "UBIGEO": "060105", "DEPARTAMEN": "CAJAMARCA", "ALTITUD": 3599.0, "DESCRIPCIO": "PAMPAGRANDE", "CPV2017_GI": 2.0, "POBLACION": 89.0, "ORIGEN": "cpv2017_v1", "CCDD": "06", "CCPP": "01", "CCDI": "05", "COD_GRUPO": "06010599992", "FLAG_TIPO_": 3.0, "descargar": "www.geogpsperu.com", "contacto": "Suyo Pomalía Juan Pablo", "ARCHIVO": "CAJAMARCA_CCPP_geogpsperu_SuyoPomalia" }, "geometry": { "type": "Polygon", "coordinates": [ [ [ -78.301668637815979, -7.030463293647776 ], [ -78.296611717836157, -7.040949618831716 ], [ -78.320398406537223, -7.056487810140002 ], [ -78.323553855101366, -7.053221292034565 ], [ -78.319204664487685, -7.032502918360291 ], [ -78.315185972260821, -7.027215400111961 ], [ -78.301668637815979, -7.030463293647776 ] ] ] } },
{ "type": "Feature", "properties": { "OBJECTID": 27278.0, "PROVINCIA": "CAJAMARCA", "DISTRITO": "ENCAÑADA", "REGION_NAT": "SUNI", "LONGITUD": -78.24804833, "LATITUD": -7.05767, "CATEGORIA": "OTROS", "CODIGO": "0601050113", "UBIGEO": "060105", "DEPARTAMEN": "CAJAMARCA", "ALTITUD": 3703.0, "DESCRIPCIO": "PARAISO DEL TRIUNFO", "CPV2017_GI": 2.0, "POBLACION": 31.0, "ORIGEN": "cpv2017_v1", "CCDD": "06", "CCPP": "01", "CCDI": "05", "COD_GRUPO": "06010599992", "FLAG_TIPO_": 3.0, "descargar": "www.geogpsperu.com", "contacto": "Suyo Pomalía Juan Pablo", "ARCHIVO": "CAJAMARCA_CCPP_geogpsperu_SuyoPomalia" }, "geometry": { "type": "Polygon", "coordinates": [ [ [ -78.243405365828977, -7.080769275262109 ], [ -78.250392918548883, -7.07698406109015 ], [ -78.267201588389014, -7.047220198817459 ], [ -78.262257863344431, -7.040053857716675 ], [ -78.262, -7.0403 ], [ -78.2529, -7.0438 ], [ -78.2459, -7.0498 ], [ -78.2396, -7.0489 ], [ -78.2369, -7.0563 ], [ -78.234025088372022, -7.059529352787593 ], [ -78.243405365828977, -7.080769275262109 ] ] ] } },
{ "type": "Feature", "properties": { "OBJECTID": 27226.0, "PROVINCIA": "CAJAMARCA", "DISTRITO": "ENCAÑADA", "REGION_NAT": "SUNI", "LONGITUD": -78.35793167, "LATITUD": -7.042035, "CATEGORIA": "CASERIO", "CODIGO": "0601050054", "UBIGEO": "060105", "DEPARTAMEN": "CAJAMARCA", "ALTITUD": 3594.0, "DESCRIPCIO": "ALTO SOGORON", "CPV2017_GI": 2.0, "POBLACION": 582.0, "ORIGEN": "cpv2017_v1", "CCDD": "06", "CCPP": "01", "CCDI": "05", "COD_GRUPO": "06010500542", "FLAG_TIPO_": 2.0, "descargar": "www.geogpsperu.com", "contacto": "Suyo Pomalía Juan Pablo", "ARCHIVO": "CAJAMARCA_CCPP_geogpsperu_SuyoPomalia" }, "geometry": { "type": "Polygon", "coordinates": [ [ [ -78.372796486621993, -7.041588758316216 ], [ -78.360408871519482, -7.027165760758229 ], [ -78.354957215832883, -7.028478832644972 ], [ -78.34517514584978, -7.039922415605462 ], [ -78.344994484118345, -7.049291807879142 ], [ -78.346567935045655, -7.050381331770895 ], [ -78.364470422301906, -7.053640096446968 ], [ -78.372796486621993, -7.041588758316216 ] ] ] } },
{ "type": "Feature", "properties": { "OBJECTID": 27220.0, "PROVINCIA": "CAJAMARCA", "DISTRITO": "ENCAÑADA", "REGION_NAT": "SUNI", "LONGITUD": -78.34110333, "LATITUD": -7.02765, "CATEGORIA": "CASERIO", "CODIGO": "0601050047", "UBIGEO": "060105", "DEPARTAMEN": "CAJAMARCA", "ALTITUD": 3525.0, "DESCRIPCIO": "RODACOCHA", "CPV2017_GI": 2.0, "POBLACION": 171.0, "ORIGEN": "cpv2017_v1", "CCDD": "06", "CCPP": "01", "CCDI": "05", "COD_GRUPO": "06010500472", "FLAG_TIPO_": 2.0, "descargar": "www.geogpsperu.com", "contacto": "Suyo Pomalía Juan Pablo", "ARCHIVO": "CAJAMARCA_CCPP_geogpsperu_SuyoPomalia" }, "geometry": { "type": "Polygon", "coordinates": [ [ [ -78.354957215832883, -7.028478832644972 ], [ -78.336971075467673, -7.013727198665364 ], [ -78.33827024940598, -7.0355698874371 ], [ -78.34517514584978, -7.039922415605462 ], [ -78.354957215832883, -7.028478832644972 ] ] ] } },
{ "type": "Feature", "properties": { "OBJECTID": 27221.0, "PROVINCIA": "CAJAMARCA", "DISTRITO": "ENCAÑADA", "REGION_NAT": "SUNI", "LONGITUD": -78.33451833, "LATITUD": -7.02804167, "CATEGORIA": "CASERIO", "CODIGO": "0601050048", "UBIGEO": "060105", "DEPARTAMEN": "CAJAMARCA", "ALTITUD": 3603.0, "DESCRIPCIO": "QUINUAYOC", "CPV2017_GI": 2.0, "POBLACION": 252.0, "ORIGEN": "cpv2017_v1", "CCDD": "06", "CCPP": "01", "CCDI": "05", "COD_GRUPO": "06010500482", "FLAG_TIPO_": 2.0, "descargar": "www.geogpsperu.com", "contacto": "Suyo Pomalía Juan Pablo", "ARCHIVO": "CAJAMARCA_CCPP_geogpsperu_SuyoPomalia" }, "geometry": { "type": "Polygon", "coordinates": [ [ [ -78.336971075467673, -7.013727198665364 ], [ -78.336668769191178, -7.013333447854104 ], [ -78.323819879197416, -7.009647860814956 ], [ -78.315185972260821, -7.027215400111961 ], [ -78.319204664487685, -7.032502918360291 ], [ -78.33827024940598, -7.0355698874371 ], [ -78.336971075467673, -7.013727198665364 ] ] ] } },
{ "type": "Feature", "properties": { "OBJECTID": 27216.0, "PROVINCIA": "CAJAMARCA", "DISTRITO": "ENCAÑADA", "REGION_NAT": "SUNI", "LONGITUD": -78.35143333000001, "LATITUD": -7.015055, "CATEGORIA": "CASERIO", "CODIGO": "0601050043", "UBIGEO": "060105", "DEPARTAMEN": "CAJAMARCA", "ALTITUD": 3512.0, "DESCRIPCIO": "EL PEDREGAL", "CPV2017_GI": 2.0, "POBLACION": 74.0, "ORIGEN": "cpv2017_v1", "CCDD": "06", "CCPP": "01", "CCDI": "05", "COD_GRUPO": "06010599992", "FLAG_TIPO_": 3.0, "descargar": "www.geogpsperu.com", "contacto": "Suyo Pomalía Juan Pablo", "ARCHIVO": "CAJAMARCA_CCPP_geogpsperu_SuyoPomalia" }, "geometry": { "type": "Polygon", "coordinates": [ [ [ -78.362603732333881, -7.02273271950931 ], [ -78.35690818496488, -7.007181183837334 ], [ -78.351639811167189, -7.00474950848974 ], [ -78.336668769191178, -7.013333447854104 ], [ -78.336971075467673, -7.013727198665364 ], [ -78.354957215832883, -7.028478832644972 ], [ -78.360408871519482, -7.027165760758229 ], [ -78.362603732333881, -7.02273271950931 ] ] ] } },
{ "type": "Feature", "properties": { "OBJECTID": 27208.0, "PROVINCIA": "CAJAMARCA", "DISTRITO": "ENCAÑADA", "REGION_NAT": "SUNI", "LONGITUD": -78.34264167000001, "LATITUD": -6.99972167, "CATEGORIA": "CASERIO", "CODIGO": "0601050035", "UBIGEO": "060105", "DEPARTAMEN": "CAJAMARCA", "ALTITUD": 3622.0, "DESCRIPCIO": "CHAMCAS", "CPV2017_GI": 2.0, "POBLACION": 128.0, "ORIGEN": "cpv2017_v1", "CCDD": "06", "CCPP": "01", "CCDI": "05", "COD_GRUPO": "06010599992", "FLAG_TIPO_": 3.0, "descargar": "www.geogpsperu.com", "contacto": "Suyo Pomalía Juan Pablo", "ARCHIVO": "CAJAMARCA_CCPP_geogpsperu_SuyoPomalia" }, "geometry": { "type": "Polygon", "coordinates": [ [ [ -78.351159056330474, -7.000324268553211 ], [ -78.317405845301977, -6.981794154698028 ], [ -78.315552752749667, -6.98364724725034 ], [ -78.323819879197416, -7.009647860814956 ], [ -78.336668769191178, -7.013333447854104 ], [ -78.351639811167189, -7.00474950848974 ], [ -78.351159056330474, -7.000324268553211 ] ] ] } },
{ "type": "Feature", "properties": { "OBJECTID": 27202.0, "PROVINCIA": "CAJAMARCA", "DISTRITO": "ENCAÑADA", "REGION_NAT": "SUNI", "LONGITUD": -78.35934833, "LATITUD": -6.99790667, "CATEGORIA": "CASERIO", "CODIGO": "0601050029", "UBIGEO": "060105", "DEPARTAMEN": "CAJAMARCA", "ALTITUD": 3603.0, "DESCRIPCIO": "BELLA UNION DE TOLDOPATA (TOLDOPATA)", "CPV2017_GI": 2.0, "POBLACION": 190.0, "ORIGEN": "cpv2017_v1", "CCDD": "06", "CCPP": "01", "CCDI": "05", "COD_GRUPO": "06010500292", "FLAG_TIPO_": 2.0, "descargar": "www.geogpsperu.com", "contacto": "Suyo Pomalía Juan Pablo", "ARCHIVO": "CAJAMARCA_CCPP_geogpsperu_SuyoPomalia" }, "geometry": { "type": "Polygon", "coordinates": [ [ [ -78.362123905457153, -7.004151627040763 ], [ -78.364676431754063, -6.991141335668396 ], [ -78.361865383524872, -6.986104546926978 ], [ -78.354575984101558, -6.990123451562784 ], [ -78.351159056330474, -7.000324268553211 ], [ -78.351639811167189, -7.00474950848974 ], [ -78.35690818496488, -7.007181183837334 ], [ -78.362123905457153, -7.004151627040763 ] ] ] } },
{ "type": "Feature", "properties": { "OBJECTID": 27201.0, "PROVINCIA": "CAJAMARCA", "DISTRITO": "ENCAÑADA", "REGION_NAT": "SUNI", "LONGITUD": -78.34607833, "LATITUD": -6.99346167, "CATEGORIA": "CASERIO", "CODIGO": "0601050028", "UBIGEO": "060105", "DEPARTAMEN": "CAJAMARCA", "ALTITUD": 3732.0, "DESCRIPCIO": "GUAGAYO", "CPV2017_GI": 2.0, "POBLACION": 162.0, "ORIGEN": "cpv2017_v1", "CCDD": "06", "CCPP": "01", "CCDI": "05", "COD_GRUPO": "06010500282", "FLAG_TIPO_": 2.0, "descargar": "www.geogpsperu.com", "contacto": "Suyo Pomalía Juan Pablo", "ARCHIVO": "CAJAMARCA_CCPP_geogpsperu_SuyoPomalia" }, "geometry": { "type": "Polygon", "coordinates": [ [ [ -78.354575984101558, -6.990123451562784 ], [ -78.322659452426691, -6.97776658013748 ], [ -78.3194, -6.9798 ], [ -78.317405845301977, -6.981794154698028 ], [ -78.351159056330474, -7.000324268553211 ], [ -78.354575984101558, -6.990123451562784 ] ] ] } },
{ "type": "Feature", "properties": { "OBJECTID": 27183.0, "PROVINCIA": "CAJAMARCA", "DISTRITO": "ENCAÑADA", "REGION_NAT": "SUNI", "LONGITUD": -78.48007667, "LATITUD": -6.862965, "CATEGORIA": "ANEXO", "CODIGO": "0601050009", "UBIGEO": "060105", "DEPARTAMEN": "CAJAMARCA", "ALTITUD": 3526.0, "DESCRIPCIO": "SANTIAGO DE CHANTA ALTA", "CPV2017_GI": 2.0, "POBLACION": 195.0, "ORIGEN": "cpv2017_v1", "CCDD": "06", "CCPP": "01", "CCDI": "05", "COD_GRUPO": "06010500092", "FLAG_TIPO_": 2.0, "descargar": "www.geogpsperu.com", "contacto": "Suyo Pomalía Juan Pablo", "ARCHIVO": "CAJAMARCA_CCPP_geogpsperu_SuyoPomalia" }, "geometry": { "type": "Polygon", "coordinates": [ [ [ -78.45381049989912, -6.834522063849309 ], [ -78.4537, -6.836 ], [ -78.4471, -6.8489 ], [ -78.443570817454756, -6.85997194523999 ], [ -78.464954371472999, -6.871582354723334 ], [ -78.491719077918916, -6.858829882901796 ], [ -78.45381049989912, -6.834522063849309 ] ] ] } },
{ "type": "Feature", "properties": { "OBJECTID": 27227.0, "PROVINCIA": "CAJAMARCA", "DISTRITO": "ENCAÑADA", "REGION_NAT": "SUNI", "LONGITUD": -78.28377179, "LATITUD": -7.03302605, "CATEGORIA": "CASERIO", "CODIGO": "0601050055", "UBIGEO": "060105", "DEPARTAMEN": "CAJAMARCA", "ALTITUD": 3533.0, "DESCRIPCIO": "CHIMCHIN", "CPV2017_GI": 2.0, "POBLACION": 84.0, "ORIGEN": "cpv2017_v1", "CCDD": "06", "CCPP": "01", "CCDI": "05", "COD_GRUPO": "06010599992", "FLAG_TIPO_": 3.0, "descargar": "www.geogpsperu.com", "contacto": "Suyo Pomalía Juan Pablo", "ARCHIVO": "CAJAMARCA_CCPP_geogpsperu_SuyoPomalia" }, "geometry": { "type": "Polygon", "coordinates": [ [ [ -78.301668637815979, -7.030463293647776 ], [ -78.289665770650259, -7.019428031649094 ], [ -78.288, -7.0199 ], [ -78.2944, -7.0256 ], [ -78.2957, -7.0302 ], [ -78.2775, -7.0346 ], [ -78.2656, -7.0322 ], [ -78.2642, -7.0382 ], [ -78.262257863344431, -7.040053857716675 ], [ -78.267201588389014, -7.047220198817459 ], [ -78.270599208266717, -7.048695502884195 ], [ -78.272070504821926, -7.048971458863626 ], [ -78.291677542384036, -7.047023827946271 ], [ -78.296611717836157, -7.040949618831716 ], [ -78.301668637815979, -7.030463293647776 ] ] ] } },
{ "type": "Feature", "properties": { "OBJECTID": 27243.0, "PROVINCIA": "CAJAMARCA", "DISTRITO": "ENCAÑADA", "REGION_NAT": "SUNI", "LONGITUD": -78.223205, "LATITUD": -7.06864167, "CATEGORIA": "ANEXO", "CODIGO": "0601050076", "UBIGEO": "060105", "DEPARTAMEN": "CAJAMARCA", "ALTITUD": 3753.0, "DESCRIPCIO": "LA PURLA", "CPV2017_GI": 2.0, "POBLACION": 37.0, "ORIGEN": "cpv2017_v1", "CCDD": "06", "CCPP": "01", "CCDI": "05", "COD_GRUPO": "06010599992", "FLAG_TIPO_": 3.0, "descargar": "www.geogpsperu.com", "contacto": "Suyo Pomalía Juan Pablo", "ARCHIVO": "CAJAMARCA_CCPP_geogpsperu_SuyoPomalia" }, "geometry": { "type": "Polygon", "coordinates": [ [ [ -78.238026679822681, -7.089368592909969 ], [ -78.239763413216082, -7.088118080469697 ], [ -78.243405365828977, -7.080769275262109 ], [ -78.234025088372022, -7.059529352787593 ], [ -78.2296, -7.0645 ], [ -78.22, -7.0717 ], [ -78.2211, -7.0752 ], [ -78.2171, -7.0791 ], [ -78.217178184987048, -7.082331646131041 ], [ -78.238026679822681, -7.089368592909969 ] ] ] } },
{ "type": "Feature", "properties": { "OBJECTID": 27200.0, "PROVINCIA": "CAJAMARCA", "DISTRITO": "ENCAÑADA", "REGION_NAT": "SUNI", "LONGITUD": -78.35054167, "LATITUD": -6.98193333, "CATEGORIA": "CASERIO", "CODIGO": "0601050027", "UBIGEO": "060105", "DEPARTAMEN": "CAJAMARCA", "ALTITUD": 3831.0, "DESCRIPCIO": "YERBA BUENA ALTA", "CPV2017_GI": 2.0, "POBLACION": 40.0, "ORIGEN": "cpv2017_v1", "CCDD": "06", "CCPP": "01", "CCDI": "05", "COD_GRUPO": "06010599992", "FLAG_TIPO_": 3.0, "descargar": "www.geogpsperu.com", "contacto": "Suyo Pomalía Juan Pablo", "ARCHIVO": "CAJAMARCA_CCPP_geogpsperu_SuyoPomalia" }, "geometry": { "type": "Polygon", "coordinates": [ [ [ -78.357347433147837, -6.958482122761903 ], [ -78.350913052630148, -6.950085242621414 ], [ -78.35, -6.9518 ], [ -78.3421, -6.9538 ], [ -78.338, -6.9567 ], [ -78.3303, -6.973 ], [ -78.322659452426691, -6.97776658013748 ], [ -78.354575984101558, -6.990123451562784 ], [ -78.361865383524872, -6.986104546926978 ], [ -78.36187913778403, -6.986066603566459 ], [ -78.357347433147837, -6.958482122761903 ] ] ] } },
{ "type": "Feature", "properties": { "OBJECTID": 27217.0, "PROVINCIA": "CAJAMARCA", "DISTRITO": "ENCAÑADA", "REGION_NAT": "QUECHUA", "LONGITUD": -78.30272167, "LATITUD": -7.01241458, "CATEGORIA": "ANEXO", "CODIGO": "0601050044", "UBIGEO": "060105", "DEPARTAMEN": "CAJAMARCA", "ALTITUD": 3494.0, "DESCRIPCIO": "EL PUNRE", "CPV2017_GI": 2.0, "POBLACION": 41.0, "ORIGEN": "cpv2017_v1", "CCDD": "06", "CCPP": "01", "CCDI": "05", "COD_GRUPO": "06010599992", "FLAG_TIPO_": 3.0, "descargar": "www.geogpsperu.com", "contacto": "Suyo Pomalía Juan Pablo", "ARCHIVO": "CAJAMARCA_CCPP_geogpsperu_SuyoPomalia" }, "geometry": { "type": "Polygon", "coordinates": [ [ [ -78.301668637815979, -7.030463293647776 ], [ -78.315185972260821, -7.027215400111961 ], [ -78.323819879197416, -7.009647860814956 ], [ -78.315552752749667, -6.98364724725034 ], [ -78.3122, -6.987 ], [ -78.3118, -6.99 ], [ -78.3144, -6.9961 ], [ -78.3088, -7.0034 ], [ -78.3099, -7.0122 ], [ -78.3071, -7.0141 ], [ -78.301, -7.0118 ], [ -78.294, -7.0182 ], [ -78.289665770650259, -7.019428031649094 ], [ -78.301668637815979, -7.030463293647776 ] ] ] } },
{ "type": "Feature", "properties": { "OBJECTID": 27197.0, "PROVINCIA": "CAJAMARCA", "DISTRITO": "ENCAÑADA", "REGION_NAT": "SUNI", "LONGITUD": -78.38176167, "LATITUD": -6.95801, "CATEGORIA": "CASERIO", "CODIGO": "0601050023", "UBIGEO": "060105", "DEPARTAMEN": "CAJAMARCA", "ALTITUD": 3699.0, "DESCRIPCIO": "SAN NICOLAS DE CHALLUAGON", "CPV2017_GI": 2.0, "POBLACION": 100.0, "ORIGEN": "cpv2017_v1", "CCDD": "06", "CCPP": "01", "CCDI": "05", "COD_GRUPO": "06010599992", "FLAG_TIPO_": 3.0, "descargar": "www.geogpsperu.com", "contacto": "Suyo Pomalía Juan Pablo", "ARCHIVO": "CAJAMARCA_CCPP_geogpsperu_SuyoPomalia" }, "geometry": { "type": "Polygon", "coordinates": [ [ [ -78.357347433147837, -6.958482122761903 ], [ -78.387010508465409, -6.97361250964322 ], [ -78.405308514070327, -6.948374282090326 ], [ -78.398256491588285, -6.927428571067883 ], [ -78.388, -6.9255 ], [ -78.3846, -6.9223 ], [ -78.3824, -6.9272 ], [ -78.3725, -6.9318 ], [ -78.3704, -6.9369 ], [ -78.361, -6.9391 ], [ -78.3541, -6.9441 ], [ -78.350913052630148, -6.950085242621414 ], [ -78.357347433147837, -6.958482122761903 ] ] ] } },
{ "type": "Feature", "properties": { "OBJECTID": 27180.0, "PROVINCIA": "CAJAMARCA", "DISTRITO": "ENCAÑADA", "REGION_NAT": "QUECHUA", "LONGITUD": -78.490619, "LATITUD": -6.846524, "CATEGORIA": "CASERIO", "CODIGO": "0601050005", "UBIGEO": "060105", "DEPARTAMEN": "CAJAMARCA", "ALTITUD": 3381.0, "DESCRIPCIO": "NUEVA UNION", "CPV2017_GI": 2.0, "POBLACION": 101.0, "ORIGEN": "cpv2017_v1", "CCDD": "06", "CCPP": "01", "CCDI": "05", "COD_GRUPO": "06010599992", "FLAG_TIPO_": 3.0, "descargar": "www.geogpsperu.com", "contacto": "Suyo Pomalía Juan Pablo", "ARCHIVO": "CAJAMARCA_CCPP_geogpsperu_SuyoPomalia" }, "geometry": { "type": "Polygon", "coordinates": [ [ [ -78.491719077918916, -6.858829882901796 ], [ -78.493191887269973, -6.859572128745707 ], [ -78.503495748735475, -6.83669444240178 ], [ -78.479136004144252, -6.800874543570794 ], [ -78.4661, -6.8068 ], [ -78.4622, -6.8233 ], [ -78.4545, -6.8253 ], [ -78.45381049989912, -6.834522063849309 ], [ -78.491719077918916, -6.858829882901796 ] ] ] } }
]
}
