{
"type": "FeatureCollection",
"name": "manzanas_la_encanada",
"crs": { "type": "name", "properties": { "name": "urn:ogc:def:crs:OGC:1.3:CRS84" } },
"features": [
{ "type": "Feature", "properties": { "Mz": "060105010600000", "UBIGEO": "060105", "AREA": "2", "CODCCPP": "0106", "ZONA": "00000", "MANZANA_ID": null, "MANZANA_A": null, "T_TOTAL": 254.0, "T_HOMBRES": 108.0, "T_MUJERES": 146.0, "LLAVE_MZS": "060105010600000", "contacto": "juan.suyo@geogpsperu.com", "descargar": "www.geogpsperu.com", "whatsapp": 931381206.0, "NOMBDEP": "CAJAMARCA", "NOMBPROV": "CAJAMARCA", "IDPROV": "0601", "ARCHIVO": "CAJAMARCA_CAJAMARCA_0601_Manzanas_Poblacion_JP_SuyoPomalia_geogpsperu_931381206" }, "geometry": { "type": "Polygon", "coordinates": [ [ [ -78.301378321999948, -7.147807642999965 ], [ -78.301298936999956, -7.147818229999928 ], [ -78.301220799999953, -7.147835783999938 ], [ -78.301144521999959, -7.14786016599993 ], [ -78.301070699999968, -7.147891186999971 ], [ -78.300999910999963, -7.147928602999968 ], [ -78.300932709999984, -7.147972120999952 ], [ -78.300869622999983, -7.148021401999927 ], [ -78.300811143999965, -7.148076057999958 ], [ -78.30075772899994, -7.148135662999948 ], [ -78.300709797999957, -7.148199749999947 ], [ -78.300667724999983, -7.148267816999976 ], [ -78.300631838999948, -7.148339330999931 ], [ -78.30060242199994, -7.148413733999973 ], [ -78.300579703999972, -7.148490441999968 ], [ -78.300563862, -7.14856885599994 ], [ -78.300555019999933, -7.148648360999971 ], [ -78.300553247999972, -7.148728335999976 ], [ -78.300558559999956, -7.148808153999937 ], [ -78.300570913999934, -7.148887189999925 ], [ -78.300590211999975, -7.148964826999929 ], [ -78.300616304999949, -7.149040456999955 ], [ -78.300648988999967, -7.149113486999966 ], [ -78.300688005999973, -7.149183346999962 ], [ -78.300733051999941, -7.149249487999953 ], [ -78.300783774999957, -7.149311394999927 ], [ -78.300839775999975, -7.149368581999965 ], [ -78.300900618999947, -7.149420600999974 ], [ -78.30096582699997, -7.149467045999927 ], [ -78.301034889999983, -7.149507552999978 ], [ -78.301107265999974, -7.149541804999956 ], [ -78.301182389999951, -7.149569533999966 ], [ -78.301259673999937, -7.149590521999926 ], [ -78.301338511999973, -7.149604606999958 ], [ -78.301418287999979, -7.149611676999939 ], [ -78.301498377999962, -7.149611676999939 ], [ -78.301578153999969, -7.149604606999958 ], [ -78.301656991999948, -7.149590521999926 ], [ -78.301734275999934, -7.149569533999966 ], [ -78.301809399999968, -7.149541804999956 ], [ -78.301881775999959, -7.149507552999978 ], [ -78.301950838999971, -7.149467045999927 ], [ -78.302016046999938, -7.149420600999974 ], [ -78.302076889999967, -7.149368581999965 ], [ -78.302132890999985, -7.149311394999927 ], [ -78.302183613999944, -7.149249487999953 ], [ -78.302228659999969, -7.149183346999962 ], [ -78.302267676999975, -7.149113486999966 ], [ -78.302300360999936, -7.149040456999955 ], [ -78.302326453999967, -7.148964826999929 ], [ -78.302345751999951, -7.148887189999925 ], [ -78.302358105999986, -7.148808153999937 ], [ -78.30236341799997, -7.148728335999976 ], [ -78.302361645999952, -7.148648360999971 ], [ -78.302352803999952, -7.14856885599994 ], [ -78.30233696199997, -7.148490441999968 ], [ -78.302314243999945, -7.148413733999973 ], [ -78.302284826999937, -7.148339330999931 ], [ -78.302248940999959, -7.148267816999976 ], [ -78.302206867999985, -7.148199749999947 ], [ -78.302158936999945, -7.148135662999948 ], [ -78.302105521999977, -7.148076057999958 ], [ -78.302047042999959, -7.148021401999927 ], [ -78.301983955999958, -7.147972120999952 ], [ -78.301916754999979, -7.147928602999968 ], [ -78.301845965999973, -7.147891186999971 ], [ -78.301772143999983, -7.14786016599993 ], [ -78.301695865999989, -7.147835783999938 ], [ -78.301617728999986, -7.147818229999928 ], [ -78.301538343999937, -7.147807642999965 ], [ -78.301458332999971, -7.147804103999931 ], [ -78.301378321999948, -7.147807642999965 ] ] ] } },
{ "type": "Feature", "properties": { "Mz": "060105010700000", "UBIGEO": "060105", "AREA": "2", "CODCCPP": "0107", "ZONA": "00000", "MANZANA_ID": null, "MANZANA_A": null, "T_TOTAL": 69.0, "T_HOMBRES": 32.0, "T_MUJERES": 37.0, "LLAVE_MZS": "060105010700000", "contacto": "juan.suyo@geogpsperu.com", "descargar": "www.geogpsperu.com", "whatsapp": 931381206.0, "NOMBDEP": "CAJAMARCA", "NOMBPROV": "CAJAMARCA", "IDPROV": "0601", "ARCHIVO": "CAJAMARCA_CAJAMARCA_0601_Manzanas_Poblacion_JP_SuyoPomalia_geogpsperu_931381206" }, "geometry": { "type": "Polygon", "coordinates": [ [ [ -78.285089976999984, -7.140389284999969 ], [ -78.285010593999971, -7.140399872999978 ], [ -78.284932457999957, -7.140417426999932 ], [ -78.284856180999952, -7.140441808999981 ], [ -78.284782359999951, -7.140472829999965 ], [ -78.284711572999981, -7.140510245999963 ], [ -78.284644372999935, -7.140553763999947 ], [ -78.28458128699998, -7.140603043999931 ], [ -78.284522807999963, -7.140657700999952 ], [ -78.284469394999974, -7.140717305999942 ], [ -78.284421463999934, -7.140781391999951 ], [ -78.284379391999948, -7.14084945899998 ], [ -78.28434350699996, -7.140920973999926 ], [ -78.284314089999953, -7.140995376999967 ], [ -78.284291371999984, -7.141072084999962 ], [ -78.284275529999945, -7.141150498999934 ], [ -78.284266688999935, -7.141230003999965 ], [ -78.284264916999973, -7.141309978999971 ], [ -78.284270228999958, -7.141389796999931 ], [ -78.284282581999946, -7.141468832999976 ], [ -78.284301879999987, -7.14154646999998 ], [ -78.284327972999961, -7.14162209999995 ], [ -78.284360656, -7.14169512999996 ], [ -78.28439967199995, -7.141764989999956 ], [ -78.284444717999975, -7.141831131999936 ], [ -78.284495438999954, -7.141893037999978 ], [ -78.284551439999973, -7.14195022499996 ], [ -78.284612281999955, -7.142002243999968 ], [ -78.284677488999989, -7.142048688999978 ], [ -78.284746549999966, -7.142089195999972 ], [ -78.284818925999957, -7.14212344799995 ], [ -78.284894047999956, -7.14215117699996 ], [ -78.284971330999952, -7.142172165999966 ], [ -78.285050167999941, -7.142186249999952 ], [ -78.285129942999959, -7.142193319999933 ], [ -78.285210030999963, -7.142193319999933 ], [ -78.28528980599998, -7.142186249999952 ], [ -78.28536864299997, -7.142172165999966 ], [ -78.285445925999966, -7.14215117699996 ], [ -78.285521047999964, -7.14212344799995 ], [ -78.285593423999956, -7.142089195999972 ], [ -78.285662484999989, -7.142048688999978 ], [ -78.285727691999966, -7.142002243999968 ], [ -78.285788533999948, -7.14195022499996 ], [ -78.285844534999967, -7.141893037999978 ], [ -78.285895255999947, -7.141831131999936 ], [ -78.285940301999972, -7.141764989999956 ], [ -78.285979317999988, -7.14169512999996 ], [ -78.28601200099996, -7.14162209999995 ], [ -78.286038093999935, -7.14154646999998 ], [ -78.286057391999975, -7.141468832999976 ], [ -78.286069744999963, -7.141389796999931 ], [ -78.286075056999948, -7.141309978999971 ], [ -78.286073284999986, -7.141230003999965 ], [ -78.286064443999976, -7.141150498999934 ], [ -78.286048601999937, -7.141072084999962 ], [ -78.286025883999969, -7.140995376999967 ], [ -78.285996466999961, -7.140920973999926 ], [ -78.285960581999973, -7.14084945899998 ], [ -78.285918509999988, -7.140781391999951 ], [ -78.285870578999948, -7.140717305999942 ], [ -78.285817165999958, -7.140657700999952 ], [ -78.285758686999941, -7.140603043999931 ], [ -78.285695600999986, -7.140553763999947 ], [ -78.28562840099994, -7.140510245999963 ], [ -78.28555761399997, -7.140472829999965 ], [ -78.285483792999969, -7.140441808999981 ], [ -78.285407515999964, -7.140417426999932 ], [ -78.285329379999951, -7.140399872999978 ], [ -78.285249996999937, -7.140389284999969 ], [ -78.285169986999961, -7.140385746999925 ], [ -78.285089976999984, -7.140389284999969 ] ] ] } },
{ "type": "Feature", "properties": { "Mz": "060105010400000", "UBIGEO": "060105", "AREA": "2", "CODCCPP": "0104", "ZONA": "00000", "MANZANA_ID": null, "MANZANA_A": null, "T_TOTAL": 129.0, "T_HOMBRES": 60.0, "T_MUJERES": 69.0, "LLAVE_MZS": "060105010400000", "contacto": "juan.suyo@geogpsperu.com", "descargar": "www.geogpsperu.com", "whatsapp": 931381206.0, "NOMBDEP": "CAJAMARCA", "NOMBPROV": "CAJAMARCA", "IDPROV": "0601", "ARCHIVO": "CAJAMARCA_CAJAMARCA_0601_Manzanas_Poblacion_JP_SuyoPomalia_geogpsperu_931381206" }, "geometry": { "type": "Polygon", "coordinates": [ [ [ -78.318309992999957, -7.127810975999978 ], [ -78.318230611, -7.127821562999941 ], [ -78.318152476999956, -7.127839116999951 ], [ -78.318076202999976, -7.127863499999933 ], [ -78.318002383999954, -7.127894519999927 ], [ -78.317931597999973, -7.127931935999925 ], [ -78.317864399999962, -7.127975454999955 ], [ -78.317801315999986, -7.12802473499994 ], [ -78.317742838999948, -7.128079390999972 ], [ -78.317689426999948, -7.128138995999961 ], [ -78.317641496999954, -7.12820308299996 ], [ -78.317599425999958, -7.128271149999932 ], [ -78.317563541999959, -7.128342664999934 ], [ -78.317534125999941, -7.128417067999976 ], [ -78.317511408999962, -7.128493775999971 ], [ -78.31749556799997, -7.128572189999943 ], [ -78.31748672699996, -7.128651694999974 ], [ -78.317484954999941, -7.128731669999979 ], [ -78.317490265999936, -7.12881148799994 ], [ -78.317502618999981, -7.128890524999974 ], [ -78.317521916999965, -7.128968161999978 ], [ -78.31754800899995, -7.129043790999958 ], [ -78.317580690999989, -7.129116821999958 ], [ -78.317619705999959, -7.129186680999965 ], [ -78.317664750999938, -7.129252822999945 ], [ -78.317715470999985, -7.12931472899993 ], [ -78.317771469999968, -7.129371915999968 ], [ -78.317832310999961, -7.129423935999966 ], [ -78.31789751599996, -7.12947037999993 ], [ -78.317966574999957, -7.129510886999981 ], [ -78.31803894799998, -7.129545138999958 ], [ -78.318114068999989, -7.129572867999968 ], [ -78.31819134899996, -7.129593856999975 ], [ -78.318270183999971, -7.12960794199995 ], [ -78.318349956999953, -7.129615011999931 ], [ -78.318430042999978, -7.129615011999931 ], [ -78.31850981599996, -7.12960794199995 ], [ -78.31858865099997, -7.129593856999975 ], [ -78.318665930999941, -7.129572867999968 ], [ -78.31874105199995, -7.129545138999958 ], [ -78.318813424999973, -7.129510886999981 ], [ -78.318882483999971, -7.12947037999993 ], [ -78.31894768899997, -7.129423935999966 ], [ -78.319008529999962, -7.129371915999968 ], [ -78.319064528999945, -7.12931472899993 ], [ -78.319115248999935, -7.129252822999945 ], [ -78.319160293999971, -7.129186680999965 ], [ -78.319199308999941, -7.129116821999958 ], [ -78.319231990999981, -7.129043790999958 ], [ -78.319258082999966, -7.128968161999978 ], [ -78.319277380999949, -7.128890524999974 ], [ -78.319289733999938, -7.12881148799994 ], [ -78.319295045, -7.128731669999979 ], [ -78.319293272999971, -7.128651694999974 ], [ -78.319284431999961, -7.128572189999943 ], [ -78.319268590999968, -7.128493775999971 ], [ -78.319245873999989, -7.128417067999976 ], [ -78.319216457999971, -7.128342664999934 ], [ -78.319180573999972, -7.128271149999932 ], [ -78.319138502999976, -7.12820308299996 ], [ -78.319090572999983, -7.128138995999961 ], [ -78.319037160999983, -7.128079390999972 ], [ -78.318978683999944, -7.12802473499994 ], [ -78.318915599999968, -7.127975454999955 ], [ -78.318848401999958, -7.127931935999925 ], [ -78.318777615999977, -7.127894519999927 ], [ -78.318703796999955, -7.127863499999933 ], [ -78.318627522999975, -7.127839116999951 ], [ -78.318549388999941, -7.127821562999941 ], [ -78.318470006999974, -7.127810975999978 ], [ -78.31839, -7.127807436999944 ], [ -78.318309992999957, -7.127810975999978 ] ] ] } },
{ "type": "Feature", "properties": { "Mz": "060105010500000", "UBIGEO": "060105", "AREA": "2", "CODCCPP": "0105", "ZONA": "00000", "MANZANA_ID": null, "MANZANA_A": null, "T_TOTAL": 130.0, "T_HOMBRES": 71.0, "T_MUJERES": 59.0, "LLAVE_MZS": "060105010500000", "contacto": "juan.suyo@geogpsperu.com", "descargar": "www.geogpsperu.com", "whatsapp": 931381206.0, "NOMBDEP": "CAJAMARCA", "NOMBPROV": "CAJAMARCA", "IDPROV": "0601", "ARCHIVO": "CAJAMARCA_CAJAMARCA_0601_Manzanas_Poblacion_JP_SuyoPomalia_geogpsperu_931381206" }, "geometry": { "type": "Polygon", "coordinates": [ [ [ -78.289216658999976, -7.124782642999946 ], [ -78.289137277999941, -7.124793229999966 ], [ -78.289059144999953, -7.124810783999976 ], [ -78.288982870999973, -7.124835166999958 ], [ -78.288909051999951, -7.124866186999952 ], [ -78.28883826699996, -7.12490360299995 ], [ -78.288771069999939, -7.12494712199998 ], [ -78.288707985999963, -7.124996401999965 ], [ -78.288649508999981, -7.12505105799994 ], [ -78.288596096999981, -7.12511066299993 ], [ -78.288548167999977, -7.125174749999928 ], [ -78.288506096999981, -7.125242816999958 ], [ -78.288470213999972, -7.125314331999959 ], [ -78.288440797999954, -7.125388734999945 ], [ -78.288418080999975, -7.125465442999939 ], [ -78.288402239999982, -7.125543856999968 ], [ -78.288393397999982, -7.125623361999942 ], [ -78.288391626999953, -7.125703336999948 ], [ -78.288396937999948, -7.125783154999965 ], [ -78.288409290999937, -7.125862191999943 ], [ -78.288428588999977, -7.125939828999947 ], [ -78.288454680999962, -7.126015457999927 ], [ -78.288487361999955, -7.126088488999926 ], [ -78.288526376999982, -7.126158347999933 ], [ -78.288571420999972, -7.12622448999997 ], [ -78.288622140999962, -7.126286395999955 ], [ -78.288678139999945, -7.126343582999937 ], [ -78.288738979999948, -7.126395602999935 ], [ -78.288804184999947, -7.126442047999944 ], [ -78.288873243999944, -7.126482554999939 ], [ -78.288945616999968, -7.126516806999973 ], [ -78.289020736999987, -7.126544534999937 ], [ -78.289098016999958, -7.126565523999943 ], [ -78.289176850999979, -7.126579608999975 ], [ -78.289256622999972, -7.126586678999956 ], [ -78.28933670899994, -7.126586678999956 ], [ -78.289416480999989, -7.126579608999975 ], [ -78.289495314999954, -7.126565523999943 ], [ -78.289572594999981, -7.126544534999937 ], [ -78.289647714999944, -7.126516806999973 ], [ -78.289720087999967, -7.126482554999939 ], [ -78.289789146999965, -7.126442047999944 ], [ -78.289854351999963, -7.126395602999935 ], [ -78.289915191999967, -7.126343582999937 ], [ -78.28997119099995, -7.126286395999955 ], [ -78.29002191099994, -7.12622448999997 ], [ -78.290066954999986, -7.126158347999933 ], [ -78.290105969999956, -7.126088488999926 ], [ -78.29013865099995, -7.126015457999927 ], [ -78.290164742999934, -7.125939828999947 ], [ -78.290184040999975, -7.125862191999943 ], [ -78.290196393999963, -7.125783154999965 ], [ -78.290201704999959, -7.125703336999948 ], [ -78.290199933999986, -7.125623361999942 ], [ -78.290191091999986, -7.125543856999968 ], [ -78.290175250999937, -7.125465442999939 ], [ -78.290152533999958, -7.125388734999945 ], [ -78.29012311799994, -7.125314331999959 ], [ -78.290087234999987, -7.125242816999958 ], [ -78.290045163999935, -7.125174749999928 ], [ -78.289997234999987, -7.12511066299993 ], [ -78.289943822999987, -7.12505105799994 ], [ -78.289885345999949, -7.124996401999965 ], [ -78.289822261999973, -7.12494712199998 ], [ -78.289755064999952, -7.12490360299995 ], [ -78.28968427999996, -7.124866186999952 ], [ -78.289610460999938, -7.124835166999958 ], [ -78.289534186999958, -7.124810783999976 ], [ -78.28945605399997, -7.124793229999966 ], [ -78.289376672999936, -7.124782642999946 ], [ -78.289296665999984, -7.12477910399997 ], [ -78.289216658999976, -7.124782642999946 ] ] ] } },
{ "type": "Feature", "properties": { "Mz": "060105010000000", "UBIGEO": "060105", "AREA": "2", "CODCCPP": "0100", "ZONA": "00000", "MANZANA_ID": null, "MANZANA_A": null, "T_TOTAL": 963.0, "T_HOMBRES": 461.0, "T_MUJERES": 502.0, "LLAVE_MZS": "060105010000000", "contacto": "juan.suyo@geogpsperu.com", "descargar": "www.geogpsperu.com", "whatsapp": 931381206.0, "NOMBDEP": "CAJAMARCA", "NOMBPROV": "CAJAMARCA", "IDPROV": "0601", "ARCHIVO": "CAJAMARCA_CAJAMARCA_0601_Manzanas_Poblacion_JP_SuyoPomalia_geogpsperu_931381206" }, "geometry": { "type": "Polygon", "coordinates": [ [ [ -78.325464993999958, -7.116845973999943 ], [ -78.325385614999959, -7.116856561999953 ], [ -78.32530748299996, -7.116874115999963 ], [ -78.32523120999997, -7.116898497999955 ], [ -78.325157392999984, -7.116929518999939 ], [ -78.325086608999982, -7.116966934999937 ], [ -78.32501941299995, -7.117010452999978 ], [ -78.324956329999964, -7.117059733999952 ], [ -78.324897853999971, -7.117114389999927 ], [ -78.324844442999961, -7.117173994999973 ], [ -78.324796514999946, -7.117238081999972 ], [ -78.32475444499994, -7.117306148999944 ], [ -78.324718561999987, -7.117377663999946 ], [ -78.324689146999958, -7.117452066999931 ], [ -78.324666429999979, -7.117528774999926 ], [ -78.324650588999987, -7.117607188999955 ], [ -78.324641747999976, -7.117686693999929 ], [ -78.324639975999958, -7.117766668999934 ], [ -78.324645286999953, -7.117846486999952 ], [ -78.324657639999941, -7.117925523999929 ], [ -78.324676937999982, -7.118003160999933 ], [ -78.324703028999977, -7.11807878999997 ], [ -78.32473570999997, -7.118151820999969 ], [ -78.324774724999941, -7.118221679999976 ], [ -78.324819767999941, -7.118287821999957 ], [ -78.324870486999941, -7.118349728999931 ], [ -78.324926484999935, -7.11840691499998 ], [ -78.324987323999949, -7.118458934999978 ], [ -78.325052526999968, -7.118505379999931 ], [ -78.325121584999977, -7.118545886999925 ], [ -78.325193956999954, -7.11858013899996 ], [ -78.325269074999937, -7.11860786799997 ], [ -78.325346353999976, -7.118628856999976 ], [ -78.325425186999951, -7.118642940999962 ], [ -78.325504957999954, -7.118650010999943 ], [ -78.325585041999943, -7.118650010999943 ], [ -78.325664812999946, -7.118642940999962 ], [ -78.325743645999978, -7.118628856999976 ], [ -78.32582092499996, -7.11860786799997 ], [ -78.325896042999943, -7.11858013899996 ], [ -78.325968414999977, -7.118545886999925 ], [ -78.326037472999985, -7.118505379999931 ], [ -78.326102675999948, -7.118458934999978 ], [ -78.326163514999962, -7.11840691499998 ], [ -78.326219512999955, -7.118349728999931 ], [ -78.326270231999956, -7.118287821999957 ], [ -78.326315274999956, -7.118221679999976 ], [ -78.326354289999983, -7.118151820999969 ], [ -78.326386970999977, -7.11807878999997 ], [ -78.326413061999972, -7.118003160999933 ], [ -78.326432359999956, -7.117925523999929 ], [ -78.326444712999944, -7.117846486999952 ], [ -78.326450023999939, -7.117766668999934 ], [ -78.326448251999977, -7.117686693999929 ], [ -78.326439410999967, -7.117607188999955 ], [ -78.326423569999974, -7.117528774999926 ], [ -78.326400852999939, -7.117452066999931 ], [ -78.326371437999967, -7.117377663999946 ], [ -78.326335554999957, -7.117306148999944 ], [ -78.326293484999951, -7.117238081999972 ], [ -78.326245556999936, -7.117173994999973 ], [ -78.326192145999983, -7.117114389999927 ], [ -78.326133669999933, -7.117059733999952 ], [ -78.326070586999947, -7.117010452999978 ], [ -78.326003390999972, -7.116966934999937 ], [ -78.32593260699997, -7.116929518999939 ], [ -78.325858789999984, -7.116898497999955 ], [ -78.325782516999936, -7.116874115999963 ], [ -78.325704384999938, -7.116856561999953 ], [ -78.325625005999939, -7.116845973999943 ], [ -78.325545, -7.116842435999956 ], [ -78.325464993999958, -7.116845973999943 ] ] ] } },
{ "type": "Feature", "properties": { "Mz": "060105009900000", "UBIGEO": "060105", "AREA": "2", "CODCCPP": "0099", "ZONA": "00000", "MANZANA_ID": null, "MANZANA_A": null, "T_TOTAL": 124.0, "T_HOMBRES": 57.0, "T_MUJERES": 67.0, "LLAVE_MZS": "060105009900000", "contacto": "juan.suyo@geogpsperu.com", "descargar": "www.geogpsperu.com", "whatsapp": 931381206.0, "NOMBDEP": "CAJAMARCA", "NOMBPROV": "CAJAMARCA", "IDPROV": "0601", "ARCHIVO": "CAJAMARCA_CAJAMARCA_0601_Manzanas_Poblacion_JP_SuyoPomalia_geogpsperu_931381206" }, "geometry": { "type": "Polygon", "coordinates": [ [ [ -78.295433327999945, -7.116052640999953 ], [ -78.295353947999956, -7.116063228999963 ], [ -78.295275816999947, -7.116080782999973 ], [ -78.295199543999956, -7.116105164999965 ], [ -78.295125725999981, -7.116136185999949 ], [ -78.295054942999968, -7.116173601999947 ], [ -78.294987746999936, -7.116217119999931 ], [ -78.29492466399995, -7.116266400999962 ], [ -78.294866187999958, -7.116321056999936 ], [ -78.294812777999937, -7.116380661999926 ], [ -78.294764849999979, -7.116444748999982 ], [ -78.294722778999983, -7.116512815999954 ], [ -78.294686895999973, -7.116584330999956 ], [ -78.294657480999945, -7.116658733999941 ], [ -78.294634763999966, -7.116735441999936 ], [ -78.294618922999973, -7.116813855999965 ], [ -78.294610082999952, -7.116893360999939 ], [ -78.294608310999934, -7.116973335999944 ], [ -78.294613621999986, -7.117053153999962 ], [ -78.294625974999974, -7.117132190999939 ], [ -78.294645271999968, -7.117209827999943 ], [ -78.294671362999964, -7.11728545699998 ], [ -78.294704043999957, -7.117358487999979 ], [ -78.294743058999984, -7.11742834699993 ], [ -78.294788101999984, -7.117494488999967 ], [ -78.294838820999985, -7.117556395999941 ], [ -78.294894818999978, -7.117613581999933 ], [ -78.294955657999935, -7.117665601999931 ], [ -78.295020860999955, -7.117712046999941 ], [ -78.295089918999963, -7.117752553999935 ], [ -78.295162289999951, -7.11778680599997 ], [ -78.295237408999981, -7.11781453499998 ], [ -78.295314686999973, -7.117835523999929 ], [ -78.295393519999948, -7.117849607999972 ], [ -78.295473290999951, -7.117856677999953 ], [ -78.29555337499994, -7.117856677999953 ], [ -78.295633145999943, -7.117849607999972 ], [ -78.295711978999975, -7.117835523999929 ], [ -78.295789256999967, -7.11781453499998 ], [ -78.29586437599994, -7.11778680599997 ], [ -78.295936746999985, -7.117752553999935 ], [ -78.296005804999936, -7.117712046999941 ], [ -78.296071007999956, -7.117665601999931 ], [ -78.29613184699997, -7.117613581999933 ], [ -78.296187844999963, -7.117556395999941 ], [ -78.296238563999964, -7.117494488999967 ], [ -78.296283606999964, -7.11742834699993 ], [ -78.296322621999934, -7.117358487999979 ], [ -78.296355302999984, -7.11728545699998 ], [ -78.29638139399998, -7.117209827999943 ], [ -78.296400690999974, -7.117132190999939 ], [ -78.296413043999962, -7.117053153999962 ], [ -78.296418354999958, -7.116973335999944 ], [ -78.296416582999939, -7.116893360999939 ], [ -78.296407742999975, -7.116813855999965 ], [ -78.296391901999982, -7.116735441999936 ], [ -78.296369184999946, -7.116658733999941 ], [ -78.296339769999975, -7.116584330999956 ], [ -78.296303886999965, -7.116512815999954 ], [ -78.296261815999969, -7.116444748999982 ], [ -78.296213887999954, -7.116380661999926 ], [ -78.296160477999933, -7.116321056999936 ], [ -78.296102001999941, -7.116266400999962 ], [ -78.296038918999955, -7.116217119999931 ], [ -78.29597172299998, -7.116173601999947 ], [ -78.295900939999967, -7.116136185999949 ], [ -78.295827121999935, -7.116105164999965 ], [ -78.295750848999944, -7.116080782999973 ], [ -78.295672717999935, -7.116063228999963 ], [ -78.295593337999946, -7.116052640999953 ], [ -78.295513332999974, -7.116049102999966 ], [ -78.295433327999945, -7.116052640999953 ] ] ] } },
{ "type": "Feature", "properties": { "Mz": "060105011700000", "UBIGEO": "060105", "AREA": "2", "CODCCPP": "0117", "ZONA": "00000", "MANZANA_ID": null, "MANZANA_A": null, "T_TOTAL": 13.0, "T_HOMBRES": 3.0, "T_MUJERES": 10.0, "LLAVE_MZS": "060105011700000", "contacto": "juan.suyo@geogpsperu.com", "descargar": "www.geogpsperu.com", "whatsapp": 931381206.0, "NOMBDEP": "CAJAMARCA", "NOMBPROV": "CAJAMARCA", "IDPROV": "0601", "ARCHIVO": "CAJAMARCA_CAJAMARCA_0601_Manzanas_Poblacion_JP_SuyoPomalia_geogpsperu_931381206" }, "geometry": { "type": "Polygon", "coordinates": [ [ [ -78.282324995999943, -7.110465973999965 ], [ -78.282245616999944, -7.110476561999974 ], [ -78.282167485999935, -7.110494114999938 ], [ -78.282091213999934, -7.110518497999976 ], [ -78.282017397999937, -7.11054951899996 ], [ -78.281946614999981, -7.110586934999958 ], [ -78.281879419999939, -7.110630452999942 ], [ -78.281816337999942, -7.110679733999973 ], [ -78.281757862999939, -7.110734389999948 ], [ -78.281704452999975, -7.110793994999938 ], [ -78.281656525999949, -7.110858081999936 ], [ -78.281614455999943, -7.110926148999965 ], [ -78.281578572999933, -7.110997663999967 ], [ -78.281549158999951, -7.111072065999963 ], [ -78.281526441999972, -7.111148774999947 ], [ -78.281510600999979, -7.111227188999976 ], [ -78.281501759999969, -7.11130669399995 ], [ -78.28149998899994, -7.111386668999955 ], [ -78.281505299999935, -7.111466486999973 ], [ -78.281517651999934, -7.111545523999951 ], [ -78.281536949999975, -7.111623160999955 ], [ -78.28156304099997, -7.111698789999934 ], [ -78.281595720999974, -7.111771820999934 ], [ -78.281634734999955, -7.111841679999941 ], [ -78.281679777999955, -7.111907821999978 ], [ -78.281730495999966, -7.111969728999952 ], [ -78.281786493999959, -7.112026915999934 ], [ -78.281847331999984, -7.112078934999943 ], [ -78.281912533999957, -7.112125379999952 ], [ -78.281981590999976, -7.112165886999946 ], [ -78.282053960999974, -7.112200138999981 ], [ -78.282129078999958, -7.112227867999934 ], [ -78.28220635699995, -7.11224885699994 ], [ -78.282285188999936, -7.112262940999926 ], [ -78.28236495799996, -7.112270010999964 ], [ -78.282445041999949, -7.112270010999964 ], [ -78.282524810999973, -7.112262940999926 ], [ -78.282603642999959, -7.11224885699994 ], [ -78.282680920999951, -7.112227867999934 ], [ -78.282756038999935, -7.112200138999981 ], [ -78.282828409, -7.112165886999946 ], [ -78.282897465999952, -7.112125379999952 ], [ -78.282962667999982, -7.112078934999943 ], [ -78.28302350599995, -7.112026915999934 ], [ -78.283079503999943, -7.111969728999952 ], [ -78.283130221999954, -7.111907821999978 ], [ -78.283175264999954, -7.111841679999941 ], [ -78.283214278999935, -7.111771820999934 ], [ -78.283246958999939, -7.111698789999934 ], [ -78.283273049999934, -7.111623160999955 ], [ -78.283292347999975, -7.111545523999951 ], [ -78.283304699999974, -7.111466486999973 ], [ -78.283310010999969, -7.111386668999955 ], [ -78.28330823999994, -7.11130669399995 ], [ -78.283299398999986, -7.111227188999976 ], [ -78.283283557999937, -7.111148774999947 ], [ -78.283260840999958, -7.111072065999963 ], [ -78.283231426999976, -7.110997663999967 ], [ -78.283195543999966, -7.110926148999965 ], [ -78.28315347399996, -7.110858081999936 ], [ -78.283105546999934, -7.110793994999938 ], [ -78.28305213699997, -7.110734389999948 ], [ -78.282993661999967, -7.110679733999973 ], [ -78.28293057999997, -7.110630452999942 ], [ -78.282863384999985, -7.110586934999958 ], [ -78.282792601999972, -7.11054951899996 ], [ -78.282718785999975, -7.110518497999976 ], [ -78.282642513999974, -7.110494114999938 ], [ -78.282564382999965, -7.110476561999974 ], [ -78.282485003999966, -7.110465973999965 ], [ -78.282405, -7.110462435999978 ], [ -78.282324995999943, -7.110465973999965 ] ] ] } },
{ "type": "Feature", "properties": { "Mz": "060105010300000", "UBIGEO": "060105", "AREA": "2", "CODCCPP": "0103", "ZONA": "00000", "MANZANA_ID": null, "MANZANA_A": null, "T_TOTAL": 144.0, "T_HOMBRES": 72.0, "T_MUJERES": 72.0, "LLAVE_MZS": "060105010300000", "contacto": "juan.suyo@geogpsperu.com", "descargar": "www.geogpsperu.com", "whatsapp": 931381206.0, "NOMBDEP": "CAJAMARCA", "NOMBPROV": "CAJAMARCA", "IDPROV": "0601", "ARCHIVO": "CAJAMARCA_CAJAMARCA_0601_Manzanas_Poblacion_JP_SuyoPomalia_geogpsperu_931381206" }, "geometry": { "type": "Polygon", "coordinates": [ [ [ -78.342409979999957, -7.124609283999973 ], [ -78.342330598999979, -7.124619870999936 ], [ -78.342252465999934, -7.124637424999946 ], [ -78.342176191999954, -7.124661807999928 ], [ -78.342102372999989, -7.124692827999979 ], [ -78.342031587999941, -7.124730243999977 ], [ -78.341964390999976, -7.124773762999951 ], [ -78.341901306999944, -7.124823042999935 ], [ -78.341842829999962, -7.124877698999967 ], [ -78.341789418999952, -7.124937303999957 ], [ -78.341741489999947, -7.125001390999955 ], [ -78.341699418999951, -7.125069457999928 ], [ -78.341663534999952, -7.12514097299993 ], [ -78.341634118999934, -7.125215375999971 ], [ -78.341611401999955, -7.125292083999966 ], [ -78.341595560999963, -7.125370497999938 ], [ -78.341586719999952, -7.125450002999969 ], [ -78.341584947999934, -7.125529977999975 ], [ -78.341590258999986, -7.125609795999935 ], [ -78.341602611999974, -7.12568883299997 ], [ -78.341621909999958, -7.125766469999974 ], [ -78.341648001999943, -7.125842098999954 ], [ -78.341680682999936, -7.125915129999953 ], [ -78.341719698999952, -7.12598498899996 ], [ -78.341764742999942, -7.12605113099994 ], [ -78.341815462999989, -7.126113036999925 ], [ -78.341871461999972, -7.126170223999964 ], [ -78.341932300999986, -7.126222243999962 ], [ -78.341997505999984, -7.126268688999971 ], [ -78.342066564999982, -7.126309195999966 ], [ -78.342138937999948, -7.126343447999943 ], [ -78.342214057999968, -7.126371175999964 ], [ -78.342291337999939, -7.12639216499997 ], [ -78.34237017199996, -7.126406249999945 ], [ -78.342449943999952, -7.126413319999926 ], [ -78.342530029999978, -7.126413319999926 ], [ -78.34260980199997, -7.126406249999945 ], [ -78.342688635999934, -7.12639216499997 ], [ -78.342765915999962, -7.126371175999964 ], [ -78.342841035999982, -7.126343447999943 ], [ -78.342913408999948, -7.126309195999966 ], [ -78.342982467999946, -7.126268688999971 ], [ -78.343047672999944, -7.126222243999962 ], [ -78.343108511999958, -7.126170223999964 ], [ -78.343164510999941, -7.126113036999925 ], [ -78.343215230999988, -7.12605113099994 ], [ -78.343260274999977, -7.12598498899996 ], [ -78.343299290999937, -7.125915129999953 ], [ -78.343331971999987, -7.125842098999954 ], [ -78.343358063999972, -7.125766469999974 ], [ -78.343377361999956, -7.12568883299997 ], [ -78.343389714999944, -7.125609795999935 ], [ -78.343395025999939, -7.125529977999975 ], [ -78.343393253999977, -7.125450002999969 ], [ -78.343384412999967, -7.125370497999938 ], [ -78.343368571999974, -7.125292083999966 ], [ -78.343345854999939, -7.125215375999971 ], [ -78.343316438999977, -7.12514097299993 ], [ -78.343280554999978, -7.125069457999928 ], [ -78.343238483999983, -7.125001390999955 ], [ -78.343190554999978, -7.124937303999957 ], [ -78.343137143999968, -7.124877698999967 ], [ -78.343078666999986, -7.124823042999935 ], [ -78.343015582999953, -7.124773762999951 ], [ -78.342948385999989, -7.124730243999977 ], [ -78.342877600999941, -7.124692827999979 ], [ -78.342803781999976, -7.124661807999928 ], [ -78.342727507999939, -7.124637424999946 ], [ -78.342649374999951, -7.124619870999936 ], [ -78.342569993999973, -7.124609283999973 ], [ -78.342489986999965, -7.12460574499994 ], [ -78.342409979999957, -7.124609283999973 ] ] ] } },
{ "type": "Feature", "properties": { "Mz": "060105010100000", "UBIGEO": "060105", "AREA": "2", "CODCCPP": "0101", "ZONA": "00000", "MANZANA_ID": null, "MANZANA_A": null, "T_TOTAL": 158.0, "T_HOMBRES": 73.0, "T_MUJERES": 85.0, "LLAVE_MZS": "060105010100000", "contacto": "juan.suyo@geogpsperu.com", "descargar": "www.geogpsperu.com", "whatsapp": 931381206.0, "NOMBDEP": "CAJAMARCA", "NOMBPROV": "CAJAMARCA", "IDPROV": "0601", "ARCHIVO": "CAJAMARCA_CAJAMARCA_0601_Manzanas_Poblacion_JP_SuyoPomalia_geogpsperu_931381206" }, "geometry": { "type": "Polygon", "coordinates": [ [ [ -78.365692852999985, -7.11773939099993 ], [ -78.365639441999974, -7.117798995999976 ], [ -78.365591513999959, -7.117863082999975 ], [ -78.365549443999953, -7.117931149999947 ], [ -78.365513560999943, -7.118002664999949 ], [ -78.365484145999972, -7.118077067999934 ], [ -78.365461428999936, -7.118153775999929 ], [ -78.365445587999943, -7.118232189999958 ], [ -78.365436747, -7.118311694999932 ], [ -78.365434974999971, -7.118391669999937 ], [ -78.365440285999966, -7.118471487999955 ], [ -78.365452638999955, -7.118550524999932 ], [ -78.365471936999938, -7.118628161999936 ], [ -78.365498027999934, -7.118703790999973 ], [ -78.365530708999984, -7.118776821999973 ], [ -78.365569723999954, -7.11884668099998 ], [ -78.365614766999954, -7.11891282299996 ], [ -78.365665485999955, -7.118974729999934 ], [ -78.365721483999948, -7.119031915999926 ], [ -78.365782322999962, -7.119083935999981 ], [ -78.365847526999971, -7.119130380999934 ], [ -78.365916584, -7.119170887999928 ], [ -78.365988955999967, -7.119205139999963 ], [ -78.36606407499994, -7.119232868999973 ], [ -78.366141353999978, -7.119253857999979 ], [ -78.366220186999954, -7.119267941999965 ], [ -78.366299957999956, -7.119275011999946 ], [ -78.366380041999946, -7.119275011999946 ], [ -78.366459812999949, -7.119267941999965 ], [ -78.366538645999981, -7.119253857999979 ], [ -78.366615924999962, -7.119232868999973 ], [ -78.366691043999936, -7.119205139999963 ], [ -78.366763415999969, -7.119170887999928 ], [ -78.366832472999988, -7.119130380999934 ], [ -78.366890626947068, -7.119088957773266 ], [ -78.36572196633648, -7.117712179519684 ], [ -78.365692852999985, -7.11773939099993 ] ] ] } },
{ "type": "Feature", "properties": { "Mz": "060105009400000", "UBIGEO": "060105", "AREA": "2", "CODCCPP": "0094", "ZONA": "00000", "MANZANA_ID": null, "MANZANA_A": null, "T_TOTAL": 141.0, "T_HOMBRES": 61.0, "T_MUJERES": 80.0, "LLAVE_MZS": "060105009400000", "contacto": "juan.suyo@geogpsperu.com", "descargar": "www.geogpsperu.com", "whatsapp": 931381206.0, "NOMBDEP": "CAJAMARCA", "NOMBPROV": "CAJAMARCA", "IDPROV": "0601", "ARCHIVO": "CAJAMARCA_CAJAMARCA_0601_Manzanas_Poblacion_JP_SuyoPomalia_geogpsperu_931381206" }, "geometry": { "type": "Polygon", "coordinates": [ [ [ -78.348481660999937, -7.111837640999966 ], [ -78.348402282999984, -7.111848228999975 ], [ -78.348324151999975, -7.111865781999938 ], [ -78.348247878999985, -7.111890164999977 ], [ -78.348174062999988, -7.111921185999961 ], [ -78.348103279999975, -7.111958601999959 ], [ -78.348036085, -7.112002119999943 ], [ -78.347973001999947, -7.112051400999974 ], [ -78.347914526999944, -7.112106056999949 ], [ -78.347861116999979, -7.112165661999938 ], [ -78.347813188999964, -7.112229748999937 ], [ -78.347771119999948, -7.112297815999966 ], [ -78.347735236999938, -7.112369330999968 ], [ -78.347705821999966, -7.112443732999964 ], [ -78.347683104999987, -7.112520441999948 ], [ -78.347667264999984, -7.112598855999977 ], [ -78.347658423999974, -7.112678360999951 ], [ -78.347656651999955, -7.112758335999956 ], [ -78.34766196299995, -7.112838153999974 ], [ -78.347674315999939, -7.112917190999951 ], [ -78.347693613, -7.112994827999955 ], [ -78.347719703999985, -7.113070456999935 ], [ -78.347752384999978, -7.113143487999935 ], [ -78.347791398999959, -7.113213346999942 ], [ -78.347836441999959, -7.113279488999979 ], [ -78.347887159999971, -7.113341395999953 ], [ -78.347943157999964, -7.113398582999935 ], [ -78.348003995999989, -7.113450601999944 ], [ -78.348069198999951, -7.113497046999953 ], [ -78.34813825599997, -7.113537553999947 ], [ -78.348210625999968, -7.113571805999925 ], [ -78.348285743999952, -7.113599534999935 ], [ -78.348363021999944, -7.113620523999941 ], [ -78.348441853999987, -7.113634607999927 ], [ -78.348521623999943, -7.113641677999965 ], [ -78.348601708, -7.113641677999965 ], [ -78.348681477999946, -7.113634607999927 ], [ -78.348760309999989, -7.113620523999941 ], [ -78.348837587999981, -7.113599534999935 ], [ -78.348912705999965, -7.113571805999925 ], [ -78.348985075999963, -7.113537553999947 ], [ -78.349054132999981, -7.113497046999953 ], [ -78.349119335999944, -7.113450601999944 ], [ -78.349180173999969, -7.113398582999935 ], [ -78.349236171999962, -7.113341395999953 ], [ -78.349286889999973, -7.113279488999979 ], [ -78.349331932999974, -7.113213346999942 ], [ -78.349370946999954, -7.113143487999935 ], [ -78.349403627999948, -7.113070456999935 ], [ -78.349429718999943, -7.112994827999955 ], [ -78.349449015999937, -7.112917190999951 ], [ -78.349461368999982, -7.112838153999974 ], [ -78.349466679999978, -7.112758335999956 ], [ -78.349464907999959, -7.112678360999951 ], [ -78.349456066999949, -7.112598855999977 ], [ -78.349440226999945, -7.112520441999948 ], [ -78.349417509999967, -7.112443732999964 ], [ -78.349388094999938, -7.112369330999968 ], [ -78.349352211999985, -7.112297815999966 ], [ -78.349310142999968, -7.112229748999937 ], [ -78.349262214999953, -7.112165661999938 ], [ -78.349208804999989, -7.112106056999949 ], [ -78.349150329999986, -7.112051400999974 ], [ -78.349087246999943, -7.112002119999943 ], [ -78.349020051999958, -7.111958601999959 ], [ -78.348949268999945, -7.111921185999961 ], [ -78.348875452999948, -7.111890164999977 ], [ -78.348799179999958, -7.111865781999938 ], [ -78.348721048999948, -7.111848228999975 ], [ -78.348641670999939, -7.111837640999966 ], [ -78.348561665999966, -7.111834102999978 ], [ -78.348481660999937, -7.111837640999966 ] ] ] } },
{ "type": "Feature", "properties": { "Mz": "060105009500000", "UBIGEO": "060105", "AREA": "2", "CODCCPP": "0095", "ZONA": "00000", "MANZANA_ID": null, "MANZANA_A": null, "T_TOTAL": 135.0, "T_HOMBRES": 58.0, "T_MUJERES": 77.0, "LLAVE_MZS": "060105009500000", "contacto": "juan.suyo@geogpsperu.com", "descargar": "www.geogpsperu.com", "whatsapp": 931381206.0, "NOMBDEP": "CAJAMARCA", "NOMBPROV": "CAJAMARCA", "IDPROV": "0601", "ARCHIVO": "CAJAMARCA_CAJAMARCA_0601_Manzanas_Poblacion_JP_SuyoPomalia_geogpsperu_931381206" }, "geometry": { "type": "Polygon", "coordinates": [ [ [ -78.366871662999984, -7.103905974999975 ], [ -78.366792285999963, -7.103916561999938 ], [ -78.366714155999944, -7.103934115999948 ], [ -78.366637884999989, -7.10395849899993 ], [ -78.366564069999981, -7.103989519999971 ], [ -78.366493287999958, -7.104026935999968 ], [ -78.366426093999962, -7.104070453999952 ], [ -78.366363011999965, -7.104119733999937 ], [ -78.366304537999952, -7.104174390999958 ], [ -78.366251128999977, -7.104233995999948 ], [ -78.366203201999951, -7.104298082999946 ], [ -78.366161132999935, -7.104366149999976 ], [ -78.366125250999971, -7.104437664999978 ], [ -78.366095836999989, -7.104512066999973 ], [ -78.366073119999953, -7.104588775999957 ], [ -78.36605727999995, -7.10466718999993 ], [ -78.36604843899994, -7.10474669499996 ], [ -78.366046667999967, -7.104826669999966 ], [ -78.366051978999963, -7.104906487999926 ], [ -78.366064330999961, -7.104985524999961 ], [ -78.366083627999956, -7.105063161999965 ], [ -78.366109718999951, -7.105138791999934 ], [ -78.366142398999955, -7.105211821999944 ], [ -78.366181411999946, -7.105281680999951 ], [ -78.366226453999957, -7.105347822999931 ], [ -78.366277171999968, -7.105409729999963 ], [ -78.366333167999983, -7.105466916999944 ], [ -78.366394004999961, -7.105518935999953 ], [ -78.366435373811086, -7.105548404029063 ], [ -78.367667897224436, -7.105358785042394 ], [ -78.367676877999941, -7.105347822999931 ], [ -78.367721919999951, -7.105281680999951 ], [ -78.367760932999943, -7.105211821999944 ], [ -78.367793612999947, -7.105138791999934 ], [ -78.367819703999942, -7.105063161999965 ], [ -78.367839000999936, -7.104985524999961 ], [ -78.367851352999935, -7.104906487999926 ], [ -78.367856663999987, -7.104826669999966 ], [ -78.367854892999958, -7.10474669499996 ], [ -78.367846051999948, -7.10466718999993 ], [ -78.367830211999944, -7.104588775999957 ], [ -78.367807494999965, -7.104512066999973 ], [ -78.367778080999983, -7.104437664999978 ], [ -78.367742198999963, -7.104366149999976 ], [ -78.367700129999946, -7.104298082999946 ], [ -78.367652202999977, -7.104233995999948 ], [ -78.367598793999946, -7.104174390999958 ], [ -78.367540319999989, -7.104119733999937 ], [ -78.367477237999935, -7.104070453999952 ], [ -78.367410043999939, -7.104026935999968 ], [ -78.367339261999973, -7.103989519999971 ], [ -78.367265446999966, -7.10395849899993 ], [ -78.367189175999954, -7.103934115999948 ], [ -78.367111045999934, -7.103916561999938 ], [ -78.367031668999971, -7.103905974999975 ], [ -78.366951665999977, -7.103902435999942 ], [ -78.366871662999984, -7.103905974999975 ] ] ] } },
{ "type": "Feature", "properties": { "Mz": "060105008500000", "UBIGEO": "060105", "AREA": "2", "CODCCPP": "0085", "ZONA": "00000", "MANZANA_ID": null, "MANZANA_A": null, "T_TOTAL": 220.0, "T_HOMBRES": 95.0, "T_MUJERES": 125.0, "LLAVE_MZS": "060105008500000", "contacto": "juan.suyo@geogpsperu.com", "descargar": "www.geogpsperu.com", "whatsapp": 931381206.0, "NOMBDEP": "CAJAMARCA", "NOMBPROV": "CAJAMARCA", "IDPROV": "0601", "ARCHIVO": "CAJAMARCA_CAJAMARCA_0601_Manzanas_Poblacion_JP_SuyoPomalia_geogpsperu_931381206" }, "geometry": { "type": "Polygon", "coordinates": [ [ [ -78.342051663999939, -7.10266430799993 ], [ -78.341972286999976, -7.10267489499995 ], [ -78.341894156999956, -7.10269244899996 ], [ -78.341817886999934, -7.102716831999942 ], [ -78.341744071999983, -7.102747852999926 ], [ -78.34167328999996, -7.10278526899998 ], [ -78.341606095999964, -7.102828786999964 ], [ -78.341543014999957, -7.102878066999949 ], [ -78.341484540999943, -7.10293272399997 ], [ -78.341431131999968, -7.10299232899996 ], [ -78.341383204999943, -7.103056415999959 ], [ -78.341341135999983, -7.103124482999931 ], [ -78.341305253999963, -7.103195997999933 ], [ -78.34127583999998, -7.103270399999928 ], [ -78.341253123999934, -7.103347108999969 ], [ -78.341237282999941, -7.103425522999942 ], [ -78.341228442999977, -7.103505027999972 ], [ -78.341226670999959, -7.103585002999978 ], [ -78.341231981999954, -7.103664820999938 ], [ -78.341244333999953, -7.103743857999973 ], [ -78.341263630999947, -7.103821494999977 ], [ -78.341289721999942, -7.103897124999946 ], [ -78.341322401999946, -7.103970154999956 ], [ -78.341361414999938, -7.104040014999953 ], [ -78.341406456999948, -7.104106155999943 ], [ -78.34145717499996, -7.104168062999975 ], [ -78.341513170999974, -7.104225249999956 ], [ -78.341574007999952, -7.104277268999965 ], [ -78.341639208999936, -7.104323713999975 ], [ -78.341708264999966, -7.104364220999969 ], [ -78.341780633999974, -7.104398472999947 ], [ -78.341855750999969, -7.104426201999956 ], [ -78.341933026999982, -7.104447190999963 ], [ -78.342011857999978, -7.104461275999938 ], [ -78.342091625999956, -7.104468345999976 ], [ -78.342171707999967, -7.104468345999976 ], [ -78.342251475999944, -7.104461275999938 ], [ -78.342330306999941, -7.104447190999963 ], [ -78.342407582999954, -7.104426201999956 ], [ -78.342482699999948, -7.104398472999947 ], [ -78.342555068999957, -7.104364220999969 ], [ -78.342624124999986, -7.104323713999975 ], [ -78.34268932599997, -7.104277268999965 ], [ -78.342750162999948, -7.104225249999956 ], [ -78.342806158999963, -7.104168062999975 ], [ -78.342856876999974, -7.104106155999943 ], [ -78.342901918999985, -7.104040014999953 ], [ -78.342940931999976, -7.103970154999956 ], [ -78.34297361199998, -7.103897124999946 ], [ -78.342999702999975, -7.103821494999977 ], [ -78.343019, -7.103743857999973 ], [ -78.343031351999969, -7.103664820999938 ], [ -78.343036662999964, -7.103585002999978 ], [ -78.343034890999945, -7.103505027999972 ], [ -78.343026050999981, -7.103425522999942 ], [ -78.343010209999989, -7.103347108999969 ], [ -78.342987493999942, -7.103270399999928 ], [ -78.34295807999996, -7.103195997999933 ], [ -78.34292219799994, -7.103124482999931 ], [ -78.34288012899998, -7.103056415999959 ], [ -78.342832201999954, -7.10299232899996 ], [ -78.342778792999979, -7.10293272399997 ], [ -78.342720318999966, -7.102878066999949 ], [ -78.342657237999958, -7.102828786999964 ], [ -78.342590043999962, -7.10278526899998 ], [ -78.342519261999939, -7.102747852999926 ], [ -78.342445446999989, -7.102716831999942 ], [ -78.342369176999966, -7.10269244899996 ], [ -78.342291046999947, -7.10267489499995 ], [ -78.342211669999983, -7.10266430799993 ], [ -78.342131667, -7.102660768999954 ], [ -78.342051663999939, -7.10266430799993 ] ] ] } },
{ "type": "Feature", "properties": { "Mz": "060105009300000", "UBIGEO": "060105", "AREA": "2", "CODCCPP": "0093", "ZONA": "00000", "MANZANA_ID": null, "MANZANA_A": null, "T_TOTAL": 103.0, "T_HOMBRES": 42.0, "T_MUJERES": 61.0, "LLAVE_MZS": "060105009300000", "contacto": "juan.suyo@geogpsperu.com", "descargar": "www.geogpsperu.com", "whatsapp": 931381206.0, "NOMBDEP": "CAJAMARCA", "NOMBPROV": "CAJAMARCA", "IDPROV": "0601", "ARCHIVO": "CAJAMARCA_CAJAMARCA_0601_Manzanas_Poblacion_JP_SuyoPomalia_geogpsperu_931381206" }, "geometry": { "type": "Polygon", "coordinates": [ [ [ -78.336119997999958, -7.095342640999945 ], [ -78.336040622999974, -7.095353227999965 ], [ -78.335962493999943, -7.095370781999975 ], [ -78.335886224999967, -7.095395164999957 ], [ -78.335812410999949, -7.095426184999951 ], [ -78.335741629999973, -7.095463600999949 ], [ -78.335674436999966, -7.095507119999979 ], [ -78.335611356999948, -7.095556399999964 ], [ -78.335552883999981, -7.095611056999928 ], [ -78.335499475999939, -7.095670661999975 ], [ -78.335451549999959, -7.095734747999927 ], [ -78.335409481999989, -7.095802815999946 ], [ -78.335373599999969, -7.095874329999958 ], [ -78.335344186999976, -7.095948732999943 ], [ -78.335321470999986, -7.096025441999927 ], [ -78.335305630999983, -7.096103854999967 ], [ -78.335296789999973, -7.09618336099993 ], [ -78.335295017999954, -7.096263335999936 ], [ -78.335300328999949, -7.096343153999953 ], [ -78.335312680999948, -7.096422190999931 ], [ -78.335331977999942, -7.096499827999935 ], [ -78.335358067999948, -7.096575457999961 ], [ -78.335390747999952, -7.096648487999971 ], [ -78.335429759999954, -7.096718347999968 ], [ -78.335474800999975, -7.096784489999948 ], [ -78.33552551799994, -7.096846395999933 ], [ -78.335581513999955, -7.096903582999971 ], [ -78.335642349999944, -7.096955602999969 ], [ -78.335707549999938, -7.097002047999979 ], [ -78.335776604999978, -7.097042554999973 ], [ -78.335848972999941, -7.097076806999951 ], [ -78.335924087999956, -7.097104535999961 ], [ -78.33600136299998, -7.097125523999978 ], [ -78.336080192999987, -7.097139608999953 ], [ -78.336159959999975, -7.097146678999934 ], [ -78.33624003999995, -7.097146678999934 ], [ -78.336319806999938, -7.097139608999953 ], [ -78.336398636999945, -7.097125523999978 ], [ -78.336475911999969, -7.097104535999961 ], [ -78.336551026999985, -7.097076806999951 ], [ -78.336623394999947, -7.097042554999973 ], [ -78.336692449999987, -7.097002047999979 ], [ -78.336757649999981, -7.096955602999969 ], [ -78.33681848599997, -7.096903582999971 ], [ -78.336874481999985, -7.096846395999933 ], [ -78.33692519899995, -7.096784489999948 ], [ -78.336970239999971, -7.096718347999968 ], [ -78.337009251999973, -7.096648487999971 ], [ -78.337041931999977, -7.096575457999961 ], [ -78.337068021999983, -7.096499827999935 ], [ -78.337087318999977, -7.096422190999931 ], [ -78.337099670999976, -7.096343153999953 ], [ -78.337104981999971, -7.096263335999936 ], [ -78.337103209999952, -7.09618336099993 ], [ -78.337094368999942, -7.096103854999967 ], [ -78.337078528999939, -7.096025441999927 ], [ -78.337055812999949, -7.095948732999943 ], [ -78.337026399999957, -7.095874329999958 ], [ -78.336990517999936, -7.095802815999946 ], [ -78.336948449999966, -7.095734747999927 ], [ -78.336900523999986, -7.095670661999975 ], [ -78.336847115999944, -7.095611056999928 ], [ -78.336788642999977, -7.095556399999964 ], [ -78.336725562999959, -7.095507119999979 ], [ -78.336658369999952, -7.095463600999949 ], [ -78.336587588999976, -7.095426184999951 ], [ -78.336513774999958, -7.095395164999957 ], [ -78.336437505999982, -7.095370781999975 ], [ -78.336359376999951, -7.095353227999965 ], [ -78.336280001999967, -7.095342640999945 ], [ -78.3362, -7.095339101999969 ], [ -78.336119997999958, -7.095342640999945 ] ] ] } },
{ "type": "Feature", "properties": { "Mz": "060105000100100027", "UBIGEO": "060105", "AREA": "1", "CODCCPP": "0001", "ZONA": "00100", "MANZANA_ID": "027", "MANZANA_A": null, "T_TOTAL": 72.0, "T_HOMBRES": 34.0, "T_MUJERES": 38.0, "LLAVE_MZS": "060105000100100027", "contacto": "juan.suyo@geogpsperu.com", "descargar": "www.geogpsperu.com", "whatsapp": 931381206.0, "NOMBDEP": "CAJAMARCA", "NOMBPROV": "CAJAMARCA", "IDPROV": "0601", "ARCHIVO": "CAJAMARCA_CAJAMARCA_0601_Manzanas_Poblacion_JP_SuyoPomalia_geogpsperu_931381206" }, "geometry": { "type": "Polygon", "coordinates": [ [ [ -78.343490629999962, -7.09779727199998 ], [ -78.343656631999977, -7.097505246999958 ], [ -78.34377170199997, -7.097289971999942 ], [ -78.343981363999944, -7.096902166999939 ], [ -78.344271483999989, -7.096253905999959 ], [ -78.344336333999934, -7.096129850999944 ], [ -78.344314215999987, -7.096097525999937 ], [ -78.344498327999986, -7.09547026599995 ], [ -78.344588571999964, -7.09547026499996 ], [ -78.344608425, -7.095430861999944 ], [ -78.344628278999949, -7.095359218999931 ], [ -78.344640624999954, -7.09531054699994 ], [ -78.344650390999959, -7.095253905999925 ], [ -78.344656249999957, -7.095226561999937 ], [ -78.344691405999981, -7.094919921999974 ], [ -78.344708983999965, -7.094714843999952 ], [ -78.344748046999939, -7.094312499999944 ], [ -78.344789061999961, -7.093871093999951 ], [ -78.344808593999971, -7.093605468999954 ], [ -78.344861327999979, -7.09286328099995 ], [ -78.344992186999946, -7.091269530999966 ], [ -78.345019530999934, -7.090996093999934 ], [ -78.345068358999981, -7.090343749999931 ], [ -78.345134765999944, -7.089623046999975 ], [ -78.345160155999963, -7.089199218999966 ], [ -78.344575148, -7.089399042999958 ], [ -78.344549413999971, -7.08961906299993 ], [ -78.344527639999967, -7.089823366999951 ], [ -78.344531600999971, -7.090094461999968 ], [ -78.344541499999934, -7.090225182999973 ], [ -78.344557336999969, -7.090356801999974 ], [ -78.344575153999983, -7.090447165999933 ], [ -78.344589843999984, -7.090488280999978 ], [ -78.344589843999984, -7.090521483999964 ], [ -78.344594950999976, -7.090598428999954 ], [ -78.344610287999956, -7.090700569999967 ], [ -78.344618207999986, -7.090861654999969 ], [ -78.344641963999948, -7.091132749999929 ], [ -78.344639989999962, -7.091292904999932 ], [ -78.344627580999941, -7.091409809999959 ], [ -78.344580070999939, -7.091572860999975 ], [ -78.344562254999971, -7.091612149999946 ], [ -78.344528601999968, -7.091665190999947 ], [ -78.344485050999936, -7.091722159999961 ], [ -78.344425663999971, -7.091781093999941 ], [ -78.34435439799995, -7.091875388999938 ], [ -78.344308867999985, -7.09195200299996 ], [ -78.34429303099995, -7.09200111399997 ], [ -78.34427917499994, -7.092197559999931 ], [ -78.344239583999979, -7.092291853999939 ], [ -78.344223746999944, -7.092354716999978 ], [ -78.34422572699998, -7.092413649999969 ], [ -78.344238639999958, -7.092504004999967 ], [ -78.344242599999973, -7.092568831999927 ], [ -78.344260416999987, -7.092661160999967 ], [ -78.344262396999966, -7.092735809999965 ], [ -78.344222804999958, -7.092849748999981 ], [ -78.34419509199995, -7.093008869999949 ], [ -78.344171336999977, -7.093073696999966 ], [ -78.344137683999975, -7.093185671999947 ], [ -78.344090172999984, -7.093254427999966 ], [ -78.343929686999957, -7.093414061999965 ], [ -78.343835936999938, -7.093501952999929 ], [ -78.343827971999985, -7.093514007999943 ], [ -78.343816889999971, -7.093534168999952 ], [ -78.343816889999971, -7.093556163999949 ], [ -78.343818736999935, -7.093594653999958 ], [ -78.343824277999943, -7.093669800999976 ], [ -78.343831666999961, -7.093733950999933 ], [ -78.343826125999954, -7.093858584999964 ], [ -78.343802115999949, -7.094010712999932 ], [ -78.343792880999956, -7.094054700999948 ], [ -78.343767022999941, -7.09410418899995 ], [ -78.343730082999969, -7.094140845999959 ], [ -78.343695292999939, -7.09416402599993 ], [ -78.343562138999971, -7.094237360999955 ], [ -78.343487668999956, -7.094274310999936 ], [ -78.343448105999983, -7.094302023999944 ], [ -78.343427160999966, -7.094336664999958 ], [ -78.343427161999955, -7.094394399999942 ], [ -78.343434143999957, -7.09448677599994 ], [ -78.343436471999951, -7.094606863999957 ], [ -78.343436471999951, -7.09460917399997 ], [ -78.343466725999974, -7.094796233999944 ], [ -78.343506288999947, -7.094907084999932 ], [ -78.343515597999954, -7.095057194999981 ], [ -78.343517925999947, -7.095061813999962 ], [ -78.343517925999947, -7.095163426999932 ], [ -78.343496980999987, -7.095244255999944 ], [ -78.34344810999994, -7.095380509999927 ], [ -78.34339923899995, -7.095579118999979 ], [ -78.34330664099997, -7.096001952999927 ], [ -78.343219515999976, -7.096059799999978 ], [ -78.34296253399998, -7.096691546999978 ], [ -78.343160052999963, -7.097071703999973 ], [ -78.343220871999961, -7.097142089999977 ], [ -78.343321681999953, -7.097206147999941 ], [ -78.343366842999956, -7.097246244999951 ], [ -78.343397741999979, -7.097300494999956 ], [ -78.34340573999998, -7.097372338999946 ], [ -78.343411399999979, -7.097449088999952 ], [ -78.343413285999986, -7.097452832999977 ], [ -78.343415172999983, -7.09754268599994 ], [ -78.343403854999963, -7.097623179999971 ], [ -78.343407627999966, -7.097660618999953 ], [ -78.343415173999972, -7.09771303399998 ], [ -78.343426491999935, -7.097735496999974 ], [ -78.343443469999954, -7.097752344999947 ], [ -78.343490629999962, -7.09779727199998 ] ] ] } },
{ "type": "Feature", "properties": { "Mz": "060105000100100026C", "UBIGEO": "060105", "AREA": "1", "CODCCPP": "0001", "ZONA": "00100", "MANZANA_ID": "026", "MANZANA_A": "C", "T_TOTAL": 141.0, "T_HOMBRES": 73.0, "T_MUJERES": 68.0, "LLAVE_MZS": "060105000100100026C", "contacto": "juan.suyo@geogpsperu.com", "descargar": "www.geogpsperu.com", "whatsapp": 931381206.0, "NOMBDEP": "CAJAMARCA", "NOMBPROV": "CAJAMARCA", "IDPROV": "0601", "ARCHIVO": "CAJAMARCA_CAJAMARCA_0601_Manzanas_Poblacion_JP_SuyoPomalia_geogpsperu_931381206" }, "geometry": { "type": "Polygon", "coordinates": [ [ [ -78.344766422999953, -7.095305270999972 ], [ -78.345004966999966, -7.095251940999958 ], [ -78.345059661999983, -7.095232842999962 ], [ -78.345079919999989, -7.095220780999966 ], [ -78.345092073999979, -7.095206708999967 ], [ -78.345181909999951, -7.095007851999981 ], [ -78.345326412999952, -7.094654667999976 ], [ -78.345377246999988, -7.09442101999997 ], [ -78.345430755999985, -7.094123649999972 ], [ -78.345732013999964, -7.093198292999944 ], [ -78.346217869999975, -7.092249076999963 ], [ -78.346226083999966, -7.092221904999974 ], [ -78.346261677999962, -7.09207245999994 ], [ -78.346278105999943, -7.091958337999927 ], [ -78.346300495999969, -7.091787541999963 ], [ -78.346314662999987, -7.091059057999928 ], [ -78.346311665999963, -7.090536736999979 ], [ -78.346321572999955, -7.090098073999968 ], [ -78.34633346399994, -7.089806940999949 ], [ -78.346323551999944, -7.089747927999952 ], [ -78.346314809999967, -7.089723287999959 ], [ -78.346086583999977, -7.08944984599998 ], [ -78.346049893999975, -7.089377028999934 ], [ -78.345621368999957, -7.089481574999979 ], [ -78.345367461999956, -7.089543429999935 ], [ -78.345264731999976, -7.089556537999954 ], [ -78.345246093999947, -7.089796874999934 ], [ -78.345183593999934, -7.090544921999935 ], [ -78.345142577999979, -7.09102734399994 ], [ -78.345041015999982, -7.092244140999981 ], [ -78.344951550999951, -7.093341059999943 ], [ -78.34486523399994, -7.094394530999978 ], [ -78.344802834999939, -7.095031666999944 ], [ -78.344781049999938, -7.095227810999972 ], [ -78.344766422999953, -7.095305270999972 ] ] ] } },
{ "type": "Feature", "properties": { "Mz": "060105008800000", "UBIGEO": "060105", "AREA": "2", "CODCCPP": "0088", "ZONA": "00000", "MANZANA_ID": null, "MANZANA_A": null, "T_TOTAL": 80.0, "T_HOMBRES": 39.0, "T_MUJERES": 41.0, "LLAVE_MZS": "060105008800000", "contacto": "juan.suyo@geogpsperu.com", "descargar": "www.geogpsperu.com", "whatsapp": 931381206.0, "NOMBDEP": "CAJAMARCA", "NOMBPROV": "CAJAMARCA", "IDPROV": "0601", "ARCHIVO": "CAJAMARCA_CAJAMARCA_0601_Manzanas_Poblacion_JP_SuyoPomalia_geogpsperu_931381206" }, "geometry": { "type": "Polygon", "coordinates": [ [ [ -78.364531664999959, -7.08806597399996 ], [ -78.364452290999964, -7.088076561999969 ], [ -78.364374163999969, -7.088094115999979 ], [ -78.364297895999982, -7.088118497999972 ], [ -78.364224082999954, -7.088149518999955 ], [ -78.364153303999956, -7.088186934999953 ], [ -78.364086110999949, -7.088230453999927 ], [ -78.364023032999967, -7.088279733999968 ], [ -78.363964560999989, -7.088334389999943 ], [ -78.363911152999947, -7.088393994999933 ], [ -78.363863227999957, -7.088458081999931 ], [ -78.363821159999986, -7.088526148999961 ], [ -78.363785278999956, -7.088597663999963 ], [ -78.363755865999963, -7.088672066999948 ], [ -78.363733149999973, -7.088748775999932 ], [ -78.363717310999959, -7.088827188999971 ], [ -78.363708469999949, -7.088906694999935 ], [ -78.363706697999987, -7.08898666999994 ], [ -78.363712008999983, -7.089066487999958 ], [ -78.363724360999981, -7.089145524999935 ], [ -78.363743657999976, -7.089223161999939 ], [ -78.363769746999935, -7.089298791999965 ], [ -78.36380242599995, -7.089371821999976 ], [ -78.363841438999941, -7.089441681999972 ], [ -78.363886478999973, -7.089507823999952 ], [ -78.363937194999949, -7.089569729999937 ], [ -78.363993188999984, -7.089626916999975 ], [ -78.364054024999973, -7.089678936999974 ], [ -78.364119223999978, -7.089725381999926 ], [ -78.364188276999982, -7.089765888999978 ], [ -78.364260643999955, -7.089800140999955 ], [ -78.364335758999971, -7.089827869999965 ], [ -78.364413031999959, -7.089848858999972 ], [ -78.364491860999976, -7.089862942999957 ], [ -78.364571625999986, -7.089870012999938 ], [ -78.364651705999961, -7.089870012999938 ], [ -78.36473147099997, -7.089862942999957 ], [ -78.364810299999988, -7.089848858999972 ], [ -78.364887572999976, -7.089827869999965 ], [ -78.364962687999935, -7.089800140999955 ], [ -78.365035054999964, -7.089765888999978 ], [ -78.365104107999969, -7.089725381999926 ], [ -78.365169306999974, -7.089678936999974 ], [ -78.365230142999962, -7.089626916999975 ], [ -78.365286136999941, -7.089569729999937 ], [ -78.365336852999974, -7.089507823999952 ], [ -78.365381892999949, -7.089441681999972 ], [ -78.36542090599994, -7.089371821999976 ], [ -78.365453584999955, -7.089298791999965 ], [ -78.365479673999971, -7.089223161999939 ], [ -78.365498970999965, -7.089145524999935 ], [ -78.365511322999964, -7.089066487999958 ], [ -78.36551663399996, -7.08898666999994 ], [ -78.365514861999941, -7.088906694999935 ], [ -78.365506020999987, -7.088827188999971 ], [ -78.365490181999974, -7.088748775999932 ], [ -78.365467465999984, -7.088672066999948 ], [ -78.365438052999934, -7.088597663999963 ], [ -78.365402171999961, -7.088526148999961 ], [ -78.365360104, -7.088458081999931 ], [ -78.365312178999943, -7.088393994999933 ], [ -78.365258770999958, -7.088334389999943 ], [ -78.36520029899998, -7.088279733999968 ], [ -78.365137220999941, -7.088230453999927 ], [ -78.365070027999934, -7.088186934999953 ], [ -78.364999248999936, -7.088149518999955 ], [ -78.364925435999965, -7.088118497999972 ], [ -78.364849167999978, -7.088094115999979 ], [ -78.364771040999983, -7.088076561999969 ], [ -78.364691666999988, -7.08806597399996 ], [ -78.364611665999973, -7.088062435999973 ], [ -78.364531664999959, -7.08806597399996 ] ] ] } },
{ "type": "Feature", "properties": { "Mz": "060105010200000", "UBIGEO": "060105", "AREA": "2", "CODCCPP": "0102", "ZONA": "00000", "MANZANA_ID": null, "MANZANA_A": null, "T_TOTAL": 179.0, "T_HOMBRES": 87.0, "T_MUJERES": 92.0, "LLAVE_MZS": "060105010200000", "contacto": "juan.suyo@geogpsperu.com", "descargar": "www.geogpsperu.com", "whatsapp": 931381206.0, "NOMBDEP": "CAJAMARCA", "NOMBPROV": "CAJAMARCA", "IDPROV": "0601", "ARCHIVO": "CAJAMARCA_CAJAMARCA_0601_Manzanas_Poblacion_JP_SuyoPomalia_geogpsperu_931381206" }, "geometry": { "type": "Polygon", "coordinates": [ [ [ -78.252903329999981, -7.109097640999948 ], [ -78.252823951999972, -7.109108228999958 ], [ -78.252745820999962, -7.109125781999978 ], [ -78.252669548999961, -7.10915016499996 ], [ -78.252595732999964, -7.109181185999944 ], [ -78.252524950999941, -7.109218601999942 ], [ -78.252457755999956, -7.109262119999926 ], [ -78.252394673999959, -7.109311399999967 ], [ -78.252336198999956, -7.109366056999932 ], [ -78.252282788999935, -7.109425661999978 ], [ -78.252234861999966, -7.109489748999977 ], [ -78.25219279199996, -7.109557815999949 ], [ -78.25215690999994, -7.109629330999951 ], [ -78.252127494999968, -7.109703732999947 ], [ -78.252104778999978, -7.109780441999931 ], [ -78.252088937999986, -7.10985885599996 ], [ -78.252080096999975, -7.109938360999934 ], [ -78.252078324999957, -7.110018335999939 ], [ -78.252083636999942, -7.110098153999957 ], [ -78.25209598899994, -7.110177190999934 ], [ -78.252115285999935, -7.110254827999938 ], [ -78.252141376999987, -7.110330456999975 ], [ -78.252174056999934, -7.110403487999974 ], [ -78.252213071999961, -7.110473346999981 ], [ -78.252258113999972, -7.110539488999962 ], [ -78.252308831999983, -7.110601395999936 ], [ -78.252364828999987, -7.110658582999974 ], [ -78.252425666999955, -7.110710601999926 ], [ -78.252490869999974, -7.110757046999936 ], [ -78.252559925999947, -7.11079755399993 ], [ -78.252632295999945, -7.110831805999965 ], [ -78.252707413999985, -7.110859534999975 ], [ -78.252784690999988, -7.110880523999981 ], [ -78.252863522999974, -7.110894607999967 ], [ -78.252943292999987, -7.110901677999948 ], [ -78.253023374999941, -7.110901677999948 ], [ -78.253103144999955, -7.110894607999967 ], [ -78.25318197699994, -7.110880523999981 ], [ -78.253259253999943, -7.110859534999975 ], [ -78.253334371999983, -7.110831805999965 ], [ -78.253406741999981, -7.11079755399993 ], [ -78.253475797999954, -7.110757046999936 ], [ -78.253541000999974, -7.110710601999926 ], [ -78.253601838999941, -7.110658582999974 ], [ -78.253657835999945, -7.110601395999936 ], [ -78.253708553999957, -7.110539488999962 ], [ -78.253753595999967, -7.110473346999981 ], [ -78.253792610999938, -7.110403487999974 ], [ -78.253825290999941, -7.110330456999975 ], [ -78.253851381999937, -7.110254827999938 ], [ -78.253870678999988, -7.110177190999934 ], [ -78.253883030999987, -7.110098153999957 ], [ -78.253888342999971, -7.110018335999939 ], [ -78.253886570999953, -7.109938360999934 ], [ -78.253877729999942, -7.10985885599996 ], [ -78.25386188899995, -7.109780441999931 ], [ -78.25383917299996, -7.109703732999947 ], [ -78.253809757999989, -7.109629330999951 ], [ -78.253773875999968, -7.109557815999949 ], [ -78.253731805999962, -7.109489748999977 ], [ -78.253683878999936, -7.109425661999978 ], [ -78.253630468999972, -7.109366056999932 ], [ -78.253571993999969, -7.109311399999967 ], [ -78.253508911999972, -7.109262119999926 ], [ -78.253441716999987, -7.109218601999942 ], [ -78.253370934999964, -7.109181185999944 ], [ -78.253297118999967, -7.10915016499996 ], [ -78.253220846999966, -7.109125781999978 ], [ -78.253142715999957, -7.109108228999958 ], [ -78.253063337999947, -7.109097640999948 ], [ -78.252983333999964, -7.109094102999961 ], [ -78.252903329999981, -7.109097640999948 ] ] ] } },
{ "type": "Feature", "properties": { "Mz": "060105009800000", "UBIGEO": "060105", "AREA": "2", "CODCCPP": "0098", "ZONA": "00000", "MANZANA_ID": null, "MANZANA_A": null, "T_TOTAL": 209.0, "T_HOMBRES": 97.0, "T_MUJERES": 112.0, "LLAVE_MZS": "060105009800000", "contacto": "juan.suyo@geogpsperu.com", "descargar": "www.geogpsperu.com", "whatsapp": 931381206.0, "NOMBDEP": "CAJAMARCA", "NOMBPROV": "CAJAMARCA", "IDPROV": "0601", "ARCHIVO": "CAJAMARCA_CAJAMARCA_0601_Manzanas_Poblacion_JP_SuyoPomalia_geogpsperu_931381206" }, "geometry": { "type": "Polygon", "coordinates": [ [ [ -78.308316662999971, -7.107077640999933 ], [ -78.308237284999962, -7.107088227999952 ], [ -78.308159154999942, -7.107105781999962 ], [ -78.308082883999987, -7.107130164999944 ], [ -78.308009068, -7.107161185999928 ], [ -78.307938285999967, -7.107198601999926 ], [ -78.307871090999981, -7.107242119999967 ], [ -78.307808008999984, -7.107291399999951 ], [ -78.307749534999971, -7.107346056999972 ], [ -78.30769612499995, -7.107405661999962 ], [ -78.307648197999981, -7.107469748999961 ], [ -78.307606128999964, -7.107537815999933 ], [ -78.307570245999955, -7.107609330999935 ], [ -78.307540831999972, -7.107683732999931 ], [ -78.307518114999937, -7.107760441999972 ], [ -78.307502274999933, -7.107838855999944 ], [ -78.30749343399998, -7.107918360999975 ], [ -78.307491661999961, -7.10799833599998 ], [ -78.307496972999957, -7.108078153999941 ], [ -78.307509325999945, -7.108157190999975 ], [ -78.307528622999939, -7.108234827999979 ], [ -78.307554713999934, -7.108310457999949 ], [ -78.307587393999938, -7.108383487999959 ], [ -78.307626407999976, -7.108453346999966 ], [ -78.307671449999987, -7.108519488999946 ], [ -78.307722167999941, -7.108581395999977 ], [ -78.307778164999945, -7.108638582999959 ], [ -78.30783900299997, -7.108690601999967 ], [ -78.307904204999943, -7.108737046999977 ], [ -78.307973260999972, -7.108777553999971 ], [ -78.30804563099997, -7.108811805999949 ], [ -78.308120747999965, -7.108839534999959 ], [ -78.308198024999967, -7.108860523999965 ], [ -78.308276856999953, -7.108874607999951 ], [ -78.308356625999977, -7.108881677999932 ], [ -78.308436707999988, -7.108881677999932 ], [ -78.308516476999955, -7.108874607999951 ], [ -78.308595308999941, -7.108860523999965 ], [ -78.308672585999943, -7.108839534999959 ], [ -78.308747702999938, -7.108811805999949 ], [ -78.308820072999936, -7.108777553999971 ], [ -78.308889128999965, -7.108737046999977 ], [ -78.308954330999939, -7.108690601999967 ], [ -78.309015168999963, -7.108638582999959 ], [ -78.309071165999967, -7.108581395999977 ], [ -78.309121883999978, -7.108519488999946 ], [ -78.309166925999989, -7.108453346999966 ], [ -78.30920593999997, -7.108383487999959 ], [ -78.309238619999974, -7.108310457999949 ], [ -78.309264710999969, -7.108234827999979 ], [ -78.309284007999963, -7.108157190999975 ], [ -78.309296360999952, -7.108078153999941 ], [ -78.309301671999947, -7.10799833599998 ], [ -78.309299899999985, -7.107918360999975 ], [ -78.309291058999975, -7.107838855999944 ], [ -78.309275218999971, -7.107760441999972 ], [ -78.309252501999936, -7.107683732999931 ], [ -78.309223087999953, -7.107609330999935 ], [ -78.309187204999944, -7.107537815999933 ], [ -78.309145135999984, -7.107469748999961 ], [ -78.309097208999958, -7.107405661999962 ], [ -78.309043798999937, -7.107346056999972 ], [ -78.308985324999981, -7.107291399999951 ], [ -78.308922242999984, -7.107242119999967 ], [ -78.308855047999941, -7.107198601999926 ], [ -78.308784265999975, -7.107161185999928 ], [ -78.308710449999978, -7.107130164999944 ], [ -78.308634178999966, -7.107105781999962 ], [ -78.308556048999947, -7.107088227999952 ], [ -78.308476670999937, -7.107077640999933 ], [ -78.308396666999954, -7.107074102999945 ], [ -78.308316662999971, -7.107077640999933 ] ] ] } },
{ "type": "Feature", "properties": { "Mz": "060105009200000", "UBIGEO": "060105", "AREA": "2", "CODCCPP": "0092", "ZONA": "00000", "MANZANA_ID": null, "MANZANA_A": null, "T_TOTAL": 172.0, "T_HOMBRES": 79.0, "T_MUJERES": 93.0, "LLAVE_MZS": "060105009200000", "contacto": "juan.suyo@geogpsperu.com", "descargar": "www.geogpsperu.com", "whatsapp": 931381206.0, "NOMBDEP": "CAJAMARCA", "NOMBPROV": "CAJAMARCA", "IDPROV": "0601", "ARCHIVO": "CAJAMARCA_CAJAMARCA_0601_Manzanas_Poblacion_JP_SuyoPomalia_geogpsperu_931381206" }, "geometry": { "type": "Polygon", "coordinates": [ [ [ -78.295138329999986, -7.104000974999963 ], [ -78.295058952999966, -7.104011561999926 ], [ -78.294980822999946, -7.104029115999936 ], [ -78.294904551999934, -7.104053498999974 ], [ -78.294830736999984, -7.104084519999958 ], [ -78.294759954999961, -7.104121935999956 ], [ -78.294692759999975, -7.10416545399994 ], [ -78.294629678999968, -7.104214733999981 ], [ -78.294571204999954, -7.104269390999946 ], [ -78.29451779599998, -7.104328995999936 ], [ -78.294469868999954, -7.104393082999934 ], [ -78.294427799999937, -7.104461149999963 ], [ -78.294391917999974, -7.104532664999965 ], [ -78.294362503999935, -7.104607066999961 ], [ -78.294339786999956, -7.104683775999945 ], [ -78.294323946999953, -7.104762189999974 ], [ -78.294315105999942, -7.104841694999948 ], [ -78.29431333399998, -7.104921669999953 ], [ -78.294318644999976, -7.105001487999971 ], [ -78.294330997999964, -7.105080524999948 ], [ -78.294350294999958, -7.105158161999952 ], [ -78.294376384999964, -7.105233791999979 ], [ -78.294409064999968, -7.105306821999932 ], [ -78.294448078999949, -7.105376680999939 ], [ -78.29449312099996, -7.105442822999976 ], [ -78.294543838999971, -7.10550472999995 ], [ -78.294599834999985, -7.105561916999932 ], [ -78.294660671999964, -7.105613935999941 ], [ -78.294725873999937, -7.10566038099995 ], [ -78.294794929999966, -7.105700887999944 ], [ -78.294867298999975, -7.105735139999979 ], [ -78.294942415999969, -7.105762868999932 ], [ -78.295019691999983, -7.105783857999938 ], [ -78.295098522999979, -7.10579794299997 ], [ -78.295178291999946, -7.105805011999962 ], [ -78.295258373999957, -7.105805011999962 ], [ -78.295338142999981, -7.10579794299997 ], [ -78.295416973999977, -7.105783857999938 ], [ -78.295494249999933, -7.105762868999932 ], [ -78.295569366999985, -7.105735139999979 ], [ -78.295641735999936, -7.105700887999944 ], [ -78.295710791999966, -7.10566038099995 ], [ -78.295775993999939, -7.105613935999941 ], [ -78.295836830999974, -7.105561916999932 ], [ -78.295892826999989, -7.10550472999995 ], [ -78.295943544999943, -7.105442822999976 ], [ -78.295988586999954, -7.105376680999939 ], [ -78.296027600999935, -7.105306821999932 ], [ -78.296060280999939, -7.105233791999979 ], [ -78.296086370999944, -7.105158161999952 ], [ -78.296105667999939, -7.105080524999948 ], [ -78.296118020999984, -7.105001487999971 ], [ -78.296123331999979, -7.104921669999953 ], [ -78.29612155999996, -7.104841694999948 ], [ -78.29611271899995, -7.104762189999974 ], [ -78.296096878999947, -7.104683775999945 ], [ -78.296074161999968, -7.104607066999961 ], [ -78.296044747999986, -7.104532664999965 ], [ -78.296008865999966, -7.104461149999963 ], [ -78.295966796999949, -7.104393082999934 ], [ -78.29591886999998, -7.104328995999936 ], [ -78.295865460999948, -7.104269390999946 ], [ -78.295806986999935, -7.104214733999981 ], [ -78.295743905999984, -7.10416545399994 ], [ -78.295676710999942, -7.104121935999956 ], [ -78.295605928999976, -7.104084519999958 ], [ -78.295532113999968, -7.104053498999974 ], [ -78.295455842999957, -7.104029115999936 ], [ -78.295377712999937, -7.104011561999926 ], [ -78.295298335999973, -7.104000974999963 ], [ -78.29521833299998, -7.103997435999929 ], [ -78.295138329999986, -7.104000974999963 ] ] ] } },
{ "type": "Feature", "properties": { "Mz": "060105009600000", "UBIGEO": "060105", "AREA": "2", "CODCCPP": "0096", "ZONA": "00000", "MANZANA_ID": null, "MANZANA_A": null, "T_TOTAL": 129.0, "T_HOMBRES": 56.0, "T_MUJERES": 73.0, "LLAVE_MZS": "060105009600000", "contacto": "juan.suyo@geogpsperu.com", "descargar": "www.geogpsperu.com", "whatsapp": 931381206.0, "NOMBDEP": "CAJAMARCA", "NOMBPROV": "CAJAMARCA", "IDPROV": "0601", "ARCHIVO": "CAJAMARCA_CAJAMARCA_0601_Manzanas_Poblacion_JP_SuyoPomalia_geogpsperu_931381206" }, "geometry": { "type": "Polygon", "coordinates": [ [ [ -78.32952832999996, -7.103179307999937 ], [ -78.32944895299994, -7.103189894999957 ], [ -78.329370822999977, -7.103207448999967 ], [ -78.329294551999965, -7.103231831999949 ], [ -78.329220736999957, -7.103262852999933 ], [ -78.329149955999981, -7.103300268999931 ], [ -78.329082760999938, -7.103343786999972 ], [ -78.329019679999988, -7.103393066999956 ], [ -78.328961205999974, -7.103447723999977 ], [ -78.328907796999943, -7.103507328999967 ], [ -78.328859869999974, -7.103571415999966 ], [ -78.328817800999957, -7.103639482999938 ], [ -78.328781918999937, -7.10371099799994 ], [ -78.328752504999954, -7.103785399999936 ], [ -78.328729788999965, -7.103862108999976 ], [ -78.328713947999972, -7.103940522999949 ], [ -78.328705107999951, -7.104020027999979 ], [ -78.328703336, -7.104100002999928 ], [ -78.328708646999985, -7.104179820999946 ], [ -78.328720998999984, -7.10425885799998 ], [ -78.328740295999978, -7.104336494999927 ], [ -78.328766386999973, -7.104412124999953 ], [ -78.328799066999977, -7.104485154999963 ], [ -78.328838079999969, -7.10455501499996 ], [ -78.328883121999979, -7.104621155999951 ], [ -78.328933839999934, -7.104683062999925 ], [ -78.328989835999948, -7.104740249999963 ], [ -78.329050672999983, -7.104792268999972 ], [ -78.329115874999957, -7.104838713999925 ], [ -78.329184930999986, -7.104879220999976 ], [ -78.329257299999938, -7.104913472999954 ], [ -78.329332416999989, -7.104941201999964 ], [ -78.329409692999945, -7.10496219099997 ], [ -78.329488523999942, -7.104976275999945 ], [ -78.329568291999976, -7.104983345999926 ], [ -78.329648373999987, -7.104983345999926 ], [ -78.329728141999965, -7.104976275999945 ], [ -78.329806972999961, -7.10496219099997 ], [ -78.329884248999974, -7.104941201999964 ], [ -78.329959365999969, -7.104913472999954 ], [ -78.330031734999977, -7.104879220999976 ], [ -78.33010079099995, -7.104838713999925 ], [ -78.33016599299998, -7.104792268999972 ], [ -78.330226829999958, -7.104740249999963 ], [ -78.330282825999973, -7.104683062999925 ], [ -78.330333543999984, -7.104621155999951 ], [ -78.330378585999938, -7.10455501499996 ], [ -78.330417598999986, -7.104485154999963 ], [ -78.330450278999933, -7.104412124999953 ], [ -78.330476369999985, -7.104336494999927 ], [ -78.33049566699998, -7.10425885799998 ], [ -78.330508018999979, -7.104179820999946 ], [ -78.330513329999974, -7.104100002999928 ], [ -78.330511557999955, -7.104020027999979 ], [ -78.330502717999934, -7.103940522999949 ], [ -78.330486876999942, -7.103862108999976 ], [ -78.330464160999952, -7.103785399999936 ], [ -78.33043474699997, -7.10371099799994 ], [ -78.33039886499995, -7.103639482999938 ], [ -78.330356796, -7.103571415999966 ], [ -78.330308868999964, -7.103507328999967 ], [ -78.330255459999989, -7.103447723999977 ], [ -78.330196985999976, -7.103393066999956 ], [ -78.330133904999968, -7.103343786999972 ], [ -78.330066709999983, -7.103300268999931 ], [ -78.329995928999949, -7.103262852999933 ], [ -78.329922113999942, -7.103231831999949 ], [ -78.329845842999987, -7.103207448999967 ], [ -78.329767712999967, -7.103189894999957 ], [ -78.329688335999947, -7.103179307999937 ], [ -78.329608332999953, -7.103175768999961 ], [ -78.32952832999996, -7.103179307999937 ] ] ] } },
{ "type": "Feature", "properties": { "Mz": "060105009700000", "UBIGEO": "060105", "AREA": "2", "CODCCPP": "0097", "ZONA": "00000", "MANZANA_ID": null, "MANZANA_A": null, "T_TOTAL": 84.0, "T_HOMBRES": 49.0, "T_MUJERES": 35.0, "LLAVE_MZS": "060105009700000", "contacto": "juan.suyo@geogpsperu.com", "descargar": "www.geogpsperu.com", "whatsapp": 931381206.0, "NOMBDEP": "CAJAMARCA", "NOMBPROV": "CAJAMARCA", "IDPROV": "0601", "ARCHIVO": "CAJAMARCA_CAJAMARCA_0601_Manzanas_Poblacion_JP_SuyoPomalia_geogpsperu_931381206" }, "geometry": { "type": "Polygon", "coordinates": [ [ [ -78.245739983999954, -7.102789282999936 ], [ -78.245660606999934, -7.102799869999956 ], [ -78.245582476999971, -7.102817423999966 ], [ -78.245506206999949, -7.102841806999947 ], [ -78.245432391999941, -7.102872827999931 ], [ -78.245361609999975, -7.102910243999929 ], [ -78.245294415999979, -7.10295376199997 ], [ -78.245231334999971, -7.103003041999955 ], [ -78.245172860999958, -7.103057698999976 ], [ -78.245119451999983, -7.103117303999966 ], [ -78.245071524999958, -7.103181390999964 ], [ -78.245029455999941, -7.103249457999937 ], [ -78.244993573999977, -7.103320972999938 ], [ -78.244964159999938, -7.103395374999934 ], [ -78.244941443999949, -7.103472083999975 ], [ -78.244925602999956, -7.103550497999947 ], [ -78.244916761999946, -7.103630002999978 ], [ -78.244914990999973, -7.103709977999927 ], [ -78.244920301999969, -7.103789795999944 ], [ -78.244932653999967, -7.103868832999979 ], [ -78.244951950999962, -7.103946469999926 ], [ -78.244978041999957, -7.104022099999952 ], [ -78.245010721999961, -7.104095129999962 ], [ -78.245049734999952, -7.104164989999958 ], [ -78.245094776999963, -7.104231130999949 ], [ -78.245145493999985, -7.10429303799998 ], [ -78.245201490999989, -7.104350224999962 ], [ -78.245262327999967, -7.104402243999971 ], [ -78.245327528999951, -7.10444868899998 ], [ -78.24539658499998, -7.104489195999975 ], [ -78.245468953999989, -7.104523447999952 ], [ -78.245544070999983, -7.104551176999962 ], [ -78.24562134699994, -7.104572165999969 ], [ -78.245700177999936, -7.104586250999944 ], [ -78.245779945999971, -7.104593320999925 ], [ -78.245860027999981, -7.104593320999925 ], [ -78.245939795999959, -7.104586250999944 ], [ -78.246018626999955, -7.104572165999969 ], [ -78.246095902999969, -7.104551176999962 ], [ -78.246171019999963, -7.104523447999952 ], [ -78.246243388999972, -7.104489195999975 ], [ -78.246312444999944, -7.10444868899998 ], [ -78.246377645999985, -7.104402243999971 ], [ -78.246438482999963, -7.104350224999962 ], [ -78.246494479999967, -7.10429303799998 ], [ -78.246545196999989, -7.104231130999949 ], [ -78.246590238999943, -7.104164989999958 ], [ -78.246629251999934, -7.104095129999962 ], [ -78.246661931999938, -7.104022099999952 ], [ -78.246688022999933, -7.103946469999926 ], [ -78.246707319999985, -7.103868832999979 ], [ -78.246719671999983, -7.103789795999944 ], [ -78.246724982999979, -7.103709977999927 ], [ -78.246723211999949, -7.103630002999978 ], [ -78.246714370999939, -7.103550497999947 ], [ -78.246698529999946, -7.103472083999975 ], [ -78.246675813999957, -7.103395374999934 ], [ -78.246646399999975, -7.103320972999938 ], [ -78.246610517999954, -7.103249457999937 ], [ -78.246568448999938, -7.103181390999964 ], [ -78.246520521999969, -7.103117303999966 ], [ -78.246467112999937, -7.103057698999976 ], [ -78.246408638999981, -7.103003041999955 ], [ -78.246345557999973, -7.10295376199997 ], [ -78.246278363999977, -7.102910243999929 ], [ -78.246207581999954, -7.102872827999931 ], [ -78.246133766999947, -7.102841806999947 ], [ -78.246057496999981, -7.102817423999966 ], [ -78.245979366999961, -7.102799869999956 ], [ -78.245899989999941, -7.102789282999936 ], [ -78.245819986999948, -7.102785743999959 ], [ -78.245739983999954, -7.102789282999936 ] ] ] } },
{ "type": "Feature", "properties": { "Mz": "060105009000000", "UBIGEO": "060105", "AREA": "2", "CODCCPP": "0090", "ZONA": "00000", "MANZANA_ID": null, "MANZANA_A": null, "T_TOTAL": 192.0, "T_HOMBRES": 82.0, "T_MUJERES": 110.0, "LLAVE_MZS": "060105009000000", "contacto": "juan.suyo@geogpsperu.com", "descargar": "www.geogpsperu.com", "whatsapp": 931381206.0, "NOMBDEP": "CAJAMARCA", "NOMBPROV": "CAJAMARCA", "IDPROV": "0601", "ARCHIVO": "CAJAMARCA_CAJAMARCA_0601_Manzanas_Poblacion_JP_SuyoPomalia_geogpsperu_931381206" }, "geometry": { "type": "Polygon", "coordinates": [ [ [ -78.310616664999941, -7.095634307999944 ], [ -78.310537288999967, -7.095644894999964 ], [ -78.310459160999983, -7.095662448999974 ], [ -78.310382890999961, -7.095686831999956 ], [ -78.310309077999989, -7.09571785199995 ], [ -78.310238296999955, -7.095755267999948 ], [ -78.310171103999949, -7.095798786999978 ], [ -78.310108023999987, -7.095848066999963 ], [ -78.310049550999963, -7.095902723999927 ], [ -78.309996141999989, -7.095962328999974 ], [ -78.309948216999942, -7.096026414999926 ], [ -78.309906147999982, -7.096094482999945 ], [ -78.309870266999951, -7.096165996999957 ], [ -78.309840852999969, -7.096240399999942 ], [ -78.309818136999979, -7.096317108999926 ], [ -78.309802296999976, -7.096395521999966 ], [ -78.309793455999966, -7.096475027999929 ], [ -78.309791684999936, -7.096555002999935 ], [ -78.309796995999989, -7.096634820999952 ], [ -78.309809347999987, -7.09671385799993 ], [ -78.309828644999982, -7.096791494999934 ], [ -78.309854734999988, -7.09686712499996 ], [ -78.309887413999945, -7.09694015499997 ], [ -78.309926426999937, -7.097010014999967 ], [ -78.309971467999958, -7.097076156999947 ], [ -78.31002218499998, -7.097138062999932 ], [ -78.310078179999948, -7.09719524999997 ], [ -78.310139015999937, -7.097247269999968 ], [ -78.310204216999978, -7.097293714999978 ], [ -78.310273270999971, -7.097334221999972 ], [ -78.31034563999998, -7.09736847399995 ], [ -78.310420754999939, -7.09739620299996 ], [ -78.310498029999962, -7.097417190999977 ], [ -78.310576859999969, -7.097431275999952 ], [ -78.310656626999958, -7.097438345999933 ], [ -78.310736707, -7.097438345999933 ], [ -78.310816473999978, -7.097431275999952 ], [ -78.310895303999985, -7.097417190999977 ], [ -78.310972578999952, -7.09739620299996 ], [ -78.311047693999967, -7.09736847399995 ], [ -78.311120062999976, -7.097334221999972 ], [ -78.311189116999969, -7.097293714999978 ], [ -78.311254317999953, -7.097247269999968 ], [ -78.311315153999942, -7.09719524999997 ], [ -78.311371148999967, -7.097138062999932 ], [ -78.311421865999989, -7.097076156999947 ], [ -78.311466906999954, -7.097010014999967 ], [ -78.311505919999945, -7.09694015499997 ], [ -78.31153859899996, -7.09686712499996 ], [ -78.311564688999965, -7.096791494999934 ], [ -78.31158398599996, -7.09671385799993 ], [ -78.311596337999958, -7.096634820999952 ], [ -78.311601648999954, -7.096555002999935 ], [ -78.311599877999981, -7.096475027999929 ], [ -78.311591036999971, -7.096395521999966 ], [ -78.311575196999968, -7.096317108999926 ], [ -78.311552480999978, -7.096240399999942 ], [ -78.311523066999939, -7.096165996999957 ], [ -78.311487185999965, -7.096094482999945 ], [ -78.311445116999948, -7.096026414999926 ], [ -78.311397191999959, -7.095962328999974 ], [ -78.311343782999984, -7.095902723999927 ], [ -78.31128530999996, -7.095848066999963 ], [ -78.311222229999942, -7.095798786999978 ], [ -78.311155036999935, -7.095755267999948 ], [ -78.311084255999958, -7.09571785199995 ], [ -78.311010442999986, -7.095686831999956 ], [ -78.310934172999964, -7.095662448999974 ], [ -78.31085604499998, -7.095644894999964 ], [ -78.310776668999949, -7.095634307999944 ], [ -78.310696666999945, -7.095630768999968 ], [ -78.310616664999941, -7.095634307999944 ] ] ] } },
{ "type": "Feature", "properties": { "Mz": "060105009100000", "UBIGEO": "060105", "AREA": "2", "CODCCPP": "0091", "ZONA": "00000", "MANZANA_ID": null, "MANZANA_A": null, "T_TOTAL": 47.0, "T_HOMBRES": 20.0, "T_MUJERES": 27.0, "LLAVE_MZS": "060105009100000", "contacto": "juan.suyo@geogpsperu.com", "descargar": "www.geogpsperu.com", "whatsapp": 931381206.0, "NOMBDEP": "CAJAMARCA", "NOMBPROV": "CAJAMARCA", "IDPROV": "0601", "ARCHIVO": "CAJAMARCA_CAJAMARCA_0601_Manzanas_Poblacion_JP_SuyoPomalia_geogpsperu_931381206" }, "geometry": { "type": "Polygon", "coordinates": [ [ [ -78.295764998999971, -7.090862639999955 ], [ -78.295685623999987, -7.090873227999964 ], [ -78.295607495999946, -7.090890781999974 ], [ -78.295531227999959, -7.090915163999966 ], [ -78.295457414999987, -7.09094618499995 ], [ -78.295386634999943, -7.090983600999948 ], [ -78.295319441999936, -7.091027119999978 ], [ -78.295256362999964, -7.091076399999963 ], [ -78.295197890999987, -7.091131055999938 ], [ -78.295144482999945, -7.091190660999928 ], [ -78.295096556999965, -7.091254747999926 ], [ -78.295054488999938, -7.091322815999945 ], [ -78.295018607999964, -7.091394329999957 ], [ -78.294989194999971, -7.091468732999942 ], [ -78.294966478999982, -7.091545441999926 ], [ -78.294950638999978, -7.091623854999966 ], [ -78.294941798999957, -7.091703360999929 ], [ -78.294940026999939, -7.091783335999935 ], [ -78.294945337999934, -7.091863153999952 ], [ -78.29495769, -7.09194219099993 ], [ -78.294976985999938, -7.092019827999934 ], [ -78.295003075999944, -7.09209545799996 ], [ -78.295035754999958, -7.09216848799997 ], [ -78.295074767999949, -7.092238347999967 ], [ -78.295119808999971, -7.092304489999947 ], [ -78.295170524999946, -7.092366395999932 ], [ -78.295226519999972, -7.09242358299997 ], [ -78.295287354999971, -7.092475602999968 ], [ -78.295352554999965, -7.092522047999978 ], [ -78.295421608999959, -7.092562554999972 ], [ -78.295493975999989, -7.09259680699995 ], [ -78.295569090999948, -7.09262453599996 ], [ -78.295646364999982, -7.092645524999966 ], [ -78.295725193999942, -7.092659608999952 ], [ -78.295804959999941, -7.092666678999933 ], [ -78.295885039999973, -7.092666678999933 ], [ -78.295964805999972, -7.092659608999952 ], [ -78.296043635, -7.092645524999966 ], [ -78.296120908999967, -7.09262453599996 ], [ -78.296196023999983, -7.09259680699995 ], [ -78.296268390999955, -7.092562554999972 ], [ -78.296337444999949, -7.092522047999978 ], [ -78.296402644999944, -7.092475602999968 ], [ -78.296463479999943, -7.09242358299997 ], [ -78.296519474999968, -7.092366395999932 ], [ -78.296570190999944, -7.092304489999947 ], [ -78.296615231999965, -7.092238347999967 ], [ -78.296654244999957, -7.09216848799997 ], [ -78.296686923999971, -7.09209545799996 ], [ -78.296713013999977, -7.092019827999934 ], [ -78.296732309999982, -7.09194219099993 ], [ -78.296744661999981, -7.091863153999952 ], [ -78.296749972999976, -7.091783335999935 ], [ -78.296748200999957, -7.091703360999929 ], [ -78.296739360999936, -7.091623854999966 ], [ -78.296723521, -7.091545441999926 ], [ -78.296700804999944, -7.091468732999942 ], [ -78.296671391999951, -7.091394329999957 ], [ -78.296635510999977, -7.091322815999945 ], [ -78.296593442999949, -7.091254747999926 ], [ -78.29654551699997, -7.091190660999928 ], [ -78.296492108999985, -7.091131055999938 ], [ -78.29643363699995, -7.091076399999963 ], [ -78.296370557999978, -7.091027119999978 ], [ -78.296303364999972, -7.090983600999948 ], [ -78.296232584999984, -7.09094618499995 ], [ -78.296158771999956, -7.090915163999966 ], [ -78.296082503999969, -7.090890781999974 ], [ -78.296004375999985, -7.090873227999964 ], [ -78.295925000999944, -7.090862639999955 ], [ -78.295845, -7.090859101999968 ], [ -78.295764998999971, -7.090862639999955 ] ] ] } },
{ "type": "Feature", "properties": { "Mz": "060105008600000", "UBIGEO": "060105", "AREA": "2", "CODCCPP": "0086", "ZONA": "00000", "MANZANA_ID": null, "MANZANA_A": null, "T_TOTAL": 246.0, "T_HOMBRES": 114.0, "T_MUJERES": 132.0, "LLAVE_MZS": "060105008600000", "contacto": "juan.suyo@geogpsperu.com", "descargar": "www.geogpsperu.com", "whatsapp": 931381206.0, "NOMBDEP": "CAJAMARCA", "NOMBPROV": "CAJAMARCA", "IDPROV": "0601", "ARCHIVO": "CAJAMARCA_CAJAMARCA_0601_Manzanas_Poblacion_JP_SuyoPomalia_geogpsperu_931381206" }, "geometry": { "type": "Polygon", "coordinates": [ [ [ -78.265209998999978, -7.088597639999932 ], [ -78.265130624999983, -7.088608227999941 ], [ -78.265052497999989, -7.088625781999951 ], [ -78.264976228999956, -7.088650163999944 ], [ -78.264902415999984, -7.088681184999928 ], [ -78.264831636999986, -7.088718600999925 ], [ -78.264764444999969, -7.088762119999956 ], [ -78.26470136599994, -7.08881139999994 ], [ -78.264642893999962, -7.088866055999972 ], [ -78.264589485999977, -7.088925660999962 ], [ -78.264541560999987, -7.08898974799996 ], [ -78.26449949299996, -7.089057814999933 ], [ -78.264463611999986, -7.089129329999935 ], [ -78.264434198999936, -7.089203732999977 ], [ -78.264411482999947, -7.089280441999961 ], [ -78.264395644, -7.089358854999944 ], [ -78.264386802999979, -7.089438360999964 ], [ -78.264385030999961, -7.089518335999969 ], [ -78.264390341999956, -7.08959815399993 ], [ -78.264402693999955, -7.089677190999964 ], [ -78.264421990999949, -7.089754827999968 ], [ -78.264448079999966, -7.089830457999938 ], [ -78.26448075899998, -7.089903487999948 ], [ -78.264519771999971, -7.089973347999944 ], [ -78.264564811999946, -7.090039489999981 ], [ -78.264615527999979, -7.090101395999966 ], [ -78.264671522999947, -7.090158582999948 ], [ -78.264732357999947, -7.090210602999946 ], [ -78.264797556999952, -7.090257047999955 ], [ -78.264866610999945, -7.09029755499995 ], [ -78.264938977999975, -7.090331806999927 ], [ -78.265014091999944, -7.090359535999937 ], [ -78.265091365999979, -7.090380524999944 ], [ -78.26517019399995, -7.090394608999929 ], [ -78.265249959999949, -7.090401678999967 ], [ -78.265330039999981, -7.090401678999967 ], [ -78.26540980599998, -7.090394608999929 ], [ -78.265488633999951, -7.090380524999944 ], [ -78.265565907999985, -7.090359535999937 ], [ -78.265641021999954, -7.090331806999927 ], [ -78.265713388999984, -7.09029755499995 ], [ -78.265782442999978, -7.090257047999955 ], [ -78.265847641999983, -7.090210602999946 ], [ -78.265908476999982, -7.090158582999948 ], [ -78.265964471999951, -7.090101395999966 ], [ -78.266015187999983, -7.090039489999981 ], [ -78.266060227999958, -7.089973347999944 ], [ -78.266099240999949, -7.089903487999948 ], [ -78.266131919999964, -7.089830457999938 ], [ -78.26615800899998, -7.089754827999968 ], [ -78.266177305999975, -7.089677190999964 ], [ -78.266189657999973, -7.08959815399993 ], [ -78.266194968999969, -7.089518335999969 ], [ -78.26619319699995, -7.089438360999964 ], [ -78.26618435599994, -7.089358854999944 ], [ -78.266168516999983, -7.089280441999961 ], [ -78.266145800999936, -7.089203732999977 ], [ -78.266116387999944, -7.089129329999935 ], [ -78.26608050699997, -7.089057814999933 ], [ -78.266038438999942, -7.08898974799996 ], [ -78.265990513999952, -7.088925660999962 ], [ -78.265937105999967, -7.088866055999972 ], [ -78.265878633999989, -7.08881139999994 ], [ -78.265815554999961, -7.088762119999956 ], [ -78.265748362999943, -7.088718600999925 ], [ -78.265677583999945, -7.088681184999928 ], [ -78.265603770999974, -7.088650163999944 ], [ -78.265527501999941, -7.088625781999951 ], [ -78.265449374999946, -7.088608227999941 ], [ -78.265370000999951, -7.088597639999932 ], [ -78.26529, -7.088594101999945 ], [ -78.265209998999978, -7.088597639999932 ] ] ] } },
{ "type": "Feature", "properties": { "Mz": "060105008700000", "UBIGEO": "060105", "AREA": "2", "CODCCPP": "0087", "ZONA": "00000", "MANZANA_ID": null, "MANZANA_A": null, "T_TOTAL": 115.0, "T_HOMBRES": 59.0, "T_MUJERES": 56.0, "LLAVE_MZS": "060105008700000", "contacto": "juan.suyo@geogpsperu.com", "descargar": "www.geogpsperu.com", "whatsapp": 931381206.0, "NOMBDEP": "CAJAMARCA", "NOMBPROV": "CAJAMARCA", "IDPROV": "0601", "ARCHIVO": "CAJAMARCA_CAJAMARCA_0601_Manzanas_Poblacion_JP_SuyoPomalia_geogpsperu_931381206" }, "geometry": { "type": "Polygon", "coordinates": [ [ [ -78.317873331999976, -7.088002640999946 ], [ -78.317793957999982, -7.088013228999955 ], [ -78.317715830999987, -7.088030782999965 ], [ -78.317639562999943, -7.088055164999957 ], [ -78.317565749999972, -7.088086185999941 ], [ -78.317494970999974, -7.088123601999939 ], [ -78.317427778999956, -7.088167120999969 ], [ -78.317364699999985, -7.088216400999954 ], [ -78.31730622799995, -7.088271056999929 ], [ -78.317252819999965, -7.088330661999976 ], [ -78.317204894999975, -7.088394748999974 ], [ -78.317162826999947, -7.088462815999947 ], [ -78.317126945999973, -7.088534330999948 ], [ -78.317097532999981, -7.088608733999934 ], [ -78.31707481799998, -7.088685442999974 ], [ -78.317058977999977, -7.088763855999957 ], [ -78.317050136999967, -7.088843361999977 ], [ -78.317048365999938, -7.088923336999926 ], [ -78.317053677, -7.089003154999943 ], [ -78.317066027999942, -7.089082191999978 ], [ -78.317085324999937, -7.089159828999925 ], [ -78.317111414999943, -7.089235458999951 ], [ -78.317144092999968, -7.089308488999961 ], [ -78.317183105999959, -7.089378348999958 ], [ -78.317228145999934, -7.089444490999938 ], [ -78.317278861999966, -7.08950639699998 ], [ -78.317334856999935, -7.089563583999961 ], [ -78.317395691999934, -7.08961560399996 ], [ -78.317460890999939, -7.089662048999969 ], [ -78.317529943999943, -7.089702555999963 ], [ -78.317602310999973, -7.089736807999941 ], [ -78.317677425999989, -7.089764536999951 ], [ -78.317754698999977, -7.089785525999957 ], [ -78.317833527999937, -7.089799609999943 ], [ -78.317913292999947, -7.089806679999981 ], [ -78.317993372999979, -7.089806679999981 ], [ -78.318073137999988, -7.089799609999943 ], [ -78.318151966999949, -7.089785525999957 ], [ -78.318229239999937, -7.089764536999951 ], [ -78.318304354999952, -7.089736807999941 ], [ -78.318376721999982, -7.089702555999963 ], [ -78.318445774999986, -7.089662048999969 ], [ -78.318510973999935, -7.08961560399996 ], [ -78.318571808999934, -7.089563583999961 ], [ -78.318627803999959, -7.08950639699998 ], [ -78.318678519999935, -7.089444490999938 ], [ -78.318723559999967, -7.089378348999958 ], [ -78.318762572999958, -7.089308488999961 ], [ -78.318795250999983, -7.089235458999951 ], [ -78.318821340999989, -7.089159828999925 ], [ -78.318840637999983, -7.089082191999978 ], [ -78.318852988999936, -7.089003154999943 ], [ -78.318858299999988, -7.088923336999926 ], [ -78.318856528999959, -7.088843361999977 ], [ -78.318847687999948, -7.088763855999957 ], [ -78.318831847999945, -7.088685442999974 ], [ -78.318809132999945, -7.088608733999934 ], [ -78.318779719999952, -7.088534330999948 ], [ -78.318743838999978, -7.088462815999947 ], [ -78.318701770999951, -7.088394748999974 ], [ -78.318653845999961, -7.088330661999976 ], [ -78.318600437999976, -7.088271056999929 ], [ -78.318541965999941, -7.088216400999954 ], [ -78.318478886999969, -7.088167120999969 ], [ -78.318411694999952, -7.088123601999939 ], [ -78.318340915999954, -7.088086185999941 ], [ -78.318267102999982, -7.088055164999957 ], [ -78.318190834999939, -7.088030782999965 ], [ -78.318112707999944, -7.088013228999955 ], [ -78.318033333999949, -7.088002640999946 ], [ -78.317953332999934, -7.087999102999959 ], [ -78.317873331999976, -7.088002640999946 ] ] ] } },
{ "type": "Feature", "properties": { "Mz": "060105007400000", "UBIGEO": "060105", "AREA": "2", "CODCCPP": "0074", "ZONA": "00000", "MANZANA_ID": null, "MANZANA_A": null, "T_TOTAL": 61.0, "T_HOMBRES": 34.0, "T_MUJERES": 27.0, "LLAVE_MZS": "060105007400000", "contacto": "juan.suyo@geogpsperu.com", "descargar": "www.geogpsperu.com", "whatsapp": 931381206.0, "NOMBDEP": "CAJAMARCA", "NOMBPROV": "CAJAMARCA", "IDPROV": "0601", "ARCHIVO": "CAJAMARCA_CAJAMARCA_0601_Manzanas_Poblacion_JP_SuyoPomalia_geogpsperu_931381206" }, "geometry": { "type": "Polygon", "coordinates": [ [ [ -78.321401667999965, -7.080555973999935 ], [ -78.321322294999959, -7.080566560999955 ], [ -78.321244168999954, -7.080584114999965 ], [ -78.321167901999956, -7.080608497999947 ], [ -78.321094089999974, -7.080639518999931 ], [ -78.321023311999966, -7.080676934999929 ], [ -78.320956120999938, -7.080720452999969 ], [ -78.320893042999955, -7.080769733999944 ], [ -78.320834571999967, -7.080824389999975 ], [ -78.320781164999971, -7.080883994999965 ], [ -78.320733240999971, -7.080948081999964 ], [ -78.320691174, -7.081016148999936 ], [ -78.320655293999948, -7.081087663999938 ], [ -78.320625880999955, -7.08116206699998 ], [ -78.320603165999955, -7.081238775999964 ], [ -78.320587325999952, -7.081317188999947 ], [ -78.320578485999988, -7.081396694999967 ], [ -78.320576713999969, -7.081476669999972 ], [ -78.320582024999965, -7.081556487999933 ], [ -78.320594376999964, -7.081635524999967 ], [ -78.320613672999968, -7.081713161999971 ], [ -78.320639761999985, -7.081788791999941 ], [ -78.320672439999953, -7.081861821999951 ], [ -78.320711451999955, -7.081931681999947 ], [ -78.320756491999987, -7.081997823999927 ], [ -78.320807206999973, -7.082059730999958 ], [ -78.320863199999962, -7.082116916999951 ], [ -78.320924034999962, -7.082168936999949 ], [ -78.320989232999978, -7.082215381999958 ], [ -78.321058284999935, -7.082255888999953 ], [ -78.321130650999976, -7.08229014099993 ], [ -78.321205763999956, -7.08231786999994 ], [ -78.321283036999944, -7.082338858999947 ], [ -78.321361862999936, -7.082352942999933 ], [ -78.321441627999945, -7.08236001299997 ], [ -78.321521705999942, -7.08236001299997 ], [ -78.321601470999951, -7.082352942999933 ], [ -78.321680296999943, -7.082338858999947 ], [ -78.321757569999988, -7.08231786999994 ], [ -78.321832682999968, -7.08229014099993 ], [ -78.321905048999952, -7.082255888999953 ], [ -78.321974100999967, -7.082215381999958 ], [ -78.322039298999982, -7.082168936999949 ], [ -78.322100133999982, -7.082116916999951 ], [ -78.322156126999971, -7.082059730999958 ], [ -78.322206841999957, -7.081997823999927 ], [ -78.322251881999989, -7.081931681999947 ], [ -78.322290893999934, -7.081861821999951 ], [ -78.322323571999959, -7.081788791999941 ], [ -78.322349660999976, -7.081713161999971 ], [ -78.322368956999981, -7.081635524999967 ], [ -78.322381308999979, -7.081556487999933 ], [ -78.322386619999975, -7.081476669999972 ], [ -78.322384847999956, -7.081396694999967 ], [ -78.322376007999935, -7.081317188999947 ], [ -78.322360167999989, -7.081238775999964 ], [ -78.322337452999989, -7.08116206699998 ], [ -78.322308039999939, -7.081087663999938 ], [ -78.322272159999955, -7.081016148999936 ], [ -78.322230092999973, -7.080948081999964 ], [ -78.322182168999973, -7.080883994999965 ], [ -78.322128761999977, -7.080824389999975 ], [ -78.322070290999989, -7.080769733999944 ], [ -78.322007212999949, -7.080720452999969 ], [ -78.321940021999978, -7.080676934999929 ], [ -78.32186924399997, -7.080639518999931 ], [ -78.321795431999988, -7.080608497999947 ], [ -78.321719164999934, -7.080584114999965 ], [ -78.321641038999985, -7.080566560999955 ], [ -78.32156166599998, -7.080555973999935 ], [ -78.321481666999944, -7.080552435999948 ], [ -78.321401667999965, -7.080555973999935 ] ] ] } },
{ "type": "Feature", "properties": { "Mz": "060105000100100026A", "UBIGEO": "060105", "AREA": "1", "CODCCPP": "0001", "ZONA": "00100", "MANZANA_ID": "026", "MANZANA_A": "A", "T_TOTAL": 50.0, "T_HOMBRES": 25.0, "T_MUJERES": 25.0, "LLAVE_MZS": "060105000100100026A", "contacto": "juan.suyo@geogpsperu.com", "descargar": "www.geogpsperu.com", "whatsapp": 931381206.0, "NOMBDEP": "CAJAMARCA", "NOMBPROV": "CAJAMARCA", "IDPROV": "0601", "ARCHIVO": "CAJAMARCA_CAJAMARCA_0601_Manzanas_Poblacion_JP_SuyoPomalia_geogpsperu_931381206" }, "geometry": { "type": "Polygon", "coordinates": [ [ [ -78.34528464899995, -7.089516294999953 ], [ -78.345427982, -7.089490835999925 ], [ -78.345615233999979, -7.089453124999977 ], [ -78.345830077999949, -7.08940039099997 ], [ -78.346043677999944, -7.089338639999937 ], [ -78.345977797999979, -7.089116936999972 ], [ -78.345967771999938, -7.089064352999969 ], [ -78.345967771999938, -7.089011768999967 ], [ -78.34597206799998, -7.088970554999946 ], [ -78.345993548999957, -7.088917970999944 ], [ -78.34602935199996, -7.088846911999951 ], [ -78.346069450999948, -7.088767324999935 ], [ -78.346083983999961, -7.088732421999964 ], [ -78.346093749999966, -7.088691405999953 ], [ -78.346091796999985, -7.08862890599994 ], [ -78.346076171999982, -7.088568358999964 ], [ -78.34606249999996, -7.08853320299994 ], [ -78.346035155999971, -7.088480468999933 ], [ -78.345980468999983, -7.088382811999963 ], [ -78.345906249999985, -7.088271483999961 ], [ -78.345828839999967, -7.08816434299996 ], [ -78.34558984399996, -7.08825 ], [ -78.345431640999948, -7.088314452999953 ], [ -78.345280336999963, -7.088378945999978 ], [ -78.345296874999974, -7.088476561999926 ], [ -78.345306124, -7.088636581999936 ], [ -78.345294921999937, -7.088976561999971 ], [ -78.345285155999989, -7.08923828099995 ], [ -78.345268894999947, -7.08950634699994 ], [ -78.34528464899995, -7.089516294999953 ] ] ] } },
{ "type": "Feature", "properties": { "Mz": "060105008300000", "UBIGEO": "060105", "AREA": "2", "CODCCPP": "0083", "ZONA": "00000", "MANZANA_ID": null, "MANZANA_A": null, "T_TOTAL": 186.0, "T_HOMBRES": 82.0, "T_MUJERES": 104.0, "LLAVE_MZS": "060105008300000", "contacto": "juan.suyo@geogpsperu.com", "descargar": "www.geogpsperu.com", "whatsapp": 931381206.0, "NOMBDEP": "CAJAMARCA", "NOMBPROV": "CAJAMARCA", "IDPROV": "0601", "ARCHIVO": "CAJAMARCA_CAJAMARCA_0601_Manzanas_Poblacion_JP_SuyoPomalia_geogpsperu_931381206" }, "geometry": { "type": "Polygon", "coordinates": [ [ [ -78.353289998999969, -7.087815973999966 ], [ -78.353210624999974, -7.087826561999975 ], [ -78.353132497999979, -7.087844115999928 ], [ -78.353056229999936, -7.087868497999978 ], [ -78.352982416999964, -7.087899518999961 ], [ -78.352911637999966, -7.087936934999959 ], [ -78.352844445999949, -7.087980453999933 ], [ -78.352781366999977, -7.088029733999974 ], [ -78.352722894999943, -7.088084389999949 ], [ -78.352669486999957, -7.088143994999939 ], [ -78.352621561999968, -7.088208081999937 ], [ -78.352579494999986, -7.088276148999967 ], [ -78.352543613999956, -7.088347663999969 ], [ -78.352514199999973, -7.088422066999954 ], [ -78.352491484999973, -7.088498775999938 ], [ -78.35247564499997, -7.088577188999977 ], [ -78.352466804999949, -7.088656694999941 ], [ -78.352465032999987, -7.088736669999946 ], [ -78.352470343999983, -7.088816487999964 ], [ -78.352482695999981, -7.088895524999941 ], [ -78.352501991999986, -7.088973161999945 ], [ -78.352528081999935, -7.089048791999971 ], [ -78.35256076099995, -7.089121821999981 ], [ -78.352599772999952, -7.089191681999978 ], [ -78.352644812999984, -7.089257823999958 ], [ -78.352695528999959, -7.089319729999943 ], [ -78.352751523999984, -7.089376916999981 ], [ -78.352812358999984, -7.08942893699998 ], [ -78.352877557999989, -7.089475381999932 ], [ -78.352946611999982, -7.089515888999927 ], [ -78.353018978999955, -7.089550140999961 ], [ -78.353094092999982, -7.089577869999971 ], [ -78.35317136599997, -7.089598858999977 ], [ -78.353250194999987, -7.089612942999963 ], [ -78.35332995999994, -7.089620012999944 ], [ -78.353410039999972, -7.089620012999944 ], [ -78.353489804999981, -7.089612942999963 ], [ -78.353568633999942, -7.089598858999977 ], [ -78.353645906999986, -7.089577869999971 ], [ -78.353721020999956, -7.089550140999961 ], [ -78.353793387999985, -7.089515888999927 ], [ -78.353862441999979, -7.089475381999932 ], [ -78.353927640999984, -7.08942893699998 ], [ -78.353988475999984, -7.089376916999981 ], [ -78.354044470999952, -7.089319729999943 ], [ -78.354095186999984, -7.089257823999958 ], [ -78.354140226999959, -7.089191681999978 ], [ -78.354179238999961, -7.089121821999981 ], [ -78.354211917999976, -7.089048791999971 ], [ -78.354238007999982, -7.088973161999945 ], [ -78.354257303999987, -7.088895524999941 ], [ -78.354269655999985, -7.088816487999964 ], [ -78.354274966999981, -7.088736669999946 ], [ -78.354273194999962, -7.088656694999941 ], [ -78.354264354999941, -7.088577188999977 ], [ -78.354248514999938, -7.088498775999938 ], [ -78.354225799999938, -7.088422066999954 ], [ -78.354196385999956, -7.088347663999969 ], [ -78.354160504999982, -7.088276148999967 ], [ -78.354118437999944, -7.088208081999937 ], [ -78.354070512999954, -7.088143994999939 ], [ -78.354017104999969, -7.088084389999949 ], [ -78.353958632999934, -7.088029733999974 ], [ -78.353895553999962, -7.087980453999933 ], [ -78.353828361999945, -7.087936934999959 ], [ -78.353757582999947, -7.087899518999961 ], [ -78.353683769999975, -7.087868497999978 ], [ -78.353607501999988, -7.087844115999928 ], [ -78.353529374999937, -7.087826561999975 ], [ -78.353450000999942, -7.087815973999966 ], [ -78.35337, -7.087812435999979 ], [ -78.353289998999969, -7.087815973999966 ] ] ] } },
{ "type": "Feature", "properties": { "Mz": "060105000100100026B", "UBIGEO": "060105", "AREA": "1", "CODCCPP": "0001", "ZONA": "00100", "MANZANA_ID": "026", "MANZANA_A": "B", "T_TOTAL": 38.0, "T_HOMBRES": 15.0, "T_MUJERES": 23.0, "LLAVE_MZS": "060105000100100026B", "contacto": "juan.suyo@geogpsperu.com", "descargar": "www.geogpsperu.com", "whatsapp": 931381206.0, "NOMBDEP": "CAJAMARCA", "NOMBPROV": "CAJAMARCA", "IDPROV": "0601", "ARCHIVO": "CAJAMARCA_CAJAMARCA_0601_Manzanas_Poblacion_JP_SuyoPomalia_geogpsperu_931381206" }, "geometry": { "type": "Polygon", "coordinates": [ [ [ -78.346310485999936, -7.08961682599994 ], [ -78.346414615999947, -7.089516529999969 ], [ -78.346481176999987, -7.089400268999952 ], [ -78.346515593999982, -7.089320078999947 ], [ -78.346560485999987, -7.089205732999972 ], [ -78.34657993899998, -7.089132967999944 ], [ -78.346597894999945, -7.089015651999944 ], [ -78.346596398999964, -7.088991891999967 ], [ -78.346581433999972, -7.088960706999956 ], [ -78.346550007999952, -7.088928037999949 ], [ -78.346482667999965, -7.088884972999949 ], [ -78.346452738999972, -7.088849332999928 ], [ -78.34641383099995, -7.088792902999955 ], [ -78.346385397999939, -7.088706772999956 ], [ -78.346352474999946, -7.088634007999929 ], [ -78.346198982999965, -7.088351330999956 ], [ -78.346145560999958, -7.088240394999957 ], [ -78.346120120999956, -7.088169114999971 ], [ -78.346058764999952, -7.088050314999975 ], [ -78.345988428999988, -7.087722127999939 ], [ -78.345909472999949, -7.087723596999979 ], [ -78.345671538999966, -7.087806759999978 ], [ -78.346035212999936, -7.08838474199996 ], [ -78.346116375999941, -7.088553420999972 ], [ -78.346133220999945, -7.088606607999964 ], [ -78.346134752999944, -7.088702344999945 ], [ -78.346122502999947, -7.088757051999949 ], [ -78.346078094999939, -7.088851268999974 ], [ -78.346022967999943, -7.088953084999957 ], [ -78.346006123999985, -7.089006271999949 ], [ -78.346002681999948, -7.089040889999978 ], [ -78.346010338999974, -7.089095595999936 ], [ -78.346030246999987, -7.089160939999942 ], [ -78.346116003999953, -7.089379765999979 ], [ -78.346138973999985, -7.089445109999929 ], [ -78.346171132999984, -7.089489178999941 ], [ -78.34626454499994, -7.08957883599993 ], [ -78.346310485999936, -7.08961682599994 ] ] ] } },
{ "type": "Feature", "properties": { "Mz": "060105000100100024", "UBIGEO": "060105", "AREA": "1", "CODCCPP": "0001", "ZONA": "00100", "MANZANA_ID": "024", "MANZANA_A": null, "T_TOTAL": 31.0, "T_HOMBRES": 14.0, "T_MUJERES": 17.0, "LLAVE_MZS": "060105000100100024", "contacto": "juan.suyo@geogpsperu.com", "descargar": "www.geogpsperu.com", "whatsapp": 931381206.0, "NOMBDEP": "CAJAMARCA", "NOMBPROV": "CAJAMARCA", "IDPROV": "0601", "ARCHIVO": "CAJAMARCA_CAJAMARCA_0601_Manzanas_Poblacion_JP_SuyoPomalia_geogpsperu_931381206" }, "geometry": { "type": "Polygon", "coordinates": [ [ [ -78.344701145999977, -7.088574788999949 ], [ -78.344721365999987, -7.088571247999937 ], [ -78.34482841099998, -7.088537018999943 ], [ -78.345158770999944, -7.088402145999964 ], [ -78.345085026999982, -7.088140119999935 ], [ -78.345060048999983, -7.088070482999967 ], [ -78.344937499999958, -7.08782421899997 ], [ -78.34493514899998, -7.087822025999969 ], [ -78.344611937999957, -7.088022408999961 ], [ -78.34460351599995, -7.08805664099998 ], [ -78.34456436399995, -7.088236043999927 ], [ -78.344554849999952, -7.088342270999931 ], [ -78.344558417999963, -7.088396564999925 ], [ -78.344567932999951, -7.088420170999939 ], [ -78.344582205999984, -7.088453218999973 ], [ -78.344602425999938, -7.088495709999961 ], [ -78.344625024999971, -7.088529937999965 ], [ -78.344651191999958, -7.088552363999952 ], [ -78.344676168999968, -7.088564166999959 ], [ -78.344701145999977, -7.088574788999949 ] ] ] } },
{ "type": "Feature", "properties": { "Mz": "060105000100100023", "UBIGEO": "060105", "AREA": "1", "CODCCPP": "0001", "ZONA": "00100", "MANZANA_ID": "023", "MANZANA_A": null, "T_TOTAL": 31.0, "T_HOMBRES": 14.0, "T_MUJERES": 17.0, "LLAVE_MZS": "060105000100100023", "contacto": "juan.suyo@geogpsperu.com", "descargar": "www.geogpsperu.com", "whatsapp": 931381206.0, "NOMBDEP": "CAJAMARCA", "NOMBPROV": "CAJAMARCA", "IDPROV": "0601", "ARCHIVO": "CAJAMARCA_CAJAMARCA_0601_Manzanas_Poblacion_JP_SuyoPomalia_geogpsperu_931381206" }, "geometry": { "type": "Polygon", "coordinates": [ [ [ -78.345276125999987, -7.088346599999966 ], [ -78.345818358999963, -7.088134765999939 ], [ -78.34558141399998, -7.08772952299995 ], [ -78.345521985999937, -7.087629066999966 ], [ -78.345496278999974, -7.087560509999946 ], [ -78.345493064999971, -7.087507895999977 ], [ -78.345491457999969, -7.087461658999928 ], [ -78.34549788399994, -7.087415422999925 ], [ -78.345509129999982, -7.087358024999958 ], [ -78.345526802999984, -7.087308599999972 ], [ -78.345566968999947, -7.087259173999939 ], [ -78.345736944999942, -7.087132412999949 ], [ -78.345797213999958, -7.087081147999982 ], [ -78.345823043999985, -7.087036717999979 ], [ -78.345841985999982, -7.086990578999973 ], [ -78.345859204999954, -7.086925641999926 ], [ -78.345857482999975, -7.08690684499993 ], [ -78.345845428999951, -7.086901718999968 ], [ -78.345819598999981, -7.086905136999974 ], [ -78.34578860299996, -7.086929060999978 ], [ -78.345707669999967, -7.087002541999937 ], [ -78.345633623999959, -7.087052098999948 ], [ -78.345564744999933, -7.087094820999937 ], [ -78.345447473999968, -7.087138641999957 ], [ -78.345249730999967, -7.087205507999954 ], [ -78.345166891999952, -7.087229657999956 ], [ -78.345057640999983, -7.087272706999954 ], [ -78.344861634999972, -7.087389927999936 ], [ -78.345068125999944, -7.08782040799997 ], [ -78.345140624999942, -7.087978515999964 ], [ -78.345229251999967, -7.088183798999978 ], [ -78.345276125999987, -7.088346599999966 ] ] ] } },
{ "type": "Feature", "properties": { "Mz": "060105000100100019", "UBIGEO": "060105", "AREA": "1", "CODCCPP": "0001", "ZONA": "00100", "MANZANA_ID": "019", "MANZANA_A": null, "T_TOTAL": 88.0, "T_HOMBRES": 44.0, "T_MUJERES": 44.0, "LLAVE_MZS": "060105000100100019", "contacto": "juan.suyo@geogpsperu.com", "descargar": "www.geogpsperu.com", "whatsapp": 931381206.0, "NOMBDEP": "CAJAMARCA", "NOMBPROV": "CAJAMARCA", "IDPROV": "0601", "ARCHIVO": "CAJAMARCA_CAJAMARCA_0601_Manzanas_Poblacion_JP_SuyoPomalia_geogpsperu_931381206" }, "geometry": { "type": "Polygon", "coordinates": [ [ [ -78.343569052999953, -7.088462801999981 ], [ -78.34360144599998, -7.088448749999941 ], [ -78.343661262999944, -7.088415281999971 ], [ -78.343778671999985, -7.088359034999939 ], [ -78.343966930999954, -7.088296759999935 ], [ -78.34413604599996, -7.088227016999952 ], [ -78.344261647999986, -7.088168907999943 ], [ -78.344395729999974, -7.088086448999945 ], [ -78.344452383999965, -7.088037723999946 ], [ -78.344476933999943, -7.088000242999954 ], [ -78.344482598999946, -7.087974005999968 ], [ -78.34448071099996, -7.087929028999952 ], [ -78.344459936999954, -7.087865310999973 ], [ -78.344402796999987, -7.087758448999978 ], [ -78.344247939999946, -7.087492334999979 ], [ -78.344172399999934, -7.087348033999945 ], [ -78.344034539999939, -7.087059429999954 ], [ -78.343812477999961, -7.086520103999931 ], [ -78.343431763999945, -7.08683990399993 ], [ -78.342792164999935, -7.087380517999975 ], [ -78.342778838999948, -7.08743762499995 ], [ -78.342858541999988, -7.087655278999932 ], [ -78.342913197999962, -7.087805936999928 ], [ -78.342947609999953, -7.087862181999981 ], [ -78.343008336999958, -7.08792847199993 ], [ -78.343125743999963, -7.088153452999961 ], [ -78.343145985999968, -7.088189610999962 ], [ -78.34319659199997, -7.088247864999971 ], [ -78.343255294999949, -7.088292057999979 ], [ -78.34338687099995, -7.088350310999942 ], [ -78.343463791999966, -7.088404547999971 ], [ -78.34354273799994, -7.088460792999967 ], [ -78.343569052999953, -7.088462801999981 ] ] ] } },
{ "type": "Feature", "properties": { "Mz": "060105000100100022", "UBIGEO": "060105", "AREA": "1", "CODCCPP": "0001", "ZONA": "00100", "MANZANA_ID": "022", "MANZANA_A": null, "T_TOTAL": 21.0, "T_HOMBRES": 9.0, "T_MUJERES": 12.0, "LLAVE_MZS": "060105000100100022", "contacto": "juan.suyo@geogpsperu.com", "descargar": "www.geogpsperu.com", "whatsapp": 931381206.0, "NOMBDEP": "CAJAMARCA", "NOMBPROV": "CAJAMARCA", "IDPROV": "0601", "ARCHIVO": "CAJAMARCA_CAJAMARCA_0601_Manzanas_Poblacion_JP_SuyoPomalia_geogpsperu_931381206" }, "geometry": { "type": "Polygon", "coordinates": [ [ [ -78.344849909999937, -7.08736124099994 ], [ -78.345030037999948, -7.087248173999967 ], [ -78.34549444299995, -7.087054351999939 ], [ -78.345555205999972, -7.087017741999944 ], [ -78.345609457999956, -7.086972516999936 ], [ -78.345696262999979, -7.086862685999961 ], [ -78.345392559999937, -7.086889564999979 ], [ -78.345317620999936, -7.086897001999944 ], [ -78.345203124999955, -7.086910155999931 ], [ -78.344981900999983, -7.086934190999955 ], [ -78.344945930999984, -7.086959474999958 ], [ -78.344719619999978, -7.087133489999928 ], [ -78.344849909999937, -7.08736124099994 ] ] ] } },
{ "type": "Feature", "properties": { "Mz": "060105000100100020", "UBIGEO": "060105", "AREA": "1", "CODCCPP": "0001", "ZONA": "00100", "MANZANA_ID": "020", "MANZANA_A": null, "T_TOTAL": 38.0, "T_HOMBRES": 15.0, "T_MUJERES": 23.0, "LLAVE_MZS": "060105000100100020", "contacto": "juan.suyo@geogpsperu.com", "descargar": "www.geogpsperu.com", "whatsapp": 931381206.0, "NOMBDEP": "CAJAMARCA", "NOMBPROV": "CAJAMARCA", "IDPROV": "0601", "ARCHIVO": "CAJAMARCA_CAJAMARCA_0601_Manzanas_Poblacion_JP_SuyoPomalia_geogpsperu_931381206" }, "geometry": { "type": "Polygon", "coordinates": [ [ [ -78.344609147999961, -7.088002271999926 ], [ -78.344917437999982, -7.087793151999961 ], [ -78.344813530999943, -7.087559211999974 ], [ -78.344689058999961, -7.087307814999974 ], [ -78.344509663999986, -7.087020781999968 ], [ -78.344420336999974, -7.086868199999969 ], [ -78.344260314999985, -7.086634151999931 ], [ -78.344203204999985, -7.086573119999969 ], [ -78.343999658999962, -7.086390021999932 ], [ -78.343759502999944, -7.08619239099994 ], [ -78.34375, -7.086195311999973 ], [ -78.343749056999968, -7.086201516999949 ], [ -78.34377767999996, -7.086293760999979 ], [ -78.343882700999984, -7.08653843299993 ], [ -78.344004008999946, -7.086825790999967 ], [ -78.344074779999971, -7.086973703999945 ], [ -78.344141322999974, -7.087125215999947 ], [ -78.344252196999946, -7.087363386999925 ], [ -78.344342198999982, -7.087525186999926 ], [ -78.344399591999945, -7.087630033999972 ], [ -78.34448959499997, -7.087769829999957 ], [ -78.344609147999961, -7.088002271999926 ] ] ] } },
{ "type": "Feature", "properties": { "Mz": "060105000100100015B", "UBIGEO": "060105", "AREA": "1", "CODCCPP": "0001", "ZONA": "00100", "MANZANA_ID": "015", "MANZANA_A": "B", "T_TOTAL": 40.0, "T_HOMBRES": 21.0, "T_MUJERES": 19.0, "LLAVE_MZS": "060105000100100015B", "contacto": "juan.suyo@geogpsperu.com", "descargar": "www.geogpsperu.com", "whatsapp": 931381206.0, "NOMBDEP": "CAJAMARCA", "NOMBPROV": "CAJAMARCA", "IDPROV": "0601", "ARCHIVO": "CAJAMARCA_CAJAMARCA_0601_Manzanas_Poblacion_JP_SuyoPomalia_geogpsperu_931381206" }, "geometry": { "type": "Polygon", "coordinates": [ [ [ -78.345600016999981, -7.086809650999953 ], [ -78.345691460999944, -7.086811067999975 ], [ -78.345831485999952, -7.086809648999974 ], [ -78.345864348999953, -7.086816737999925 ], [ -78.345882923999966, -7.086828080999965 ], [ -78.345892925999976, -7.086846513999944 ], [ -78.345904355999949, -7.086884797999971 ], [ -78.345907213999965, -7.086921662999941 ], [ -78.345908642999973, -7.086955692999936 ], [ -78.345897212999944, -7.086995393999928 ], [ -78.345861131999982, -7.087064541999951 ], [ -78.345785404999958, -7.087165213999981 ], [ -78.345611089999977, -7.087318348999929 ], [ -78.345562892999965, -7.087357733999966 ], [ -78.345535885999936, -7.087411336999935 ], [ -78.345526789999951, -7.087451632999944 ], [ -78.345529648999957, -7.087528199999952 ], [ -78.345532505999984, -7.087552303999928 ], [ -78.345538221999959, -7.087579244999972 ], [ -78.345546794999962, -7.087599094999973 ], [ -78.345563940999966, -7.087628870999936 ], [ -78.345591494999951, -7.087670986999967 ], [ -78.345663478999938, -7.087779457999943 ], [ -78.345756832999939, -7.087753644999964 ], [ -78.345853992999935, -7.087722450999934 ], [ -78.345952741999952, -7.087684211999942 ], [ -78.345966071999953, -7.087670983999942 ], [ -78.345971403999954, -7.087653786999965 ], [ -78.346022954999967, -7.08719384699998 ], [ -78.346056997999938, -7.086894600999926 ], [ -78.346083746999966, -7.086689472999979 ], [ -78.346100769999964, -7.086624313999948 ], [ -78.346131771999978, -7.086537109999938 ], [ -78.346165355999972, -7.086460650999925 ], [ -78.346196964999933, -7.086384190999979 ], [ -78.346218694999948, -7.086303810999937 ], [ -78.346222645999944, -7.086248917999967 ], [ -78.346212767999987, -7.086192062999942 ], [ -78.346171278999975, -7.086039145999962 ], [ -78.346119912999939, -7.085939160999942 ], [ -78.346088302999988, -7.085896029999958 ], [ -78.346050766999952, -7.085854859999927 ], [ -78.346017181999969, -7.085823492999964 ], [ -78.345961864999936, -7.085788203999925 ], [ -78.345890743999973, -7.085752915999933 ], [ -78.345831476999933, -7.085739192999938 ], [ -78.34578406299994, -7.085729390999973 ], [ -78.345683307999934, -7.085737233999964 ], [ -78.345570699999939, -7.085782325999958 ], [ -78.345497603999945, -7.085799970999972 ], [ -78.345735246999936, -7.08607583099996 ], [ -78.345743149999976, -7.086089554999944 ], [ -78.345749076999937, -7.086111120999931 ], [ -78.345749076999937, -7.086130725999965 ], [ -78.34574512599994, -7.086156213999971 ], [ -78.345625, -7.086513671999967 ], [ -78.345607421999944, -7.086515624999947 ], [ -78.345580655999981, -7.086586095999962 ], [ -78.345580656999971, -7.086713531999976 ], [ -78.345582632999935, -7.086778229999936 ], [ -78.345582870999976, -7.08679830799997 ], [ -78.345585728999936, -7.086806814999932 ], [ -78.345600016999981, -7.086809650999953 ] ] ] } },
{ "type": "Feature", "properties": { "Mz": "060105000100100018", "UBIGEO": "060105", "AREA": "1", "CODCCPP": "0001", "ZONA": "00100", "MANZANA_ID": "018", "MANZANA_A": null, "T_TOTAL": 27.0, "T_HOMBRES": 15.0, "T_MUJERES": 12.0, "LLAVE_MZS": "060105000100100018", "contacto": "juan.suyo@geogpsperu.com", "descargar": "www.geogpsperu.com", "whatsapp": 931381206.0, "NOMBDEP": "CAJAMARCA", "NOMBPROV": "CAJAMARCA", "IDPROV": "0601", "ARCHIVO": "CAJAMARCA_CAJAMARCA_0601_Manzanas_Poblacion_JP_SuyoPomalia_geogpsperu_931381206" }, "geometry": { "type": "Polygon", "coordinates": [ [ [ -78.343581327999971, -7.08604960699995 ], [ -78.343157715999951, -7.085663957999941 ], [ -78.342720356999962, -7.08611848399994 ], [ -78.342462890999968, -7.08641601599993 ], [ -78.342401172999985, -7.086485790999973 ], [ -78.342388032999963, -7.086501240999951 ], [ -78.342385677999971, -7.086519961999954 ], [ -78.342439050999985, -7.086706192999941 ], [ -78.34242699899994, -7.08682749899998 ], [ -78.342416650999951, -7.086932613999977 ], [ -78.342404599999952, -7.087074421999944 ], [ -78.342375330999971, -7.08719401999997 ], [ -78.342363278999983, -7.087315325999953 ], [ -78.342371887999946, -7.087351204999948 ], [ -78.34238566099998, -7.087397334999935 ], [ -78.342420094999966, -7.08745371699996 ], [ -78.342435590999969, -7.087467384999968 ], [ -78.342444198999942, -7.087469093999971 ], [ -78.342459693999956, -7.087462259999938 ], [ -78.342495849999978, -7.087440048999952 ], [ -78.342552664999971, -7.087397334999935 ], [ -78.342566438999938, -7.087387083999943 ], [ -78.342588820999936, -7.087393917999975 ], [ -78.342687588, -7.087486998999964 ], [ -78.342759684999976, -7.087407761999941 ], [ -78.342784430999984, -7.087365883999951 ], [ -78.343051168999978, -7.087138644999925 ], [ -78.343804272999989, -7.086496525999962 ], [ -78.343581327999971, -7.08604960699995 ] ] ] } },
{ "type": "Feature", "properties": { "Mz": "060105000100100021A", "UBIGEO": "060105", "AREA": "1", "CODCCPP": "0001", "ZONA": "00100", "MANZANA_ID": "021", "MANZANA_A": "A", "T_TOTAL": 35.0, "T_HOMBRES": 20.0, "T_MUJERES": 15.0, "LLAVE_MZS": "060105000100100021A", "contacto": "juan.suyo@geogpsperu.com", "descargar": "www.geogpsperu.com", "whatsapp": 931381206.0, "NOMBDEP": "CAJAMARCA", "NOMBPROV": "CAJAMARCA", "IDPROV": "0601", "ARCHIVO": "CAJAMARCA_CAJAMARCA_0601_Manzanas_Poblacion_JP_SuyoPomalia_geogpsperu_931381206" }, "geometry": { "type": "Polygon", "coordinates": [ [ [ -78.344666612999958, -7.087067417999947 ], [ -78.34493299899998, -7.086883703999945 ], [ -78.344880858999943, -7.086800780999965 ], [ -78.344570979999958, -7.086369910999963 ], [ -78.344471254999974, -7.086242479999953 ], [ -78.344208962999971, -7.085833071999957 ], [ -78.343837357999973, -7.086148264999963 ], [ -78.344021483999938, -7.086306640999965 ], [ -78.344183593999958, -7.086455077999972 ], [ -78.344314125999972, -7.086571227999968 ], [ -78.344516340999974, -7.086809842999969 ], [ -78.344666612999958, -7.087067417999947 ] ] ] } },
{ "type": "Feature", "properties": { "Mz": "060105000100100015C", "UBIGEO": "060105", "AREA": "1", "CODCCPP": "0001", "ZONA": "00100", "MANZANA_ID": "015", "MANZANA_A": "C", "T_TOTAL": 25.0, "T_HOMBRES": 12.0, "T_MUJERES": 13.0, "LLAVE_MZS": "060105000100100015C", "contacto": "juan.suyo@geogpsperu.com", "descargar": "www.geogpsperu.com", "whatsapp": 931381206.0, "NOMBDEP": "CAJAMARCA", "NOMBPROV": "CAJAMARCA", "IDPROV": "0601", "ARCHIVO": "CAJAMARCA_CAJAMARCA_0601_Manzanas_Poblacion_JP_SuyoPomalia_geogpsperu_931381206" }, "geometry": { "type": "Polygon", "coordinates": [ [ [ -78.345585936999953, -7.086474608999936 ], [ -78.345712890999948, -7.086105468999961 ], [ -78.345537108999963, -7.085906249999937 ], [ -78.345531249999965, -7.085882811999966 ], [ -78.345476561999988, -7.08580468699995 ], [ -78.345447265999951, -7.085777343999951 ], [ -78.34542578099996, -7.085765624999965 ], [ -78.345289061999949, -7.086265624999953 ], [ -78.345585936999953, -7.086474608999936 ] ] ] } },
{ "type": "Feature", "properties": { "Mz": "060105000100100012", "UBIGEO": "060105", "AREA": "1", "CODCCPP": "0001", "ZONA": "00100", "MANZANA_ID": "012", "MANZANA_A": null, "T_TOTAL": 60.0, "T_HOMBRES": 26.0, "T_MUJERES": 34.0, "LLAVE_MZS": "060105000100100012", "contacto": "juan.suyo@geogpsperu.com", "descargar": "www.geogpsperu.com", "whatsapp": 931381206.0, "NOMBDEP": "CAJAMARCA", "NOMBPROV": "CAJAMARCA", "IDPROV": "0601", "ARCHIVO": "CAJAMARCA_CAJAMARCA_0601_Manzanas_Poblacion_JP_SuyoPomalia_geogpsperu_931381206" }, "geometry": { "type": "Polygon", "coordinates": [ [ [ -78.342355930999986, -7.086453185999972 ], [ -78.342488880999952, -7.086294570999939 ], [ -78.342556164999962, -7.086212777999947 ], [ -78.342777343999956, -7.085972655999967 ], [ -78.342927909999958, -7.085810485999957 ], [ -78.343138671999952, -7.085628905999954 ], [ -78.342838756999981, -7.085333075999927 ], [ -78.342580077999969, -7.085615233999931 ], [ -78.34217578099998, -7.086050780999926 ], [ -78.342126952999934, -7.086111327999959 ], [ -78.342121093999936, -7.086126952999962 ], [ -78.342125, -7.086140624999928 ], [ -78.342355930999986, -7.086453185999972 ] ] ] } },
{ "type": "Feature", "properties": { "Mz": "060105000100100015A", "UBIGEO": "060105", "AREA": "1", "CODCCPP": "0001", "ZONA": "00100", "MANZANA_ID": "015", "MANZANA_A": "A", "T_TOTAL": 111.0, "T_HOMBRES": 53.0, "T_MUJERES": 58.0, "LLAVE_MZS": "060105000100100015A", "contacto": "juan.suyo@geogpsperu.com", "descargar": "www.geogpsperu.com", "whatsapp": 931381206.0, "NOMBDEP": "CAJAMARCA", "NOMBPROV": "CAJAMARCA", "IDPROV": "0601", "ARCHIVO": "CAJAMARCA_CAJAMARCA_0601_Manzanas_Poblacion_JP_SuyoPomalia_geogpsperu_931381206" }, "geometry": { "type": "Polygon", "coordinates": [ [ [ -78.344301270999949, -7.085865018999925 ], [ -78.34436822899994, -7.085985537999932 ], [ -78.344470702999956, -7.086142577999965 ], [ -78.344541979999974, -7.086238655999978 ], [ -78.344691180999973, -7.086443625999948 ], [ -78.344761718999962, -7.086539061999929 ], [ -78.344916015999956, -7.086726561999967 ], [ -78.344964843999946, -7.086787108999943 ], [ -78.344996093999953, -7.086849608999955 ], [ -78.345013671999936, -7.086873046999926 ], [ -78.345035155999938, -7.086884765999969 ], [ -78.345054686999958, -7.08688867199993 ], [ -78.345283202999951, -7.086845702999938 ], [ -78.345527286999982, -7.086823586999969 ], [ -78.345539840999948, -7.086817357999962 ], [ -78.345546118999948, -7.086806455999977 ], [ -78.34555239599996, -7.086786211999936 ], [ -78.34554101599997, -7.086605468999949 ], [ -78.345558593999954, -7.086525390999952 ], [ -78.345361327999967, -7.086373046999938 ], [ -78.345263664999948, -7.08629848399994 ], [ -78.345254754999985, -7.086285852999936 ], [ -78.345252208999966, -7.086274483999944 ], [ -78.345252208999966, -7.086260589999938 ], [ -78.345363280999948, -7.085892577999971 ], [ -78.345380858999988, -7.085798827999952 ], [ -78.345396180999956, -7.085751607999953 ], [ -78.345323961999952, -7.085726895999926 ], [ -78.345175787999949, -7.085679942999946 ], [ -78.34514453099996, -7.085681640999951 ], [ -78.345083983999984, -7.085705077999933 ], [ -78.345042968999962, -7.085726561999934 ], [ -78.344967847999953, -7.085768909999956 ], [ -78.344930493999982, -7.085782502999962 ], [ -78.344878196999957, -7.085794859999965 ], [ -78.344794771999943, -7.085777560999929 ], [ -78.344748700999958, -7.085762733999957 ], [ -78.344706654999982, -7.085744804999933 ], [ -78.344669299999964, -7.085720092999964 ], [ -78.344623228999978, -7.085690437999972 ], [ -78.344592099999943, -7.085659546999977 ], [ -78.344570311999973, -7.085630858999934 ], [ -78.344546874999935, -7.085595702999967 ], [ -78.344519530999946, -7.085533202999954 ], [ -78.344501952999963, -7.085492186999943 ], [ -78.344481279999968, -7.085433423999973 ], [ -78.344453124999973, -7.085371093999981 ], [ -78.344431640999971, -7.085328124999933 ], [ -78.344402343999946, -7.085296874999926 ], [ -78.344326104999936, -7.085221109999964 ], [ -78.344295152999962, -7.085184695999942 ], [ -78.344263671999954, -7.08514843699993 ], [ -78.34422460899998, -7.085091796999961 ], [ -78.344187499999975, -7.085046874999932 ], [ -78.344158202999949, -7.085007811999958 ], [ -78.344051179999951, -7.084938901999976 ], [ -78.343939452999962, -7.084853515999953 ], [ -78.343898240999977, -7.084809632999963 ], [ -78.343866688999981, -7.084776029999944 ], [ -78.343794614999979, -7.084746890999952 ], [ -78.343736327999977, -7.084726561999958 ], [ -78.343653137999979, -7.08469920899995 ], [ -78.343607234999979, -7.084671592999939 ], [ -78.343593605999956, -7.084665227999949 ], [ -78.343579976999933, -7.084660454999948 ], [ -78.343567950999955, -7.084661249999954 ], [ -78.343557039999951, -7.084663447999958 ], [ -78.343503651999981, -7.084697884999969 ], [ -78.343640284999935, -7.084868349999965 ], [ -78.343718968999951, -7.084962048999955 ], [ -78.343807666999965, -7.08506852499994 ], [ -78.343955077999965, -7.085291015999928 ], [ -78.344099553999968, -7.085483126999975 ], [ -78.344187499999975, -7.085625 ], [ -78.344246093999971, -7.085744140999964 ], [ -78.344301270999949, -7.085865018999925 ] ] ] } },
{ "type": "Feature", "properties": { "Mz": "060105000100100017A", "UBIGEO": "060105", "AREA": "1", "CODCCPP": "0001", "ZONA": "00100", "MANZANA_ID": "017", "MANZANA_A": "A", "T_TOTAL": 6.0, "T_HOMBRES": 2.0, "T_MUJERES": 4.0, "LLAVE_MZS": "060105000100100017A", "contacto": "juan.suyo@geogpsperu.com", "descargar": "www.geogpsperu.com", "whatsapp": 931381206.0, "NOMBDEP": "CAJAMARCA", "NOMBPROV": "CAJAMARCA", "IDPROV": "0601", "ARCHIVO": "CAJAMARCA_CAJAMARCA_0601_Manzanas_Poblacion_JP_SuyoPomalia_geogpsperu_931381206" }, "geometry": { "type": "Polygon", "coordinates": [ [ [ -78.343817233999971, -7.086131983999962 ], [ -78.344083983999951, -7.085916015999942 ], [ -78.344206675999942, -7.085806346999959 ], [ -78.344107421999979, -7.085679686999981 ], [ -78.343977695999968, -7.085534388999974 ], [ -78.343882137999969, -7.085448506999967 ], [ -78.343787108999948, -7.08537890599996 ], [ -78.343671874999984, -7.085304686999962 ], [ -78.343537768999965, -7.08521948899994 ], [ -78.343343047999952, -7.085427037999978 ], [ -78.343211430999986, -7.085566596999968 ], [ -78.343208983999943, -7.08559179699995 ], [ -78.343548827999939, -7.085886718999973 ], [ -78.343597269999975, -7.085926226999959 ], [ -78.343817233999971, -7.086131983999962 ] ] ] } },
{ "type": "Feature", "properties": { "Mz": "060105000100100011", "UBIGEO": "060105", "AREA": "1", "CODCCPP": "0001", "ZONA": "00100", "MANZANA_ID": "011", "MANZANA_A": null, "T_TOTAL": 49.0, "T_HOMBRES": 27.0, "T_MUJERES": 22.0, "LLAVE_MZS": "060105000100100011", "contacto": "juan.suyo@geogpsperu.com", "descargar": "www.geogpsperu.com", "whatsapp": 931381206.0, "NOMBDEP": "CAJAMARCA", "NOMBPROV": "CAJAMARCA", "IDPROV": "0601", "ARCHIVO": "CAJAMARCA_CAJAMARCA_0601_Manzanas_Poblacion_JP_SuyoPomalia_geogpsperu_931381206" }, "geometry": { "type": "Polygon", "coordinates": [ [ [ -78.342097128999967, -7.086062478999963 ], [ -78.342391562999978, -7.085760497999956 ], [ -78.342600463999986, -7.085546662999946 ], [ -78.342802784999947, -7.085301813999934 ], [ -78.3425, -7.085021483999981 ], [ -78.342105468999989, -7.08549609399995 ], [ -78.341815851999968, -7.085850276999963 ], [ -78.34181420699997, -7.085861702999978 ], [ -78.34181420699997, -7.085876393999968 ], [ -78.341825721999953, -7.085895981999954 ], [ -78.342097128999967, -7.086062478999963 ] ] ] } },
{ "type": "Feature", "properties": { "Mz": "060105000100100006", "UBIGEO": "060105", "AREA": "1", "CODCCPP": "0001", "ZONA": "00100", "MANZANA_ID": "006", "MANZANA_A": null, "T_TOTAL": 65.0, "T_HOMBRES": 30.0, "T_MUJERES": 35.0, "LLAVE_MZS": "060105000100100006", "contacto": "juan.suyo@geogpsperu.com", "descargar": "www.geogpsperu.com", "whatsapp": 931381206.0, "NOMBDEP": "CAJAMARCA", "NOMBPROV": "CAJAMARCA", "IDPROV": "0601", "ARCHIVO": "CAJAMARCA_CAJAMARCA_0601_Manzanas_Poblacion_JP_SuyoPomalia_geogpsperu_931381206" }, "geometry": { "type": "Polygon", "coordinates": [ [ [ -78.341740233999985, -7.085882811999966 ], [ -78.342470702999947, -7.085 ], [ -78.342080077999981, -7.084652343999949 ], [ -78.341791015999945, -7.08500390599994 ], [ -78.341392577999954, -7.08547656199994 ], [ -78.341460936999965, -7.085722655999973 ], [ -78.341505858999938, -7.085767577999945 ], [ -78.341593749999959, -7.085818358999973 ], [ -78.341740233999985, -7.085882811999966 ] ] ] } },
{ "type": "Feature", "properties": { "Mz": "060105000100100013", "UBIGEO": "060105", "AREA": "1", "CODCCPP": "0001", "ZONA": "00100", "MANZANA_ID": "013", "MANZANA_A": null, "T_TOTAL": 24.0, "T_HOMBRES": 11.0, "T_MUJERES": 13.0, "LLAVE_MZS": "060105000100100013", "contacto": "juan.suyo@geogpsperu.com", "descargar": "www.geogpsperu.com", "whatsapp": 931381206.0, "NOMBDEP": "CAJAMARCA", "NOMBPROV": "CAJAMARCA", "IDPROV": "0601", "ARCHIVO": "CAJAMARCA_CAJAMARCA_0601_Manzanas_Poblacion_JP_SuyoPomalia_geogpsperu_931381206" }, "geometry": { "type": "Polygon", "coordinates": [ [ [ -78.343174807999958, -7.085544732999949 ], [ -78.343242186999987, -7.085478515999966 ], [ -78.343359987999975, -7.085368752999955 ], [ -78.343501225999944, -7.085197444999949 ], [ -78.343138711999984, -7.084928025999943 ], [ -78.342862511999954, -7.085292444999936 ], [ -78.343148129999975, -7.085533831999953 ], [ -78.343174807999958, -7.085544732999949 ] ] ] } },
{ "type": "Feature", "properties": { "Mz": "060105000100100014A", "UBIGEO": "060105", "AREA": "1", "CODCCPP": "0001", "ZONA": "00100", "MANZANA_ID": "014", "MANZANA_A": "A", "T_TOTAL": 16.0, "T_HOMBRES": 10.0, "T_MUJERES": 6.0, "LLAVE_MZS": "060105000100100014A", "contacto": "juan.suyo@geogpsperu.com", "descargar": "www.geogpsperu.com", "whatsapp": 931381206.0, "NOMBDEP": "CAJAMARCA", "NOMBPROV": "CAJAMARCA", "IDPROV": "0601", "ARCHIVO": "CAJAMARCA_CAJAMARCA_0601_Manzanas_Poblacion_JP_SuyoPomalia_geogpsperu_931381206" }, "geometry": { "type": "Polygon", "coordinates": [ [ [ -78.344138648999945, -7.085621020999952 ], [ -78.344085290999942, -7.085526023999932 ], [ -78.343885573999955, -7.085241770999971 ], [ -78.34384320199996, -7.085168575999944 ], [ -78.343788274999952, -7.085084479999978 ], [ -78.343591796999988, -7.08485742199997 ], [ -78.343474408999953, -7.084724734999952 ], [ -78.343259411999952, -7.084952106999935 ], [ -78.343368084999952, -7.085032550999927 ], [ -78.343519418999961, -7.085139626999933 ], [ -78.343647036999982, -7.08522619799993 ], [ -78.343803526999977, -7.085335218999944 ], [ -78.343870292999952, -7.085381191999943 ], [ -78.344057042999964, -7.085550940999951 ], [ -78.344138648999945, -7.085621020999952 ] ] ] } },
{ "type": "Feature", "properties": { "Mz": "060105000100100015D", "UBIGEO": "060105", "AREA": "1", "CODCCPP": "0001", "ZONA": "00100", "MANZANA_ID": "015", "MANZANA_A": "D", "T_TOTAL": 57.0, "T_HOMBRES": 24.0, "T_MUJERES": 33.0, "LLAVE_MZS": "060105000100100015D", "contacto": "juan.suyo@geogpsperu.com", "descargar": "www.geogpsperu.com", "whatsapp": 931381206.0, "NOMBDEP": "CAJAMARCA", "NOMBPROV": "CAJAMARCA", "IDPROV": "0601", "ARCHIVO": "CAJAMARCA_CAJAMARCA_0601_Manzanas_Poblacion_JP_SuyoPomalia_geogpsperu_931381206" }, "geometry": { "type": "Polygon", "coordinates": [ [ [ -78.343928954999967, -7.084782055999938 ], [ -78.34401367199996, -7.084882811999933 ], [ -78.344099608999954, -7.08493554699993 ], [ -78.344134358999952, -7.084947270999976 ], [ -78.344266264999987, -7.085083668999971 ], [ -78.344366025999989, -7.08501876899993 ], [ -78.344370458999947, -7.085037468999928 ], [ -78.34427513299994, -7.08510236799998 ], [ -78.344330077999984, -7.085177733999956 ], [ -78.344410596999978, -7.085259357999973 ], [ -78.344481577999943, -7.085356388999969 ], [ -78.344502474999956, -7.085394406999967 ], [ -78.344544921999955, -7.085492186999943 ], [ -78.344562499999938, -7.085552733999975 ], [ -78.344570311999973, -7.085582030999944 ], [ -78.344587890999946, -7.085609374999933 ], [ -78.34462304699997, -7.085650390999945 ], [ -78.344683593999946, -7.085699218999935 ], [ -78.344746093999959, -7.085732421999978 ], [ -78.344789061999961, -7.085748046999981 ], [ -78.344839843999978, -7.085751952999942 ], [ -78.34488476599995, -7.085753905999979 ], [ -78.344939452999938, -7.085740233999957 ], [ -78.345001952999951, -7.085712890999957 ], [ -78.345078671999943, -7.085662670999966 ], [ -78.345083533999968, -7.085649401999945 ], [ -78.345083533999968, -7.085624068999948 ], [ -78.345078671999943, -7.085596322999947 ], [ -78.345070161999956, -7.085574608999934 ], [ -78.345056789999944, -7.085556513999961 ], [ -78.345011811999939, -7.085531180999965 ], [ -78.344953461999978, -7.085515498999939 ], [ -78.344858643999942, -7.085511880999945 ], [ -78.344833517999973, -7.085526166999955 ], [ -78.344826950999959, -7.085514761999946 ], [ -78.344857565999973, -7.085444799999948 ], [ -78.344872922999969, -7.085364858999981 ], [ -78.344899193999936, -7.08531434799994 ], [ -78.344955077999941, -7.085275390999925 ], [ -78.344960936999939, -7.085253905999934 ], [ -78.344960936999939, -7.085150390999956 ], [ -78.344970702999944, -7.085126952999929 ], [ -78.344976350999957, -7.085091906999935 ], [ -78.344976538999958, -7.085045050999952 ], [ -78.344966497999962, -7.08498273899994 ], [ -78.344969781999964, -7.08492408099994 ], [ -78.344955003999985, -7.084832836999965 ], [ -78.344945152999969, -7.084823059999962 ], [ -78.344920523999974, -7.084818171999927 ], [ -78.344884401999934, -7.084806766999975 ], [ -78.344835143999944, -7.084777438999936 ], [ -78.34474976499996, -7.084748109999964 ], [ -78.344720209999934, -7.084748110999953 ], [ -78.34468241999997, -7.084743216999925 ], [ -78.344565844999977, -7.084757882999952 ], [ -78.344447626999965, -7.084772547999933 ], [ -78.344353515999956, -7.084556640999949 ], [ -78.344332874999964, -7.084501793999948 ], [ -78.344321380999986, -7.084485499999971 ], [ -78.34430660299995, -7.084475723999958 ], [ -78.344290183999988, -7.084477352999954 ], [ -78.344204802999968, -7.084549047999928 ], [ -78.344150411999976, -7.084606251999958 ], [ -78.344050459999949, -7.084702213999947 ], [ -78.343928954999967, -7.084782055999938 ] ] ] } },
{ "type": "Feature", "properties": { "Mz": "060105000100100007", "UBIGEO": "060105", "AREA": "1", "CODCCPP": "0001", "ZONA": "00100", "MANZANA_ID": "007", "MANZANA_A": null, "T_TOTAL": 16.0, "T_HOMBRES": 9.0, "T_MUJERES": 7.0, "LLAVE_MZS": "060105000100100007", "contacto": "juan.suyo@geogpsperu.com", "descargar": "www.geogpsperu.com", "whatsapp": 931381206.0, "NOMBDEP": "CAJAMARCA", "NOMBPROV": "CAJAMARCA", "IDPROV": "0601", "ARCHIVO": "CAJAMARCA_CAJAMARCA_0601_Manzanas_Poblacion_JP_SuyoPomalia_geogpsperu_931381206" }, "geometry": { "type": "Polygon", "coordinates": [ [ [ -78.342502304999982, -7.084962259999941 ], [ -78.342627731999983, -7.084806370999956 ], [ -78.342738546999954, -7.084643230999973 ], [ -78.342736110999965, -7.084617852999941 ], [ -78.342382965999946, -7.084349578999934 ], [ -78.342356175999953, -7.084347161999972 ], [ -78.342105320999963, -7.084609394999973 ], [ -78.342214843999955, -7.084714843999961 ], [ -78.342502304999982, -7.084962259999941 ] ] ] } },
{ "type": "Feature", "properties": { "Mz": "060105000100100004", "UBIGEO": "060105", "AREA": "1", "CODCCPP": "0001", "ZONA": "00100", "MANZANA_ID": "004", "MANZANA_A": null, "T_TOTAL": 21.0, "T_HOMBRES": 7.0, "T_MUJERES": 14.0, "LLAVE_MZS": "060105000100100004", "contacto": "juan.suyo@geogpsperu.com", "descargar": "www.geogpsperu.com", "whatsapp": 931381206.0, "NOMBDEP": "CAJAMARCA", "NOMBPROV": "CAJAMARCA", "IDPROV": "0601", "ARCHIVO": "CAJAMARCA_CAJAMARCA_0601_Manzanas_Poblacion_JP_SuyoPomalia_geogpsperu_931381206" }, "geometry": { "type": "Polygon", "coordinates": [ [ [ -78.340728225999953, -7.084391576999963 ], [ -78.340724859999966, -7.084416630999954 ], [ -78.34072654299996, -7.084453375999942 ], [ -78.340740007999955, -7.084483439999929 ], [ -78.340751788999967, -7.084493461999955 ], [ -78.34077535199998, -7.084505153999942 ], [ -78.340805647999957, -7.084505153999942 ], [ -78.340839309999978, -7.084501812999974 ], [ -78.340899900999943, -7.084490121999977 ], [ -78.340994154999976, -7.084466738999936 ], [ -78.341069893999986, -7.084453376999932 ], [ -78.341162463999979, -7.084448365999947 ], [ -78.341209590999938, -7.084448365999947 ], [ -78.341233153999951, -7.084461727999951 ], [ -78.341254309999954, -7.084491211999932 ], [ -78.341335099999981, -7.084596438999938 ], [ -78.341409156999987, -7.084676611999953 ], [ -78.341483214999982, -7.084763466999959 ], [ -78.341467820999981, -7.084828871999946 ], [ -78.341451375999952, -7.084941469999933 ], [ -78.341429998999956, -7.085187880999968 ], [ -78.341433286999973, -7.085272738999947 ], [ -78.341449730999955, -7.085310271999958 ], [ -78.341574218999938, -7.085173827999938 ], [ -78.341748046999953, -7.084945311999945 ], [ -78.342049944999985, -7.084615097999972 ], [ -78.341724608999982, -7.084335936999935 ], [ -78.341522913999938, -7.084184577999963 ], [ -78.341492616999972, -7.084222993999958 ], [ -78.341475786, -7.084222993999958 ], [ -78.341263712999989, -7.084062646999939 ], [ -78.341084749999936, -7.08394089899997 ], [ -78.340728225999953, -7.084391576999963 ] ] ] } },
{ "type": "Feature", "properties": { "Mz": "060105000100100009", "UBIGEO": "060105", "AREA": "1", "CODCCPP": "0001", "ZONA": "00100", "MANZANA_ID": "009", "MANZANA_A": null, "T_TOTAL": 7.0, "T_HOMBRES": 3.0, "T_MUJERES": 4.0, "LLAVE_MZS": "060105000100100009", "contacto": "juan.suyo@geogpsperu.com", "descargar": "www.geogpsperu.com", "whatsapp": 931381206.0, "NOMBDEP": "CAJAMARCA", "NOMBPROV": "CAJAMARCA", "IDPROV": "0601", "ARCHIVO": "CAJAMARCA_CAJAMARCA_0601_Manzanas_Poblacion_JP_SuyoPomalia_geogpsperu_931381206" }, "geometry": { "type": "Polygon", "coordinates": [ [ [ -78.343214501999967, -7.084909608999965 ], [ -78.343228633999956, -7.084908049999967 ], [ -78.343439043999979, -7.084691454999927 ], [ -78.343324416999963, -7.084524723999948 ], [ -78.343216070999972, -7.084328385999981 ], [ -78.343079460999945, -7.084231775999967 ], [ -78.343035155999985, -7.084291015999952 ], [ -78.342843927999979, -7.084624451999957 ], [ -78.343139130999987, -7.084858186999952 ], [ -78.343214501999967, -7.084909608999965 ] ] ] } },
{ "type": "Feature", "properties": { "Mz": "060105000100100005", "UBIGEO": "060105", "AREA": "1", "CODCCPP": "0001", "ZONA": "00100", "MANZANA_ID": "005", "MANZANA_A": null, "T_TOTAL": 37.0, "T_HOMBRES": 19.0, "T_MUJERES": 18.0, "LLAVE_MZS": "060105000100100005", "contacto": "juan.suyo@geogpsperu.com", "descargar": "www.geogpsperu.com", "whatsapp": 931381206.0, "NOMBDEP": "CAJAMARCA", "NOMBPROV": "CAJAMARCA", "IDPROV": "0601", "ARCHIVO": "CAJAMARCA_CAJAMARCA_0601_Manzanas_Poblacion_JP_SuyoPomalia_geogpsperu_931381206" }, "geometry": { "type": "Polygon", "coordinates": [ [ [ -78.342079073999969, -7.084588566999969 ], [ -78.342317900999944, -7.084309397999959 ], [ -78.341935546999935, -7.084060546999979 ], [ -78.341512044999945, -7.083777230999942 ], [ -78.341443180999988, -7.083847022999976 ], [ -78.34140429699994, -7.083912108999925 ], [ -78.341367186999946, -7.083998046999966 ], [ -78.341669921999937, -7.084232421999957 ], [ -78.34182812499995, -7.084369140999968 ], [ -78.342079073999969, -7.084588566999969 ] ] ] } },
{ "type": "Feature", "properties": { "Mz": "060105000100100008", "UBIGEO": "060105", "AREA": "1", "CODCCPP": "0001", "ZONA": "00100", "MANZANA_ID": "008", "MANZANA_A": null, "T_TOTAL": 57.0, "T_HOMBRES": 22.0, "T_MUJERES": 35.0, "LLAVE_MZS": "060105000100100008", "contacto": "juan.suyo@geogpsperu.com", "descargar": "www.geogpsperu.com", "whatsapp": 931381206.0, "NOMBDEP": "CAJAMARCA", "NOMBPROV": "CAJAMARCA", "IDPROV": "0601", "ARCHIVO": "CAJAMARCA_CAJAMARCA_0601_Manzanas_Poblacion_JP_SuyoPomalia_geogpsperu_931381206" }, "geometry": { "type": "Polygon", "coordinates": [ [ [ -78.342789474999961, -7.084584355999937 ], [ -78.342929235999975, -7.084350601999972 ], [ -78.343010893999974, -7.084193206999942 ], [ -78.342916672999934, -7.083876858999929 ], [ -78.342740792999962, -7.083749072999979 ], [ -78.342395316999955, -7.084288267999966 ], [ -78.342403167999976, -7.084308526999962 ], [ -78.342617186999973, -7.084466796999948 ], [ -78.342789474999961, -7.084584355999937 ] ] ] } },
{ "type": "Feature", "properties": { "Mz": "060105000100100001A", "UBIGEO": "060105", "AREA": "1", "CODCCPP": "0001", "ZONA": "00100", "MANZANA_ID": "001", "MANZANA_A": "A", "T_TOTAL": 60.0, "T_HOMBRES": 26.0, "T_MUJERES": 34.0, "LLAVE_MZS": "060105000100100001A", "contacto": "juan.suyo@geogpsperu.com", "descargar": "www.geogpsperu.com", "whatsapp": 931381206.0, "NOMBDEP": "CAJAMARCA", "NOMBPROV": "CAJAMARCA", "IDPROV": "0601", "ARCHIVO": "CAJAMARCA_CAJAMARCA_0601_Manzanas_Poblacion_JP_SuyoPomalia_geogpsperu_931381206" }, "geometry": { "type": "Polygon", "coordinates": [ [ [ -78.342841796999949, -7.082968749999964 ], [ -78.342847655999947, -7.083039061999955 ], [ -78.342837890999988, -7.083117186999971 ], [ -78.342822265999985, -7.08316406199998 ], [ -78.342804686999955, -7.083205077999935 ], [ -78.34275, -7.083324218999962 ], [ -78.342574218999971, -7.083533202999945 ], [ -78.34281640599994, -7.08370507799998 ], [ -78.342882811999971, -7.083767577999936 ], [ -78.342914061999977, -7.083794921999981 ], [ -78.342955077999989, -7.08380273399996 ], [ -78.342984374999958, -7.083828124999968 ], [ -78.343041015999972, -7.083914061999963 ], [ -78.343140625, -7.084085936999941 ], [ -78.343173827999976, -7.084167968999964 ], [ -78.343181640999944, -7.084187499999928 ], [ -78.34335546899996, -7.084464843999967 ], [ -78.343466796999962, -7.084644530999981 ], [ -78.343560546999981, -7.084617186999935 ], [ -78.343810546999975, -7.084710936999954 ], [ -78.343892577999952, -7.08474023399998 ], [ -78.343935546999944, -7.084718749999979 ], [ -78.343949218999967, -7.084718749999979 ], [ -78.344048075999979, -7.084644222999941 ], [ -78.344123046999982, -7.084593749999954 ], [ -78.344181640999977, -7.084519530999955 ], [ -78.344220702999962, -7.084496093999974 ], [ -78.344289061999973, -7.084455077999962 ], [ -78.344339844, -7.084414061999951 ], [ -78.344265624999935, -7.084371093999948 ], [ -78.344195311999954, -7.084312499999953 ], [ -78.344089843999939, -7.084232421999957 ], [ -78.34401562499994, -7.084160155999939 ], [ -78.343933593999964, -7.08401562499995 ], [ -78.343817624999986, -7.083709272999954 ], [ -78.343662108999979, -7.083464843999934 ], [ -78.343648436999956, -7.083412108999937 ], [ -78.343608352, -7.083313627999928 ], [ -78.343589843999951, -7.08326171899995 ], [ -78.343566405999979, -7.08316601599995 ], [ -78.343558593999944, -7.083076171999949 ], [ -78.343554686999937, -7.083054686999958 ], [ -78.343546874999959, -7.083041015999981 ], [ -78.343509765999954, -7.083023436999952 ], [ -78.343455077999977, -7.082988280999928 ], [ -78.343343749999974, -7.082914061999929 ], [ -78.343285155999979, -7.082888671999967 ], [ -78.343220702999986, -7.082869140999946 ], [ -78.343179686999974, -7.082863280999959 ], [ -78.343156249999936, -7.082863280999959 ], [ -78.343097655999941, -7.082875 ], [ -78.343050780999988, -7.082888671999967 ], [ -78.343017577999944, -7.08288671899993 ], [ -78.342960936999987, -7.082875 ], [ -78.342900390999944, -7.082849608999936 ], [ -78.342861327999969, -7.082832030999953 ], [ -78.342771483999968, -7.082777343999965 ], [ -78.342771483999968, -7.082800780999946 ], [ -78.342841796999949, -7.082968749999964 ] ] ] } },
{ "type": "Feature", "properties": { "Mz": "060105000100100002A", "UBIGEO": "060105", "AREA": "1", "CODCCPP": "0001", "ZONA": "00100", "MANZANA_ID": "002", "MANZANA_A": "A", "T_TOTAL": 19.0, "T_HOMBRES": 11.0, "T_MUJERES": 8.0, "LLAVE_MZS": "060105000100100002A", "contacto": "juan.suyo@geogpsperu.com", "descargar": "www.geogpsperu.com", "whatsapp": 931381206.0, "NOMBDEP": "CAJAMARCA", "NOMBPROV": "CAJAMARCA", "IDPROV": "0601", "ARCHIVO": "CAJAMARCA_CAJAMARCA_0601_Manzanas_Poblacion_JP_SuyoPomalia_geogpsperu_931381206" }, "geometry": { "type": "Polygon", "coordinates": [ [ [ -78.342325688999949, -7.08425836899994 ], [ -78.34236263799994, -7.084243701999981 ], [ -78.342695172999981, -7.083721203999971 ], [ -78.34253259999997, -7.083609370999966 ], [ -78.342227774999969, -7.083350872999972 ], [ -78.341978371999971, -7.083112539999945 ], [ -78.341890320999937, -7.083231179999927 ], [ -78.341560852999976, -7.083735870999931 ], [ -78.342122471999971, -7.084119035999947 ], [ -78.342325688999949, -7.08425836899994 ] ] ] } },
{ "type": "Feature", "properties": { "Mz": "060105000100100003", "UBIGEO": "060105", "AREA": "1", "CODCCPP": "0001", "ZONA": "00100", "MANZANA_ID": "003", "MANZANA_A": null, "T_TOTAL": 4.0, "T_HOMBRES": 2.0, "T_MUJERES": 2.0, "LLAVE_MZS": "060105000100100003", "contacto": "juan.suyo@geogpsperu.com", "descargar": "www.geogpsperu.com", "whatsapp": 931381206.0, "NOMBDEP": "CAJAMARCA", "NOMBPROV": "CAJAMARCA", "IDPROV": "0601", "ARCHIVO": "CAJAMARCA_CAJAMARCA_0601_Manzanas_Poblacion_JP_SuyoPomalia_geogpsperu_931381206" }, "geometry": { "type": "Polygon", "coordinates": [ [ [ -78.339578124999946, -7.083724608999944 ], [ -78.339605468999935, -7.08382226599997 ], [ -78.339638671999978, -7.083898436999959 ], [ -78.339679686999943, -7.083962890999942 ], [ -78.339722655999935, -7.084027343999935 ], [ -78.339773436999963, -7.084070311999938 ], [ -78.33982617199996, -7.084107421999931 ], [ -78.339882811999985, -7.084126952999952 ], [ -78.340001952999955, -7.084138671999938 ], [ -78.340208983999958, -7.084121093999954 ], [ -78.34044533499997, -7.084059963999948 ], [ -78.340505216999986, -7.084047583999961 ], [ -78.340573594999967, -7.084034347999932 ], [ -78.340666906999957, -7.084030231999975 ], [ -78.34072694799994, -7.084039144999963 ], [ -78.340812057999983, -7.084061098999939 ], [ -78.34088017299996, -7.084084588999929 ], [ -78.340908146999936, -7.084104184999944 ], [ -78.340924601999973, -7.084102551999933 ], [ -78.340937765999968, -7.084092753999926 ], [ -78.34112752599998, -7.083830898999963 ], [ -78.340946606999978, -7.083695816999978 ], [ -78.340960390999953, -7.083675297999946 ], [ -78.341327398999965, -7.083957430999931 ], [ -78.341470412999968, -7.083755663999966 ], [ -78.341046874999961, -7.083443358999943 ], [ -78.340615233999984, -7.083130858999937 ], [ -78.340402343999983, -7.082966796999926 ], [ -78.340380858999936, -7.082958983999958 ], [ -78.340118833999952, -7.082770135999965 ], [ -78.339746986999955, -7.083192879999956 ], [ -78.339649399999985, -7.083314667999957 ], [ -78.339588073999948, -7.083512669999948 ], [ -78.339572265999948, -7.08360937499998 ], [ -78.33956640599996, -7.083671874999936 ], [ -78.339578124999946, -7.083724608999944 ] ] ] } },
{ "type": "Feature", "properties": { "Mz": "060105008400000", "UBIGEO": "060105", "AREA": "2", "CODCCPP": "0084", "ZONA": "00000", "MANZANA_ID": null, "MANZANA_A": null, "T_TOTAL": 159.0, "T_HOMBRES": 75.0, "T_MUJERES": 84.0, "LLAVE_MZS": "060105008400000", "contacto": "juan.suyo@geogpsperu.com", "descargar": "www.geogpsperu.com", "whatsapp": 931381206.0, "NOMBDEP": "CAJAMARCA", "NOMBPROV": "CAJAMARCA", "IDPROV": "0601", "ARCHIVO": "CAJAMARCA_CAJAMARCA_0601_Manzanas_Poblacion_JP_SuyoPomalia_geogpsperu_931381206" }, "geometry": { "type": "Polygon", "coordinates": [ [ [ -78.38244, -7.08205763999996 ], [ -78.382360626999969, -7.082068227999969 ], [ -78.382282500999963, -7.082085780999932 ], [ -78.382206233999966, -7.082110163999971 ], [ -78.382132421999984, -7.082141184999955 ], [ -78.382061642999986, -7.082178600999953 ], [ -78.381994451999958, -7.082222118999937 ], [ -78.381931373999976, -7.082271399999968 ], [ -78.381872902999987, -7.082326055999943 ], [ -78.381819495999935, -7.082385660999932 ], [ -78.381771570999945, -7.082449747999931 ], [ -78.381729503999964, -7.08251781499996 ], [ -78.381693623999979, -7.082589329999962 ], [ -78.381664210999986, -7.082663732999947 ], [ -78.381641495999986, -7.082740441999931 ], [ -78.381625655999983, -7.082818854999971 ], [ -78.381616815999962, -7.082898360999934 ], [ -78.381615043999943, -7.08297833599994 ], [ -78.381620354999939, -7.083058153999957 ], [ -78.381632706999937, -7.083137190999935 ], [ -78.381652002999942, -7.083214827999939 ], [ -78.381678091999959, -7.083290457999965 ], [ -78.381710770999973, -7.083363487999975 ], [ -78.381749781999986, -7.083433347999971 ], [ -78.381794821999961, -7.083499489999951 ], [ -78.381845537999936, -7.083561396999926 ], [ -78.381901530999983, -7.083618582999975 ], [ -78.381962365999982, -7.083670602999973 ], [ -78.382027563999941, -7.083717047999926 ], [ -78.382096616999945, -7.083757554999977 ], [ -78.382168982999985, -7.083791806999955 ], [ -78.382244095999965, -7.083819535999965 ], [ -78.382321368999953, -7.083840524999971 ], [ -78.382400195999935, -7.083854608999957 ], [ -78.382479960999945, -7.083861678999938 ], [ -78.382560038999941, -7.083861678999938 ], [ -78.38263980399995, -7.083854608999957 ], [ -78.382718630999989, -7.083840524999971 ], [ -78.382795903999977, -7.083819535999965 ], [ -78.382871016999957, -7.083791806999955 ], [ -78.38294338299994, -7.083757554999977 ], [ -78.383012435999945, -7.083717047999926 ], [ -78.38307763399996, -7.083670602999973 ], [ -78.38313846899996, -7.083618582999975 ], [ -78.383194461999949, -7.083561396999926 ], [ -78.383245177999981, -7.083499489999951 ], [ -78.383290217999956, -7.083433347999971 ], [ -78.383329228999969, -7.083363487999975 ], [ -78.383361907999983, -7.083290457999965 ], [ -78.383387996999943, -7.083214827999939 ], [ -78.383407292999948, -7.083137190999935 ], [ -78.383419644999947, -7.083058153999957 ], [ -78.383424955999942, -7.08297833599994 ], [ -78.38342318399998, -7.082898360999934 ], [ -78.383414343999959, -7.082818854999971 ], [ -78.383398503999956, -7.082740441999931 ], [ -78.383375788999956, -7.082663732999947 ], [ -78.383346375999963, -7.082589329999962 ], [ -78.383310495999979, -7.08251781499996 ], [ -78.383268428999941, -7.082449747999931 ], [ -78.383220503999951, -7.082385660999932 ], [ -78.383167096999955, -7.082326055999943 ], [ -78.383108625999967, -7.082271399999968 ], [ -78.383045547999984, -7.082222118999937 ], [ -78.382978356999956, -7.082178600999953 ], [ -78.382907577999958, -7.082141184999955 ], [ -78.382833765999976, -7.082110163999971 ], [ -78.382757498999979, -7.082085780999932 ], [ -78.382679372999974, -7.082068227999969 ], [ -78.3826, -7.08205763999996 ], [ -78.38252, -7.082054101999972 ], [ -78.38244, -7.08205763999996 ] ] ] } },
{ "type": "Feature", "properties": { "Mz": "060105000100100002B", "UBIGEO": "060105", "AREA": "1", "CODCCPP": "0001", "ZONA": "00100", "MANZANA_ID": "002", "MANZANA_A": "B", "T_TOTAL": 29.0, "T_HOMBRES": 12.0, "T_MUJERES": 17.0, "LLAVE_MZS": "060105000100100002B", "contacto": "juan.suyo@geogpsperu.com", "descargar": "www.geogpsperu.com", "whatsapp": 931381206.0, "NOMBDEP": "CAJAMARCA", "NOMBPROV": "CAJAMARCA", "IDPROV": "0601", "ARCHIVO": "CAJAMARCA_CAJAMARCA_0601_Manzanas_Poblacion_JP_SuyoPomalia_geogpsperu_931381206" }, "geometry": { "type": "Polygon", "coordinates": [ [ [ -78.340517743999953, -7.082038852999972 ], [ -78.340483377999988, -7.082038270999931 ], [ -78.340447181999934, -7.082041691999962 ], [ -78.340410514999974, -7.082049988999927 ], [ -78.340374356999973, -7.082063599999969 ], [ -78.340326171999948, -7.082083983999951 ], [ -78.340293779999968, -7.082101557999977 ], [ -78.340253411999981, -7.082129177999946 ], [ -78.340230968999947, -7.082156398999928 ], [ -78.340058070999987, -7.082623715999944 ], [ -78.340054686999963, -7.082648436999932 ], [ -78.34006054699995, -7.082658202999937 ], [ -78.340455077999934, -7.082919921999974 ], [ -78.341326883999955, -7.083574944999953 ], [ -78.341513035999981, -7.083704940999951 ], [ -78.341628905999983, -7.083527343999947 ], [ -78.341837890999955, -7.083218749999958 ], [ -78.341929686999947, -7.083089843999971 ], [ -78.341929686999947, -7.083072265999931 ], [ -78.341919921999988, -7.083054686999958 ], [ -78.341835936999985, -7.082968749999964 ], [ -78.34175608399994, -7.082883011999968 ], [ -78.341661284999986, -7.08277867399994 ], [ -78.34156993299996, -7.082645256999967 ], [ -78.341513052999971, -7.082520392999925 ], [ -78.341449279999949, -7.082380133999948 ], [ -78.34142187499998, -7.082328124999947 ], [ -78.341395847999934, -7.08229289999997 ], [ -78.341343749999965, -7.082240233999926 ], [ -78.341310546999978, -7.082205077999959 ], [ -78.341267577999986, -7.082167968999954 ], [ -78.341244140999947, -7.082150390999971 ], [ -78.341209020999941, -7.08212208599997 ], [ -78.341115945999945, -7.082055376999961 ], [ -78.34106596099997, -7.082019456999944 ], [ -78.340886704999946, -7.081908276999968 ], [ -78.34081445299995, -7.081837890999964 ], [ -78.340767774999961, -7.081779991999952 ], [ -78.340517743999953, -7.082038852999972 ] ] ] } },
{ "type": "Feature", "properties": { "Mz": "060105008900000", "UBIGEO": "060105", "AREA": "2", "CODCCPP": "0089", "ZONA": "00000", "MANZANA_ID": null, "MANZANA_A": null, "T_TOTAL": 183.0, "T_HOMBRES": 72.0, "T_MUJERES": 111.0, "LLAVE_MZS": "060105008900000", "contacto": "juan.suyo@geogpsperu.com", "descargar": "www.geogpsperu.com", "whatsapp": 931381206.0, "NOMBDEP": "CAJAMARCA", "NOMBPROV": "CAJAMARCA", "IDPROV": "0601", "ARCHIVO": "CAJAMARCA_CAJAMARCA_0601_Manzanas_Poblacion_JP_SuyoPomalia_geogpsperu_931381206" }, "geometry": { "type": "Polygon", "coordinates": [ [ [ -78.383938330999968, -7.095594307999932 ], [ -78.383858954999937, -7.095604894999951 ], [ -78.383780826999953, -7.095622448999961 ], [ -78.383704556999987, -7.095646831999943 ], [ -78.383630743999959, -7.095677851999938 ], [ -78.383559962999982, -7.095715267999935 ], [ -78.383492769999975, -7.095758786999966 ], [ -78.383429689999957, -7.09580806699995 ], [ -78.383371217, -7.095862723999971 ], [ -78.383317808999948, -7.095922328999961 ], [ -78.383269882999969, -7.09598641499997 ], [ -78.383227813999952, -7.096054482999932 ], [ -78.383191932999978, -7.096125996999945 ], [ -78.383162518999939, -7.09620039999993 ], [ -78.383139802999949, -7.096277108999971 ], [ -78.383123962999946, -7.096355521999953 ], [ -78.383115121999936, -7.096435027999973 ], [ -78.383113350999963, -7.096515002999979 ], [ -78.383118661999958, -7.09659482099994 ], [ -78.383131013999957, -7.096673857999974 ], [ -78.383150310999952, -7.096751494999978 ], [ -78.383176400999957, -7.096827124999948 ], [ -78.383209079999972, -7.096900154999958 ], [ -78.383248092999963, -7.096970014999954 ], [ -78.383293133999985, -7.097036156999934 ], [ -78.38334385099995, -7.097098062999976 ], [ -78.383399845999975, -7.097155249999958 ], [ -78.383460681999964, -7.097207269999956 ], [ -78.383525882999947, -7.097253714999965 ], [ -78.383594936999941, -7.09729422199996 ], [ -78.38366730599995, -7.097328473999937 ], [ -78.383742420999965, -7.097356202999947 ], [ -78.383819695999989, -7.097377190999964 ], [ -78.383898525999939, -7.097391275999939 ], [ -78.383978292999984, -7.097398345999977 ], [ -78.384058372999959, -7.097398345999977 ], [ -78.384138139999948, -7.097391275999939 ], [ -78.384216969999954, -7.097377190999964 ], [ -78.384294244999978, -7.097356202999947 ], [ -78.384369359999937, -7.097328473999937 ], [ -78.384441728999946, -7.09729422199996 ], [ -78.384510782999939, -7.097253714999965 ], [ -78.38457598399998, -7.097207269999956 ], [ -78.384636819999969, -7.097155249999958 ], [ -78.384692814999937, -7.097098062999976 ], [ -78.384743531999959, -7.097036156999934 ], [ -78.38478857299998, -7.096970014999954 ], [ -78.384827585999972, -7.096900154999958 ], [ -78.384860264999986, -7.096827124999948 ], [ -78.384886354999935, -7.096751494999978 ], [ -78.384905651999986, -7.096673857999974 ], [ -78.384918003999985, -7.09659482099994 ], [ -78.38492331499998, -7.096515002999979 ], [ -78.384921543999951, -7.096435027999973 ], [ -78.384912702999941, -7.096355521999953 ], [ -78.384896862999938, -7.096277108999971 ], [ -78.384874146999948, -7.09620039999993 ], [ -78.384844732999966, -7.096125996999945 ], [ -78.384808851999935, -7.096054482999932 ], [ -78.384766782999975, -7.09598641499997 ], [ -78.384718856999939, -7.095922328999961 ], [ -78.384665448999954, -7.095862723999971 ], [ -78.384606975999986, -7.09580806699995 ], [ -78.384543895999968, -7.095758786999966 ], [ -78.384476702999962, -7.095715267999935 ], [ -78.384405921999985, -7.095677851999938 ], [ -78.384332108999956, -7.095646831999943 ], [ -78.384255838999934, -7.095622448999961 ], [ -78.38417771099995, -7.095604894999951 ], [ -78.384098334999976, -7.095594307999932 ], [ -78.384018332999972, -7.095590768999955 ], [ -78.383938330999968, -7.095594307999932 ] ] ] } },
{ "type": "Feature", "properties": { "Mz": "060105007100000", "UBIGEO": "060105", "AREA": "2", "CODCCPP": "0071", "ZONA": "00000", "MANZANA_ID": null, "MANZANA_A": null, "T_TOTAL": 91.0, "T_HOMBRES": 38.0, "T_MUJERES": 53.0, "LLAVE_MZS": "060105007100000", "contacto": "juan.suyo@geogpsperu.com", "descargar": "www.geogpsperu.com", "whatsapp": 931381206.0, "NOMBDEP": "CAJAMARCA", "NOMBPROV": "CAJAMARCA", "IDPROV": "0601", "ARCHIVO": "CAJAMARCA_CAJAMARCA_0601_Manzanas_Poblacion_JP_SuyoPomalia_geogpsperu_931381206" }, "geometry": { "type": "Polygon", "coordinates": [ [ [ -78.397703338999975, -7.054494305999981 ], [ -78.397623970999973, -7.054504892999944 ], [ -78.397545848999982, -7.054522446999954 ], [ -78.397469585999943, -7.054546829999936 ], [ -78.397395778999964, -7.054577850999976 ], [ -78.397325004999971, -7.054615266999974 ], [ -78.397257816999968, -7.054658784999958 ], [ -78.397194742999943, -7.054708065999932 ], [ -78.39713627499998, -7.054762721999964 ], [ -78.397082871999942, -7.054822327999943 ], [ -78.397034949999977, -7.054886413999952 ], [ -78.396992884999975, -7.054954481999971 ], [ -78.396957006999969, -7.055025996999973 ], [ -78.396927595999955, -7.055100399999958 ], [ -78.396904881999944, -7.055177107999953 ], [ -78.396889042999987, -7.055255521999925 ], [ -78.396880202999967, -7.055335027999945 ], [ -78.396878431999937, -7.055415002999951 ], [ -78.396883741999943, -7.055494820999968 ], [ -78.396896092999953, -7.055573857999946 ], [ -78.396915387999968, -7.05565149499995 ], [ -78.396941475999938, -7.055727124999976 ], [ -78.396974152999974, -7.055800155999975 ], [ -78.397013161999951, -7.055870015999972 ], [ -78.397058198999957, -7.055936157999952 ], [ -78.397108911999965, -7.055998063999937 ], [ -78.397164901999986, -7.056055250999975 ], [ -78.397225732999971, -7.056107270999973 ], [ -78.397290926999972, -7.056153715999926 ], [ -78.397359975999962, -7.056194222999977 ], [ -78.397432337999987, -7.056228474999955 ], [ -78.397507446999953, -7.056256203999965 ], [ -78.397584714999937, -7.056277192999971 ], [ -78.397663536999971, -7.056291276999957 ], [ -78.397743296999977, -7.056298346999938 ], [ -78.397823370999959, -7.056298346999938 ], [ -78.397903130999964, -7.056291276999957 ], [ -78.397981952999942, -7.056277192999971 ], [ -78.398059220999983, -7.056256203999965 ], [ -78.398134329999948, -7.056228474999955 ], [ -78.398206691999974, -7.056194222999977 ], [ -78.398275740999964, -7.056153715999926 ], [ -78.398340934999965, -7.056107270999973 ], [ -78.398401765999949, -7.056055250999975 ], [ -78.398457755999971, -7.055998063999937 ], [ -78.398508468999978, -7.055936157999952 ], [ -78.398553505999985, -7.055870015999972 ], [ -78.398592514999962, -7.055800155999975 ], [ -78.39862519199994, -7.055727124999976 ], [ -78.398651279999967, -7.05565149499995 ], [ -78.398670574999983, -7.055573857999946 ], [ -78.398682925999935, -7.055494820999968 ], [ -78.398688235999941, -7.055415002999951 ], [ -78.398686464999969, -7.055335027999945 ], [ -78.398677624999948, -7.055255521999925 ], [ -78.398661785999934, -7.055177107999953 ], [ -78.39863907199998, -7.055100399999958 ], [ -78.398609660999966, -7.055025996999973 ], [ -78.398573782999961, -7.054954481999971 ], [ -78.398531717999958, -7.054886413999952 ], [ -78.398483795999937, -7.054822327999943 ], [ -78.398430392999956, -7.054762721999964 ], [ -78.398371924999935, -7.054708065999932 ], [ -78.398308850999967, -7.054658784999958 ], [ -78.398241662999965, -7.054615266999974 ], [ -78.398170888999971, -7.054577850999976 ], [ -78.398097081999936, -7.054546829999936 ], [ -78.398020818999953, -7.054522446999954 ], [ -78.397942696999962, -7.054504892999944 ], [ -78.397863328999961, -7.054494305999981 ], [ -78.397783333999939, -7.054490767999937 ], [ -78.397703338999975, -7.054494305999981 ] ] ] } },
{ "type": "Feature", "properties": { "Mz": "060105000100100003A", "UBIGEO": "060105", "AREA": "1", "CODCCPP": "0001", "ZONA": "00100", "MANZANA_ID": "003", "MANZANA_A": "A", "T_TOTAL": 10.0, "T_HOMBRES": 5.0, "T_MUJERES": 5.0, "LLAVE_MZS": "060105000100100003A", "contacto": "juan.suyo@geogpsperu.com", "descargar": "www.geogpsperu.com", "whatsapp": 931381206.0, "NOMBDEP": "CAJAMARCA", "NOMBPROV": "CAJAMARCA", "IDPROV": "0601", "ARCHIVO": "CAJAMARCA_CAJAMARCA_0601_Manzanas_Poblacion_JP_SuyoPomalia_geogpsperu_931381206" }, "geometry": { "type": "Polygon", "coordinates": [ [ [ -78.339237495999953, -7.083143156999938 ], [ -78.339281273999973, -7.083156523999946 ], [ -78.339404296999987, -7.083142577999979 ], [ -78.339481643999989, -7.083144827999945 ], [ -78.339537658999973, -7.083145043999934 ], [ -78.339580077999983, -7.083142577999979 ], [ -78.339630795999938, -7.083144645999937 ], [ -78.339689352999983, -7.083137809999926 ], [ -78.339897746999952, -7.082912207999925 ], [ -78.340029296999944, -7.08272070299995 ], [ -78.340025390999983, -7.082699218999949 ], [ -78.339687499999968, -7.082445311999948 ], [ -78.339324696999938, -7.082125444999974 ], [ -78.339039061999983, -7.081833983999957 ], [ -78.338990233999937, -7.081927733999976 ], [ -78.338931640999988, -7.082009765999942 ], [ -78.338890624999976, -7.082078124999953 ], [ -78.338843920999977, -7.08214475699998 ], [ -78.338832665999973, -7.082183049999969 ], [ -78.338834273999964, -7.082213365999962 ], [ -78.338835936999942, -7.082255858999929 ], [ -78.338845702999947, -7.082289061999973 ], [ -78.338900390999981, -7.082351561999928 ], [ -78.338941405999947, -7.08239257799994 ], [ -78.339019530999963, -7.082455077999953 ], [ -78.339031249999948, -7.08250976599993 ], [ -78.339037971999971, -7.082614423999928 ], [ -78.339044921999971, -7.082705077999947 ], [ -78.339066405999972, -7.082792968999968 ], [ -78.339089843999943, -7.082898436999926 ], [ -78.339105468999946, -7.082986327999947 ], [ -78.339136469999971, -7.083057938999957 ], [ -78.339160041999946, -7.083091356999944 ], [ -78.339193718, -7.083119762999956 ], [ -78.339237495999953, -7.083143156999938 ] ] ] } },
{ "type": "Feature", "properties": { "Mz": "060105000100100001B", "UBIGEO": "060105", "AREA": "1", "CODCCPP": "0001", "ZONA": "00100", "MANZANA_ID": "001", "MANZANA_A": "B", "T_TOTAL": 64.0, "T_HOMBRES": 29.0, "T_MUJERES": 35.0, "LLAVE_MZS": "060105000100100001B", "contacto": "juan.suyo@geogpsperu.com", "descargar": "www.geogpsperu.com", "whatsapp": 931381206.0, "NOMBDEP": "CAJAMARCA", "NOMBPROV": "CAJAMARCA", "IDPROV": "0601", "ARCHIVO": "CAJAMARCA_CAJAMARCA_0601_Manzanas_Poblacion_JP_SuyoPomalia_geogpsperu_931381206" }, "geometry": { "type": "Polygon", "coordinates": [ [ [ -78.342524780999952, -7.083496176999972 ], [ -78.342648490999977, -7.083336707999933 ], [ -78.342745823999962, -7.083211654999957 ], [ -78.342793881999967, -7.083110159999933 ], [ -78.342810461999989, -7.083074721999935 ], [ -78.342814287999943, -7.083032955999954 ], [ -78.342801533999989, -7.082988658999966 ], [ -78.342781127999956, -7.082935502999931 ], [ -78.342723736999972, -7.082820330999937 ], [ -78.342709707999973, -7.082754517999945 ], [ -78.342705881999962, -7.082734267999967 ], [ -78.342697265999959, -7.082716796999932 ], [ -78.342394530999968, -7.082515624999928 ], [ -78.342298827999969, -7.08245898399997 ], [ -78.342312499999935, -7.082435546999932 ], [ -78.342328124999938, -7.082412108999961 ], [ -78.342335936999973, -7.082382811999935 ], [ -78.342335936999973, -7.082363280999971 ], [ -78.342318358999989, -7.082335936999925 ], [ -78.342231979999951, -7.082237774999953 ], [ -78.342223537999985, -7.082222482999953 ], [ -78.342204452999965, -7.082149697999967 ], [ -78.342158332999986, -7.082119300999977 ], [ -78.342126610999969, -7.082080825999981 ], [ -78.342084315999955, -7.082030109999948 ], [ -78.342029684999943, -7.081862219999948 ], [ -78.341980339999964, -7.08162962199998 ], [ -78.341960954999934, -7.081575407999935 ], [ -78.341945093999982, -7.081543927999974 ], [ -78.341927470999963, -7.081531685999948 ], [ -78.341884055999969, -7.081496544999936 ], [ -78.341845973999966, -7.08146820099995 ], [ -78.341803131999939, -7.081439857999953 ], [ -78.34173648999996, -7.081402065999953 ], [ -78.341624624999952, -7.081368998999949 ], [ -78.341400080999961, -7.081240279999975 ], [ -78.34124183199998, -7.081145762999938 ], [ -78.341158310999958, -7.08108905399996 ], [ -78.341111422999973, -7.081048338999949 ], [ -78.341057207999938, -7.080990174999954 ], [ -78.341007388999969, -7.080946551999943 ], [ -78.340929354999957, -7.080866426999933 ], [ -78.340903651999952, -7.080823383999928 ], [ -78.340887587999987, -7.080796283999973 ], [ -78.340868310999952, -7.080778747999943 ], [ -78.340849034999962, -7.080764400999954 ], [ -78.340820118999943, -7.080756429999951 ], [ -78.340768713999978, -7.08074367599994 ], [ -78.340585583999939, -7.080689474999929 ], [ -78.340376751999941, -7.080574694999939 ], [ -78.340238600999953, -7.080485420999935 ], [ -78.340195226999981, -7.080467884999962 ], [ -78.340148112999941, -7.080460614999936 ], [ -78.340087890999939, -7.080474608999964 ], [ -78.339996093999957, -7.080484374999969 ], [ -78.339900390999958, -7.080519530999936 ], [ -78.33969938599995, -7.08062436199998 ], [ -78.339829537999947, -7.080676983999979 ], [ -78.339961296999945, -7.080739171999937 ], [ -78.340065739999943, -7.080799765999927 ], [ -78.340175002999956, -7.080873115999964 ], [ -78.340329256999951, -7.081002275999936 ], [ -78.340389907999963, -7.081074026999943 ], [ -78.340471855999965, -7.081176079999977 ], [ -78.34061646899994, -7.081391345999975 ], [ -78.340801304999957, -7.081672870999967 ], [ -78.340886466999962, -7.081786085999966 ], [ -78.34097484199998, -7.081875380999975 ], [ -78.341032687999984, -7.081915245999937 ], [ -78.34116123299998, -7.081985405999944 ], [ -78.341252821999944, -7.082030053999972 ], [ -78.341354050999939, -7.082085863999964 ], [ -78.341423143999975, -7.082140078999942 ], [ -78.341452921999974, -7.082167632999926 ], [ -78.341501126999958, -7.082245766999961 ], [ -78.341538083999978, -7.082325494999964 ], [ -78.341563792999978, -7.082435518999944 ], [ -78.341605468999944, -7.082558593999977 ], [ -78.341660155999989, -7.082646483999952 ], [ -78.341761718999976, -7.082775390999927 ], [ -78.341980858999989, -7.083009575999938 ], [ -78.34210742199997, -7.083136718999981 ], [ -78.342362809999941, -7.083360754999944 ], [ -78.342524780999952, -7.083496176999972 ] ] ] } },
{ "type": "Feature", "properties": { "Mz": "060105000100100002E", "UBIGEO": "060105", "AREA": "1", "CODCCPP": "0001", "ZONA": "00100", "MANZANA_ID": "002", "MANZANA_A": "E", "T_TOTAL": 41.0, "T_HOMBRES": 20.0, "T_MUJERES": 21.0, "LLAVE_MZS": "060105000100100002E", "contacto": "juan.suyo@geogpsperu.com", "descargar": "www.geogpsperu.com", "whatsapp": 931381206.0, "NOMBDEP": "CAJAMARCA", "NOMBPROV": "CAJAMARCA", "IDPROV": "0601", "ARCHIVO": "CAJAMARCA_CAJAMARCA_0601_Manzanas_Poblacion_JP_SuyoPomalia_geogpsperu_931381206" }, "geometry": { "type": "Polygon", "coordinates": [ [ [ -78.339992366999979, -7.08262372799993 ], [ -78.340021299999989, -7.082610966999937 ], [ -78.340121093999983, -7.082351561999928 ], [ -78.340212890999965, -7.082134765999967 ], [ -78.340323492999971, -7.082041505999939 ], [ -78.340442439999947, -7.081896348999976 ], [ -78.340646996999965, -7.081597633999934 ], [ -78.340494140999965, -7.081349608999972 ], [ -78.340365704999954, -7.081152591999967 ], [ -78.340314268999975, -7.081084000999965 ], [ -78.340242186999944, -7.081025390999969 ], [ -78.340126952999981, -7.080939452999928 ], [ -78.340074218999973, -7.080902343999981 ], [ -78.339984374999972, -7.080851561999964 ], [ -78.339881872999968, -7.080792075999966 ], [ -78.339766139999938, -7.08074262599996 ], [ -78.339620633999971, -7.080686378999928 ], [ -78.339482398999962, -7.080627357999958 ], [ -78.339389169999947, -7.080582693999929 ], [ -78.339066405999972, -7.080373046999966 ], [ -78.338919059999967, -7.080269007999959 ], [ -78.33852111899995, -7.080168464999929 ], [ -78.338406, -7.08012124499993 ], [ -78.33831390499995, -7.080089255999951 ], [ -78.338255723999964, -7.080068400999949 ], [ -78.338257210999984, -7.080177855999978 ], [ -78.338263863999941, -7.08063225899997 ], [ -78.338289116999988, -7.080772602999957 ], [ -78.338309309999943, -7.080837134999967 ], [ -78.338337890999981, -7.080908202999979 ], [ -78.338373046999948, -7.080974608999952 ], [ -78.338462890999949, -7.08114648399993 ], [ -78.338524829999983, -7.081253828999934 ], [ -78.338587122999968, -7.081329012999959 ], [ -78.338679686999967, -7.081398436999962 ], [ -78.338867186999948, -7.081513671999971 ], [ -78.338880065999945, -7.081521150999947 ], [ -78.338925522999943, -7.081562919999953 ], [ -78.338959193999983, -7.081609700999934 ], [ -78.339038321999965, -7.081745032999947 ], [ -78.339296874999945, -7.08203320299998 ], [ -78.339630858999953, -7.082314452999981 ], [ -78.339733576999947, -7.082411573999934 ], [ -78.339992366999979, -7.08262372799993 ] ] ] } },
{ "type": "Feature", "properties": { "Mz": "060105011500000", "UBIGEO": "060105", "AREA": "2", "CODCCPP": "0115", "ZONA": "00000", "MANZANA_ID": null, "MANZANA_A": null, "T_TOTAL": 35.0, "T_HOMBRES": 12.0, "T_MUJERES": 23.0, "LLAVE_MZS": "060105011500000", "contacto": "juan.suyo@geogpsperu.com", "descargar": "www.geogpsperu.com", "whatsapp": 931381206.0, "NOMBDEP": "CAJAMARCA", "NOMBPROV": "CAJAMARCA", "IDPROV": "0601", "ARCHIVO": "CAJAMARCA_CAJAMARCA_0601_Manzanas_Poblacion_JP_SuyoPomalia_geogpsperu_931381206" }, "geometry": { "type": "Polygon", "coordinates": [ [ [ -78.347983333999935, -7.077024306999931 ], [ -78.347903961999975, -7.077034893999951 ], [ -78.347825836999959, -7.077052447999961 ], [ -78.347749569999962, -7.077076830999943 ], [ -78.347675758999969, -7.077107851999926 ], [ -78.347604980999961, -7.077145267999981 ], [ -78.347537790999979, -7.077188785999965 ], [ -78.347474713999986, -7.077238066999939 ], [ -78.347416242999941, -7.077292722999971 ], [ -78.347362836999935, -7.077352327999961 ], [ -78.347314912999934, -7.077416414999959 ], [ -78.347272845999953, -7.077484481999932 ], [ -78.347236965999969, -7.077555996999934 ], [ -78.347207552999976, -7.077630399999975 ], [ -78.347184837999976, -7.077707108999959 ], [ -78.347168998999962, -7.077785521999942 ], [ -78.347160158999941, -7.077865027999962 ], [ -78.347158386999979, -7.077945002999968 ], [ -78.347163697999974, -7.078024820999929 ], [ -78.347176048999984, -7.078103857999963 ], [ -78.347195344999989, -7.078181494999967 ], [ -78.347221433999948, -7.078257124999936 ], [ -78.347254111999973, -7.078330154999946 ], [ -78.347293123999975, -7.078400014999943 ], [ -78.347338162999961, -7.07846615699998 ], [ -78.347388877999947, -7.078528063999954 ], [ -78.347444870999936, -7.078585250999936 ], [ -78.347505704999946, -7.078637269999945 ], [ -78.347570902999962, -7.078683714999954 ], [ -78.347639953999987, -7.078724221999948 ], [ -78.347712319999971, -7.078758473999926 ], [ -78.347787431999961, -7.078786202999936 ], [ -78.34786470399996, -7.078807191999942 ], [ -78.347943529999952, -7.078821276999975 ], [ -78.348023293999972, -7.078828346999956 ], [ -78.348103371999969, -7.078828346999956 ], [ -78.348183135999989, -7.078821276999975 ], [ -78.348261961999981, -7.078807191999942 ], [ -78.34833923399998, -7.078786202999936 ], [ -78.34841434599997, -7.078758473999926 ], [ -78.348486711999954, -7.078724221999948 ], [ -78.348555762999979, -7.078683714999954 ], [ -78.348620960999938, -7.078637269999945 ], [ -78.348681794999948, -7.078585250999936 ], [ -78.348737787999937, -7.078528063999954 ], [ -78.34878850299998, -7.07846615699998 ], [ -78.348833541999966, -7.078400014999943 ], [ -78.348872553999968, -7.078330154999946 ], [ -78.348905231999936, -7.078257124999936 ], [ -78.348931320999952, -7.078181494999967 ], [ -78.348950616999957, -7.078103857999963 ], [ -78.348962967999967, -7.078024820999929 ], [ -78.348968278999962, -7.077945002999968 ], [ -78.348966506999943, -7.077865027999962 ], [ -78.348957666999979, -7.077785521999942 ], [ -78.348941827999965, -7.077707108999959 ], [ -78.348919112999965, -7.077630399999975 ], [ -78.348889699999972, -7.077555996999934 ], [ -78.348853819999988, -7.077484481999932 ], [ -78.34881175299995, -7.077416414999959 ], [ -78.34876382899995, -7.077352327999961 ], [ -78.348710422999943, -7.077292722999971 ], [ -78.348651951999955, -7.077238066999939 ], [ -78.348588874999962, -7.077188785999965 ], [ -78.34852168499998, -7.077145267999981 ], [ -78.348450906999972, -7.077107851999926 ], [ -78.348377095999979, -7.077076830999943 ], [ -78.348300828999982, -7.077052447999961 ], [ -78.348222703999966, -7.077034893999951 ], [ -78.34814333199995, -7.077024306999931 ], [ -78.34806333299997, -7.077020767999954 ], [ -78.347983333999935, -7.077024306999931 ] ] ] } },
{ "type": "Feature", "properties": { "Mz": "060105007200000", "UBIGEO": "060105", "AREA": "2", "CODCCPP": "0072", "ZONA": "00000", "MANZANA_ID": null, "MANZANA_A": null, "T_TOTAL": 74.0, "T_HOMBRES": 32.0, "T_MUJERES": 42.0, "LLAVE_MZS": "060105007200000", "contacto": "juan.suyo@geogpsperu.com", "descargar": "www.geogpsperu.com", "whatsapp": 931381206.0, "NOMBDEP": "CAJAMARCA", "NOMBPROV": "CAJAMARCA", "IDPROV": "0601", "ARCHIVO": "CAJAMARCA_CAJAMARCA_0601_Manzanas_Poblacion_JP_SuyoPomalia_geogpsperu_931381206" }, "geometry": { "type": "Polygon", "coordinates": [ [ [ -78.337485001999937, -7.07458930699994 ], [ -78.337405629999978, -7.074599893999959 ], [ -78.337327504999962, -7.074617447999969 ], [ -78.337251238999954, -7.074641830999951 ], [ -78.337177427999961, -7.074672851999935 ], [ -78.337106650999942, -7.074710267999933 ], [ -78.337039460999961, -7.074753785999974 ], [ -78.336976383999968, -7.074803065999959 ], [ -78.336917912999979, -7.07485772299998 ], [ -78.336864506999973, -7.07491732799997 ], [ -78.336816583999962, -7.074981414999968 ], [ -78.336774516999981, -7.07504948199994 ], [ -78.336738636999939, -7.075120996999942 ], [ -78.336709224999936, -7.075195399999927 ], [ -78.336686509999936, -7.075272108999968 ], [ -78.336670670999979, -7.075350521999951 ], [ -78.336661829999969, -7.075430027999971 ], [ -78.336660058999939, -7.075510002999977 ], [ -78.336665369999935, -7.075589820999937 ], [ -78.336677720999944, -7.075668857999972 ], [ -78.336697016999949, -7.075746494999976 ], [ -78.336723105999965, -7.075822124999945 ], [ -78.336755783999934, -7.075895154999955 ], [ -78.336794794999946, -7.075965014999952 ], [ -78.336839833999989, -7.076031156999932 ], [ -78.336890547999985, -7.076093063999963 ], [ -78.336946540999975, -7.076150250999945 ], [ -78.337007374999985, -7.076202269999953 ], [ -78.337072571999954, -7.076248714999963 ], [ -78.337141623999969, -7.076289221999957 ], [ -78.337213988999963, -7.076323473999935 ], [ -78.337289100999953, -7.076351202999945 ], [ -78.337366371999963, -7.076372191999951 ], [ -78.337445197999955, -7.076386276999926 ], [ -78.337524961999975, -7.076393346999964 ], [ -78.337605037999936, -7.076393346999964 ], [ -78.337684801999956, -7.076386276999926 ], [ -78.337763627999948, -7.076372191999951 ], [ -78.337840898999957, -7.076351202999945 ], [ -78.337916010999948, -7.076323473999935 ], [ -78.337988375999942, -7.076289221999957 ], [ -78.338057427999956, -7.076248714999963 ], [ -78.338122624999983, -7.076202269999953 ], [ -78.338183458999936, -7.076150250999945 ], [ -78.338239451999982, -7.076093063999963 ], [ -78.338290165999979, -7.076031156999932 ], [ -78.338335204999964, -7.075965014999952 ], [ -78.338374215999977, -7.075895154999955 ], [ -78.338406893999945, -7.075822124999945 ], [ -78.338432982999961, -7.075746494999976 ], [ -78.338452278999966, -7.075668857999972 ], [ -78.338464629999976, -7.075589820999937 ], [ -78.338469940999971, -7.075510002999977 ], [ -78.338468169999942, -7.075430027999971 ], [ -78.338459328999988, -7.075350521999951 ], [ -78.338443489999975, -7.075272108999968 ], [ -78.338420774999975, -7.075195399999927 ], [ -78.338391362999971, -7.075120996999942 ], [ -78.338355482999987, -7.07504948199994 ], [ -78.338313415999949, -7.074981414999968 ], [ -78.338265492999938, -7.07491732799997 ], [ -78.338212086999988, -7.07485772299998 ], [ -78.338153615999943, -7.074803065999959 ], [ -78.33809053899995, -7.074753785999974 ], [ -78.338023348999968, -7.074710267999933 ], [ -78.337952571999949, -7.074672851999935 ], [ -78.337878760999956, -7.074641830999951 ], [ -78.337802494999949, -7.074617447999969 ], [ -78.337724369999989, -7.074599893999959 ], [ -78.337644997999973, -7.07458930699994 ], [ -78.337565, -7.074585767999963 ], [ -78.337485001999937, -7.07458930699994 ] ] ] } },
{ "type": "Feature", "properties": { "Mz": "060105007900000", "UBIGEO": "060105", "AREA": "2", "CODCCPP": "0079", "ZONA": "00000", "MANZANA_ID": null, "MANZANA_A": null, "T_TOTAL": 87.0, "T_HOMBRES": 43.0, "T_MUJERES": 44.0, "LLAVE_MZS": "060105007900000", "contacto": "juan.suyo@geogpsperu.com", "descargar": "www.geogpsperu.com", "whatsapp": 931381206.0, "NOMBDEP": "CAJAMARCA", "NOMBPROV": "CAJAMARCA", "IDPROV": "0601", "ARCHIVO": "CAJAMARCA_CAJAMARCA_0601_Manzanas_Poblacion_JP_SuyoPomalia_geogpsperu_931381206" }, "geometry": { "type": "Polygon", "coordinates": [ [ [ -78.368481668999948, -7.073090973999967 ], [ -78.368402296999989, -7.07310156099993 ], [ -78.368324172999962, -7.07311911499994 ], [ -78.368247906999954, -7.073143497999979 ], [ -78.368174095999962, -7.073174517999973 ], [ -78.368103318999943, -7.073211934999961 ], [ -78.368036128999961, -7.073255452999945 ], [ -78.367973052999957, -7.073304732999929 ], [ -78.367914581999969, -7.073359389999951 ], [ -78.367861176999952, -7.07341899499994 ], [ -78.367813252999952, -7.073483081999939 ], [ -78.36777118699996, -7.073551148999968 ], [ -78.367735306999975, -7.07362266399997 ], [ -78.367705894999972, -7.073697066999955 ], [ -78.367683179999972, -7.073773775999939 ], [ -78.367667339999969, -7.073852188999979 ], [ -78.367658499999948, -7.073931694999942 ], [ -78.367656728999975, -7.074011669999948 ], [ -78.367662038999981, -7.074091487999965 ], [ -78.36767439099998, -7.074170524999943 ], [ -78.367693686999985, -7.074248161999947 ], [ -78.367719775999944, -7.074323791999973 ], [ -78.36775245299998, -7.074396822999972 ], [ -78.367791463999936, -7.074466681999979 ], [ -78.367836502999978, -7.074532823999959 ], [ -78.367887217999964, -7.074594730999934 ], [ -78.367943209999964, -7.074651917999972 ], [ -78.368004043999974, -7.074703936999981 ], [ -78.368069240999944, -7.074750381999934 ], [ -78.368138291999969, -7.074790888999928 ], [ -78.368210656999963, -7.074825140999963 ], [ -78.368285768999954, -7.074852869999972 ], [ -78.368363039999963, -7.074873858999979 ], [ -78.368441864999966, -7.074887943999954 ], [ -78.368521628999986, -7.074895013999935 ], [ -78.368601704999946, -7.074895013999935 ], [ -78.368681468999966, -7.074887943999954 ], [ -78.368760293999969, -7.074873858999979 ], [ -78.368837564999978, -7.074852869999972 ], [ -78.368912676999969, -7.074825140999963 ], [ -78.368985041999963, -7.074790888999928 ], [ -78.369054092999988, -7.074750381999934 ], [ -78.369119289999958, -7.074703936999981 ], [ -78.369180123999968, -7.074651917999972 ], [ -78.369236115999968, -7.074594730999934 ], [ -78.369286830999954, -7.074532823999959 ], [ -78.369331869999939, -7.074466681999979 ], [ -78.369370880999952, -7.074396822999972 ], [ -78.369403557999988, -7.074323791999973 ], [ -78.369429646999947, -7.074248161999947 ], [ -78.369448942999952, -7.074170524999943 ], [ -78.369461294999951, -7.074091487999965 ], [ -78.369466604999957, -7.074011669999948 ], [ -78.369464833999984, -7.073931694999942 ], [ -78.369455993999964, -7.073852188999979 ], [ -78.36944015399996, -7.073773775999939 ], [ -78.36941743899996, -7.073697066999955 ], [ -78.369388026999957, -7.07362266399997 ], [ -78.369352146999972, -7.073551148999968 ], [ -78.369310080999981, -7.073483081999939 ], [ -78.36926215699998, -7.07341899499994 ], [ -78.369208751999963, -7.073359389999951 ], [ -78.369150280999975, -7.073304732999929 ], [ -78.369087204999971, -7.073255452999945 ], [ -78.369020015, -7.073211934999961 ], [ -78.368949237999971, -7.073174517999973 ], [ -78.368875426999978, -7.073143497999979 ], [ -78.36879916099997, -7.07311911499994 ], [ -78.368721036999943, -7.07310156099993 ], [ -78.368641664999984, -7.073090973999967 ], [ -78.368561666999938, -7.073087434999934 ], [ -78.368481668999948, -7.073090973999967 ] ] ] } },
{ "type": "Feature", "properties": { "Mz": "060105007000000", "UBIGEO": "060105", "AREA": "2", "CODCCPP": "0070", "ZONA": "00000", "MANZANA_ID": null, "MANZANA_A": null, "T_TOTAL": 45.0, "T_HOMBRES": 19.0, "T_MUJERES": 26.0, "LLAVE_MZS": "060105007000000", "contacto": "juan.suyo@geogpsperu.com", "descargar": "www.geogpsperu.com", "whatsapp": 931381206.0, "NOMBDEP": "CAJAMARCA", "NOMBPROV": "CAJAMARCA", "IDPROV": "0601", "ARCHIVO": "CAJAMARCA_CAJAMARCA_0601_Manzanas_Poblacion_JP_SuyoPomalia_geogpsperu_931381206" }, "geometry": { "type": "Polygon", "coordinates": [ [ [ -78.34965333599996, -7.070699306999927 ], [ -78.349573964999934, -7.070709893999947 ], [ -78.349495840999964, -7.070727447999957 ], [ -78.349419574999956, -7.070751830999939 ], [ -78.349345764999953, -7.070782850999933 ], [ -78.34927498899998, -7.070820266999931 ], [ -78.349207798999942, -7.070863785999961 ], [ -78.349144722999938, -7.070913065999946 ], [ -78.349086252999939, -7.070967722999967 ], [ -78.349032846999989, -7.071027327999957 ], [ -78.348984923999978, -7.071091414999955 ], [ -78.348942857999987, -7.071159481999928 ], [ -78.348906977999945, -7.07123099699993 ], [ -78.348877565999942, -7.071305399999972 ], [ -78.348854850999942, -7.071382108999956 ], [ -78.348839011999985, -7.071460521999938 ], [ -78.348830171999964, -7.071540027999959 ], [ -78.348828399999945, -7.071620002999964 ], [ -78.348833710999941, -7.071699820999982 ], [ -78.348846062999939, -7.071778857999959 ], [ -78.348865357999955, -7.071856494999963 ], [ -78.348891446999971, -7.071932124999933 ], [ -78.34892412499994, -7.072005155999932 ], [ -78.348963134999963, -7.072075014999939 ], [ -78.349008173999948, -7.072141156999976 ], [ -78.349058887999945, -7.07220306399995 ], [ -78.349114880999934, -7.072260250999932 ], [ -78.349175712999966, -7.072312269999941 ], [ -78.349240909999935, -7.07235871499995 ], [ -78.34930996099996, -7.072399221999945 ], [ -78.349382325999954, -7.072433473999979 ], [ -78.349457436999955, -7.072461202999932 ], [ -78.349534707999965, -7.072482191999939 ], [ -78.349613532999967, -7.072496276999971 ], [ -78.349693295999941, -7.072503346999952 ], [ -78.349773371999959, -7.072503346999952 ], [ -78.349853134999989, -7.072496276999971 ], [ -78.349931959999935, -7.072482191999939 ], [ -78.350009230999945, -7.072461202999932 ], [ -78.350084341999946, -7.072433473999979 ], [ -78.35015670699994, -7.072399221999945 ], [ -78.350225757999965, -7.07235871499995 ], [ -78.350290954999934, -7.072312269999941 ], [ -78.350351786999965, -7.072260250999932 ], [ -78.350407779999955, -7.07220306399995 ], [ -78.350458493999952, -7.072141156999976 ], [ -78.350503532999937, -7.072075014999939 ], [ -78.35054254299996, -7.072005155999932 ], [ -78.350575220999986, -7.071932124999933 ], [ -78.350601309999945, -7.071856494999963 ], [ -78.350620604999961, -7.071778857999959 ], [ -78.350632956999959, -7.071699820999982 ], [ -78.350638267999955, -7.071620002999964 ], [ -78.350636495999936, -7.071540027999959 ], [ -78.350627655999972, -7.071460521999938 ], [ -78.350611816999958, -7.071382108999956 ], [ -78.350589101999958, -7.071305399999972 ], [ -78.350559689999955, -7.07123099699993 ], [ -78.35052380999997, -7.071159481999928 ], [ -78.350481743999978, -7.071091414999955 ], [ -78.350433820999967, -7.071027327999957 ], [ -78.350380414999961, -7.070967722999967 ], [ -78.350321944999962, -7.070913065999946 ], [ -78.350258868999958, -7.070863785999961 ], [ -78.350191678999977, -7.070820266999931 ], [ -78.350120902999947, -7.070782850999933 ], [ -78.350047092999944, -7.070751830999939 ], [ -78.349970826999936, -7.070727447999957 ], [ -78.349892702999966, -7.070709893999947 ], [ -78.34981333199994, -7.070699306999927 ], [ -78.34973333399995, -7.07069576799995 ], [ -78.34965333599996, -7.070699306999927 ] ] ] } },
{ "type": "Feature", "properties": { "Mz": "060105006100000", "UBIGEO": "060105", "AREA": "2", "CODCCPP": "0061", "ZONA": "00000", "MANZANA_ID": null, "MANZANA_A": null, "T_TOTAL": 37.0, "T_HOMBRES": 21.0, "T_MUJERES": 16.0, "LLAVE_MZS": "060105006100000", "contacto": "juan.suyo@geogpsperu.com", "descargar": "www.geogpsperu.com", "whatsapp": 931381206.0, "NOMBDEP": "CAJAMARCA", "NOMBPROV": "CAJAMARCA", "IDPROV": "0601", "ARCHIVO": "CAJAMARCA_CAJAMARCA_0601_Manzanas_Poblacion_JP_SuyoPomalia_geogpsperu_931381206" }, "geometry": { "type": "Polygon", "coordinates": [ [ [ -78.331068336999977, -7.064812639999957 ], [ -78.330988966999939, -7.064823227999966 ], [ -78.330910843999959, -7.064840781999976 ], [ -78.330834578999941, -7.064865163999968 ], [ -78.330760769999983, -7.064896184999952 ], [ -78.330689993999954, -7.06493360099995 ], [ -78.330622805999951, -7.06497711999998 ], [ -78.330559729999948, -7.065026399999965 ], [ -78.330501260999938, -7.065081056999929 ], [ -78.330447855999978, -7.065140661999976 ], [ -78.330399932999967, -7.065204748999975 ], [ -78.330357867999965, -7.065272815999947 ], [ -78.33032198899997, -7.065344330999949 ], [ -78.330292576999966, -7.065418733999934 ], [ -78.330269861999966, -7.065495441999929 ], [ -78.330254022999952, -7.065573855999958 ], [ -78.330245182999988, -7.065653361999978 ], [ -78.330243411999959, -7.065733336999926 ], [ -78.330248721999965, -7.065813154999944 ], [ -78.330261073999964, -7.065892191999978 ], [ -78.330280368999979, -7.065969828999926 ], [ -78.330306457999939, -7.066045458999952 ], [ -78.330339134999974, -7.066118489999951 ], [ -78.330378144999941, -7.066188348999958 ], [ -78.330423182999937, -7.066254490999938 ], [ -78.330473896999933, -7.066316397999969 ], [ -78.330529887999944, -7.066373584999951 ], [ -78.330590719999975, -7.06642560399996 ], [ -78.330655916999945, -7.066472049999959 ], [ -78.330724966999981, -7.066512556999953 ], [ -78.330797329999939, -7.066546808999931 ], [ -78.330872439999951, -7.066574537999941 ], [ -78.33094970999997, -7.066595526999947 ], [ -78.331028534999973, -7.066609610999933 ], [ -78.331108295999968, -7.066616680999971 ], [ -78.331188371999986, -7.066616680999971 ], [ -78.33126813299998, -7.066609610999933 ], [ -78.331346957999983, -7.066595526999947 ], [ -78.331424227999946, -7.066574537999941 ], [ -78.331499337999958, -7.066546808999931 ], [ -78.331571700999973, -7.066512556999953 ], [ -78.331640750999952, -7.066472049999959 ], [ -78.331705947999978, -7.06642560399996 ], [ -78.331766779999953, -7.066373584999951 ], [ -78.331822770999963, -7.066316397999969 ], [ -78.33187348499996, -7.066254490999938 ], [ -78.331918522999956, -7.066188348999958 ], [ -78.331957532999979, -7.066118489999951 ], [ -78.331990209999958, -7.066045458999952 ], [ -78.332016298999974, -7.065969828999926 ], [ -78.332035594, -7.065892191999978 ], [ -78.332047945999989, -7.065813154999944 ], [ -78.332053255999938, -7.065733336999926 ], [ -78.332051484999965, -7.065653361999978 ], [ -78.332042644999945, -7.065573855999958 ], [ -78.332026805999988, -7.065495441999929 ], [ -78.332004090999988, -7.065418733999934 ], [ -78.331974678999984, -7.065344330999949 ], [ -78.331938799999989, -7.065272815999947 ], [ -78.331896734999987, -7.065204748999975 ], [ -78.331848811999976, -7.065140661999976 ], [ -78.331795406999959, -7.065081056999929 ], [ -78.331736937999949, -7.065026399999965 ], [ -78.331673861999946, -7.06497711999998 ], [ -78.331606673999943, -7.06493360099995 ], [ -78.33153589799997, -7.064896184999952 ], [ -78.331462088999956, -7.064865163999968 ], [ -78.331385823999938, -7.064840781999976 ], [ -78.331307700999957, -7.064823227999966 ], [ -78.331228330999977, -7.064812639999957 ], [ -78.331148333999977, -7.06480910199997 ], [ -78.331068336999977, -7.064812639999957 ] ] ] } },
{ "type": "Feature", "properties": { "Mz": "060105006600000", "UBIGEO": "060105", "AREA": "2", "CODCCPP": "0066", "ZONA": "00000", "MANZANA_ID": null, "MANZANA_A": null, "T_TOTAL": 34.0, "T_HOMBRES": 19.0, "T_MUJERES": 15.0, "LLAVE_MZS": "060105006600000", "contacto": "juan.suyo@geogpsperu.com", "descargar": "www.geogpsperu.com", "whatsapp": 931381206.0, "NOMBDEP": "CAJAMARCA", "NOMBPROV": "CAJAMARCA", "IDPROV": "0601", "ARCHIVO": "CAJAMARCA_CAJAMARCA_0601_Manzanas_Poblacion_JP_SuyoPomalia_geogpsperu_931381206" }, "geometry": { "type": "Polygon", "coordinates": [ [ [ -78.342673336999951, -7.06305430599997 ], [ -78.342593966999971, -7.063064893999979 ], [ -78.342515843999934, -7.063082447999932 ], [ -78.342439578999972, -7.063106829999981 ], [ -78.342365770999947, -7.063137850999965 ], [ -78.342294994999975, -7.063175266999963 ], [ -78.342227806999972, -7.063218785999936 ], [ -78.342164730999968, -7.063268065999978 ], [ -78.342106261999959, -7.063322722999942 ], [ -78.342052857999988, -7.063382327999932 ], [ -78.342004934999977, -7.06344641499993 ], [ -78.341962869999975, -7.06351448199996 ], [ -78.34192699099998, -7.063585996999961 ], [ -78.341897578999976, -7.063660399999947 ], [ -78.341874864999966, -7.063737107999941 ], [ -78.341859025999952, -7.06381552199997 ], [ -78.341850185999988, -7.063895027999934 ], [ -78.341848413999969, -7.063975002999939 ], [ -78.341853724999964, -7.064054820999957 ], [ -78.341866075999974, -7.064133857999934 ], [ -78.341885370999989, -7.064211494999938 ], [ -78.341911459999949, -7.064287124999964 ], [ -78.341944136999984, -7.064360155999964 ], [ -78.341983146999951, -7.064430014999971 ], [ -78.342028184999947, -7.064496156999951 ], [ -78.342078897999954, -7.064558063999925 ], [ -78.342134889999954, -7.064615250999964 ], [ -78.342195721999985, -7.064667270999962 ], [ -78.342260916999976, -7.064713715999972 ], [ -78.342329966999955, -7.064754222999966 ], [ -78.34240232999997, -7.064788474999943 ], [ -78.342477440999971, -7.064816203999953 ], [ -78.342554709999945, -7.06483719299996 ], [ -78.342633533999958, -7.064851276999946 ], [ -78.342713295999943, -7.064858346999927 ], [ -78.342793369999981, -7.064858346999927 ], [ -78.342873131999966, -7.064851276999946 ], [ -78.342951955999979, -7.06483719299996 ], [ -78.343029224999952, -7.064816203999953 ], [ -78.343104335999953, -7.064788474999943 ], [ -78.343176698999969, -7.064754222999966 ], [ -78.343245748999948, -7.064713715999972 ], [ -78.343310943999938, -7.064667270999962 ], [ -78.343371775999969, -7.064615250999964 ], [ -78.34342776799997, -7.064558063999925 ], [ -78.343478480999977, -7.064496156999951 ], [ -78.343523518999973, -7.064430014999971 ], [ -78.343562528999939, -7.064360155999964 ], [ -78.343595205999975, -7.064287124999964 ], [ -78.343621294999934, -7.064211494999938 ], [ -78.34364058999995, -7.064133857999934 ], [ -78.343652940999959, -7.064054820999957 ], [ -78.343658251999955, -7.063975002999939 ], [ -78.343656479999936, -7.063895027999934 ], [ -78.343647639999972, -7.06381552199997 ], [ -78.343631800999958, -7.063737107999941 ], [ -78.343609086999948, -7.063660399999947 ], [ -78.343579674999944, -7.063585996999961 ], [ -78.343543795999949, -7.06351448199996 ], [ -78.343501730999947, -7.06344641499993 ], [ -78.343453807999936, -7.063382327999932 ], [ -78.343400403999965, -7.063322722999942 ], [ -78.343341934999955, -7.063268065999978 ], [ -78.343278858999952, -7.063218785999936 ], [ -78.343211670999949, -7.063175266999963 ], [ -78.343140894999976, -7.063137850999965 ], [ -78.343067086999952, -7.063106829999981 ], [ -78.342990821999933, -7.063082447999932 ], [ -78.342912698999953, -7.063064893999979 ], [ -78.342833328999973, -7.06305430599997 ], [ -78.342753332999962, -7.063050767999925 ], [ -78.342673336999951, -7.06305430599997 ] ] ] } },
{ "type": "Feature", "properties": { "Mz": "060105006400000", "UBIGEO": "060105", "AREA": "2", "CODCCPP": "0064", "ZONA": "00000", "MANZANA_ID": null, "MANZANA_A": null, "T_TOTAL": 212.0, "T_HOMBRES": 104.0, "T_MUJERES": 108.0, "LLAVE_MZS": "060105006400000", "contacto": "juan.suyo@geogpsperu.com", "descargar": "www.geogpsperu.com", "whatsapp": 931381206.0, "NOMBDEP": "CAJAMARCA", "NOMBPROV": "CAJAMARCA", "IDPROV": "0601", "ARCHIVO": "CAJAMARCA_CAJAMARCA_0601_Manzanas_Poblacion_JP_SuyoPomalia_geogpsperu_931381206" }, "geometry": { "type": "Polygon", "coordinates": [ [ [ -78.354181670999935, -7.061295972999972 ], [ -78.354102300999955, -7.061306560999981 ], [ -78.354024178999964, -7.061324114999934 ], [ -78.353947914999935, -7.061348496999926 ], [ -78.353874105999978, -7.061379517999967 ], [ -78.353803330999938, -7.061416933999965 ], [ -78.353736142999935, -7.061460452999938 ], [ -78.353673067999978, -7.06150973299998 ], [ -78.353614598999968, -7.061564389999944 ], [ -78.353561193999951, -7.061623994999934 ], [ -78.353513271999987, -7.061688081999932 ], [ -78.353471206999984, -7.061756148999962 ], [ -78.353435327999989, -7.061827663999964 ], [ -78.353405915999986, -7.061902066999949 ], [ -78.353383201999975, -7.061978774999943 ], [ -78.353367362999961, -7.062057188999972 ], [ -78.35335852299994, -7.062136694999936 ], [ -78.353356751999968, -7.062216669999941 ], [ -78.353362061999974, -7.062296487999959 ], [ -78.353374412999983, -7.062375524999936 ], [ -78.353393708999988, -7.06245316199994 ], [ -78.353419796999958, -7.062528791999966 ], [ -78.353452473999937, -7.062601822999966 ], [ -78.35349148399996, -7.062671681999973 ], [ -78.353536521999956, -7.062737823999953 ], [ -78.353587234999964, -7.062799730999927 ], [ -78.353643225999974, -7.062856917999966 ], [ -78.353704057999948, -7.062908937999964 ], [ -78.353769252999939, -7.062955382999974 ], [ -78.353838302999975, -7.062995889999968 ], [ -78.353910665999933, -7.063030141999945 ], [ -78.353985775999945, -7.063057870999955 ], [ -78.354063044999975, -7.063078859999962 ], [ -78.354141867999942, -7.063092943999948 ], [ -78.354221629999984, -7.063100013999929 ], [ -78.354301703999965, -7.063100013999929 ], [ -78.35438146599995, -7.063092943999948 ], [ -78.354460288999974, -7.063078859999962 ], [ -78.354537557999947, -7.063057870999955 ], [ -78.354612667999959, -7.063030141999945 ], [ -78.354685030999974, -7.062995889999968 ], [ -78.354754080999953, -7.062955382999974 ], [ -78.354819275999944, -7.062908937999964 ], [ -78.354880107999975, -7.062856917999966 ], [ -78.354936098999985, -7.062799730999927 ], [ -78.354986811999936, -7.062737823999953 ], [ -78.355031849999989, -7.062671681999973 ], [ -78.355070859999955, -7.062601822999966 ], [ -78.355103536999934, -7.062528791999966 ], [ -78.355129624999961, -7.06245316199994 ], [ -78.355148920999966, -7.062375524999936 ], [ -78.355161271999975, -7.062296487999959 ], [ -78.355166581999981, -7.062216669999941 ], [ -78.355164810999952, -7.062136694999936 ], [ -78.355155970999988, -7.062057188999972 ], [ -78.355140131999974, -7.061978774999943 ], [ -78.355117417999963, -7.061902066999949 ], [ -78.35508800599996, -7.061827663999964 ], [ -78.355052126999965, -7.061756148999962 ], [ -78.355010061999963, -7.061688081999932 ], [ -78.354962139999941, -7.061623994999934 ], [ -78.354908734999981, -7.061564389999944 ], [ -78.354850265999971, -7.06150973299998 ], [ -78.354787190999957, -7.061460452999938 ], [ -78.354720002999954, -7.061416933999965 ], [ -78.354649227999971, -7.061379517999967 ], [ -78.354575418999957, -7.061348496999926 ], [ -78.354499154999985, -7.061324114999934 ], [ -78.354421032999937, -7.061306560999981 ], [ -78.354341662999957, -7.061295972999972 ], [ -78.354261666999946, -7.061292434999928 ], [ -78.354181670999935, -7.061295972999972 ] ] ] } },
{ "type": "Feature", "properties": { "Mz": "060105007800000", "UBIGEO": "060105", "AREA": "2", "CODCCPP": "0078", "ZONA": "00000", "MANZANA_ID": null, "MANZANA_A": null, "T_TOTAL": 131.0, "T_HOMBRES": 65.0, "T_MUJERES": 66.0, "LLAVE_MZS": "060105007800000", "contacto": "juan.suyo@geogpsperu.com", "descargar": "www.geogpsperu.com", "whatsapp": 931381206.0, "NOMBDEP": "CAJAMARCA", "NOMBPROV": "CAJAMARCA", "IDPROV": "0601", "ARCHIVO": "CAJAMARCA_CAJAMARCA_0601_Manzanas_Poblacion_JP_SuyoPomalia_geogpsperu_931381206" }, "geometry": { "type": "Polygon", "coordinates": [ [ [ -78.309783333999974, -7.07703930699995 ], [ -78.309703961999958, -7.07704989399997 ], [ -78.309625836999942, -7.07706744799998 ], [ -78.309549569999945, -7.077091830999962 ], [ -78.309475758999952, -7.077122851999945 ], [ -78.309404980999943, -7.077160267999943 ], [ -78.309337790999962, -7.077203785999927 ], [ -78.309274713999969, -7.077253066999958 ], [ -78.30921624299998, -7.077307722999933 ], [ -78.309162836999974, -7.07736732799998 ], [ -78.309114912999974, -7.077431414999978 ], [ -78.309072845999935, -7.077499481999951 ], [ -78.309036965999951, -7.077570996999953 ], [ -78.309007552999958, -7.077645399999938 ], [ -78.308984837999958, -7.077722108999978 ], [ -78.308968998999944, -7.077800521999961 ], [ -78.30896015899998, -7.077880027999981 ], [ -78.308958386999961, -7.07796000299993 ], [ -78.308963697999957, -7.078039820999948 ], [ -78.308976048999966, -7.078118857999925 ], [ -78.308995344999971, -7.078196494999929 ], [ -78.309021433999987, -7.078272124999955 ], [ -78.309054111999956, -7.078345154999965 ], [ -78.309093123999958, -7.078415014999962 ], [ -78.309138162999943, -7.078481156999942 ], [ -78.309188877999986, -7.078543063999973 ], [ -78.309244870999976, -7.078600250999955 ], [ -78.309305704999986, -7.078652269999964 ], [ -78.309370902999945, -7.078698714999973 ], [ -78.30943995399997, -7.078739221999967 ], [ -78.309512319999953, -7.078773473999945 ], [ -78.309587431999944, -7.078801202999955 ], [ -78.309664703999943, -7.078822191999961 ], [ -78.309743529999935, -7.078836276999937 ], [ -78.309823293999955, -7.078843346999975 ], [ -78.309903371999951, -7.078843346999975 ], [ -78.309983135999971, -7.078836276999937 ], [ -78.310061961999963, -7.078822191999961 ], [ -78.310139233999962, -7.078801202999955 ], [ -78.310214345999952, -7.078773473999945 ], [ -78.310286711999936, -7.078739221999967 ], [ -78.310355762999961, -7.078698714999973 ], [ -78.310420960999977, -7.078652269999964 ], [ -78.310481794999987, -7.078600250999955 ], [ -78.310537787999976, -7.078543063999973 ], [ -78.310588502999963, -7.078481156999942 ], [ -78.310633541999948, -7.078415014999962 ], [ -78.31067255399995, -7.078345154999965 ], [ -78.310705231999975, -7.078272124999955 ], [ -78.310731320999935, -7.078196494999929 ], [ -78.31075061699994, -7.078118857999925 ], [ -78.310762967999949, -7.078039820999948 ], [ -78.310768278999944, -7.07796000299993 ], [ -78.310766506999983, -7.077880027999981 ], [ -78.310757666999962, -7.077800521999961 ], [ -78.310741827999948, -7.077722108999978 ], [ -78.310719112999948, -7.077645399999938 ], [ -78.310689699999955, -7.077570996999953 ], [ -78.31065381999997, -7.077499481999951 ], [ -78.310611752999989, -7.077431414999978 ], [ -78.310563828999989, -7.07736732799998 ], [ -78.310510422999982, -7.077307722999933 ], [ -78.310451951999937, -7.077253066999958 ], [ -78.310388874999944, -7.077203785999927 ], [ -78.310321684999963, -7.077160267999943 ], [ -78.310250906999954, -7.077122851999945 ], [ -78.310177095999961, -7.077091830999962 ], [ -78.310100828999964, -7.07706744799998 ], [ -78.310022703999948, -7.07704989399997 ], [ -78.309943331999989, -7.07703930699995 ], [ -78.309863332999953, -7.077035767999973 ], [ -78.309783333999974, -7.07703930699995 ] ] ] } },
{ "type": "Feature", "properties": { "Mz": "060105007700000", "UBIGEO": "060105", "AREA": "2", "CODCCPP": "0077", "ZONA": "00000", "MANZANA_ID": null, "MANZANA_A": null, "T_TOTAL": 157.0, "T_HOMBRES": 70.0, "T_MUJERES": 87.0, "LLAVE_MZS": "060105007700000", "contacto": "juan.suyo@geogpsperu.com", "descargar": "www.geogpsperu.com", "whatsapp": 931381206.0, "NOMBDEP": "CAJAMARCA", "NOMBPROV": "CAJAMARCA", "IDPROV": "0601", "ARCHIVO": "CAJAMARCA_CAJAMARCA_0601_Manzanas_Poblacion_JP_SuyoPomalia_geogpsperu_931381206" }, "geometry": { "type": "Polygon", "coordinates": [ [ [ -78.294835001999957, -7.075775972999963 ], [ -78.294755628999951, -7.075786559999926 ], [ -78.294677503999935, -7.075804113999936 ], [ -78.294601237999984, -7.075828496999975 ], [ -78.294527426999935, -7.075859517999959 ], [ -78.294456649999972, -7.075896933999957 ], [ -78.294389458999945, -7.075940451999941 ], [ -78.294326381999952, -7.075989732999972 ], [ -78.294267911999953, -7.076044388999946 ], [ -78.294214504999957, -7.076103993999936 ], [ -78.294166581999946, -7.076168080999935 ], [ -78.294124514999965, -7.076236147999964 ], [ -78.29408863499998, -7.076307662999966 ], [ -78.294059222999977, -7.076382065999951 ], [ -78.294036507999976, -7.076458774999935 ], [ -78.294020667999973, -7.076537187999975 ], [ -78.294011827999952, -7.076616693999938 ], [ -78.294010055999934, -7.076696668999944 ], [ -78.294015366999986, -7.076776486999961 ], [ -78.294027718999985, -7.076855523999939 ], [ -78.294047015, -7.076933160999943 ], [ -78.294073103999949, -7.077008790999969 ], [ -78.294105781999974, -7.077081820999979 ], [ -78.294144792999987, -7.077151680999975 ], [ -78.294189831999972, -7.077217822999955 ], [ -78.294240546999958, -7.07727972999993 ], [ -78.294296539999948, -7.077336916999968 ], [ -78.294357372999968, -7.077388935999977 ], [ -78.294422570999984, -7.07743538099993 ], [ -78.294491622999942, -7.077475887999981 ], [ -78.294563987999936, -7.077510139999958 ], [ -78.294639099999984, -7.077537868999968 ], [ -78.294716371999982, -7.077558857999975 ], [ -78.294795197999974, -7.07757294299995 ], [ -78.294874960999948, -7.077580012999931 ], [ -78.294955038999944, -7.077580012999931 ], [ -78.295034801999975, -7.07757294299995 ], [ -78.295113627999967, -7.077558857999975 ], [ -78.295190899999966, -7.077537868999968 ], [ -78.295266011999956, -7.077510139999958 ], [ -78.29533837699995, -7.077475887999981 ], [ -78.295407428999965, -7.07743538099993 ], [ -78.295472626999981, -7.077388935999977 ], [ -78.295533459999945, -7.077336916999968 ], [ -78.295589452999934, -7.07727972999993 ], [ -78.295640167999977, -7.077217822999955 ], [ -78.295685206999963, -7.077151680999975 ], [ -78.295724217999975, -7.077081820999979 ], [ -78.295756895999943, -7.077008790999969 ], [ -78.29578298499996, -7.076933160999943 ], [ -78.295802280999965, -7.076855523999939 ], [ -78.295814632999964, -7.076776486999961 ], [ -78.295819943999959, -7.076696668999944 ], [ -78.29581817199994, -7.076616693999938 ], [ -78.295809331999976, -7.076537187999975 ], [ -78.295793491999973, -7.076458774999935 ], [ -78.295770776999973, -7.076382065999951 ], [ -78.295741364999969, -7.076307662999966 ], [ -78.295705484999985, -7.076236147999964 ], [ -78.295663417999947, -7.076168080999935 ], [ -78.295615494999936, -7.076103993999936 ], [ -78.29556208799994, -7.076044388999946 ], [ -78.295503617999941, -7.075989732999972 ], [ -78.295440540999948, -7.075940451999941 ], [ -78.295373349999977, -7.075896933999957 ], [ -78.295302572999958, -7.075859517999959 ], [ -78.295228761999965, -7.075828496999975 ], [ -78.295152495999957, -7.075804113999936 ], [ -78.295074370999941, -7.075786559999926 ], [ -78.294994997999936, -7.075775972999963 ], [ -78.294915, -7.07577243399993 ], [ -78.294835001999957, -7.075775972999963 ] ] ] } },
{ "type": "Feature", "properties": { "Mz": "060105007600000", "UBIGEO": "060105", "AREA": "2", "CODCCPP": "0076", "ZONA": "00000", "MANZANA_ID": null, "MANZANA_A": null, "T_TOTAL": 37.0, "T_HOMBRES": 14.0, "T_MUJERES": 23.0, "LLAVE_MZS": "060105007600000", "contacto": "juan.suyo@geogpsperu.com", "descargar": "www.geogpsperu.com", "whatsapp": 931381206.0, "NOMBDEP": "CAJAMARCA", "NOMBPROV": "CAJAMARCA", "IDPROV": "0601", "ARCHIVO": "CAJAMARCA_CAJAMARCA_0601_Manzanas_Poblacion_JP_SuyoPomalia_geogpsperu_931381206" }, "geometry": { "type": "Polygon", "coordinates": [ [ [ -78.238669988999959, -7.075389281999946 ], [ -78.238590615999954, -7.075399868999966 ], [ -78.238512490999938, -7.075417422999976 ], [ -78.238436224999987, -7.075441805999958 ], [ -78.238362413999937, -7.075472826999942 ], [ -78.238291636999975, -7.07551024299994 ], [ -78.238224446999936, -7.075553760999981 ], [ -78.238161369999943, -7.075603041999955 ], [ -78.238102898999955, -7.075657697999929 ], [ -78.238049492999949, -7.075717302999976 ], [ -78.238001568999948, -7.075781389999975 ], [ -78.237959502999956, -7.075849456999947 ], [ -78.237923622999972, -7.075920971999949 ], [ -78.237894209999979, -7.075995374999934 ], [ -78.237871494999979, -7.076072083999975 ], [ -78.237855655999965, -7.076150496999958 ], [ -78.237846815999944, -7.076230002999978 ], [ -78.237845043999982, -7.076309977999927 ], [ -78.237850354999978, -7.076389795999944 ], [ -78.237862706999977, -7.076468832999979 ], [ -78.237882001999935, -7.076546469999926 ], [ -78.237908090999952, -7.076622099999952 ], [ -78.237940768999977, -7.076695129999962 ], [ -78.237979780999979, -7.076764989999958 ], [ -78.238024819999964, -7.076831131999938 ], [ -78.238075533999961, -7.07689303899997 ], [ -78.23813152699995, -7.076950225999951 ], [ -78.23819236099996, -7.07700224499996 ], [ -78.238257557999987, -7.07704868999997 ], [ -78.238326609999945, -7.077089196999964 ], [ -78.238398974999939, -7.077123448999942 ], [ -78.238474086999986, -7.077151177999951 ], [ -78.238551358999985, -7.077172166999958 ], [ -78.238630184999977, -7.077186251999933 ], [ -78.238709947999951, -7.077193321999971 ], [ -78.238790025999947, -7.077193321999971 ], [ -78.238869788999978, -7.077186251999933 ], [ -78.23894861499997, -7.077172166999958 ], [ -78.239025886999968, -7.077151177999951 ], [ -78.239100998999959, -7.077123448999942 ], [ -78.239173363999953, -7.077089196999964 ], [ -78.239242415999968, -7.07704868999997 ], [ -78.239307612999937, -7.07700224499996 ], [ -78.239368446999947, -7.076950225999951 ], [ -78.239424439999937, -7.07689303899997 ], [ -78.239475153999933, -7.076831131999938 ], [ -78.239520192999976, -7.076764989999958 ], [ -78.239559204999978, -7.076695129999962 ], [ -78.239591882999946, -7.076622099999952 ], [ -78.239617971999962, -7.076546469999926 ], [ -78.239637266999978, -7.076468832999979 ], [ -78.239649618999977, -7.076389795999944 ], [ -78.239654929999972, -7.076309977999927 ], [ -78.239653157999953, -7.076230002999978 ], [ -78.239644317999989, -7.076150496999958 ], [ -78.239628478999975, -7.076072083999975 ], [ -78.239605763999975, -7.075995374999934 ], [ -78.239576350999982, -7.075920971999949 ], [ -78.239540470999941, -7.075849456999947 ], [ -78.239498404999949, -7.075781389999975 ], [ -78.239450480999949, -7.075717302999976 ], [ -78.239397074999943, -7.075657697999929 ], [ -78.239338603999954, -7.075603041999955 ], [ -78.239275526999961, -7.075553760999981 ], [ -78.23920833699998, -7.07551024299994 ], [ -78.239137559999961, -7.075472826999942 ], [ -78.239063748999968, -7.075441805999958 ], [ -78.23898748299996, -7.075417422999976 ], [ -78.238909357999944, -7.075399868999966 ], [ -78.238829984999938, -7.075389281999946 ], [ -78.238749986999949, -7.07538574299997 ], [ -78.238669988999959, -7.075389281999946 ] ] ] } },
{ "type": "Feature", "properties": { "Mz": "060105008100000", "UBIGEO": "060105", "AREA": "2", "CODCCPP": "0081", "ZONA": "00000", "MANZANA_ID": null, "MANZANA_A": null, "T_TOTAL": 132.0, "T_HOMBRES": 52.0, "T_MUJERES": 80.0, "LLAVE_MZS": "060105008100000", "contacto": "juan.suyo@geogpsperu.com", "descargar": "www.geogpsperu.com", "whatsapp": 931381206.0, "NOMBDEP": "CAJAMARCA", "NOMBPROV": "CAJAMARCA", "IDPROV": "0601", "ARCHIVO": "CAJAMARCA_CAJAMARCA_0601_Manzanas_Poblacion_JP_SuyoPomalia_geogpsperu_931381206" }, "geometry": { "type": "Polygon", "coordinates": [ [ [ -78.277215001999934, -7.074815972999943 ], [ -78.277135629999975, -7.074826559999963 ], [ -78.277057504999959, -7.074844113999973 ], [ -78.276981238999952, -7.074868496999954 ], [ -78.276907427999959, -7.074899517999938 ], [ -78.27683665099994, -7.074936933999936 ], [ -78.276769459999969, -7.074980451999977 ], [ -78.276706382999976, -7.075029731999962 ], [ -78.276647912999977, -7.075084388999926 ], [ -78.27659450699997, -7.075143993999973 ], [ -78.27654658299997, -7.075208080999971 ], [ -78.276504516999978, -7.075276147999944 ], [ -78.276468636999937, -7.075347662999945 ], [ -78.276439223999944, -7.075422065999931 ], [ -78.27641651, -7.075498774999971 ], [ -78.276400669999987, -7.075577187999954 ], [ -78.276391829999966, -7.075656693999974 ], [ -78.276390057999947, -7.07573666899998 ], [ -78.276395368999943, -7.07581648699994 ], [ -78.276407720999941, -7.075895523999975 ], [ -78.276427015999957, -7.075973160999979 ], [ -78.276453104999973, -7.076048790999948 ], [ -78.276485782999941, -7.076121820999958 ], [ -78.276524793999954, -7.076191680999955 ], [ -78.276569833999986, -7.076257822999935 ], [ -78.276620547999983, -7.076319729999966 ], [ -78.276676540999972, -7.076376916999948 ], [ -78.276737373999936, -7.076428935999957 ], [ -78.276802571999951, -7.076475380999966 ], [ -78.276871622999977, -7.07651588799996 ], [ -78.276943987999971, -7.076550139999938 ], [ -78.277019100999951, -7.076577868999948 ], [ -78.27709637199996, -7.076598857999954 ], [ -78.277175197999952, -7.07661294299993 ], [ -78.277254961999972, -7.076620012999967 ], [ -78.277335038, -7.076620012999967 ], [ -78.277414801999953, -7.07661294299993 ], [ -78.277493627999945, -7.076598857999954 ], [ -78.277570898999954, -7.076577868999948 ], [ -78.277646011999934, -7.076550139999938 ], [ -78.277718376999985, -7.07651588799996 ], [ -78.277787427999954, -7.076475380999966 ], [ -78.277852625999969, -7.076428935999957 ], [ -78.277913459, -7.076376916999948 ], [ -78.277969451999979, -7.076319729999966 ], [ -78.278020165999976, -7.076257822999935 ], [ -78.278065205999951, -7.076191680999955 ], [ -78.278104216999964, -7.076121820999958 ], [ -78.278136894999989, -7.076048790999948 ], [ -78.278162983999948, -7.075973160999979 ], [ -78.278182278999964, -7.075895523999975 ], [ -78.278194630999963, -7.07581648699994 ], [ -78.278199941999958, -7.07573666899998 ], [ -78.278198169999939, -7.075656693999974 ], [ -78.278189329999975, -7.075577187999954 ], [ -78.278173489999972, -7.075498774999971 ], [ -78.278150775999961, -7.075422065999931 ], [ -78.278121362999968, -7.075347662999945 ], [ -78.278085482999984, -7.075276147999944 ], [ -78.278043416999935, -7.075208080999971 ], [ -78.277995492999935, -7.075143993999973 ], [ -78.277942086999985, -7.075084388999926 ], [ -78.277883616999986, -7.075029731999962 ], [ -78.277820539999936, -7.074980451999977 ], [ -78.277753348999966, -7.074936933999936 ], [ -78.277682571999947, -7.074899517999938 ], [ -78.277608760999954, -7.074868496999954 ], [ -78.277532494999946, -7.074844113999973 ], [ -78.277454369999987, -7.074826559999963 ], [ -78.277374997999971, -7.074815972999943 ], [ -78.277295, -7.074812433999966 ], [ -78.277215001999934, -7.074815972999943 ] ] ] } },
{ "type": "Feature", "properties": { "Mz": "060105007300000", "UBIGEO": "060105", "AREA": "2", "CODCCPP": "0073", "ZONA": "00000", "MANZANA_ID": null, "MANZANA_A": null, "T_TOTAL": 94.0, "T_HOMBRES": 41.0, "T_MUJERES": 53.0, "LLAVE_MZS": "060105007300000", "contacto": "juan.suyo@geogpsperu.com", "descargar": "www.geogpsperu.com", "whatsapp": 931381206.0, "NOMBDEP": "CAJAMARCA", "NOMBPROV": "CAJAMARCA", "IDPROV": "0601", "ARCHIVO": "CAJAMARCA_CAJAMARCA_0601_Manzanas_Poblacion_JP_SuyoPomalia_geogpsperu_931381206" }, "geometry": { "type": "Polygon", "coordinates": [ [ [ -78.319811668999989, -7.069767640999942 ], [ -78.319732296999973, -7.069778227999961 ], [ -78.319654172999947, -7.069795781999971 ], [ -78.319577907999985, -7.069820164999953 ], [ -78.319504097999982, -7.069851184999948 ], [ -78.319433321999952, -7.069888600999946 ], [ -78.319366131999971, -7.069932119999976 ], [ -78.319303055999967, -7.069981399999961 ], [ -78.319244585999968, -7.070036056999925 ], [ -78.319191180999951, -7.070095661999972 ], [ -78.319143256999951, -7.07015974899997 ], [ -78.319101190999959, -7.070227815999942 ], [ -78.319065311999964, -7.070299330999944 ], [ -78.31903589999996, -7.070373733999929 ], [ -78.31901318499996, -7.070450441999981 ], [ -78.318997345999946, -7.070528855999953 ], [ -78.318988505999982, -7.070608361999973 ], [ -78.318986733999964, -7.070688336999979 ], [ -78.318992044999959, -7.070768154999939 ], [ -78.319004395999968, -7.070847191999974 ], [ -78.319023691999973, -7.070924828999978 ], [ -78.319049781, -7.071000458999947 ], [ -78.319082457999968, -7.071073489999947 ], [ -78.319121468999981, -7.071143348999954 ], [ -78.319166506999977, -7.071209490999934 ], [ -78.319217220999974, -7.071271397999965 ], [ -78.319273213999963, -7.071328584999947 ], [ -78.319334045999938, -7.071380603999955 ], [ -78.319399242999964, -7.071427048999965 ], [ -78.319468293999989, -7.071467555999959 ], [ -78.319540657999937, -7.071501808999926 ], [ -78.319615769999984, -7.071529536999947 ], [ -78.319693039999947, -7.071550525999953 ], [ -78.31977186499995, -7.071564610999928 ], [ -78.319851627999981, -7.071571680999966 ], [ -78.319931703999941, -7.071571680999966 ], [ -78.320011466999972, -7.071564610999928 ], [ -78.320090291999975, -7.071550525999953 ], [ -78.320167561999938, -7.071529536999947 ], [ -78.320242673999985, -7.071501808999926 ], [ -78.320315038, -7.071467555999959 ], [ -78.320384088999958, -7.071427048999965 ], [ -78.320449285999985, -7.071380603999955 ], [ -78.320510117999959, -7.071328584999947 ], [ -78.320566110999948, -7.071271397999965 ], [ -78.320616824999945, -7.071209490999934 ], [ -78.320661862999941, -7.071143348999954 ], [ -78.320700873999954, -7.071073489999947 ], [ -78.320733550999989, -7.071000458999947 ], [ -78.320759639999949, -7.070924828999978 ], [ -78.320778935999954, -7.070847191999974 ], [ -78.320791286999963, -7.070768154999939 ], [ -78.320796597999959, -7.070688336999979 ], [ -78.32079482599994, -7.070608361999973 ], [ -78.320785985999976, -7.070528855999953 ], [ -78.320770146999962, -7.070450441999981 ], [ -78.320747431999962, -7.070373733999929 ], [ -78.320718019999958, -7.070299330999944 ], [ -78.320682140999963, -7.070227815999942 ], [ -78.320640074999972, -7.07015974899997 ], [ -78.320592150999971, -7.070095661999972 ], [ -78.320538745999954, -7.070036056999925 ], [ -78.320480275999955, -7.069981399999961 ], [ -78.320417199999952, -7.069932119999976 ], [ -78.32035000999997, -7.069888600999946 ], [ -78.320279233999941, -7.069851184999948 ], [ -78.320205423999937, -7.069820164999953 ], [ -78.320129158999976, -7.069795781999971 ], [ -78.320051034999949, -7.069778227999961 ], [ -78.319971663, -7.069767640999942 ], [ -78.319891666, -7.069764101999965 ], [ -78.319811668999989, -7.069767640999942 ] ] ] } },
{ "type": "Feature", "properties": { "Mz": "060105008000000", "UBIGEO": "060105", "AREA": "2", "CODCCPP": "0080", "ZONA": "00000", "MANZANA_ID": null, "MANZANA_A": null, "T_TOTAL": 35.0, "T_HOMBRES": 17.0, "T_MUJERES": 18.0, "LLAVE_MZS": "060105008000000", "contacto": "juan.suyo@geogpsperu.com", "descargar": "www.geogpsperu.com", "whatsapp": 931381206.0, "NOMBDEP": "CAJAMARCA", "NOMBPROV": "CAJAMARCA", "IDPROV": "0601", "ARCHIVO": "CAJAMARCA_CAJAMARCA_0601_Manzanas_Poblacion_JP_SuyoPomalia_geogpsperu_931381206" }, "geometry": { "type": "Polygon", "coordinates": [ [ [ -78.268063335999955, -7.068117638999979 ], [ -78.267983964999985, -7.068128226999931 ], [ -78.267905840999958, -7.068145780999942 ], [ -78.26782957599994, -7.06817016399998 ], [ -78.267755766999983, -7.068201183999975 ], [ -78.267684989999964, -7.068238599999972 ], [ -78.267617800999972, -7.068282118999946 ], [ -78.267554724999968, -7.068331398999931 ], [ -78.267496254999969, -7.068386055999952 ], [ -78.267442849999952, -7.068445660999942 ], [ -78.267394926999941, -7.06850974799994 ], [ -78.267352860999949, -7.068577814999969 ], [ -78.267316981999954, -7.068649329999971 ], [ -78.267287569999951, -7.068723732999956 ], [ -78.267264854999951, -7.068800440999951 ], [ -78.267249015999937, -7.06887885499998 ], [ -78.267240175999973, -7.068958360999943 ], [ -78.267238403999954, -7.069038335999949 ], [ -78.26724371499995, -7.069118153999966 ], [ -78.267256065999959, -7.069197190999944 ], [ -78.267275361999964, -7.069274827999948 ], [ -78.26730145099998, -7.069350457999974 ], [ -78.267334127999959, -7.069423488999973 ], [ -78.267373138999972, -7.06949334799998 ], [ -78.267418176999968, -7.069559489999961 ], [ -78.267468890999965, -7.069621396999935 ], [ -78.267524882999965, -7.069678583999973 ], [ -78.267585714999939, -7.069730602999925 ], [ -78.267650911999965, -7.069777047999935 ], [ -78.267719962999934, -7.069817554999929 ], [ -78.267792325999949, -7.069851807999953 ], [ -78.267867437999939, -7.069879536999963 ], [ -78.267944707999959, -7.06990052499998 ], [ -78.268023532999962, -7.069914609999955 ], [ -78.268103294999946, -7.069921679999936 ], [ -78.268183370999964, -7.069921679999936 ], [ -78.268263132999948, -7.069914609999955 ], [ -78.268341957999951, -7.06990052499998 ], [ -78.268419227999971, -7.069879536999963 ], [ -78.268494339999961, -7.069851807999953 ], [ -78.268566702999976, -7.069817554999929 ], [ -78.268635753999945, -7.069777047999935 ], [ -78.268700950999971, -7.069730602999925 ], [ -78.268761782999945, -7.069678583999973 ], [ -78.268817774999945, -7.069621396999935 ], [ -78.268868488999942, -7.069559489999961 ], [ -78.268913526999938, -7.06949334799998 ], [ -78.268952537999951, -7.069423488999973 ], [ -78.268985214999987, -7.069350457999974 ], [ -78.269011303999946, -7.069274827999948 ], [ -78.269030599999951, -7.069197190999944 ], [ -78.26904295099996, -7.069118153999966 ], [ -78.269048261999956, -7.069038335999949 ], [ -78.269046489999937, -7.068958360999943 ], [ -78.269037649999973, -7.06887885499998 ], [ -78.269021810999959, -7.068800440999951 ], [ -78.268999095999959, -7.068723732999956 ], [ -78.268969683999956, -7.068649329999971 ], [ -78.268933804999961, -7.068577814999969 ], [ -78.268891738999969, -7.06850974799994 ], [ -78.268843815999958, -7.068445660999942 ], [ -78.268790410999941, -7.068386055999952 ], [ -78.268731940999942, -7.068331398999931 ], [ -78.268668864999938, -7.068282118999946 ], [ -78.268601675999946, -7.068238599999972 ], [ -78.268530898999984, -7.068201183999975 ], [ -78.26845708999997, -7.06817016399998 ], [ -78.268380824999952, -7.068145780999942 ], [ -78.268302700999982, -7.068128226999931 ], [ -78.268223329999955, -7.068117638999979 ], [ -78.268143332999955, -7.068114100999935 ], [ -78.268063335999955, -7.068117638999979 ] ] ] } },
{ "type": "Feature", "properties": { "Mz": "060105007500000", "UBIGEO": "060105", "AREA": "2", "CODCCPP": "0075", "ZONA": "00000", "MANZANA_ID": null, "MANZANA_A": null, "T_TOTAL": 35.0, "T_HOMBRES": 17.0, "T_MUJERES": 18.0, "LLAVE_MZS": "060105007500000", "contacto": "juan.suyo@geogpsperu.com", "descargar": "www.geogpsperu.com", "whatsapp": 931381206.0, "NOMBDEP": "CAJAMARCA", "NOMBPROV": "CAJAMARCA", "IDPROV": "0601", "ARCHIVO": "CAJAMARCA_CAJAMARCA_0601_Manzanas_Poblacion_JP_SuyoPomalia_geogpsperu_931381206" }, "geometry": { "type": "Polygon", "coordinates": [ [ [ -78.277118335999944, -7.067172639999967 ], [ -78.277038964999974, -7.067183227999976 ], [ -78.276960841999937, -7.067200781999929 ], [ -78.276884576999976, -7.067225164999968 ], [ -78.276810766999972, -7.067256184999962 ], [ -78.276739990999943, -7.06729360099996 ], [ -78.27667280199995, -7.067337119999934 ], [ -78.276609725999947, -7.067386399999975 ], [ -78.276551256999937, -7.06744105699994 ], [ -78.276497850999988, -7.067500661999929 ], [ -78.276449927999977, -7.067564748999928 ], [ -78.276407862999974, -7.067632815999957 ], [ -78.276371983, -7.067704330999959 ], [ -78.276342570999986, -7.067778733999944 ], [ -78.276319856999976, -7.067855441999939 ], [ -78.276304017999962, -7.067933855999968 ], [ -78.276295177999941, -7.068013361999931 ], [ -78.276293405999979, -7.068093336999937 ], [ -78.276298716999975, -7.068173154999954 ], [ -78.276311067999984, -7.068252191999932 ], [ -78.276330363999989, -7.068329828999936 ], [ -78.276356451999959, -7.068405458999962 ], [ -78.276389129999984, -7.068478489999961 ], [ -78.27642813999995, -7.068548348999968 ], [ -78.276473177999947, -7.068614490999948 ], [ -78.276523891999943, -7.06867639799998 ], [ -78.276579883999943, -7.068733584999961 ], [ -78.276640716999964, -7.06878560399997 ], [ -78.276705912999944, -7.06883204899998 ], [ -78.27677496299998, -7.068872556999963 ], [ -78.276847326999984, -7.068906808999941 ], [ -78.276922437999986, -7.068934537999951 ], [ -78.276999707999948, -7.068955525999968 ], [ -78.277078532999951, -7.068969610999943 ], [ -78.277158294999936, -7.068976680999981 ], [ -78.277238370999953, -7.068976680999981 ], [ -78.277318132999937, -7.068969610999943 ], [ -78.27739695799994, -7.068955525999968 ], [ -78.27747422799996, -7.068934537999951 ], [ -78.277549338999961, -7.068906808999941 ], [ -78.277621702999966, -7.068872556999963 ], [ -78.277690752999945, -7.06883204899998 ], [ -78.277755948999982, -7.06878560399997 ], [ -78.277816781999945, -7.068733584999961 ], [ -78.277872773999945, -7.06867639799998 ], [ -78.277923487999942, -7.068614490999948 ], [ -78.277968525999938, -7.068548348999968 ], [ -78.278007535999961, -7.068478489999961 ], [ -78.278040213999986, -7.068405458999962 ], [ -78.278066301999957, -7.068329828999936 ], [ -78.278085597999961, -7.068252191999932 ], [ -78.278097948999971, -7.068173154999954 ], [ -78.278103259999966, -7.068093336999937 ], [ -78.278101487999947, -7.068013361999931 ], [ -78.278092647999983, -7.067933855999968 ], [ -78.27807680899997, -7.067855441999939 ], [ -78.278054094999959, -7.067778733999944 ], [ -78.278024682999956, -7.067704330999959 ], [ -78.277988802999971, -7.067632815999957 ], [ -78.277946737999969, -7.067564748999928 ], [ -78.277898814999958, -7.067500661999929 ], [ -78.277845408999951, -7.06744105699994 ], [ -78.277786939999942, -7.067386399999975 ], [ -78.277723863999938, -7.067337119999934 ], [ -78.277656674999946, -7.06729360099996 ], [ -78.277585898999973, -7.067256184999962 ], [ -78.27751208899997, -7.067225164999968 ], [ -78.277435823999951, -7.067200781999929 ], [ -78.277357700999971, -7.067183227999976 ], [ -78.277278329999945, -7.067172639999967 ], [ -78.277198332999944, -7.06716910199998 ], [ -78.277118335999944, -7.067172639999967 ] ] ] } },
{ "type": "Feature", "properties": { "Mz": "060105006700000", "UBIGEO": "060105", "AREA": "2", "CODCCPP": "0067", "ZONA": "00000", "MANZANA_ID": null, "MANZANA_A": null, "T_TOTAL": 203.0, "T_HOMBRES": 98.0, "T_MUJERES": 105.0, "LLAVE_MZS": "060105006700000", "contacto": "juan.suyo@geogpsperu.com", "descargar": "www.geogpsperu.com", "whatsapp": 931381206.0, "NOMBDEP": "CAJAMARCA", "NOMBPROV": "CAJAMARCA", "IDPROV": "0601", "ARCHIVO": "CAJAMARCA_CAJAMARCA_0601_Manzanas_Poblacion_JP_SuyoPomalia_geogpsperu_931381206" }, "geometry": { "type": "Polygon", "coordinates": [ [ [ -78.296761669999967, -7.062057638999931 ], [ -78.296682299999986, -7.062068226999941 ], [ -78.296604176999949, -7.062085780999951 ], [ -78.296527912999977, -7.062110162999943 ], [ -78.296454104999953, -7.062141183999927 ], [ -78.29638332899998, -7.062178599999982 ], [ -78.296316140999977, -7.062222118999955 ], [ -78.296253065999963, -7.06227139899994 ], [ -78.296194596999953, -7.062326055999961 ], [ -78.296141191999936, -7.062385660999951 ], [ -78.296093269999972, -7.062449747999949 ], [ -78.29605120399998, -7.062517814999978 ], [ -78.296015325999974, -7.06258932999998 ], [ -78.295985913999971, -7.062663732999965 ], [ -78.29596319999996, -7.06274044099996 ], [ -78.295947360999946, -7.062818854999932 ], [ -78.295938520999982, -7.062898360999952 ], [ -78.295936748999964, -7.062978335999958 ], [ -78.295942059999959, -7.063058153999975 ], [ -78.295954410999968, -7.063137190999953 ], [ -78.295973705999984, -7.063214827999957 ], [ -78.295999794999943, -7.063290457999926 ], [ -78.296032471999979, -7.063363488999926 ], [ -78.296071481999945, -7.063433347999933 ], [ -78.296116518999952, -7.06349948999997 ], [ -78.296167232999949, -7.063561396999944 ], [ -78.296223223999959, -7.063618583999926 ], [ -78.296284055999934, -7.063670603999981 ], [ -78.296349250999981, -7.063717048999933 ], [ -78.29641830099996, -7.063757555999928 ], [ -78.296490663999975, -7.063791807999962 ], [ -78.296565773999987, -7.063819536999972 ], [ -78.29664304299996, -7.063840525999979 ], [ -78.296721866999974, -7.063854609999964 ], [ -78.296801628999958, -7.063861679999945 ], [ -78.29688170299994, -7.063861679999945 ], [ -78.296961464999981, -7.063854609999964 ], [ -78.297040288999938, -7.063840525999979 ], [ -78.297117557999968, -7.063819536999972 ], [ -78.29719266799998, -7.063791807999962 ], [ -78.297265030999938, -7.063757555999928 ], [ -78.297334080999974, -7.063717048999933 ], [ -78.297399275999965, -7.063670603999981 ], [ -78.297460107999939, -7.063618583999926 ], [ -78.297516098999949, -7.063561396999944 ], [ -78.297566812999946, -7.06349948999997 ], [ -78.297611849999953, -7.063433347999933 ], [ -78.297650859999976, -7.063363488999926 ], [ -78.297683536999955, -7.063290457999926 ], [ -78.297709625999971, -7.063214827999957 ], [ -78.297728920999987, -7.063137190999953 ], [ -78.297741271999939, -7.063058153999975 ], [ -78.297746582999935, -7.062978335999958 ], [ -78.297744810999973, -7.062898360999952 ], [ -78.297735970999952, -7.062818854999932 ], [ -78.297720131999938, -7.06274044099996 ], [ -78.297697417999984, -7.062663732999965 ], [ -78.297668005999981, -7.06258932999998 ], [ -78.297632127999975, -7.062517814999978 ], [ -78.297590061999983, -7.062449747999949 ], [ -78.297542139999962, -7.062385660999951 ], [ -78.297488734999945, -7.062326055999961 ], [ -78.297430265999935, -7.06227139899994 ], [ -78.297367190999978, -7.062222118999955 ], [ -78.297300002999975, -7.062178599999982 ], [ -78.297229226999946, -7.062141183999927 ], [ -78.297155418999978, -7.062110162999943 ], [ -78.297079154999949, -7.062085780999951 ], [ -78.297001031999969, -7.062068226999941 ], [ -78.296921661999988, -7.062057638999931 ], [ -78.296841665999978, -7.062054100999944 ], [ -78.296761669999967, -7.062057638999931 ] ] ] } },
{ "type": "Feature", "properties": { "Mz": "060105005600000", "UBIGEO": "060105", "AREA": "2", "CODCCPP": "0056", "ZONA": "00000", "MANZANA_ID": null, "MANZANA_A": null, "T_TOTAL": 211.0, "T_HOMBRES": 105.0, "T_MUJERES": 106.0, "LLAVE_MZS": "060105005600000", "contacto": "juan.suyo@geogpsperu.com", "descargar": "www.geogpsperu.com", "whatsapp": 931381206.0, "NOMBDEP": "CAJAMARCA", "NOMBPROV": "CAJAMARCA", "IDPROV": "0601", "ARCHIVO": "CAJAMARCA_CAJAMARCA_0601_Manzanas_Poblacion_JP_SuyoPomalia_geogpsperu_931381206" }, "geometry": { "type": "Polygon", "coordinates": [ [ [ -78.286600003999979, -7.061402639999926 ], [ -78.286520633999942, -7.061413227999935 ], [ -78.286442511999951, -7.061430781999945 ], [ -78.286366247999979, -7.061455163999938 ], [ -78.286292438999965, -7.061486184999978 ], [ -78.286221663999982, -7.061523600999976 ], [ -78.286154475999979, -7.06156711999995 ], [ -78.286091399999975, -7.061616399999934 ], [ -78.286032931999955, -7.061671056999955 ], [ -78.285979526999938, -7.061730661999945 ], [ -78.285931604999973, -7.061794748999944 ], [ -78.285889539999971, -7.061862815999973 ], [ -78.285853660999976, -7.061934330999975 ], [ -78.285824248999972, -7.06200873399996 ], [ -78.285801534999962, -7.062085441999955 ], [ -78.285785695999948, -7.062163855999927 ], [ -78.285776855999984, -7.062243361999947 ], [ -78.285775083999965, -7.062323336999953 ], [ -78.285780394999961, -7.06240315499997 ], [ -78.28579274599997, -7.062482191999948 ], [ -78.285812041999975, -7.062559828999952 ], [ -78.285838129999945, -7.062635458999978 ], [ -78.285870806999981, -7.062708489999977 ], [ -78.285909816999947, -7.062778348999927 ], [ -78.285954853999954, -7.062844490999964 ], [ -78.28600556799995, -7.062906397999939 ], [ -78.286061558999961, -7.062963584999977 ], [ -78.286122390999935, -7.063015604999975 ], [ -78.286187585999983, -7.063062049999928 ], [ -78.286256635999962, -7.063102556999979 ], [ -78.286328998999977, -7.063136808999957 ], [ -78.286404107999942, -7.063164537999967 ], [ -78.286481377999962, -7.063185526999973 ], [ -78.286560200999986, -7.063199610999959 ], [ -78.286639962999971, -7.06320668099994 ], [ -78.286720036999952, -7.06320668099994 ], [ -78.286799798999937, -7.063199610999959 ], [ -78.286878621999961, -7.063185526999973 ], [ -78.28695589199998, -7.063164537999967 ], [ -78.287031000999946, -7.063136808999957 ], [ -78.287103363999961, -7.063102556999979 ], [ -78.28717241399994, -7.063062049999928 ], [ -78.287237608999988, -7.063015604999975 ], [ -78.287298440999962, -7.062963584999977 ], [ -78.287354431999972, -7.062906397999939 ], [ -78.287405145999969, -7.062844490999964 ], [ -78.287450182999976, -7.062778348999927 ], [ -78.287489192999942, -7.062708489999977 ], [ -78.287521869999978, -7.062635458999978 ], [ -78.287547957999948, -7.062559828999952 ], [ -78.287567253999953, -7.062482191999948 ], [ -78.287579604999962, -7.06240315499997 ], [ -78.287584915999958, -7.062323336999953 ], [ -78.287583143999939, -7.062243361999947 ], [ -78.287574303999975, -7.062163855999927 ], [ -78.287558464999961, -7.062085441999955 ], [ -78.28753575099995, -7.06200873399996 ], [ -78.287506338999947, -7.061934330999975 ], [ -78.287470459999952, -7.061862815999973 ], [ -78.287428394999949, -7.061794748999944 ], [ -78.287380472999985, -7.061730661999945 ], [ -78.287327067999968, -7.061671056999955 ], [ -78.287268599999948, -7.061616399999934 ], [ -78.287205523999944, -7.06156711999995 ], [ -78.287138335999941, -7.061523600999976 ], [ -78.287067560999958, -7.061486184999978 ], [ -78.286993751999944, -7.061455163999938 ], [ -78.286917487999972, -7.061430781999945 ], [ -78.286839365999981, -7.061413227999935 ], [ -78.286759995999944, -7.061402639999926 ], [ -78.28668, -7.061399101999939 ], [ -78.286600003999979, -7.061402639999926 ] ] ] } },
{ "type": "Feature", "properties": { "Mz": "060105006300000", "UBIGEO": "060105", "AREA": "2", "CODCCPP": "0063", "ZONA": "00000", "MANZANA_ID": null, "MANZANA_A": null, "T_TOTAL": 136.0, "T_HOMBRES": 64.0, "T_MUJERES": 72.0, "LLAVE_MZS": "060105006300000", "contacto": "juan.suyo@geogpsperu.com", "descargar": "www.geogpsperu.com", "whatsapp": 931381206.0, "NOMBDEP": "CAJAMARCA", "NOMBPROV": "CAJAMARCA", "IDPROV": "0601", "ARCHIVO": "CAJAMARCA_CAJAMARCA_0601_Manzanas_Poblacion_JP_SuyoPomalia_geogpsperu_931381206" }, "geometry": { "type": "Polygon", "coordinates": [ [ [ -78.301780004999955, -7.058682638999926 ], [ -78.301700634999975, -7.058693226999935 ], [ -78.301622512999984, -7.058710779999956 ], [ -78.301546248999955, -7.058735162999938 ], [ -78.301472440999987, -7.058766183999978 ], [ -78.301401666999936, -7.058803599999976 ], [ -78.301334478999934, -7.05884711899995 ], [ -78.301271403999976, -7.058896398999934 ], [ -78.301212934999967, -7.058951055999955 ], [ -78.301159530999939, -7.059010660999945 ], [ -78.301111608999975, -7.059074747999944 ], [ -78.301069543999972, -7.059142814999973 ], [ -78.301033665999967, -7.059214329999975 ], [ -78.301004253999963, -7.05928873299996 ], [ -78.300981539999952, -7.059365440999954 ], [ -78.300965700999939, -7.059443854999927 ], [ -78.300956860999975, -7.059523360999947 ], [ -78.300955089999945, -7.059603335999952 ], [ -78.300960399999951, -7.05968315399997 ], [ -78.300972750999961, -7.059762190999948 ], [ -78.300992046999966, -7.059839827999951 ], [ -78.301018134999936, -7.059915457999978 ], [ -78.301050810999982, -7.059988488999977 ], [ -78.301089820999948, -7.060058347999927 ], [ -78.301134858999944, -7.060124489999964 ], [ -78.301185570999962, -7.060186396999939 ], [ -78.301241562999962, -7.060243583999977 ], [ -78.301302393999947, -7.060295603999975 ], [ -78.301367588999938, -7.060342048999928 ], [ -78.301436637999984, -7.060382555999979 ], [ -78.301509000999943, -7.060416807999957 ], [ -78.301584109999965, -7.060444536999967 ], [ -78.301661378999938, -7.060465525999973 ], [ -78.301740201999962, -7.060479609999959 ], [ -78.301819962999957, -7.06048667999994 ], [ -78.301900036999939, -7.06048667999994 ], [ -78.301979797999934, -7.060479609999959 ], [ -78.302058620999958, -7.060465525999973 ], [ -78.302135889999988, -7.060444536999967 ], [ -78.302210998999954, -7.060416807999957 ], [ -78.302283361999969, -7.060382555999979 ], [ -78.302352410999958, -7.060342048999928 ], [ -78.302417605999949, -7.060295603999975 ], [ -78.302478436999934, -7.060243583999977 ], [ -78.302534428999934, -7.060186396999939 ], [ -78.302585140999952, -7.060124489999964 ], [ -78.302630178999948, -7.060058347999927 ], [ -78.302669188999971, -7.059988488999977 ], [ -78.30270186499996, -7.059915457999978 ], [ -78.302727952999987, -7.059839827999951 ], [ -78.302747248999935, -7.059762190999948 ], [ -78.302759599999945, -7.05968315399997 ], [ -78.302764909999951, -7.059603335999952 ], [ -78.302763138999978, -7.059523360999947 ], [ -78.302754298999957, -7.059443854999927 ], [ -78.302738459999944, -7.059365440999954 ], [ -78.302715746, -7.05928873299996 ], [ -78.302686333999986, -7.059214329999975 ], [ -78.302650455999981, -7.059142814999973 ], [ -78.302608390999978, -7.059074747999944 ], [ -78.302560468999957, -7.059010660999945 ], [ -78.302507064999986, -7.058951055999955 ], [ -78.302448595999977, -7.058896398999934 ], [ -78.302385520999962, -7.05884711899995 ], [ -78.30231833299996, -7.058803599999976 ], [ -78.302247558999966, -7.058766183999978 ], [ -78.302173750999941, -7.058735162999938 ], [ -78.302097486999969, -7.058710779999956 ], [ -78.302019364999978, -7.058693226999935 ], [ -78.301939994999941, -7.058682638999926 ], [ -78.30186, -7.058679100999939 ], [ -78.301780004999955, -7.058682638999926 ] ] ] } },
{ "type": "Feature", "properties": { "Mz": "060105011300000", "UBIGEO": "060105", "AREA": "2", "CODCCPP": "0113", "ZONA": "00000", "MANZANA_ID": null, "MANZANA_A": null, "T_TOTAL": 31.0, "T_HOMBRES": 19.0, "T_MUJERES": 12.0, "LLAVE_MZS": "060105011300000", "contacto": "juan.suyo@geogpsperu.com", "descargar": "www.geogpsperu.com", "whatsapp": 931381206.0, "NOMBDEP": "CAJAMARCA", "NOMBPROV": "CAJAMARCA", "IDPROV": "0601", "ARCHIVO": "CAJAMARCA_CAJAMARCA_0601_Manzanas_Poblacion_JP_SuyoPomalia_geogpsperu_931381206" }, "geometry": { "type": "Polygon", "coordinates": [ [ [ -78.247968338999954, -7.056769305999978 ], [ -78.247888969999963, -7.056779893999931 ], [ -78.247810847999972, -7.056797446999951 ], [ -78.247734584999989, -7.056821829999933 ], [ -78.247660776999965, -7.056852850999974 ], [ -78.247590001999981, -7.056890266999972 ], [ -78.247522814999968, -7.056933785999945 ], [ -78.247459739999954, -7.05698306599993 ], [ -78.247401271999934, -7.057037722999951 ], [ -78.247347867999963, -7.057097327999941 ], [ -78.247299945999941, -7.057161414999939 ], [ -78.247257880999939, -7.057229481999968 ], [ -78.247222002999933, -7.05730099699997 ], [ -78.247192591999976, -7.057375399999955 ], [ -78.247169877999966, -7.05745210799995 ], [ -78.247154038999952, -7.057530521999979 ], [ -78.247145198999988, -7.057610027999942 ], [ -78.247143426999969, -7.057690002999948 ], [ -78.247148737999964, -7.057769820999965 ], [ -78.247161088999974, -7.057848857999943 ], [ -78.247180383999989, -7.057926494999947 ], [ -78.247206471999959, -7.058002124999973 ], [ -78.247239148999938, -7.058075155999973 ], [ -78.247278157999972, -7.05814501499998 ], [ -78.247323195999968, -7.05821115699996 ], [ -78.247373907999986, -7.058273063999934 ], [ -78.24742989899994, -7.058330250999973 ], [ -78.247490729999981, -7.058382270999971 ], [ -78.247555924999972, -7.05842871599998 ], [ -78.247624973999962, -7.058469222999975 ], [ -78.247697335999987, -7.058503474999952 ], [ -78.247772444999953, -7.058531203999962 ], [ -78.247849713999983, -7.058552192999969 ], [ -78.24792853699995, -7.058566276999954 ], [ -78.248008296999956, -7.058573346999935 ], [ -78.248088370999938, -7.058573346999935 ], [ -78.248168130999943, -7.058566276999954 ], [ -78.248246953999967, -7.058552192999969 ], [ -78.248324222999941, -7.058531203999962 ], [ -78.248399331999963, -7.058503474999952 ], [ -78.248471693999988, -7.058469222999975 ], [ -78.248540742999978, -7.05842871599998 ], [ -78.248605937999969, -7.058382270999971 ], [ -78.248666768999954, -7.058330250999973 ], [ -78.248722759999964, -7.058273063999934 ], [ -78.248773471999982, -7.05821115699996 ], [ -78.248818509999978, -7.05814501499998 ], [ -78.248857518999955, -7.058075155999973 ], [ -78.248890195999934, -7.058002124999973 ], [ -78.248916283999961, -7.057926494999947 ], [ -78.248935578999976, -7.057848857999943 ], [ -78.248947929999986, -7.057769820999965 ], [ -78.248953240999981, -7.057690002999948 ], [ -78.248951468999962, -7.057610027999942 ], [ -78.248942628999941, -7.057530521999979 ], [ -78.248926789999985, -7.05745210799995 ], [ -78.248904075999974, -7.057375399999955 ], [ -78.24887466499996, -7.05730099699997 ], [ -78.248838786999954, -7.057229481999968 ], [ -78.248796721999952, -7.057161414999939 ], [ -78.248748799999987, -7.057097327999941 ], [ -78.24869539599996, -7.057037722999951 ], [ -78.248636927999939, -7.05698306599993 ], [ -78.248573852999982, -7.056933785999945 ], [ -78.248506665999969, -7.056890266999972 ], [ -78.248435890999986, -7.056852850999974 ], [ -78.248362082999961, -7.056821829999933 ], [ -78.248285819999978, -7.056797446999951 ], [ -78.248207697999987, -7.056779893999931 ], [ -78.24812832899994, -7.056769305999978 ], [ -78.248048333999975, -7.056765767999934 ], [ -78.247968338999954, -7.056769305999978 ] ] ] } },
{ "type": "Feature", "properties": { "Mz": "060105005800000", "UBIGEO": "060105", "AREA": "2", "CODCCPP": "0058", "ZONA": "00000", "MANZANA_ID": null, "MANZANA_A": null, "T_TOTAL": 102.0, "T_HOMBRES": 49.0, "T_MUJERES": 53.0, "LLAVE_MZS": "060105005800000", "contacto": "juan.suyo@geogpsperu.com", "descargar": "www.geogpsperu.com", "whatsapp": 931381206.0, "NOMBDEP": "CAJAMARCA", "NOMBPROV": "CAJAMARCA", "IDPROV": "0601", "ARCHIVO": "CAJAMARCA_CAJAMARCA_0601_Manzanas_Poblacion_JP_SuyoPomalia_geogpsperu_931381206" }, "geometry": { "type": "Polygon", "coordinates": [ [ [ -78.306918338999935, -7.050992638999958 ], [ -78.306838970999934, -7.051003225999978 ], [ -78.306760849999989, -7.051020779999931 ], [ -78.306684587999939, -7.051045162999969 ], [ -78.306610780999961, -7.051076183999953 ], [ -78.306540006999967, -7.051113599999951 ], [ -78.306472819999954, -7.051157117999935 ], [ -78.306409746999975, -7.051206398999966 ], [ -78.306351278999955, -7.051261054999941 ], [ -78.306297875999974, -7.051320659999931 ], [ -78.306249953999952, -7.051384746999929 ], [ -78.306207889999939, -7.051452814999948 ], [ -78.306172011999934, -7.05152432999995 ], [ -78.306142600999976, -7.051598732999935 ], [ -78.306119887999955, -7.051675440999929 ], [ -78.306104048999941, -7.051753854999959 ], [ -78.306095208999977, -7.051833360999979 ], [ -78.306093437999948, -7.051913335999927 ], [ -78.306098747999954, -7.051993153999945 ], [ -78.306111098999963, -7.052072190999979 ], [ -78.306130393999979, -7.052149827999926 ], [ -78.306156481999949, -7.052225457999953 ], [ -78.306189157999938, -7.052298488999952 ], [ -78.306228166999972, -7.052368348999948 ], [ -78.306273203999979, -7.052434490999929 ], [ -78.30632391599994, -7.05249639699997 ], [ -78.306379905999961, -7.052553583999952 ], [ -78.306440735999956, -7.05260560399995 ], [ -78.306505929999958, -7.05265204899996 ], [ -78.306574977999958, -7.052692555999954 ], [ -78.306647338999937, -7.052726807999932 ], [ -78.30672244799996, -7.052754536999942 ], [ -78.306799714999954, -7.052775525999948 ], [ -78.306878536999989, -7.05278961099998 ], [ -78.306958296999937, -7.052796680999961 ], [ -78.30703836899994, -7.052796680999961 ], [ -78.307118128999946, -7.05278961099998 ], [ -78.30719695099998, -7.052775525999948 ], [ -78.307274217999975, -7.052754536999942 ], [ -78.30734932699994, -7.052726807999932 ], [ -78.307421687999977, -7.052692555999954 ], [ -78.307490735999977, -7.05265204899996 ], [ -78.307555929999978, -7.05260560399995 ], [ -78.307616759999974, -7.052553583999952 ], [ -78.307672749999938, -7.05249639699997 ], [ -78.307723461999956, -7.052434490999929 ], [ -78.307768498999963, -7.052368348999948 ], [ -78.307807507999939, -7.052298488999952 ], [ -78.307840183999986, -7.052225457999953 ], [ -78.307866271999956, -7.052149827999926 ], [ -78.307885566999971, -7.052072190999979 ], [ -78.307897917999981, -7.051993153999945 ], [ -78.307903227999986, -7.051913335999927 ], [ -78.307901456999957, -7.051833360999979 ], [ -78.307892616999936, -7.051753854999959 ], [ -78.307876777999979, -7.051675440999929 ], [ -78.307854064999958, -7.051598732999935 ], [ -78.307824653999944, -7.05152432999995 ], [ -78.307788775999938, -7.051452814999948 ], [ -78.307746711999982, -7.051384746999929 ], [ -78.307698789999961, -7.051320659999931 ], [ -78.30764538699998, -7.051261054999941 ], [ -78.307586918999959, -7.051206398999966 ], [ -78.307523845999981, -7.051157117999935 ], [ -78.307456658999968, -7.051113599999951 ], [ -78.307385884999974, -7.051076183999953 ], [ -78.307312077999939, -7.051045162999969 ], [ -78.307235815999945, -7.051020779999931 ], [ -78.307157694999944, -7.051003225999978 ], [ -78.307078326999942, -7.050992638999958 ], [ -78.306998332999967, -7.050989099999981 ], [ -78.306918338999935, -7.050992638999958 ] ] ] } },
{ "type": "Feature", "properties": { "Mz": "060105011200000", "UBIGEO": "060105", "AREA": "2", "CODCCPP": "0112", "ZONA": "00000", "MANZANA_ID": null, "MANZANA_A": null, "T_TOTAL": 89.0, "T_HOMBRES": 46.0, "T_MUJERES": 43.0, "LLAVE_MZS": "060105011200000", "contacto": "juan.suyo@geogpsperu.com", "descargar": "www.geogpsperu.com", "whatsapp": 931381206.0, "NOMBDEP": "CAJAMARCA", "NOMBPROV": "CAJAMARCA", "IDPROV": "0601", "ARCHIVO": "CAJAMARCA_CAJAMARCA_0601_Manzanas_Poblacion_JP_SuyoPomalia_geogpsperu_931381206" }, "geometry": { "type": "Polygon", "coordinates": [ [ [ -78.310726672999976, -7.045162638999955 ], [ -78.310647305999964, -7.045173225999974 ], [ -78.310569185999952, -7.045190779999928 ], [ -78.310492923999959, -7.045215162999966 ], [ -78.31041911899996, -7.04524618399995 ], [ -78.310348345999955, -7.045283599999948 ], [ -78.310281159999988, -7.045327117999932 ], [ -78.310218086999953, -7.045376398999963 ], [ -78.310159619999979, -7.045431054999938 ], [ -78.310106217999987, -7.045490659999928 ], [ -78.310058296999955, -7.045554746999926 ], [ -78.310016232999942, -7.045622814999945 ], [ -78.309980354999936, -7.045694329999947 ], [ -78.309950944999969, -7.045768732999932 ], [ -78.309928231999947, -7.045845440999926 ], [ -78.309912392999934, -7.045923854999955 ], [ -78.30990355299997, -7.046003360999975 ], [ -78.30990178199994, -7.046083335999981 ], [ -78.309907091999946, -7.046163153999942 ], [ -78.309919442999956, -7.046242190999976 ], [ -78.309938737999971, -7.04631982799998 ], [ -78.309964824999952, -7.046395457999949 ], [ -78.309997500999941, -7.046468488999949 ], [ -78.310036509999975, -7.046538348999945 ], [ -78.310081545999935, -7.046604490999925 ], [ -78.310132256999964, -7.046666397999957 ], [ -78.310188246999985, -7.046723583999949 ], [ -78.310249075999934, -7.046775603999947 ], [ -78.310314268999946, -7.046822048999957 ], [ -78.310383315999957, -7.046862555999951 ], [ -78.310455676999936, -7.046896807999929 ], [ -78.31053078399998, -7.046924536999938 ], [ -78.310608050999974, -7.046945525999945 ], [ -78.310686871999962, -7.046959610999977 ], [ -78.310766629999989, -7.046966680999958 ], [ -78.310846701999935, -7.046966680999958 ], [ -78.310926459999962, -7.046959610999977 ], [ -78.31100528099995, -7.046945525999945 ], [ -78.311082547999945, -7.046924536999938 ], [ -78.311157654999988, -7.046896807999929 ], [ -78.311230015999968, -7.046862555999951 ], [ -78.311299062999979, -7.046822048999957 ], [ -78.311364255999933, -7.046775603999947 ], [ -78.311425084999939, -7.046723583999949 ], [ -78.311481074999961, -7.046666397999957 ], [ -78.311531785999989, -7.046604490999925 ], [ -78.31157682199995, -7.046538348999945 ], [ -78.311615830999983, -7.046468488999949 ], [ -78.311648506999973, -7.046395457999949 ], [ -78.311674593999953, -7.04631982799998 ], [ -78.311693888999969, -7.046242190999976 ], [ -78.311706239999978, -7.046163153999942 ], [ -78.311711549999984, -7.046083335999981 ], [ -78.311709778999955, -7.046003360999975 ], [ -78.311700938999934, -7.045923854999955 ], [ -78.311685099999977, -7.045845440999926 ], [ -78.311662386999956, -7.045768732999932 ], [ -78.311632976999988, -7.045694329999947 ], [ -78.311597098999982, -7.045622814999945 ], [ -78.311555034999969, -7.045554746999926 ], [ -78.311507113999937, -7.045490659999928 ], [ -78.311453711999945, -7.045431054999938 ], [ -78.311395244999972, -7.045376398999963 ], [ -78.311332171999936, -7.045327117999932 ], [ -78.311264985999969, -7.045283599999948 ], [ -78.311194212999965, -7.04524618399995 ], [ -78.311120407999965, -7.045215162999966 ], [ -78.311044145999972, -7.045190779999928 ], [ -78.31096602599996, -7.045173225999974 ], [ -78.310886658999948, -7.045162638999955 ], [ -78.310806665999962, -7.045159099999978 ], [ -78.310726672999976, -7.045162638999955 ] ] ] } },
{ "type": "Feature", "properties": { "Mz": "060105005500000", "UBIGEO": "060105", "AREA": "2", "CODCCPP": "0055", "ZONA": "00000", "MANZANA_ID": null, "MANZANA_A": null, "T_TOTAL": 84.0, "T_HOMBRES": 45.0, "T_MUJERES": 39.0, "LLAVE_MZS": "060105005500000", "contacto": "juan.suyo@geogpsperu.com", "descargar": "www.geogpsperu.com", "whatsapp": 931381206.0, "NOMBDEP": "CAJAMARCA", "NOMBPROV": "CAJAMARCA", "IDPROV": "0601", "ARCHIVO": "CAJAMARCA_CAJAMARCA_0601_Manzanas_Poblacion_JP_SuyoPomalia_geogpsperu_931381206" }, "geometry": { "type": "Polygon", "coordinates": [ [ [ -78.293029994999984, -7.03611927999998 ], [ -78.29295062999995, -7.036129867999932 ], [ -78.292872510999985, -7.036147421999942 ], [ -78.29279625199996, -7.036171803999935 ], [ -78.29272244699996, -7.036202824999975 ], [ -78.292651675999934, -7.036240240999973 ], [ -78.292584490999957, -7.036283759999947 ], [ -78.292521418999968, -7.036333039999931 ], [ -78.292462953999973, -7.036387696999952 ], [ -78.292409551999981, -7.036447301999942 ], [ -78.292361631999938, -7.036511388999941 ], [ -78.292319568999972, -7.03657945599997 ], [ -78.292283691999955, -7.036650971999961 ], [ -78.292254281999988, -7.036725374999946 ], [ -78.292231569999956, -7.036802082999941 ], [ -78.292215730999942, -7.03688049699997 ], [ -78.292206891999967, -7.036960002999933 ], [ -78.292205119999949, -7.037039977999939 ], [ -78.292210430999944, -7.037119795999956 ], [ -78.292222780999964, -7.037198832999934 ], [ -78.29224207599998, -7.037276470999927 ], [ -78.292268161999971, -7.037352100999954 ], [ -78.29230083799996, -7.037425130999964 ], [ -78.292339844999958, -7.03749499099996 ], [ -78.292384880999975, -7.03756113299994 ], [ -78.292435590999958, -7.037623039999971 ], [ -78.292491578999943, -7.037680226999953 ], [ -78.292552407999949, -7.037732245999962 ], [ -78.292617599999971, -7.037778690999971 ], [ -78.292686645999936, -7.037819198999955 ], [ -78.292759004999937, -7.037853450999933 ], [ -78.292834109999944, -7.037881179999943 ], [ -78.29291137499996, -7.037902168999949 ], [ -78.292990194999959, -7.037916252999935 ], [ -78.293069951999939, -7.037923322999973 ], [ -78.293150021999963, -7.037923322999973 ], [ -78.293229778999944, -7.037916252999935 ], [ -78.293308598999943, -7.037902168999949 ], [ -78.293385863999958, -7.037881179999943 ], [ -78.293460968999966, -7.037853450999933 ], [ -78.293533327999967, -7.037819198999955 ], [ -78.293602373999988, -7.037778690999971 ], [ -78.293667565999954, -7.037732245999962 ], [ -78.29372839499996, -7.037680226999953 ], [ -78.293784382999945, -7.037623039999971 ], [ -78.293835092999984, -7.03756113299994 ], [ -78.293880128999945, -7.03749499099996 ], [ -78.293919135999943, -7.037425130999964 ], [ -78.293951811999989, -7.037352100999954 ], [ -78.29397789799998, -7.037276470999927 ], [ -78.293997192999939, -7.037198832999934 ], [ -78.294009542999959, -7.037119795999956 ], [ -78.294014853999954, -7.037039977999939 ], [ -78.294013081999935, -7.036960002999933 ], [ -78.294004242999961, -7.03688049699997 ], [ -78.293988403999947, -7.036802082999941 ], [ -78.293965691999972, -7.036725374999946 ], [ -78.293936281999947, -7.036650971999961 ], [ -78.293900404999988, -7.03657945599997 ], [ -78.293858341999965, -7.036511388999941 ], [ -78.293810421999979, -7.036447301999942 ], [ -78.293757019999987, -7.036387696999952 ], [ -78.293698554999935, -7.036333039999931 ], [ -78.293635482999946, -7.036283759999947 ], [ -78.293568297999968, -7.036240240999973 ], [ -78.293497526999943, -7.036202824999975 ], [ -78.293423721999943, -7.036171803999935 ], [ -78.293347462999975, -7.036147421999942 ], [ -78.293269343999953, -7.036129867999932 ], [ -78.293189978999976, -7.03611927999998 ], [ -78.29310998699998, -7.036115741999936 ], [ -78.293029994999984, -7.03611927999998 ] ] ] } },
{ "type": "Feature", "properties": { "Mz": "060105004400000", "UBIGEO": "060105", "AREA": "2", "CODCCPP": "0044", "ZONA": "00000", "MANZANA_ID": null, "MANZANA_A": null, "T_TOTAL": 41.0, "T_HOMBRES": 23.0, "T_MUJERES": 18.0, "LLAVE_MZS": "060105004400000", "contacto": "juan.suyo@geogpsperu.com", "descargar": "www.geogpsperu.com", "whatsapp": 931381206.0, "NOMBDEP": "CAJAMARCA", "NOMBPROV": "CAJAMARCA", "IDPROV": "0601", "ARCHIVO": "CAJAMARCA_CAJAMARCA_0601_Manzanas_Poblacion_JP_SuyoPomalia_geogpsperu_931381206" }, "geometry": { "type": "Polygon", "coordinates": [ [ [ -78.319009998999945, -7.016589278999959 ], [ -78.318930635999948, -7.016599866999968 ], [ -78.31885252099994, -7.016617420999978 ], [ -78.31877626499994, -7.01664180399996 ], [ -78.318702462999966, -7.016672824999944 ], [ -78.318631694999965, -7.016710240999942 ], [ -78.318564512999956, -7.016753758999926 ], [ -78.318501443999935, -7.016803039999957 ], [ -78.318442980999976, -7.016857695999931 ], [ -78.318389580999963, -7.016917301999968 ], [ -78.318341663999945, -7.016981388999966 ], [ -78.318299601999968, -7.017049455999938 ], [ -78.318263726999987, -7.01712097099994 ], [ -78.318234317999952, -7.017195373999925 ], [ -78.318211605999977, -7.017272082999966 ], [ -78.318195768999942, -7.017350496999939 ], [ -78.318186929999968, -7.017430002999959 ], [ -78.318185157999949, -7.017509977999964 ], [ -78.318190467999955, -7.017589795999982 ], [ -78.318202817999975, -7.017668832999959 ], [ -78.318222111999944, -7.017746470999953 ], [ -78.318248196999946, -7.017822100999979 ], [ -78.318280870999956, -7.017895130999932 ], [ -78.318319877999954, -7.017964990999928 ], [ -78.318364910999946, -7.018031132999965 ], [ -78.31841561899995, -7.01809303999994 ], [ -78.318471604999957, -7.018150226999978 ], [ -78.318532430999937, -7.018202246999977 ], [ -78.318597619999935, -7.018248691999929 ], [ -78.318666662999988, -7.01828919899998 ], [ -78.318739018999963, -7.018323450999958 ], [ -78.318814121999935, -7.018351179999968 ], [ -78.318891383999983, -7.018372168999974 ], [ -78.318970199999967, -7.01838625399995 ], [ -78.319049953999979, -7.018393323999931 ], [ -78.319130019999989, -7.018393323999931 ], [ -78.319209773999944, -7.01838625399995 ], [ -78.319288589999985, -7.018372168999974 ], [ -78.319365851999976, -7.018351179999968 ], [ -78.319440954999948, -7.018323450999958 ], [ -78.31951331099998, -7.01828919899998 ], [ -78.319582353999976, -7.018248691999929 ], [ -78.319647542999974, -7.018202246999977 ], [ -78.319708368999954, -7.018150226999978 ], [ -78.319764354999961, -7.01809303999994 ], [ -78.319815062999965, -7.018031132999965 ], [ -78.319860095999957, -7.017964990999928 ], [ -78.319899102999955, -7.017895130999932 ], [ -78.319931776999965, -7.017822100999979 ], [ -78.319957861999967, -7.017746470999953 ], [ -78.319977155999936, -7.017668832999959 ], [ -78.319989505999956, -7.017589795999982 ], [ -78.319994815999962, -7.017509977999964 ], [ -78.319993043999943, -7.017430002999959 ], [ -78.319984204999969, -7.017350496999939 ], [ -78.319968367999934, -7.017272082999966 ], [ -78.319945655999959, -7.017195373999925 ], [ -78.319916246999981, -7.01712097099994 ], [ -78.319880371999943, -7.017049455999938 ], [ -78.319838309999966, -7.016981388999966 ], [ -78.319790392999948, -7.016917301999968 ], [ -78.319736992999935, -7.016857695999931 ], [ -78.319678529999976, -7.016803039999957 ], [ -78.319615460999955, -7.016753758999926 ], [ -78.319548278999946, -7.016710240999942 ], [ -78.319477510999945, -7.016672824999944 ], [ -78.319403708999971, -7.01664180399996 ], [ -78.319327452999971, -7.016617420999978 ], [ -78.319249337999963, -7.016599866999968 ], [ -78.319169974999966, -7.016589278999959 ], [ -78.319089986999984, -7.016585740999972 ], [ -78.319009998999945, -7.016589278999959 ] ] ] } },
{ "type": "Feature", "properties": { "Mz": "060105005200000", "UBIGEO": "060105", "AREA": "2", "CODCCPP": "0052", "ZONA": "00000", "MANZANA_ID": null, "MANZANA_A": null, "T_TOTAL": 146.0, "T_HOMBRES": 71.0, "T_MUJERES": 75.0, "LLAVE_MZS": "060105005200000", "contacto": "juan.suyo@geogpsperu.com", "descargar": "www.geogpsperu.com", "whatsapp": 931381206.0, "NOMBDEP": "CAJAMARCA", "NOMBPROV": "CAJAMARCA", "IDPROV": "0601", "ARCHIVO": "CAJAMARCA_CAJAMARCA_0601_Manzanas_Poblacion_JP_SuyoPomalia_geogpsperu_931381206" }, "geometry": { "type": "Polygon", "coordinates": [ [ [ -78.408286673999953, -7.046145972999966 ], [ -78.408207305999952, -7.046156559999929 ], [ -78.40812918599994, -7.046174113999939 ], [ -78.408052924999936, -7.046198496999978 ], [ -78.407979118999947, -7.046229517999961 ], [ -78.407908345999942, -7.046266933999959 ], [ -78.407841159999975, -7.046310451999943 ], [ -78.40777808699994, -7.046359732999974 ], [ -78.407719619999966, -7.046414388999949 ], [ -78.407666216999985, -7.046473993999939 ], [ -78.407618295999953, -7.046538080999937 ], [ -78.40757623199994, -7.046606148999956 ], [ -78.407540354999981, -7.046677663999958 ], [ -78.407510943999966, -7.046752066999943 ], [ -78.407488230999945, -7.046828774999938 ], [ -78.407472391999988, -7.046907188999967 ], [ -78.407463552999957, -7.04698669499993 ], [ -78.407461780999938, -7.047066669999936 ], [ -78.407467090999944, -7.047146487999953 ], [ -78.407479441999953, -7.047225524999931 ], [ -78.407498736999969, -7.047303161999935 ], [ -78.40752482399995, -7.047378791999961 ], [ -78.407557499999939, -7.04745182299996 ], [ -78.407596508999973, -7.047521682999957 ], [ -78.407641545, -7.047587824999937 ], [ -78.407692256999951, -7.047649730999979 ], [ -78.407748245999983, -7.04770691799996 ], [ -78.407809075999978, -7.047758937999959 ], [ -78.407874269, -7.047805382999968 ], [ -78.407943316999933, -7.047845889999962 ], [ -78.40801567699998, -7.04788014199994 ], [ -78.408090784999956, -7.04790787099995 ], [ -78.408168050999961, -7.047928859999956 ], [ -78.40824687199995, -7.047942944999932 ], [ -78.408326630999966, -7.047950014999969 ], [ -78.408406702999969, -7.047950014999969 ], [ -78.408486461999985, -7.047942944999932 ], [ -78.408565282999973, -7.047928859999956 ], [ -78.408642548999978, -7.04790787099995 ], [ -78.408717656999954, -7.04788014199994 ], [ -78.408790016999944, -7.047845889999962 ], [ -78.408859064999945, -7.047805382999968 ], [ -78.408924257999956, -7.047758937999959 ], [ -78.408985087999952, -7.04770691799996 ], [ -78.409041076999983, -7.047649730999979 ], [ -78.409091788999945, -7.047587824999937 ], [ -78.409136824999962, -7.047521682999957 ], [ -78.409175833999939, -7.04745182299996 ], [ -78.409208509999985, -7.047378791999961 ], [ -78.409234596999966, -7.047303161999935 ], [ -78.409253891999981, -7.047225524999931 ], [ -78.409266242999934, -7.047146487999953 ], [ -78.40927155299994, -7.047066669999936 ], [ -78.409269780999978, -7.04698669499993 ], [ -78.409260941999946, -7.046907188999967 ], [ -78.409245102999989, -7.046828774999938 ], [ -78.409222389999968, -7.046752066999943 ], [ -78.409192978999954, -7.046677663999958 ], [ -78.409157101999938, -7.046606148999956 ], [ -78.409115037999982, -7.046538080999937 ], [ -78.40906711699995, -7.046473993999939 ], [ -78.409013713999968, -7.046414388999949 ], [ -78.408955246999938, -7.046359732999974 ], [ -78.408892173999959, -7.046310451999943 ], [ -78.408824987999935, -7.046266933999959 ], [ -78.408754214999988, -7.046229517999961 ], [ -78.408680408999942, -7.046198496999978 ], [ -78.408604147999938, -7.046174113999939 ], [ -78.408526027999983, -7.046156559999929 ], [ -78.408446659999981, -7.046145972999966 ], [ -78.408366666999939, -7.046142433999933 ], [ -78.408286673999953, -7.046145972999966 ] ] ] } },
{ "type": "Feature", "properties": { "Mz": "060105004900000", "UBIGEO": "060105", "AREA": "2", "CODCCPP": "0049", "ZONA": "00000", "MANZANA_ID": null, "MANZANA_A": null, "T_TOTAL": 54.0, "T_HOMBRES": 24.0, "T_MUJERES": 30.0, "LLAVE_MZS": "060105004900000", "contacto": "juan.suyo@geogpsperu.com", "descargar": "www.geogpsperu.com", "whatsapp": 931381206.0, "NOMBDEP": "CAJAMARCA", "NOMBPROV": "CAJAMARCA", "IDPROV": "0601", "ARCHIVO": "CAJAMARCA_CAJAMARCA_0601_Manzanas_Poblacion_JP_SuyoPomalia_geogpsperu_931381206" }, "geometry": { "type": "Polygon", "coordinates": [ [ [ -78.390618341999982, -7.032339304999937 ], [ -78.390538976999949, -7.032349892999946 ], [ -78.390460858999973, -7.032367445999967 ], [ -78.390384599999948, -7.032391828999948 ], [ -78.390310795999937, -7.032422849999932 ], [ -78.390240024999969, -7.03246026599993 ], [ -78.390172840999981, -7.03250378499996 ], [ -78.390109769999981, -7.032553064999945 ], [ -78.390051304999986, -7.032607721999966 ], [ -78.389997903999983, -7.032667326999956 ], [ -78.389949983999941, -7.032731413999954 ], [ -78.389907921999963, -7.032799480999927 ], [ -78.389872044999947, -7.032870995999929 ], [ -78.38984263499998, -7.032945398999971 ], [ -78.389819922999948, -7.033022107999955 ], [ -78.38980408499998, -7.033100521999927 ], [ -78.389795244999959, -7.033180027999947 ], [ -78.389793473999987, -7.033260002999953 ], [ -78.389798783999936, -7.03333982099997 ], [ -78.389811134999945, -7.033418857999948 ], [ -78.389830428999971, -7.033496495999941 ], [ -78.389856514999963, -7.033572125999967 ], [ -78.389889189999963, -7.033645155999977 ], [ -78.38992819799995, -7.033715015999974 ], [ -78.389973232999978, -7.033781157999954 ], [ -78.39002394299996, -7.033843064999928 ], [ -78.390079929999956, -7.033900251999967 ], [ -78.390140757999973, -7.033952270999976 ], [ -78.390205949999938, -7.033998716999974 ], [ -78.39027499499997, -7.034039223999969 ], [ -78.390347352999981, -7.034073475999946 ], [ -78.390422458999979, -7.034101204999956 ], [ -78.390499722999948, -7.034122193999963 ], [ -78.390578541999957, -7.034136277999949 ], [ -78.390658297999948, -7.03414334799993 ], [ -78.390738367999973, -7.03414334799993 ], [ -78.390818123999964, -7.034136277999949 ], [ -78.390896942999973, -7.034122193999963 ], [ -78.390974206999942, -7.034101204999956 ], [ -78.39104931299994, -7.034073475999946 ], [ -78.391121670999951, -7.034039223999969 ], [ -78.391190715999983, -7.033998716999974 ], [ -78.391255907999948, -7.033952270999976 ], [ -78.391316735999965, -7.033900251999967 ], [ -78.391372722999961, -7.033843064999928 ], [ -78.391423432999943, -7.033781157999954 ], [ -78.391468467999971, -7.033715015999974 ], [ -78.391507475999958, -7.033645155999977 ], [ -78.391540150999958, -7.033572125999967 ], [ -78.39156623699995, -7.033496495999941 ], [ -78.391585530999976, -7.033418857999948 ], [ -78.391597881999985, -7.03333982099997 ], [ -78.391603191999934, -7.033260002999953 ], [ -78.391601420999962, -7.033180027999947 ], [ -78.391592580999941, -7.033100521999927 ], [ -78.391576742999973, -7.033022107999955 ], [ -78.391554030999941, -7.032945398999971 ], [ -78.391524620999974, -7.032870995999929 ], [ -78.391488743999957, -7.032799480999927 ], [ -78.39144668199998, -7.032731413999954 ], [ -78.391398761999938, -7.032667326999956 ], [ -78.391345360999935, -7.032607721999966 ], [ -78.39128689599994, -7.032553064999945 ], [ -78.39122382499994, -7.03250378499996 ], [ -78.391156640999952, -7.03246026599993 ], [ -78.391085869999984, -7.032422849999932 ], [ -78.391012065999973, -7.032391828999948 ], [ -78.390935806999948, -7.032367445999967 ], [ -78.390857688999972, -7.032349892999946 ], [ -78.390778323999939, -7.032339304999937 ], [ -78.390698332999989, -7.03233576699995 ], [ -78.390618341999982, -7.032339304999937 ] ] ] } },
{ "type": "Feature", "properties": { "Mz": "060105004100000", "UBIGEO": "060105", "AREA": "2", "CODCCPP": "0041", "ZONA": "00000", "MANZANA_ID": null, "MANZANA_A": null, "T_TOTAL": 346.0, "T_HOMBRES": 164.0, "T_MUJERES": 182.0, "LLAVE_MZS": "060105004100000", "contacto": "juan.suyo@geogpsperu.com", "descargar": "www.geogpsperu.com", "whatsapp": 931381206.0, "NOMBDEP": "CAJAMARCA", "NOMBPROV": "CAJAMARCA", "IDPROV": "0601", "ARCHIVO": "CAJAMARCA_CAJAMARCA_0601_Manzanas_Poblacion_JP_SuyoPomalia_geogpsperu_931381206" }, "geometry": { "type": "Polygon", "coordinates": [ [ [ -78.415556675999937, -7.030727637999973 ], [ -78.41547731199995, -7.030738225999926 ], [ -78.415399193999974, -7.030755778999946 ], [ -78.415322934999949, -7.030780161999928 ], [ -78.415249131999985, -7.030811182999969 ], [ -78.41517836099996, -7.030848598999967 ], [ -78.415111176999972, -7.03089211799994 ], [ -78.415048105999972, -7.030941397999925 ], [ -78.414989640999977, -7.030996054999946 ], [ -78.414936239999975, -7.031055659999936 ], [ -78.414888320999978, -7.031119746999934 ], [ -78.414846257999955, -7.031187813999964 ], [ -78.414810381999985, -7.031259328999965 ], [ -78.41478097199996, -7.03133373199995 ], [ -78.414758259999985, -7.031410440999935 ], [ -78.414742421999961, -7.031488854999964 ], [ -78.41473358199994, -7.031568360999927 ], [ -78.414731810999967, -7.031648335999932 ], [ -78.414737120999973, -7.03172815399995 ], [ -78.414749471999983, -7.031807190999928 ], [ -78.414768765999952, -7.031884828999978 ], [ -78.414794851999943, -7.031960458999947 ], [ -78.414827526999943, -7.032033488999957 ], [ -78.414866533999941, -7.032103348999954 ], [ -78.414911568999969, -7.032169490999934 ], [ -78.414962278999951, -7.032231397999965 ], [ -78.415018266999937, -7.032288584999947 ], [ -78.415079093999964, -7.032340604999945 ], [ -78.415144285999986, -7.032387049999954 ], [ -78.415213329999972, -7.032427556999949 ], [ -78.415285688999973, -7.032461808999926 ], [ -78.41536079399998, -7.032489537999936 ], [ -78.41543805799995, -7.032510526999943 ], [ -78.41551687599997, -7.032524610999928 ], [ -78.415596631999961, -7.032531680999966 ], [ -78.415676701999985, -7.032531680999966 ], [ -78.415756457999976, -7.032524610999928 ], [ -78.415835275999939, -7.032510526999943 ], [ -78.415912539999965, -7.032489537999936 ], [ -78.415987644999973, -7.032461808999926 ], [ -78.416060003999974, -7.032427556999949 ], [ -78.416129047999959, -7.032387049999954 ], [ -78.416194239999982, -7.032340604999945 ], [ -78.416255066999952, -7.032288584999947 ], [ -78.416311054999937, -7.032231397999965 ], [ -78.416361764999976, -7.032169490999934 ], [ -78.416406799999947, -7.032103348999954 ], [ -78.416445806999945, -7.032033488999957 ], [ -78.416478481999945, -7.031960458999947 ], [ -78.416504567999937, -7.031884828999978 ], [ -78.416523861999963, -7.031807190999928 ], [ -78.416536212999972, -7.03172815399995 ], [ -78.416541522999978, -7.031648335999932 ], [ -78.416539751999949, -7.031568360999927 ], [ -78.416530911999985, -7.031488854999964 ], [ -78.41651507399996, -7.031410440999935 ], [ -78.416492361999985, -7.03133373199995 ], [ -78.416462951999961, -7.031259328999965 ], [ -78.416427075999934, -7.031187813999964 ], [ -78.416385012999967, -7.031119746999934 ], [ -78.416337093999971, -7.031055659999936 ], [ -78.416283692999968, -7.030996054999946 ], [ -78.416225227999973, -7.030941397999925 ], [ -78.416162156999974, -7.03089211799994 ], [ -78.416094972999986, -7.030848598999967 ], [ -78.41602420199996, -7.030811182999969 ], [ -78.415950398999939, -7.030780161999928 ], [ -78.415874139999971, -7.030755778999946 ], [ -78.415796021999938, -7.030738225999926 ], [ -78.415716657999951, -7.030727637999973 ], [ -78.415636666999944, -7.030724099999929 ], [ -78.415556675999937, -7.030727637999973 ] ] ] } },
{ "type": "Feature", "properties": { "Mz": "060105004600000", "UBIGEO": "060105", "AREA": "2", "CODCCPP": "0046", "ZONA": "00000", "MANZANA_ID": null, "MANZANA_A": null, "T_TOTAL": 421.0, "T_HOMBRES": 197.0, "T_MUJERES": 224.0, "LLAVE_MZS": "060105004600000", "contacto": "juan.suyo@geogpsperu.com", "descargar": "www.geogpsperu.com", "whatsapp": 931381206.0, "NOMBDEP": "CAJAMARCA", "NOMBPROV": "CAJAMARCA", "IDPROV": "0601", "ARCHIVO": "CAJAMARCA_CAJAMARCA_0601_Manzanas_Poblacion_JP_SuyoPomalia_geogpsperu_931381206" }, "geometry": { "type": "Polygon", "coordinates": [ [ [ -78.400053341999978, -7.029787638999949 ], [ -78.399973977999935, -7.029798226999958 ], [ -78.399895860999948, -7.029815779999979 ], [ -78.39981960199998, -7.02984016299996 ], [ -78.399745797999969, -7.029871183999944 ], [ -78.399675027999933, -7.029908599999942 ], [ -78.399607843999945, -7.029952118999972 ], [ -78.399544772999946, -7.030001398999957 ], [ -78.39948630899994, -7.030056055999978 ], [ -78.399432907999937, -7.030115660999968 ], [ -78.399384987999952, -7.030179747999966 ], [ -78.399342925999974, -7.030247814999939 ], [ -78.399307049999948, -7.030319329999941 ], [ -78.39927763999998, -7.030393732999926 ], [ -78.399254926999959, -7.030470441999967 ], [ -78.399239088999934, -7.030548855999939 ], [ -78.39923024999996, -7.030628361999959 ], [ -78.399228478999987, -7.030708336999965 ], [ -78.399233788999936, -7.030788154999925 ], [ -78.399246138999956, -7.03086719199996 ], [ -78.399265432999982, -7.030944829999953 ], [ -78.399291519999963, -7.031020459999979 ], [ -78.399324194999963, -7.031093489999932 ], [ -78.399363201999961, -7.031163349999929 ], [ -78.399408236999989, -7.031229491999966 ], [ -78.399458945999982, -7.03129139899994 ], [ -78.399514933999967, -7.031348585999979 ], [ -78.399575760999937, -7.031400605999977 ], [ -78.39964095299996, -7.03144705099993 ], [ -78.399709996999945, -7.031487557999981 ], [ -78.399782354999957, -7.031521809999958 ], [ -78.399857459999964, -7.031549538999968 ], [ -78.399934723999934, -7.031570527999975 ], [ -78.400013542999943, -7.031584611999961 ], [ -78.400093297999945, -7.031591681999942 ], [ -78.400173367999969, -7.031591681999942 ], [ -78.40025312299997, -7.031584611999961 ], [ -78.40033194199998, -7.031570527999975 ], [ -78.400409205999949, -7.031549538999968 ], [ -78.400484310999957, -7.031521809999958 ], [ -78.400556668999968, -7.031487557999981 ], [ -78.400625712999954, -7.03144705099993 ], [ -78.400690904999976, -7.031400605999977 ], [ -78.400751731999947, -7.031348585999979 ], [ -78.400807719999989, -7.03129139899994 ], [ -78.400858428999982, -7.031229491999966 ], [ -78.400903463999953, -7.031163349999929 ], [ -78.400942470999951, -7.031093489999932 ], [ -78.400975145999951, -7.031020459999979 ], [ -78.401001232999988, -7.030944829999953 ], [ -78.401020526999957, -7.03086719199996 ], [ -78.401032876999977, -7.030788154999925 ], [ -78.401038186999983, -7.030708336999965 ], [ -78.401036415999954, -7.030628361999959 ], [ -78.401027576999979, -7.030548855999939 ], [ -78.401011738999955, -7.030470441999967 ], [ -78.400989025999934, -7.030393732999926 ], [ -78.400959615999966, -7.030319329999941 ], [ -78.400923739999939, -7.030247814999939 ], [ -78.400881677999962, -7.030179747999966 ], [ -78.400833757999976, -7.030115660999968 ], [ -78.400780356999974, -7.030056055999978 ], [ -78.400721892999968, -7.030001398999957 ], [ -78.400658821999968, -7.029952118999972 ], [ -78.40059163799998, -7.029908599999942 ], [ -78.400520867999944, -7.029871183999944 ], [ -78.400447063999934, -7.02984016299996 ], [ -78.400370804999966, -7.029815779999979 ], [ -78.400292687999979, -7.029798226999958 ], [ -78.400213323999935, -7.029787638999949 ], [ -78.400133332999985, -7.029784100999962 ], [ -78.400053341999978, -7.029787638999949 ] ] ] } },
{ "type": "Feature", "properties": { "Mz": "060105005100000", "UBIGEO": "060105", "AREA": "2", "CODCCPP": "0051", "ZONA": "00000", "MANZANA_ID": null, "MANZANA_A": null, "T_TOTAL": 113.0, "T_HOMBRES": 55.0, "T_MUJERES": 58.0, "LLAVE_MZS": "060105005100000", "contacto": "juan.suyo@geogpsperu.com", "descargar": "www.geogpsperu.com", "whatsapp": 931381206.0, "NOMBDEP": "CAJAMARCA", "NOMBPROV": "CAJAMARCA", "IDPROV": "0601", "ARCHIVO": "CAJAMARCA_CAJAMARCA_0601_Manzanas_Poblacion_JP_SuyoPomalia_geogpsperu_931381206" }, "geometry": { "type": "Polygon", "coordinates": [ [ [ -78.386408342999971, -7.027272638999932 ], [ -78.386328978999984, -7.027283225999952 ], [ -78.38625086199994, -7.027300779999962 ], [ -78.386174602999972, -7.027325162999944 ], [ -78.386100799999952, -7.027356183999927 ], [ -78.386030029999972, -7.027393599999925 ], [ -78.385962846999973, -7.027437118999956 ], [ -78.385899775999974, -7.02748639899994 ], [ -78.385841311999968, -7.027541055999961 ], [ -78.385787910999966, -7.027600660999951 ], [ -78.385739991999969, -7.02766474799995 ], [ -78.385697929999935, -7.027732814999979 ], [ -78.385662053999965, -7.027804329999981 ], [ -78.385632644999987, -7.027878732999966 ], [ -78.385609931999966, -7.02795544199995 ], [ -78.385594093999941, -7.028033855999979 ], [ -78.385585254999967, -7.028113361999942 ], [ -78.385583483999937, -7.028193336999948 ], [ -78.385588793999943, -7.028273154999965 ], [ -78.385601143999963, -7.028352191999943 ], [ -78.385620437999989, -7.028429829999936 ], [ -78.385646523999981, -7.028505459999963 ], [ -78.385679198999981, -7.028578489999973 ], [ -78.385718205999979, -7.028648349999969 ], [ -78.38576324099995, -7.028714491999949 ], [ -78.385813949999942, -7.02877639899998 ], [ -78.385869936999939, -7.028833585999962 ], [ -78.385930763999966, -7.02888560599996 ], [ -78.385995954999942, -7.02893205099997 ], [ -78.386065, -7.028972557999964 ], [ -78.386137356999939, -7.029006809999942 ], [ -78.386212461999946, -7.029034538999952 ], [ -78.386289724999983, -7.029055527999958 ], [ -78.386368542999946, -7.029069612999933 ], [ -78.386448298999937, -7.029076681999925 ], [ -78.386528366999983, -7.029076681999925 ], [ -78.386608122999974, -7.029069612999933 ], [ -78.386686940999937, -7.029055527999958 ], [ -78.386764203999974, -7.029034538999952 ], [ -78.386839308999981, -7.029006809999942 ], [ -78.386911665999946, -7.028972557999964 ], [ -78.386980710999978, -7.02893205099997 ], [ -78.387045901999954, -7.02888560599996 ], [ -78.387106728999981, -7.028833585999962 ], [ -78.387162715999978, -7.02877639899998 ], [ -78.38721342499997, -7.028714491999949 ], [ -78.387258459999941, -7.028648349999969 ], [ -78.387297466999939, -7.028578489999973 ], [ -78.387330141999939, -7.028505459999963 ], [ -78.387356227999987, -7.028429829999936 ], [ -78.387375521999957, -7.028352191999943 ], [ -78.387387871999977, -7.028273154999965 ], [ -78.387393181999983, -7.028193336999948 ], [ -78.387391410999953, -7.028113361999942 ], [ -78.387382571999979, -7.028033855999979 ], [ -78.387366733999954, -7.02795544199995 ], [ -78.387344021, -7.027878732999966 ], [ -78.387314611999955, -7.027804329999981 ], [ -78.387278735999985, -7.027732814999979 ], [ -78.387236673999951, -7.02766474799995 ], [ -78.387188754999954, -7.027600660999951 ], [ -78.387135353999952, -7.027541055999961 ], [ -78.387076889999946, -7.02748639899994 ], [ -78.387013818999947, -7.027437118999956 ], [ -78.386946635999948, -7.027393599999925 ], [ -78.386875865999968, -7.027356183999927 ], [ -78.386802062999948, -7.027325162999944 ], [ -78.38672580399998, -7.027300779999962 ], [ -78.386647686999936, -7.027283225999952 ], [ -78.386568322999949, -7.027272638999932 ], [ -78.386488332999988, -7.027269099999955 ], [ -78.386408342999971, -7.027272638999932 ] ] ] } },
{ "type": "Feature", "properties": { "Mz": "060105010800000", "UBIGEO": "060105", "AREA": "2", "CODCCPP": "0108", "ZONA": "00000", "MANZANA_ID": null, "MANZANA_A": null, "T_TOTAL": 114.0, "T_HOMBRES": 52.0, "T_MUJERES": 62.0, "LLAVE_MZS": "060105010800000", "contacto": "juan.suyo@geogpsperu.com", "descargar": "www.geogpsperu.com", "whatsapp": 931381206.0, "NOMBDEP": "CAJAMARCA", "NOMBPROV": "CAJAMARCA", "IDPROV": "0601", "ARCHIVO": "CAJAMARCA_CAJAMARCA_0601_Manzanas_Poblacion_JP_SuyoPomalia_geogpsperu_931381206" }, "geometry": { "type": "Polygon", "coordinates": [ [ [ -78.421931676999975, -7.027144304999979 ], [ -78.421852312999988, -7.027154891999942 ], [ -78.421774195999944, -7.027172445999952 ], [ -78.421697937999966, -7.027196828999934 ], [ -78.421624134999945, -7.027227849999974 ], [ -78.421553363999976, -7.027265265999972 ], [ -78.421486180999977, -7.027308784999946 ], [ -78.421423110999967, -7.02735806499993 ], [ -78.421364645999972, -7.027412721999951 ], [ -78.421311245999959, -7.027472326999941 ], [ -78.421263326999963, -7.02753641399994 ], [ -78.421221264999986, -7.027604480999969 ], [ -78.421185387999969, -7.027675995999971 ], [ -78.421155978999934, -7.027750398999956 ], [ -78.42113326599997, -7.02782710799994 ], [ -78.421117428999935, -7.027905521999969 ], [ -78.421108588999971, -7.027985027999932 ], [ -78.421106817999942, -7.028065002999938 ], [ -78.421112127999947, -7.028144820999955 ], [ -78.421124477999967, -7.028223857999933 ], [ -78.421143771999937, -7.028301495999926 ], [ -78.421169857999985, -7.028377125999953 ], [ -78.421202532999985, -7.028450155999963 ], [ -78.421241539999983, -7.028520015999959 ], [ -78.421286574999954, -7.028586157999939 ], [ -78.421337283999947, -7.02864806499997 ], [ -78.421393270999943, -7.028705251999952 ], [ -78.42145409799997, -7.02875727199995 ], [ -78.421519288999946, -7.02880371699996 ], [ -78.421588333999978, -7.028844223999954 ], [ -78.421660690999943, -7.028878475999932 ], [ -78.42173579599995, -7.028906204999942 ], [ -78.421813058999987, -7.028927193999948 ], [ -78.42189187699995, -7.02894127899998 ], [ -78.421971632999941, -7.028948347999972 ], [ -78.422051700999987, -7.028948347999972 ], [ -78.422131456999978, -7.02894127899998 ], [ -78.422210274999941, -7.028927193999948 ], [ -78.422287537999978, -7.028906204999942 ], [ -78.422362642999985, -7.028878475999932 ], [ -78.422435, -7.028844223999954 ], [ -78.422504044999982, -7.02880371699996 ], [ -78.422569235999958, -7.02875727199995 ], [ -78.422630062999986, -7.028705251999952 ], [ -78.422686049999982, -7.02864806499997 ], [ -78.422736758999974, -7.028586157999939 ], [ -78.422781793999945, -7.028520015999959 ], [ -78.422820800999943, -7.028450155999963 ], [ -78.422853475999943, -7.028377125999953 ], [ -78.422879561999935, -7.028301495999926 ], [ -78.422898855999961, -7.028223857999933 ], [ -78.422911205999981, -7.028144820999955 ], [ -78.422916515999987, -7.028065002999938 ], [ -78.422914744999957, -7.027985027999932 ], [ -78.422905904999936, -7.027905521999969 ], [ -78.422890067999958, -7.02782710799994 ], [ -78.422867354999937, -7.027750398999956 ], [ -78.422837945999959, -7.027675995999971 ], [ -78.422802068999943, -7.027604480999969 ], [ -78.422760006999965, -7.02753641399994 ], [ -78.422712087999969, -7.027472326999941 ], [ -78.422658687999956, -7.027412721999951 ], [ -78.422600222999961, -7.02735806499993 ], [ -78.422537152999951, -7.027308784999946 ], [ -78.422469969999952, -7.027265265999972 ], [ -78.422399198999983, -7.027227849999974 ], [ -78.422325395999962, -7.027196828999934 ], [ -78.422249137999984, -7.027172445999952 ], [ -78.42217102099994, -7.027154891999942 ], [ -78.422091656999953, -7.027144304999979 ], [ -78.422011666999936, -7.027140765999945 ], [ -78.421931676999975, -7.027144304999979 ] ] ] } },
{ "type": "Feature", "properties": { "Mz": "060105003800000", "UBIGEO": "060105", "AREA": "2", "CODCCPP": "0038", "ZONA": "00000", "MANZANA_ID": null, "MANZANA_A": null, "T_TOTAL": 380.0, "T_HOMBRES": 168.0, "T_MUJERES": 212.0, "LLAVE_MZS": "060105003800000", "contacto": "juan.suyo@geogpsperu.com", "descargar": "www.geogpsperu.com", "whatsapp": 931381206.0, "NOMBDEP": "CAJAMARCA", "NOMBPROV": "CAJAMARCA", "IDPROV": "0601", "ARCHIVO": "CAJAMARCA_CAJAMARCA_0601_Manzanas_Poblacion_JP_SuyoPomalia_geogpsperu_931381206" }, "geometry": { "type": "Polygon", "coordinates": [ [ [ -78.424006677999955, -7.018819304999965 ], [ -78.423927315999947, -7.018829891999928 ], [ -78.42384919999995, -7.018847445999938 ], [ -78.42377294299996, -7.018871828999977 ], [ -78.423699140999986, -7.018902849999961 ], [ -78.423628372999985, -7.018940265999959 ], [ -78.423561190999976, -7.018983783999943 ], [ -78.423498120999966, -7.019033064999974 ], [ -78.42343965799995, -7.019087721999938 ], [ -78.423386257999937, -7.019147326999928 ], [ -78.423338339999987, -7.019211413999926 ], [ -78.423296278999942, -7.019279480999955 ], [ -78.423260402999972, -7.019350995999957 ], [ -78.423230993999937, -7.019425398999942 ], [ -78.423208281999962, -7.019502107999926 ], [ -78.423192443999937, -7.019580521999956 ], [ -78.423183604999963, -7.019660027999976 ], [ -78.423181833999934, -7.019740002999981 ], [ -78.42318714399994, -7.019819820999942 ], [ -78.423199493999959, -7.019898857999976 ], [ -78.423218787999986, -7.01997649599997 ], [ -78.423244872999987, -7.020052125999939 ], [ -78.423277546999941, -7.020125155999949 ], [ -78.423316553999939, -7.020195015999946 ], [ -78.423361587999977, -7.020261157999926 ], [ -78.423412295999981, -7.020323064999957 ], [ -78.423468281999988, -7.020380251999939 ], [ -78.423529107999968, -7.020432271999937 ], [ -78.423594297999955, -7.020478716999946 ], [ -78.423663340999951, -7.020519223999941 ], [ -78.423735697999973, -7.020553475999975 ], [ -78.423810800999945, -7.020581204999928 ], [ -78.423888062999936, -7.020602193999935 ], [ -78.423966878999977, -7.020616278999967 ], [ -78.424046632999989, -7.020623348999948 ], [ -78.424126700999977, -7.020623348999948 ], [ -78.424206455, -7.020616278999967 ], [ -78.424285270999974, -7.020602193999935 ], [ -78.424362532999965, -7.020581204999928 ], [ -78.424437635999936, -7.020553475999975 ], [ -78.424509992999958, -7.020519223999941 ], [ -78.424579035999955, -7.020478716999946 ], [ -78.424644225999941, -7.020432271999937 ], [ -78.424705051999979, -7.020380251999939 ], [ -78.424761037999986, -7.020323064999957 ], [ -78.424811745999989, -7.020261157999926 ], [ -78.424856779999971, -7.020195015999946 ], [ -78.424895786999969, -7.020125155999949 ], [ -78.424928460999979, -7.020052125999939 ], [ -78.424954545999981, -7.01997649599997 ], [ -78.42497383999995, -7.019898857999976 ], [ -78.42498618999997, -7.019819820999942 ], [ -78.424991499999976, -7.019740002999981 ], [ -78.424989728999947, -7.019660027999976 ], [ -78.424980889999972, -7.019580521999956 ], [ -78.424965051999948, -7.019502107999926 ], [ -78.424942339999973, -7.019425398999942 ], [ -78.424912930999938, -7.019350995999957 ], [ -78.424877054999968, -7.019279480999955 ], [ -78.42483499399998, -7.019211413999926 ], [ -78.424787075999973, -7.019147326999928 ], [ -78.42473367599996, -7.019087721999938 ], [ -78.424675212999944, -7.019033064999974 ], [ -78.424612142999933, -7.018983783999943 ], [ -78.424544960999981, -7.018940265999959 ], [ -78.42447419299998, -7.018902849999961 ], [ -78.424400390999949, -7.018871828999977 ], [ -78.42432413399996, -7.018847445999938 ], [ -78.424246017999963, -7.018829891999928 ], [ -78.424166655999954, -7.018819304999965 ], [ -78.424086666999983, -7.018815765999932 ], [ -78.424006677999955, -7.018819304999965 ] ] ] } },
{ "type": "Feature", "properties": { "Mz": "060105004000000", "UBIGEO": "060105", "AREA": "2", "CODCCPP": "0040", "ZONA": "00000", "MANZANA_ID": null, "MANZANA_A": null, "T_TOTAL": 388.0, "T_HOMBRES": 203.0, "T_MUJERES": 185.0, "LLAVE_MZS": "060105004000000", "contacto": "juan.suyo@geogpsperu.com", "descargar": "www.geogpsperu.com", "whatsapp": 931381206.0, "NOMBDEP": "CAJAMARCA", "NOMBPROV": "CAJAMARCA", "IDPROV": "0601", "ARCHIVO": "CAJAMARCA_CAJAMARCA_0601_Manzanas_Poblacion_JP_SuyoPomalia_geogpsperu_931381206" }, "geometry": { "type": "Polygon", "coordinates": [ [ [ -78.413118344999987, -7.014862636999965 ], [ -78.413038982999979, -7.014873224999974 ], [ -78.412960867999971, -7.014890778999927 ], [ -78.412884611999971, -7.014915161999966 ], [ -78.412810810999986, -7.01494618199996 ], [ -78.412740041999939, -7.014983598999947 ], [ -78.412672860999976, -7.015027116999931 ], [ -78.412609791999955, -7.015076397999962 ], [ -78.412551328999939, -7.015131053999937 ], [ -78.412497929999972, -7.015190659999973 ], [ -78.412450011999965, -7.015254746999972 ], [ -78.412407950999977, -7.015322813999944 ], [ -78.41237207599994, -7.015394328999946 ], [ -78.412342666999962, -7.015468731999931 ], [ -78.412319954999987, -7.015545440999972 ], [ -78.412304117999952, -7.015623854999944 ], [ -78.412295278999977, -7.015703360999964 ], [ -78.412293507999948, -7.01578333599997 ], [ -78.412298817999954, -7.015863153999931 ], [ -78.412311167999974, -7.015942190999965 ], [ -78.412330460999954, -7.016019828999958 ], [ -78.412356546999945, -7.016095458999928 ], [ -78.412389219999966, -7.016168489999927 ], [ -78.412428225999975, -7.016238348999934 ], [ -78.412473259999956, -7.016304490999971 ], [ -78.412523967999959, -7.016366397999946 ], [ -78.412579953999966, -7.016423584999927 ], [ -78.412640778999958, -7.016475604999926 ], [ -78.412705967999955, -7.016522049999935 ], [ -78.412775010999951, -7.016562556999929 ], [ -78.412847366999983, -7.016596808999964 ], [ -78.412922468999966, -7.016624538999963 ], [ -78.412999729999967, -7.01664552699998 ], [ -78.413078545999952, -7.016659611999955 ], [ -78.413158299999964, -7.016666681999936 ], [ -78.413238365999973, -7.016666681999936 ], [ -78.413318119999985, -7.016659611999955 ], [ -78.41339693599997, -7.01664552699998 ], [ -78.413474196999971, -7.016624538999963 ], [ -78.413549298999953, -7.016596808999964 ], [ -78.413621654999986, -7.016562556999929 ], [ -78.413690697999982, -7.016522049999935 ], [ -78.413755886999979, -7.016475604999926 ], [ -78.413816711999971, -7.016423584999927 ], [ -78.413872697999977, -7.016366397999946 ], [ -78.413923405999981, -7.016304490999971 ], [ -78.413968439999962, -7.016238348999934 ], [ -78.414007445999971, -7.016168489999927 ], [ -78.414040118999935, -7.016095458999928 ], [ -78.414066204999983, -7.016019828999958 ], [ -78.414085497999963, -7.015942190999965 ], [ -78.414097847999983, -7.015863153999931 ], [ -78.414103157999989, -7.01578333599997 ], [ -78.41410138699996, -7.015703360999964 ], [ -78.414092547999985, -7.015623854999944 ], [ -78.41407671099995, -7.015545440999972 ], [ -78.414053998999975, -7.015468731999931 ], [ -78.41402458999994, -7.015394328999946 ], [ -78.413988714999959, -7.015322813999944 ], [ -78.413946653999972, -7.015254746999972 ], [ -78.413898735999965, -7.015190659999973 ], [ -78.413845336999941, -7.015131053999937 ], [ -78.413786873999982, -7.015076397999962 ], [ -78.413723804999961, -7.015027116999931 ], [ -78.413656623999941, -7.014983598999947 ], [ -78.413585854999951, -7.01494618199996 ], [ -78.413512053999966, -7.014915161999966 ], [ -78.413435797999966, -7.014890778999927 ], [ -78.413357682999958, -7.014873224999974 ], [ -78.41327832099995, -7.014862636999965 ], [ -78.413198332999968, -7.014859098999978 ], [ -78.413118344999987, -7.014862636999965 ] ] ] } },
{ "type": "Feature", "properties": { "Mz": "060105003900000", "UBIGEO": "060105", "AREA": "2", "CODCCPP": "0039", "ZONA": "00000", "MANZANA_ID": null, "MANZANA_A": null, "T_TOTAL": 255.0, "T_HOMBRES": 123.0, "T_MUJERES": 132.0, "LLAVE_MZS": "060105003900000", "contacto": "juan.suyo@geogpsperu.com", "descargar": "www.geogpsperu.com", "whatsapp": 931381206.0, "NOMBDEP": "CAJAMARCA", "NOMBPROV": "CAJAMARCA", "IDPROV": "0601", "ARCHIVO": "CAJAMARCA_CAJAMARCA_0601_Manzanas_Poblacion_JP_SuyoPomalia_geogpsperu_931381206" }, "geometry": { "type": "Polygon", "coordinates": [ [ [ -78.403498345999935, -7.010344303999943 ], [ -78.403418984999973, -7.010354891999953 ], [ -78.403340869999965, -7.010372445999963 ], [ -78.403264614999955, -7.010396827999955 ], [ -78.40319081399997, -7.010427848999939 ], [ -78.403120046999959, -7.010465264999937 ], [ -78.403052865999939, -7.010508783999967 ], [ -78.402989797999965, -7.010558064999941 ], [ -78.402931334999948, -7.010612720999973 ], [ -78.402877936999971, -7.010672325999963 ], [ -78.402830018999964, -7.01073641399995 ], [ -78.402787958999966, -7.01080448099998 ], [ -78.402752083999985, -7.010875995999982 ], [ -78.402722675999939, -7.010950398999967 ], [ -78.402699963999964, -7.011027107999951 ], [ -78.402684126999986, -7.01110552199998 ], [ -78.402675287999955, -7.011185027999943 ], [ -78.402673515999936, -7.011265002999949 ], [ -78.402678825999942, -7.011344820999966 ], [ -78.402691175999962, -7.011423857999944 ], [ -78.402710468999942, -7.011501495999937 ], [ -78.402736555, -7.011577125999963 ], [ -78.402769227999954, -7.011650156999963 ], [ -78.402808233999963, -7.01172001599997 ], [ -78.402853266999955, -7.011786158999939 ], [ -78.402903973999969, -7.011848064999981 ], [ -78.402959959999976, -7.011905251999963 ], [ -78.403020783999978, -7.011957271999961 ], [ -78.403085972999975, -7.01200371699997 ], [ -78.403155014999982, -7.012044223999965 ], [ -78.403227369999968, -7.012078476999932 ], [ -78.40330247199995, -7.012106205999942 ], [ -78.403379731999962, -7.012127194999948 ], [ -78.403458546999957, -7.012141278999934 ], [ -78.40353829999998, -7.012148348999972 ], [ -78.403618365999989, -7.012148348999972 ], [ -78.403698118999955, -7.012141278999934 ], [ -78.40377693399995, -7.012127194999948 ], [ -78.403854193999962, -7.012106205999942 ], [ -78.403929295999944, -7.012078476999932 ], [ -78.404001650999987, -7.012044223999965 ], [ -78.404070692999937, -7.01200371699997 ], [ -78.404135881999935, -7.011957271999961 ], [ -78.404196705999937, -7.011905251999963 ], [ -78.404252691999943, -7.011848064999981 ], [ -78.404303398999957, -7.011786158999939 ], [ -78.404348431999949, -7.01172001599997 ], [ -78.404387437999958, -7.011650156999963 ], [ -78.404420110999979, -7.011577125999963 ], [ -78.40444619699997, -7.011501495999937 ], [ -78.40446548999995, -7.011423857999944 ], [ -78.40447783999997, -7.011344820999966 ], [ -78.404483149999976, -7.011265002999949 ], [ -78.404481377999957, -7.011185027999943 ], [ -78.404472538999983, -7.01110552199998 ], [ -78.404456701999948, -7.011027107999951 ], [ -78.404433989999973, -7.010950398999967 ], [ -78.404404581999984, -7.010875995999982 ], [ -78.404368706999946, -7.01080448099998 ], [ -78.404326646999948, -7.01073641399995 ], [ -78.404278728999941, -7.010672325999963 ], [ -78.404225330999964, -7.010612720999973 ], [ -78.404166867999947, -7.010558064999941 ], [ -78.404103799999973, -7.010508783999967 ], [ -78.404036618999953, -7.010465264999937 ], [ -78.403965851999942, -7.010427848999939 ], [ -78.403892050999957, -7.010396827999955 ], [ -78.403815795999947, -7.010372445999963 ], [ -78.403737680999939, -7.010354891999953 ], [ -78.403658319999977, -7.010344303999943 ], [ -78.403578332999984, -7.010340765999956 ], [ -78.403498345999935, -7.010344303999943 ] ] ] } },
{ "type": "Feature", "properties": { "Mz": "060105003100000", "UBIGEO": "060105", "AREA": "2", "CODCCPP": "0031", "ZONA": "00000", "MANZANA_ID": null, "MANZANA_A": null, "T_TOTAL": 26.0, "T_HOMBRES": 11.0, "T_MUJERES": 15.0, "LLAVE_MZS": "060105003100000", "contacto": "juan.suyo@geogpsperu.com", "descargar": "www.geogpsperu.com", "whatsapp": 931381206.0, "NOMBDEP": "CAJAMARCA", "NOMBPROV": "CAJAMARCA", "IDPROV": "0601", "ARCHIVO": "CAJAMARCA_CAJAMARCA_0601_Manzanas_Poblacion_JP_SuyoPomalia_geogpsperu_931381206" }, "geometry": { "type": "Polygon", "coordinates": [ [ [ -78.499550006999982, -6.975839277999967 ], [ -78.499470650999967, -6.975849865999976 ], [ -78.499392542999942, -6.97586741899994 ], [ -78.499316292999936, -6.975891801999978 ], [ -78.499242497999944, -6.975922822999962 ], [ -78.499171735999937, -6.97596023899996 ], [ -78.499104559999978, -6.976003757999933 ], [ -78.499041495999961, -6.976053038999964 ], [ -78.498983037999949, -6.976107694999939 ], [ -78.49892964299994, -6.976167300999975 ], [ -78.498881728999947, -6.976231387999974 ], [ -78.498839671999974, -6.976299454999946 ], [ -78.498803799999962, -6.976370970999938 ], [ -78.498774392999962, -6.976445373999979 ], [ -78.498751682999966, -6.976522082999963 ], [ -78.498735846999978, -6.976600496999936 ], [ -78.498727008999936, -6.976680002999956 ], [ -78.498725237999963, -6.976759977999961 ], [ -78.49873054699998, -6.976839795999979 ], [ -78.498742895999953, -6.976918833999946 ], [ -78.498762187999944, -6.97699647099995 ], [ -78.498788270999967, -6.977072100999976 ], [ -78.498820941999952, -6.977145131999976 ], [ -78.498859944999936, -6.977214991999972 ], [ -78.498904974999959, -6.977281133999952 ], [ -78.498955678999948, -6.977343040999926 ], [ -78.499011659999951, -6.977400227999965 ], [ -78.499072479999938, -6.977452247999963 ], [ -78.499137663999988, -6.977498692999973 ], [ -78.499206700999935, -6.977539200999956 ], [ -78.499279050999974, -6.977573452999934 ], [ -78.499354146999963, -6.977601181999944 ], [ -78.499431401999971, -6.97762217099995 ], [ -78.499510210999972, -6.977636254999936 ], [ -78.499589957999945, -6.977643324999974 ], [ -78.499670017999961, -6.977643324999974 ], [ -78.499749765, -6.977636254999936 ], [ -78.499828573999935, -6.97762217099995 ], [ -78.499905828999943, -6.977601181999944 ], [ -78.499980924999988, -6.977573452999934 ], [ -78.500053274999971, -6.977539200999956 ], [ -78.500122311999974, -6.977498692999973 ], [ -78.500187495999967, -6.977452247999963 ], [ -78.500248315999954, -6.977400227999965 ], [ -78.500304296999957, -6.977343040999926 ], [ -78.500355000999946, -6.977281133999952 ], [ -78.50040003099997, -6.977214991999972 ], [ -78.500439033999953, -6.977145131999976 ], [ -78.500471704999939, -6.977072100999976 ], [ -78.500497787999961, -6.97699647099995 ], [ -78.500517079999952, -6.976918833999946 ], [ -78.500529428999982, -6.976839795999979 ], [ -78.500534737999942, -6.976759977999961 ], [ -78.50053296699997, -6.976680002999956 ], [ -78.500524128999984, -6.976600496999936 ], [ -78.500508292999939, -6.976522082999963 ], [ -78.500485582999943, -6.976445373999979 ], [ -78.500456175999943, -6.976370970999938 ], [ -78.500420303999988, -6.976299454999946 ], [ -78.500378246999958, -6.976231387999974 ], [ -78.500330332999965, -6.976167300999975 ], [ -78.500276937999956, -6.976107694999939 ], [ -78.500218479999944, -6.976053038999964 ], [ -78.500155415999984, -6.976003757999933 ], [ -78.500088239999968, -6.97596023899996 ], [ -78.500017477999961, -6.975922822999962 ], [ -78.499943682999969, -6.975891801999978 ], [ -78.499867432999963, -6.97586741899994 ], [ -78.499789324999938, -6.975849865999976 ], [ -78.49970996899998, -6.975839277999967 ], [ -78.499629987999981, -6.975835738999933 ], [ -78.499550006999982, -6.975839277999967 ] ] ] } },
{ "type": "Feature", "properties": { "Mz": "060105001700000", "UBIGEO": "060105", "AREA": "2", "CODCCPP": "0017", "ZONA": "00000", "MANZANA_ID": null, "MANZANA_A": null, "T_TOTAL": 118.0, "T_HOMBRES": 52.0, "T_MUJERES": 66.0, "LLAVE_MZS": "060105001700000", "contacto": "juan.suyo@geogpsperu.com", "descargar": "www.geogpsperu.com", "whatsapp": 931381206.0, "NOMBDEP": "CAJAMARCA", "NOMBPROV": "CAJAMARCA", "IDPROV": "0601", "ARCHIVO": "CAJAMARCA_CAJAMARCA_0601_Manzanas_Poblacion_JP_SuyoPomalia_geogpsperu_931381206" }, "geometry": { "type": "Polygon", "coordinates": [ [ [ -78.49775170199996, -6.878159298999947 ], [ -78.497672362999936, -6.878169886999956 ], [ -78.497594270999969, -6.878187440999966 ], [ -78.497518035999974, -6.878211823999948 ], [ -78.497444256999984, -6.878242844999932 ], [ -78.497373508999942, -6.878280260999929 ], [ -78.497306346999949, -6.87832377999996 ], [ -78.497243295999965, -6.878373060999934 ], [ -78.49718484999994, -6.878427717999955 ], [ -78.497131465999985, -6.878487322999945 ], [ -78.497083561999943, -6.878551410999933 ], [ -78.497041512999942, -6.878619478999951 ], [ -78.497005648999959, -6.878690993999953 ], [ -78.496976247999953, -6.878765397999928 ], [ -78.496953542999961, -6.878842106999969 ], [ -78.496937709999941, -6.878920520999941 ], [ -78.496928873999934, -6.879000026999961 ], [ -78.496927102999962, -6.879080002999956 ], [ -78.496932410999989, -6.879159821999963 ], [ -78.496944757999984, -6.87923885899994 ], [ -78.49696404599996, -6.879316496999934 ], [ -78.496990123999979, -6.879392127999949 ], [ -78.497022787999981, -6.879465158999949 ], [ -78.497061782999936, -6.879535018999945 ], [ -78.497106802999951, -6.879601161999972 ], [ -78.497157495999943, -6.879663068999946 ], [ -78.497213465999948, -6.879720255999928 ], [ -78.497274273999949, -6.879772275999926 ], [ -78.497339443999977, -6.879818721999925 ], [ -78.497408466999957, -6.879859228999976 ], [ -78.497480801999984, -6.879893480999954 ], [ -78.497555882999961, -6.879921209999964 ], [ -78.497633121999968, -6.879942199999959 ], [ -78.497711914999968, -6.879956283999945 ], [ -78.49779164499995, -6.879963353999926 ], [ -78.497871688999965, -6.879963353999926 ], [ -78.497951418999946, -6.879956283999945 ], [ -78.498030211999946, -6.879942199999959 ], [ -78.498107450999953, -6.879921209999964 ], [ -78.498182531999987, -6.879893480999954 ], [ -78.498254866999957, -6.879859228999976 ], [ -78.498323889999938, -6.879818721999925 ], [ -78.498389059999965, -6.879772275999926 ], [ -78.498449867999966, -6.879720255999928 ], [ -78.498505837999971, -6.879663068999946 ], [ -78.498556530999963, -6.879601161999972 ], [ -78.498601550999979, -6.879535018999945 ], [ -78.498640546, -6.879465158999949 ], [ -78.498673209999936, -6.879392127999949 ], [ -78.498699287999955, -6.879316496999934 ], [ -78.498718575999987, -6.87923885899994 ], [ -78.498730922999982, -6.879159821999963 ], [ -78.498736230999953, -6.879080002999956 ], [ -78.49873445999998, -6.879000026999961 ], [ -78.498725623999974, -6.878920520999941 ], [ -78.498709790999953, -6.878842106999969 ], [ -78.498687085999961, -6.878765397999928 ], [ -78.498657684999955, -6.878690993999953 ], [ -78.498621820999972, -6.878619478999951 ], [ -78.498579771999971, -6.878551410999933 ], [ -78.498531867999986, -6.878487322999945 ], [ -78.498478483999975, -6.878427717999955 ], [ -78.498420037999949, -6.878373060999934 ], [ -78.498356986999966, -6.87832377999996 ], [ -78.498289824999972, -6.878280260999929 ], [ -78.498219076999987, -6.878242844999932 ], [ -78.49814529799994, -6.878211823999948 ], [ -78.498069062999946, -6.878187440999966 ], [ -78.497990970999979, -6.878169886999956 ], [ -78.497911631999955, -6.878159298999947 ], [ -78.497831666999957, -6.87815576099996 ], [ -78.49775170199996, -6.878159298999947 ] ] ] } },
{ "type": "Feature", "properties": { "Mz": "060105001000000", "UBIGEO": "060105", "AREA": "2", "CODCCPP": "0010", "ZONA": "00000", "MANZANA_ID": null, "MANZANA_A": null, "T_TOTAL": 188.0, "T_HOMBRES": 90.0, "T_MUJERES": 98.0, "LLAVE_MZS": "060105001000000", "contacto": "juan.suyo@geogpsperu.com", "descargar": "www.geogpsperu.com", "whatsapp": 931381206.0, "NOMBDEP": "CAJAMARCA", "NOMBPROV": "CAJAMARCA", "IDPROV": "0601", "ARCHIVO": "CAJAMARCA_CAJAMARCA_0601_Manzanas_Poblacion_JP_SuyoPomalia_geogpsperu_931381206" }, "geometry": { "type": "Polygon", "coordinates": [ [ [ -78.504588371999944, -6.851950963999968 ], [ -78.504509037999981, -6.851961551999977 ], [ -78.504430949999971, -6.851979105999931 ], [ -78.504354719999981, -6.852003488999969 ], [ -78.504280943999959, -6.852034509999953 ], [ -78.504210199999989, -6.852071925999951 ], [ -78.504143040999963, -6.852115444999981 ], [ -78.504079993999937, -6.852164725999955 ], [ -78.504021550999937, -6.852219382999976 ], [ -78.503968169999951, -6.852278988999956 ], [ -78.503920268999934, -6.852343075999954 ], [ -78.503878222999958, -6.852411143999973 ], [ -78.503842359999965, -6.852482659999964 ], [ -78.503812960999937, -6.852557062999949 ], [ -78.503790256999935, -6.85263377299998 ], [ -78.503774424999961, -6.852712186999952 ], [ -78.503765588999954, -6.852791692999972 ], [ -78.503763817999982, -6.852871668999967 ], [ -78.503769126999941, -6.852951487999974 ], [ -78.503781471999957, -6.853030525999941 ], [ -78.503800758999944, -6.853108163999934 ], [ -78.503826835999973, -6.85318379399996 ], [ -78.50385949799994, -6.85325682499996 ], [ -78.503898490999973, -6.853326685999946 ], [ -78.503943508999953, -6.853392827999926 ], [ -78.503994198999976, -6.853454734999957 ], [ -78.504050165999956, -6.853511922999928 ], [ -78.504110970999989, -6.853563942999926 ], [ -78.504176136999945, -6.853610387999936 ], [ -78.504245155999968, -6.853650895999976 ], [ -78.50431748699998, -6.853685147999954 ], [ -78.504392563999943, -6.853712876999964 ], [ -78.504469798999935, -6.85373386599997 ], [ -78.504548586999988, -6.853747950999946 ], [ -78.504628312999955, -6.853755020999927 ], [ -78.504708352999955, -6.853755020999927 ], [ -78.504788078999979, -6.853747950999946 ], [ -78.504866866999976, -6.85373386599997 ], [ -78.504944101999968, -6.853712876999964 ], [ -78.505019178999987, -6.853685147999954 ], [ -78.505091509999943, -6.853650895999976 ], [ -78.505160528999966, -6.853610387999936 ], [ -78.505225694999979, -6.853563942999926 ], [ -78.505286499999954, -6.853511922999928 ], [ -78.505342466999934, -6.853454734999957 ], [ -78.505393156999958, -6.853392827999926 ], [ -78.505438174999938, -6.853326685999946 ], [ -78.50547716799997, -6.85325682499996 ], [ -78.505509829999937, -6.85318379399996 ], [ -78.505535906999967, -6.853108163999934 ], [ -78.505555193999953, -6.853030525999941 ], [ -78.505567538999969, -6.852951487999974 ], [ -78.505572847999986, -6.852871668999967 ], [ -78.505571076999956, -6.852791692999972 ], [ -78.50556224099995, -6.852712186999952 ], [ -78.505546408999976, -6.85263377299998 ], [ -78.505523704999973, -6.852557062999949 ], [ -78.505494305999946, -6.852482659999964 ], [ -78.505458442999952, -6.852411143999973 ], [ -78.505416396999976, -6.852343075999954 ], [ -78.50536849599996, -6.852278988999956 ], [ -78.505315114999974, -6.852219382999976 ], [ -78.505256671999973, -6.852164725999955 ], [ -78.505193624999947, -6.852115444999981 ], [ -78.505126465999979, -6.852071925999951 ], [ -78.505055721999952, -6.852034509999953 ], [ -78.504981945999987, -6.852003488999969 ], [ -78.504905715999939, -6.851979105999931 ], [ -78.504827627999987, -6.851961551999977 ], [ -78.504748293999967, -6.851950963999968 ], [ -78.504668332999984, -6.851947425999981 ], [ -78.504588371999944, -6.851950963999968 ] ] ] } },
{ "type": "Feature", "properties": { "Mz": "060105006000000", "UBIGEO": "060105", "AREA": "2", "CODCCPP": "0060", "ZONA": "00000", "MANZANA_ID": null, "MANZANA_A": null, "T_TOTAL": 258.0, "T_HOMBRES": 115.0, "T_MUJERES": 143.0, "LLAVE_MZS": "060105006000000", "contacto": "juan.suyo@geogpsperu.com", "descargar": "www.geogpsperu.com", "whatsapp": 931381206.0, "NOMBDEP": "CAJAMARCA", "NOMBPROV": "CAJAMARCA", "IDPROV": "0601", "ARCHIVO": "CAJAMARCA_CAJAMARCA_0601_Manzanas_Poblacion_JP_SuyoPomalia_geogpsperu_931381206" }, "geometry": { "type": "Polygon", "coordinates": [ [ [ -78.377558338999961, -7.054749305999962 ], [ -78.37747896999997, -7.054759892999925 ], [ -78.377400848999969, -7.054777446999935 ], [ -78.377324585999986, -7.054801829999974 ], [ -78.377250778999951, -7.054832850999958 ], [ -78.377180003999968, -7.054870266999956 ], [ -78.377112816999954, -7.05491378499994 ], [ -78.377049742999986, -7.054963065999971 ], [ -78.376991274999966, -7.055017721999945 ], [ -78.376937870999939, -7.055077327999925 ], [ -78.376889948999974, -7.055141413999934 ], [ -78.376847884999961, -7.055209481999952 ], [ -78.376812006999955, -7.055280996999954 ], [ -78.376782594999952, -7.055355399999939 ], [ -78.376759880999941, -7.055432107999934 ], [ -78.376744042999974, -7.055510521999963 ], [ -78.376735202999953, -7.055590027999926 ], [ -78.376733430999934, -7.055670002999932 ], [ -78.376738741999986, -7.055749820999949 ], [ -78.376751092999939, -7.055828857999927 ], [ -78.376770387999954, -7.055906494999931 ], [ -78.376796475999981, -7.055982124999957 ], [ -78.376829151999971, -7.056055155999957 ], [ -78.376868161999937, -7.056125014999964 ], [ -78.376913198999944, -7.056191157999933 ], [ -78.376963910999962, -7.056253063999975 ], [ -78.377019901999972, -7.056310250999957 ], [ -78.377080731999968, -7.056362270999955 ], [ -78.377145926999958, -7.056408715999964 ], [ -78.377214975999948, -7.056449222999959 ], [ -78.377287337999974, -7.056483474999936 ], [ -78.37736244599995, -7.056511203999946 ], [ -78.37743971499998, -7.056532192999953 ], [ -78.377518536999958, -7.056546276999939 ], [ -78.377598296999963, -7.056553346999976 ], [ -78.377678370999945, -7.056553346999976 ], [ -78.37775813099995, -7.056546276999939 ], [ -78.377836952999985, -7.056532192999953 ], [ -78.377914221999958, -7.056511203999946 ], [ -78.377989329999934, -7.056483474999936 ], [ -78.37806169199996, -7.056449222999959 ], [ -78.37813074099995, -7.056408715999964 ], [ -78.378195935999941, -7.056362270999955 ], [ -78.378256765999936, -7.056310250999957 ], [ -78.378312756999946, -7.056253063999975 ], [ -78.378363468999964, -7.056191157999933 ], [ -78.378408505999971, -7.056125014999964 ], [ -78.378447515999937, -7.056055155999957 ], [ -78.378480191999984, -7.055982124999957 ], [ -78.378506279999954, -7.055906494999931 ], [ -78.378525574999969, -7.055828857999927 ], [ -78.378537925999979, -7.055749820999949 ], [ -78.378543236999974, -7.055670002999932 ], [ -78.378541464999955, -7.055590027999926 ], [ -78.378532624999934, -7.055510521999963 ], [ -78.378516786999967, -7.055432107999934 ], [ -78.378494072999956, -7.055355399999939 ], [ -78.378464660999953, -7.055280996999954 ], [ -78.378428782999947, -7.055209481999952 ], [ -78.378386718999934, -7.055141413999934 ], [ -78.378338796999969, -7.055077327999925 ], [ -78.378285392999942, -7.055017721999945 ], [ -78.378226924999979, -7.054963065999971 ], [ -78.378163850999954, -7.05491378499994 ], [ -78.378096663999941, -7.054870266999956 ], [ -78.378025888999957, -7.054832850999958 ], [ -78.377952081999979, -7.054801829999974 ], [ -78.377875818999939, -7.054777446999935 ], [ -78.377797697999938, -7.054759892999925 ], [ -78.377718328999947, -7.054749305999962 ], [ -78.377638333999982, -7.054745767999975 ], [ -78.377558338999961, -7.054749305999962 ] ] ] } },
{ "type": "Feature", "properties": { "Mz": "060105005400000", "UBIGEO": "060105", "AREA": "2", "CODCCPP": "0054", "ZONA": "00000", "MANZANA_ID": null, "MANZANA_A": null, "T_TOTAL": 582.0, "T_HOMBRES": 269.0, "T_MUJERES": 313.0, "LLAVE_MZS": "060105005400000", "contacto": "juan.suyo@geogpsperu.com", "descargar": "www.geogpsperu.com", "whatsapp": 931381206.0, "NOMBDEP": "CAJAMARCA", "NOMBPROV": "CAJAMARCA", "IDPROV": "0601", "ARCHIVO": "CAJAMARCA_CAJAMARCA_0601_Manzanas_Poblacion_JP_SuyoPomalia_geogpsperu_931381206" }, "geometry": { "type": "Polygon", "coordinates": [ [ [ -78.357851674999949, -7.041134304999957 ], [ -78.357772307999937, -7.041144892999966 ], [ -78.357694188999972, -7.041162446999977 ], [ -78.357617927999968, -7.041186829999958 ], [ -78.357544122999968, -7.041217849999953 ], [ -78.357473350999953, -7.041255265999951 ], [ -78.357406164999986, -7.041298784999981 ], [ -78.35734309299994, -7.041348064999966 ], [ -78.357284626999956, -7.04140272199993 ], [ -78.357231224999964, -7.041462326999977 ], [ -78.357183303999989, -7.041526413999975 ], [ -78.357141240999965, -7.041594481999937 ], [ -78.357105363999949, -7.041665996999939 ], [ -78.357075952999935, -7.041740399999981 ], [ -78.357053239999971, -7.041817107999975 ], [ -78.357037401999946, -7.041895521999948 ], [ -78.357028561999982, -7.041975027999968 ], [ -78.357026790999953, -7.042055002999973 ], [ -78.357032100999959, -7.042134820999934 ], [ -78.357044451999968, -7.042213857999968 ], [ -78.357063745999938, -7.042291495999962 ], [ -78.357089832999975, -7.042367124999942 ], [ -78.357122508999964, -7.042440155999941 ], [ -78.357161516999952, -7.042510015999937 ], [ -78.357206552999969, -7.042576157999974 ], [ -78.357257263999941, -7.042638064999949 ], [ -78.357313252999973, -7.04269525199993 ], [ -78.357374081999978, -7.042747270999939 ], [ -78.357439274999933, -7.042793715999949 ], [ -78.357508320999955, -7.042834222999943 ], [ -78.357580680999945, -7.042868475999967 ], [ -78.357655786999942, -7.042896204999977 ], [ -78.357733052999947, -7.042917192999937 ], [ -78.357811873999935, -7.042931277999969 ], [ -78.357891630999973, -7.04293834799995 ], [ -78.357971702999976, -7.04293834799995 ], [ -78.358051459999956, -7.042931277999969 ], [ -78.358130280999944, -7.042917192999937 ], [ -78.358207546999949, -7.042896204999977 ], [ -78.358282652999947, -7.042868475999967 ], [ -78.358355012999937, -7.042834222999943 ], [ -78.358424058999958, -7.042793715999949 ], [ -78.35848925199997, -7.042747270999939 ], [ -78.358550080999976, -7.04269525199993 ], [ -78.358606069999951, -7.042638064999949 ], [ -78.358656780999979, -7.042576157999974 ], [ -78.35870181699994, -7.042510015999937 ], [ -78.358740824999984, -7.042440155999941 ], [ -78.358773500999973, -7.042367124999942 ], [ -78.358799587999954, -7.042291495999962 ], [ -78.35881888199998, -7.042213857999968 ], [ -78.358831232999989, -7.042134820999934 ], [ -78.358836542999939, -7.042055002999973 ], [ -78.358834771999966, -7.041975027999968 ], [ -78.358825931999945, -7.041895521999948 ], [ -78.358810093999978, -7.041817107999975 ], [ -78.358787380999956, -7.041740399999981 ], [ -78.358757969999942, -7.041665996999939 ], [ -78.358722092999983, -7.041594481999937 ], [ -78.35868002999996, -7.041526413999975 ], [ -78.358632108999984, -7.041462326999977 ], [ -78.358578706999936, -7.04140272199993 ], [ -78.358520240999951, -7.041348064999966 ], [ -78.358457168999962, -7.041298784999981 ], [ -78.358389982999938, -7.041255265999951 ], [ -78.35831921099998, -7.041217849999953 ], [ -78.35824540599998, -7.041186829999958 ], [ -78.358169144999977, -7.041162446999977 ], [ -78.358091025999954, -7.041144892999966 ], [ -78.358011658999942, -7.041134304999957 ], [ -78.357931666999946, -7.04113076699997 ], [ -78.357851674999949, -7.041134304999957 ] ] ] } },
{ "type": "Feature", "properties": { "Mz": "060105005900000", "UBIGEO": "060105", "AREA": "2", "CODCCPP": "0059", "ZONA": "00000", "MANZANA_ID": null, "MANZANA_A": null, "T_TOTAL": 244.0, "T_HOMBRES": 111.0, "T_MUJERES": 133.0, "LLAVE_MZS": "060105005900000", "contacto": "juan.suyo@geogpsperu.com", "descargar": "www.geogpsperu.com", "whatsapp": 931381206.0, "NOMBDEP": "CAJAMARCA", "NOMBPROV": "CAJAMARCA", "IDPROV": "0601", "ARCHIVO": "CAJAMARCA_CAJAMARCA_0601_Manzanas_Poblacion_JP_SuyoPomalia_geogpsperu_931381206" }, "geometry": { "type": "Polygon", "coordinates": [ [ [ -78.332266674999971, -7.040640971999949 ], [ -78.332187307999959, -7.040651559999958 ], [ -78.332109188999937, -7.040669113999968 ], [ -78.332032928999979, -7.04069349699995 ], [ -78.331959122999933, -7.040724516999944 ], [ -78.331888350999975, -7.040761932999942 ], [ -78.331821165999941, -7.040805451999972 ], [ -78.331758093999952, -7.040854731999957 ], [ -78.331699626999978, -7.040909388999978 ], [ -78.331646224999986, -7.040968993999968 ], [ -78.331598304999943, -7.041033080999966 ], [ -78.331556241999976, -7.041101148999928 ], [ -78.331520363999971, -7.04117266399993 ], [ -78.331490953999946, -7.041247066999972 ], [ -78.331468240999982, -7.041323774999967 ], [ -78.331452402999957, -7.041402188999939 ], [ -78.331443562999937, -7.041481694999959 ], [ -78.331441791999964, -7.041561669999965 ], [ -78.33144710199997, -7.041641487999925 ], [ -78.331459452999979, -7.04172052499996 ], [ -78.331478746999949, -7.041798162999953 ], [ -78.331504833999986, -7.041873791999933 ], [ -78.331537509999976, -7.041946822999932 ], [ -78.331576517999963, -7.042016682999929 ], [ -78.33162155399998, -7.042082824999966 ], [ -78.331672264999952, -7.04214473199994 ], [ -78.331728252999937, -7.042201918999979 ], [ -78.331789081999943, -7.042253937999931 ], [ -78.331854274999955, -7.04230038299994 ], [ -78.331923320999977, -7.042340889999934 ], [ -78.331995680999967, -7.042375142999958 ], [ -78.332070787999953, -7.042402871999968 ], [ -78.332148053999958, -7.042423859999928 ], [ -78.332226873999957, -7.042437944999961 ], [ -78.332306630999938, -7.042445014999942 ], [ -78.332386702999941, -7.042445014999942 ], [ -78.332466459999978, -7.042437944999961 ], [ -78.332545279999977, -7.042423859999928 ], [ -78.332622545999982, -7.042402871999968 ], [ -78.332697652999968, -7.042375142999958 ], [ -78.332770012999958, -7.042340889999934 ], [ -78.33283905899998, -7.04230038299994 ], [ -78.332904251999935, -7.042253937999931 ], [ -78.332965080999941, -7.042201918999979 ], [ -78.333021068999983, -7.04214473199994 ], [ -78.333071779999955, -7.042082824999966 ], [ -78.333116815999972, -7.042016682999929 ], [ -78.333155823999959, -7.041946822999932 ], [ -78.333188499999949, -7.041873791999933 ], [ -78.333214586999986, -7.041798162999953 ], [ -78.333233880999956, -7.04172052499996 ], [ -78.333246231999965, -7.041641487999925 ], [ -78.333251541999971, -7.041561669999965 ], [ -78.333249770999942, -7.041481694999959 ], [ -78.333240930999978, -7.041402188999939 ], [ -78.333225092999953, -7.041323774999967 ], [ -78.333202379999989, -7.041247066999972 ], [ -78.333172969999964, -7.04117266399993 ], [ -78.333137091999959, -7.041101148999928 ], [ -78.333095028999935, -7.041033080999966 ], [ -78.333047108999949, -7.040968993999968 ], [ -78.332993706999957, -7.040909388999978 ], [ -78.332935239999983, -7.040854731999957 ], [ -78.332872167999938, -7.040805451999972 ], [ -78.33280498299996, -7.040761932999942 ], [ -78.332734210999945, -7.040724516999944 ], [ -78.332660404999956, -7.04069349699995 ], [ -78.332584144999942, -7.040669113999968 ], [ -78.332506025999976, -7.040651559999958 ], [ -78.332426658999964, -7.040640971999949 ], [ -78.332346666999968, -7.040637433999962 ], [ -78.332266674999971, -7.040640971999949 ] ] ] } },
{ "type": "Feature", "properties": { "Mz": "060105004800000", "UBIGEO": "060105", "AREA": "2", "CODCCPP": "0048", "ZONA": "00000", "MANZANA_ID": null, "MANZANA_A": null, "T_TOTAL": 252.0, "T_HOMBRES": 124.0, "T_MUJERES": 128.0, "LLAVE_MZS": "060105004800000", "contacto": "juan.suyo@geogpsperu.com", "descargar": "www.geogpsperu.com", "whatsapp": 931381206.0, "NOMBDEP": "CAJAMARCA", "NOMBPROV": "CAJAMARCA", "IDPROV": "0601", "ARCHIVO": "CAJAMARCA_CAJAMARCA_0601_Manzanas_Poblacion_JP_SuyoPomalia_geogpsperu_931381206" }, "geometry": { "type": "Polygon", "coordinates": [ [ [ -78.334438343999977, -7.027140971999927 ], [ -78.334358979999934, -7.027151558999947 ], [ -78.334280862999947, -7.027169112999957 ], [ -78.334204604999968, -7.027193495999938 ], [ -78.334130801999947, -7.027224516999979 ], [ -78.334060030999979, -7.027261932999977 ], [ -78.33399284799998, -7.02730545199995 ], [ -78.33392977799997, -7.027354731999935 ], [ -78.333871312999975, -7.027409388999956 ], [ -78.333817912999962, -7.027468993999946 ], [ -78.333769993999965, -7.027533080999945 ], [ -78.333727931999988, -7.027601147999974 ], [ -78.333692054999972, -7.027672662999976 ], [ -78.333662645999937, -7.027747065999961 ], [ -78.333639932999972, -7.027823774999945 ], [ -78.333624095999937, -7.027902188999974 ], [ -78.333615255999973, -7.027981694999937 ], [ -78.333613484999944, -7.028061669999943 ], [ -78.33361879499995, -7.02814148799996 ], [ -78.33363114499997, -7.028220524999938 ], [ -78.333650438999939, -7.028298162999931 ], [ -78.333676525999977, -7.028373792999957 ], [ -78.333709199999987, -7.028446822999967 ], [ -78.333748206999985, -7.028516682999964 ], [ -78.333793241999956, -7.028582824999944 ], [ -78.333843950999949, -7.028644731999975 ], [ -78.333899937999945, -7.028701918999957 ], [ -78.333960764999972, -7.028753938999955 ], [ -78.334025955999948, -7.028800383999965 ], [ -78.33409500099998, -7.028840890999959 ], [ -78.334167357999945, -7.028875142999937 ], [ -78.334242462999953, -7.028902871999946 ], [ -78.334319726, -7.028923860999953 ], [ -78.334398543999953, -7.028937945999928 ], [ -78.334478299999944, -7.028945014999977 ], [ -78.334558367999989, -7.028945014999977 ], [ -78.33463812399998, -7.028937945999928 ], [ -78.334716941999943, -7.028923860999953 ], [ -78.33479420499998, -7.028902871999946 ], [ -78.334869309999988, -7.028875142999937 ], [ -78.334941666999953, -7.028840890999959 ], [ -78.335010711999985, -7.028800383999965 ], [ -78.335075902999961, -7.028753938999955 ], [ -78.335136729999988, -7.028701918999957 ], [ -78.335192716999984, -7.028644731999975 ], [ -78.335243425999977, -7.028582824999944 ], [ -78.335288460999948, -7.028516682999964 ], [ -78.335327467999946, -7.028446822999967 ], [ -78.335360141999956, -7.028373792999957 ], [ -78.335386228999937, -7.028298162999931 ], [ -78.335405522999963, -7.028220524999938 ], [ -78.335417872999983, -7.02814148799996 ], [ -78.335423182999989, -7.028061669999943 ], [ -78.33542141199996, -7.027981694999937 ], [ -78.335412571999939, -7.027902188999974 ], [ -78.335396734999961, -7.027823774999945 ], [ -78.335374021999939, -7.027747065999961 ], [ -78.335344612999961, -7.027672662999976 ], [ -78.335308735999945, -7.027601147999974 ], [ -78.335266673999968, -7.027533080999945 ], [ -78.335218754999971, -7.027468993999946 ], [ -78.335165354999958, -7.027409388999956 ], [ -78.335106889999963, -7.027354731999935 ], [ -78.335043819999953, -7.02730545199995 ], [ -78.334976636999954, -7.027261932999977 ], [ -78.334905865999986, -7.027224516999979 ], [ -78.334832062999965, -7.027193495999938 ], [ -78.334755804999986, -7.027169112999957 ], [ -78.334677687999942, -7.027151558999947 ], [ -78.334598323999955, -7.027140971999927 ], [ -78.334518333999938, -7.02713743299995 ], [ -78.334438343999977, -7.027140971999927 ] ] ] } },
{ "type": "Feature", "properties": { "Mz": "060105004700000", "UBIGEO": "060105", "AREA": "2", "CODCCPP": "0047", "ZONA": "00000", "MANZANA_ID": null, "MANZANA_A": null, "T_TOTAL": 171.0, "T_HOMBRES": 89.0, "T_MUJERES": 82.0, "LLAVE_MZS": "060105004700000", "contacto": "juan.suyo@geogpsperu.com", "descargar": "www.geogpsperu.com", "whatsapp": 931381206.0, "NOMBDEP": "CAJAMARCA", "NOMBPROV": "CAJAMARCA", "IDPROV": "0601", "ARCHIVO": "CAJAMARCA_CAJAMARCA_0601_Manzanas_Poblacion_JP_SuyoPomalia_geogpsperu_931381206" }, "geometry": { "type": "Polygon", "coordinates": [ [ [ -78.341023342999961, -7.026749304999953 ], [ -78.340943978999974, -7.026759891999973 ], [ -78.340865861999987, -7.026777445999926 ], [ -78.340789603999951, -7.026801828999965 ], [ -78.340715800999988, -7.026832849999948 ], [ -78.340645030999951, -7.026870265999946 ], [ -78.340577847999953, -7.026913784999977 ], [ -78.340514776999953, -7.026963064999961 ], [ -78.340456312999947, -7.027017721999925 ], [ -78.340402911999945, -7.027077326999972 ], [ -78.340354992999949, -7.027141413999971 ], [ -78.340312930999971, -7.027209480999943 ], [ -78.340277054999945, -7.027280995999945 ], [ -78.340247645999966, -7.02735539899993 ], [ -78.340224932999945, -7.027432107999971 ], [ -78.340209094999977, -7.027510521999943 ], [ -78.340200255999946, -7.027590027999963 ], [ -78.340198484999974, -7.027670002999969 ], [ -78.340203794999979, -7.027749820999929 ], [ -78.340216144999943, -7.027828857999964 ], [ -78.340235438999969, -7.027906495999957 ], [ -78.34026152499996, -7.027982125999927 ], [ -78.34029419999996, -7.028055155999937 ], [ -78.340333206999958, -7.028125015999933 ], [ -78.340378240999939, -7.02819115799997 ], [ -78.340428950999978, -7.028253064999944 ], [ -78.340484937999975, -7.028310251999926 ], [ -78.340545764999945, -7.028362271999981 ], [ -78.340610955999978, -7.028408716999934 ], [ -78.34068, -7.028449223999928 ], [ -78.340752357999975, -7.028483475999963 ], [ -78.340827461999936, -7.028511204999973 ], [ -78.340904724999973, -7.028532193999979 ], [ -78.340983542999936, -7.028546278999954 ], [ -78.341063298999984, -7.028553347999946 ], [ -78.341143366999972, -7.028553347999946 ], [ -78.341223122999963, -7.028546278999954 ], [ -78.341301940999983, -7.028532193999979 ], [ -78.341379203999963, -7.028511204999973 ], [ -78.341454307999982, -7.028483475999963 ], [ -78.341526665999936, -7.028449223999928 ], [ -78.341595709999979, -7.028408716999934 ], [ -78.341660900999955, -7.028362271999981 ], [ -78.341721727999982, -7.028310251999926 ], [ -78.341777714999978, -7.028253064999944 ], [ -78.34182842499996, -7.02819115799997 ], [ -78.341873458999942, -7.028125015999933 ], [ -78.34191246599994, -7.028055155999937 ], [ -78.34194514099994, -7.027982125999927 ], [ -78.341971226999988, -7.027906495999957 ], [ -78.341990520999957, -7.027828857999964 ], [ -78.342002870999977, -7.027749820999929 ], [ -78.342008180999983, -7.027670002999969 ], [ -78.342006409999954, -7.027590027999963 ], [ -78.341997570999979, -7.027510521999943 ], [ -78.341981732999955, -7.027432107999971 ], [ -78.341959019999933, -7.02735539899993 ], [ -78.341929610999955, -7.027280995999945 ], [ -78.341893734999985, -7.027209480999943 ], [ -78.341851672999951, -7.027141413999971 ], [ -78.341803753999955, -7.027077326999972 ], [ -78.341750352999952, -7.027017721999925 ], [ -78.341691888999947, -7.026963064999961 ], [ -78.341628817999947, -7.026913784999977 ], [ -78.341561634999948, -7.026870265999946 ], [ -78.341490864999969, -7.026832849999948 ], [ -78.341417061999948, -7.026801828999965 ], [ -78.341340803999969, -7.026777445999926 ], [ -78.341262686999983, -7.026759891999973 ], [ -78.341183322999939, -7.026749304999953 ], [ -78.341103332999978, -7.026745765999976 ], [ -78.341023342999961, -7.026749304999953 ] ] ] } },
{ "type": "Feature", "properties": { "Mz": "060105005300000", "UBIGEO": "060105", "AREA": "2", "CODCCPP": "0053", "ZONA": "00000", "MANZANA_ID": null, "MANZANA_A": null, "T_TOTAL": 139.0, "T_HOMBRES": 60.0, "T_MUJERES": 79.0, "LLAVE_MZS": "060105005300000", "contacto": "juan.suyo@geogpsperu.com", "descargar": "www.geogpsperu.com", "whatsapp": 931381206.0, "NOMBDEP": "CAJAMARCA", "NOMBPROV": "CAJAMARCA", "IDPROV": "0601", "ARCHIVO": "CAJAMARCA_CAJAMARCA_0601_Manzanas_Poblacion_JP_SuyoPomalia_geogpsperu_931381206" }, "geometry": { "type": "Polygon", "coordinates": [ [ [ -78.375401676999957, -7.026060970999936 ], [ -78.37532231299997, -7.026071557999956 ], [ -78.375244196999972, -7.026089111999966 ], [ -78.375167937999947, -7.026113494999947 ], [ -78.375094134999983, -7.026144515999931 ], [ -78.375023365999937, -7.026181931999929 ], [ -78.374956181999949, -7.026225450999959 ], [ -78.374893111999938, -7.026274730999944 ], [ -78.374834648, -7.026329387999965 ], [ -78.374781246999987, -7.026388992999955 ], [ -78.374733327999934, -7.026453079999953 ], [ -78.374691265999957, -7.026521146999926 ], [ -78.374655389999987, -7.026592661999928 ], [ -78.374625980999951, -7.02666706499997 ], [ -78.374603267999987, -7.026743773999954 ], [ -78.374587430999952, -7.026822187999926 ], [ -78.374578590999988, -7.026901693999946 ], [ -78.374576819999959, -7.026981668999952 ], [ -78.374582129999965, -7.027061486999969 ], [ -78.374594479999985, -7.027140523999947 ], [ -78.374613773999954, -7.02721816199994 ], [ -78.374639859999945, -7.027293791999966 ], [ -78.374672534999945, -7.027366821999976 ], [ -78.374711541999943, -7.027436681999973 ], [ -78.374756575999982, -7.027502823999953 ], [ -78.374807285999964, -7.027564730999927 ], [ -78.37486327299996, -7.027621917999966 ], [ -78.374924099999987, -7.027673937999964 ], [ -78.374989289999974, -7.027720382999973 ], [ -78.375058334999949, -7.027760889999968 ], [ -78.375130691999971, -7.027795141999945 ], [ -78.375205795999989, -7.027822870999955 ], [ -78.375283059999958, -7.027843859999962 ], [ -78.375361876999989, -7.027857944999937 ], [ -78.37544163299998, -7.027865014999975 ], [ -78.375521700999968, -7.027865014999975 ], [ -78.375601456999959, -7.027857944999937 ], [ -78.375680274, -7.027843859999962 ], [ -78.375757537999959, -7.027822870999955 ], [ -78.375832641999978, -7.027795141999945 ], [ -78.375904998999943, -7.027760889999968 ], [ -78.375974043999975, -7.027720382999973 ], [ -78.376039233999961, -7.027673937999964 ], [ -78.376100060999988, -7.027621917999966 ], [ -78.376156047999984, -7.027564730999927 ], [ -78.376206757999967, -7.027502823999953 ], [ -78.376251791999948, -7.027436681999973 ], [ -78.376290798999946, -7.027366821999976 ], [ -78.376323473999946, -7.027293791999966 ], [ -78.376349559999937, -7.02721816199994 ], [ -78.376368853999963, -7.027140523999947 ], [ -78.376381203999983, -7.027061486999969 ], [ -78.376386513999989, -7.026981668999952 ], [ -78.37638474299996, -7.026901693999946 ], [ -78.376375902999939, -7.026822187999926 ], [ -78.376360065999961, -7.026743773999954 ], [ -78.37633735299994, -7.02666706499997 ], [ -78.376307943999961, -7.026592661999928 ], [ -78.376272067999935, -7.026521146999926 ], [ -78.376230005999957, -7.026453079999953 ], [ -78.376182086999961, -7.026388992999955 ], [ -78.376128685999959, -7.026329387999965 ], [ -78.376070221999953, -7.026274730999944 ], [ -78.376007151999943, -7.026225450999959 ], [ -78.375939967999955, -7.026181931999929 ], [ -78.375869198999965, -7.026144515999931 ], [ -78.375795395999944, -7.026113494999947 ], [ -78.375719136999976, -7.026089111999966 ], [ -78.375641020999979, -7.026071557999956 ], [ -78.375561656999935, -7.026060970999936 ], [ -78.375481666999974, -7.026057431999959 ], [ -78.375401676999957, -7.026060970999936 ] ] ] } },
{ "type": "Feature", "properties": { "Mz": "060105004300000", "UBIGEO": "060105", "AREA": "2", "CODCCPP": "0043", "ZONA": "00000", "MANZANA_ID": null, "MANZANA_A": null, "T_TOTAL": 74.0, "T_HOMBRES": 31.0, "T_MUJERES": 43.0, "LLAVE_MZS": "060105004300000", "contacto": "juan.suyo@geogpsperu.com", "descargar": "www.geogpsperu.com", "whatsapp": 931381206.0, "NOMBDEP": "CAJAMARCA", "NOMBPROV": "CAJAMARCA", "IDPROV": "0601", "ARCHIVO": "CAJAMARCA_CAJAMARCA_0601_Manzanas_Poblacion_JP_SuyoPomalia_geogpsperu_931381206" }, "geometry": { "type": "Polygon", "coordinates": [ [ [ -78.35135334499995, -7.014154303999931 ], [ -78.351273982999942, -7.01416489199994 ], [ -78.35119586899998, -7.01418244599995 ], [ -78.351119611999934, -7.014206828999932 ], [ -78.351045810999949, -7.014237848999926 ], [ -78.350975042999949, -7.01427526599997 ], [ -78.350907861999985, -7.014318783999954 ], [ -78.350844792999965, -7.014368064999928 ], [ -78.350786329999949, -7.01442272099996 ], [ -78.350732930999982, -7.014482326999939 ], [ -78.350685012999975, -7.014546413999938 ], [ -78.350642951999987, -7.014614480999967 ], [ -78.35060707699995, -7.014685995999969 ], [ -78.350577668999961, -7.014760398999954 ], [ -78.350554956999986, -7.014837107999938 ], [ -78.350539118999961, -7.014915521999967 ], [ -78.350530279999987, -7.01499502799993 ], [ -78.350528508999957, -7.015075002999936 ], [ -78.350533818999963, -7.015154820999953 ], [ -78.350546168999983, -7.015233857999931 ], [ -78.350565461999963, -7.015311495999981 ], [ -78.350591547999954, -7.015387125999951 ], [ -78.350624221999965, -7.01546015699995 ], [ -78.350663227999974, -7.015530015999957 ], [ -78.350708260999966, -7.015596157999937 ], [ -78.350758968999969, -7.015658064999968 ], [ -78.350814954999976, -7.01571525199995 ], [ -78.350875779999967, -7.015767271999948 ], [ -78.350940968999964, -7.015813716999958 ], [ -78.351010010999971, -7.015854223999952 ], [ -78.351082366999947, -7.01588847599993 ], [ -78.351157468999986, -7.015916205999929 ], [ -78.351234730999977, -7.015937193999946 ], [ -78.351313546999961, -7.015951278999978 ], [ -78.351393299999984, -7.015958348999959 ], [ -78.351473365999937, -7.015958348999959 ], [ -78.351553118999959, -7.015951278999978 ], [ -78.351631934999943, -7.015937193999946 ], [ -78.351709196999934, -7.015916205999929 ], [ -78.351784298999974, -7.01588847599993 ], [ -78.351856654999949, -7.015854223999952 ], [ -78.351925696999956, -7.015813716999958 ], [ -78.351990885999953, -7.015767271999948 ], [ -78.352051710999945, -7.01571525199995 ], [ -78.352107696999951, -7.015658064999968 ], [ -78.352158404999955, -7.015596157999937 ], [ -78.352203437999947, -7.015530015999957 ], [ -78.352242443999955, -7.01546015699995 ], [ -78.352275117999966, -7.015387125999951 ], [ -78.352301203999957, -7.015311495999981 ], [ -78.352320496999937, -7.015233857999931 ], [ -78.352332846999957, -7.015154820999953 ], [ -78.352338156999963, -7.015075002999936 ], [ -78.352336385999934, -7.01499502799993 ], [ -78.352327546999959, -7.014915521999967 ], [ -78.352311708999935, -7.014837107999938 ], [ -78.35228899699996, -7.014760398999954 ], [ -78.352259588999971, -7.014685995999969 ], [ -78.352223713999933, -7.014614480999967 ], [ -78.352181652999946, -7.014546413999938 ], [ -78.352133734999938, -7.014482326999939 ], [ -78.352080335999972, -7.01442272099996 ], [ -78.352021872999956, -7.014368064999928 ], [ -78.351958803999935, -7.014318783999954 ], [ -78.351891622999972, -7.01427526599997 ], [ -78.351820854999971, -7.014237848999926 ], [ -78.351747053999986, -7.014206828999932 ], [ -78.35167079699994, -7.01418244599995 ], [ -78.351592682999978, -7.01416489199994 ], [ -78.35151332099997, -7.014154303999931 ], [ -78.351433332999989, -7.014150765999943 ], [ -78.35135334499995, -7.014154303999931 ] ] ] } },
{ "type": "Feature", "properties": { "Mz": "060105004200000", "UBIGEO": "060105", "AREA": "2", "CODCCPP": "0042", "ZONA": "00000", "MANZANA_ID": null, "MANZANA_A": null, "T_TOTAL": 295.0, "T_HOMBRES": 143.0, "T_MUJERES": 152.0, "LLAVE_MZS": "060105004200000", "contacto": "juan.suyo@geogpsperu.com", "descargar": "www.geogpsperu.com", "whatsapp": 931381206.0, "NOMBDEP": "CAJAMARCA", "NOMBPROV": "CAJAMARCA", "IDPROV": "0601", "ARCHIVO": "CAJAMARCA_CAJAMARCA_0601_Manzanas_Poblacion_JP_SuyoPomalia_geogpsperu_931381206" }, "geometry": { "type": "Polygon", "coordinates": [ [ [ -78.37845501299995, -7.009972637999965 ], [ -78.378375651999988, -7.009983225999974 ], [ -78.37829753799997, -7.010000779999928 ], [ -78.37822128199997, -7.010025161999977 ], [ -78.378147481999974, -7.010056182999961 ], [ -78.378076713999974, -7.010093598999958 ], [ -78.378009532999954, -7.010137117999932 ], [ -78.37794646499998, -7.010186398999963 ], [ -78.377888002999953, -7.010241054999938 ], [ -78.377834603999986, -7.010300659999928 ], [ -78.377786686999968, -7.010364747999972 ], [ -78.377744625999981, -7.010432814999945 ], [ -78.377708752, -7.010504329999947 ], [ -78.377679342999954, -7.010578732999932 ], [ -78.377656631999969, -7.010655441999972 ], [ -78.377640793999944, -7.010733855999945 ], [ -78.37763195499997, -7.010813361999965 ], [ -78.377630183999941, -7.01089333699997 ], [ -78.377635493999946, -7.010973154999931 ], [ -78.377647843999966, -7.011052191999966 ], [ -78.377667136999946, -7.011129829999959 ], [ -78.377693221999948, -7.011205459999928 ], [ -78.377725895999959, -7.011278490999928 ], [ -78.377764900999978, -7.011348349999935 ], [ -78.37780993399997, -7.011414492999961 ], [ -78.377860641999973, -7.011476398999946 ], [ -78.377916626999934, -7.011533585999928 ], [ -78.377977451999982, -7.011585605999926 ], [ -78.37804264, -7.011632050999935 ], [ -78.37811168199994, -7.01167255799993 ], [ -78.378184036999983, -7.011706810999954 ], [ -78.378259138999965, -7.011734539999964 ], [ -78.378336399999966, -7.01175552899997 ], [ -78.378415214999961, -7.011769612999956 ], [ -78.378494966999938, -7.011776682999937 ], [ -78.378575032999947, -7.011776682999937 ], [ -78.378654784999981, -7.011769612999956 ], [ -78.378733599999975, -7.01175552899997 ], [ -78.378810860999977, -7.011734539999964 ], [ -78.378885962999959, -7.011706810999954 ], [ -78.378958317999945, -7.01167255799993 ], [ -78.379027359999952, -7.011632050999935 ], [ -78.37909254799996, -7.011585605999926 ], [ -78.379153372999951, -7.011533585999928 ], [ -78.379209357999969, -7.011476398999946 ], [ -78.379260065999972, -7.011414492999961 ], [ -78.379305098999964, -7.011348349999935 ], [ -78.379344103999983, -7.011278490999928 ], [ -78.379376777999937, -7.011205459999928 ], [ -78.379402862999939, -7.011129829999959 ], [ -78.379422155999976, -7.011052191999966 ], [ -78.379434505999939, -7.010973154999931 ], [ -78.379439815999945, -7.01089333699997 ], [ -78.379438044999972, -7.010813361999965 ], [ -78.379429205999941, -7.010733855999945 ], [ -78.379413367999973, -7.010655441999972 ], [ -78.379390656999988, -7.010578732999932 ], [ -78.379361247999952, -7.010504329999947 ], [ -78.379325373999961, -7.010432814999945 ], [ -78.379283312999974, -7.010364747999972 ], [ -78.379235395999956, -7.010300659999928 ], [ -78.379181996999989, -7.010241054999938 ], [ -78.379123534999962, -7.010186398999963 ], [ -78.379060466999988, -7.010137117999932 ], [ -78.378993285999968, -7.010093598999958 ], [ -78.378922517999968, -7.010056182999961 ], [ -78.378848717999972, -7.010025161999977 ], [ -78.378772461999972, -7.010000779999928 ], [ -78.378694347999954, -7.009983225999974 ], [ -78.378614986999935, -7.009972637999965 ], [ -78.378535, -7.009969099999978 ], [ -78.37845501299995, -7.009972637999965 ] ] ] } },
{ "type": "Feature", "properties": { "Mz": "060105011100000", "UBIGEO": "060105", "AREA": "2", "CODCCPP": "0111", "ZONA": "00000", "MANZANA_ID": null, "MANZANA_A": null, "T_TOTAL": 344.0, "T_HOMBRES": 177.0, "T_MUJERES": 167.0, "LLAVE_MZS": "060105011100000", "contacto": "juan.suyo@geogpsperu.com", "descargar": "www.geogpsperu.com", "whatsapp": 931381206.0, "NOMBDEP": "CAJAMARCA", "NOMBPROV": "CAJAMARCA", "IDPROV": "0601", "ARCHIVO": "CAJAMARCA_CAJAMARCA_0601_Manzanas_Poblacion_JP_SuyoPomalia_geogpsperu_931381206" }, "geometry": { "type": "Polygon", "coordinates": [ [ [ -78.366093346999946, -7.008755970999971 ], [ -78.366013985999984, -7.00876655899998 ], [ -78.365935871999966, -7.008784112999933 ], [ -78.365859616999956, -7.008808494999926 ], [ -78.36578581699996, -7.008839515999966 ], [ -78.365715048999959, -7.008876931999964 ], [ -78.365647868999986, -7.008920450999938 ], [ -78.365584800999954, -7.008969731999969 ], [ -78.365526338999985, -7.009024387999943 ], [ -78.365472939999961, -7.009083992999933 ], [ -78.365425022999943, -7.009148079999932 ], [ -78.365382962999945, -7.00921614799995 ], [ -78.365347087999965, -7.009287662999952 ], [ -78.365317678999986, -7.009362065999937 ], [ -78.365294967999944, -7.009438774999978 ], [ -78.365279130999966, -7.009517188999951 ], [ -78.365270291999934, -7.009596694999971 ], [ -78.365268519999972, -7.009676669999976 ], [ -78.365273829999978, -7.009756487999937 ], [ -78.365286179999941, -7.009835524999971 ], [ -78.365305472999978, -7.009913162999965 ], [ -78.365331558999969, -7.009988792999934 ], [ -78.365364231999934, -7.010061823999933 ], [ -78.365403236999953, -7.01013168299994 ], [ -78.365448269999945, -7.010197825999967 ], [ -78.365498977999948, -7.010259731999952 ], [ -78.365554962999965, -7.010316918999933 ], [ -78.365615786999967, -7.010368938999932 ], [ -78.365680975999965, -7.010415383999941 ], [ -78.365750016999982, -7.010455891999925 ], [ -78.365822371999968, -7.010490143999959 ], [ -78.365897473999951, -7.010517872999969 ], [ -78.365974733999963, -7.010538861999976 ], [ -78.366053548999957, -7.010552945999962 ], [ -78.366133300999934, -7.010560015999943 ], [ -78.366213366999943, -7.010560015999943 ], [ -78.366293118999977, -7.010552945999962 ], [ -78.366371933999972, -7.010538861999976 ], [ -78.366449193999983, -7.010517872999969 ], [ -78.366524295999966, -7.010490143999959 ], [ -78.366596650999952, -7.010455891999925 ], [ -78.36666569199997, -7.010415383999941 ], [ -78.366730880999967, -7.010368938999932 ], [ -78.366791704999969, -7.010316918999933 ], [ -78.366847689999986, -7.010259731999952 ], [ -78.366898397999989, -7.010197825999967 ], [ -78.366943430999982, -7.01013168299994 ], [ -78.366982435999944, -7.010061823999933 ], [ -78.367015108999965, -7.009988792999934 ], [ -78.367041194999956, -7.009913162999965 ], [ -78.367060487999936, -7.009835524999971 ], [ -78.367072837999956, -7.009756487999937 ], [ -78.367078147999962, -7.009676669999976 ], [ -78.367076375999943, -7.009596694999971 ], [ -78.367067536999969, -7.009517188999951 ], [ -78.367051699999934, -7.009438774999978 ], [ -78.367028988999948, -7.009362065999937 ], [ -78.36699957999997, -7.009287662999952 ], [ -78.366963704999989, -7.00921614799995 ], [ -78.366921644999934, -7.009148079999932 ], [ -78.366873727999973, -7.009083992999933 ], [ -78.36682032899995, -7.009024387999943 ], [ -78.36676186699998, -7.008969731999969 ], [ -78.366698798999948, -7.008920450999938 ], [ -78.366631618999975, -7.008876931999964 ], [ -78.366560850999974, -7.008839515999966 ], [ -78.366487050999979, -7.008808494999926 ], [ -78.366410795999968, -7.008784112999933 ], [ -78.36633268199995, -7.00876655899998 ], [ -78.366253320999988, -7.008755970999971 ], [ -78.366173333999939, -7.008752432999927 ], [ -78.366093346999946, -7.008755970999971 ] ] ] } },
{ "type": "Feature", "properties": { "Mz": "060105003500000", "UBIGEO": "060105", "AREA": "2", "CODCCPP": "0035", "ZONA": "00000", "MANZANA_ID": null, "MANZANA_A": null, "T_TOTAL": 128.0, "T_HOMBRES": 61.0, "T_MUJERES": 67.0, "LLAVE_MZS": "060105003500000", "contacto": "juan.suyo@geogpsperu.com", "descargar": "www.geogpsperu.com", "whatsapp": 931381206.0, "NOMBDEP": "CAJAMARCA", "NOMBPROV": "CAJAMARCA", "IDPROV": "0601", "ARCHIVO": "CAJAMARCA_CAJAMARCA_0601_Manzanas_Poblacion_JP_SuyoPomalia_geogpsperu_931381206" }, "geometry": { "type": "Polygon", "coordinates": [ [ [ -78.342561681999939, -6.99882096999994 ], [ -78.342482321999967, -6.99883155699996 ], [ -78.342404209999984, -6.99884911099997 ], [ -78.342327956999952, -6.998873493999952 ], [ -78.342254157999946, -6.998904514999936 ], [ -78.342183391999981, -6.998941930999933 ], [ -78.34211621299994, -6.998985449999964 ], [ -78.342053145999955, -6.999034729999948 ], [ -78.341994684999975, -6.99908938699997 ], [ -78.341941287999987, -6.999148991999959 ], [ -78.341893371999959, -6.999213078999958 ], [ -78.34185131199996, -6.999281146999976 ], [ -78.341815437999969, -6.999352661999978 ], [ -78.34178603099997, -6.999427064999963 ], [ -78.341763318999938, -6.999503773999947 ], [ -78.341747482999949, -6.999582187999977 ], [ -78.341738643999975, -6.99966169399994 ], [ -78.341736871999956, -6.999741668999945 ], [ -78.341742181999962, -6.999821486999963 ], [ -78.341754531999982, -6.99990052499993 ], [ -78.341773824999962, -6.999978161999934 ], [ -78.341799908999974, -7.00005379199996 ], [ -78.341832581999938, -7.00012682299996 ], [ -78.341871586999957, -7.000196682999956 ], [ -78.34191661899996, -7.000262824999936 ], [ -78.341967324999985, -7.000324731999967 ], [ -78.342023308999956, -7.000381918999949 ], [ -78.342084131999968, -7.000433937999958 ], [ -78.342149318999986, -7.000480383999957 ], [ -78.342218358999958, -7.000520890999951 ], [ -78.342290712999954, -7.000555142999929 ], [ -78.342365811999969, -7.000582871999939 ], [ -78.342443070999934, -7.000603860999945 ], [ -78.34252188399995, -7.000617945999977 ], [ -78.342601634999937, -7.000625015999958 ], [ -78.342681698999968, -7.000625015999958 ], [ -78.342761449999955, -7.000617945999977 ], [ -78.342840262999971, -7.000603860999945 ], [ -78.342917521999937, -7.000582871999939 ], [ -78.342992620999951, -7.000555142999929 ], [ -78.343064974999947, -7.000520890999951 ], [ -78.343134014999976, -7.000480383999957 ], [ -78.343199201999937, -7.000433937999958 ], [ -78.34326002499995, -7.000381918999949 ], [ -78.343316008999977, -7.000324731999967 ], [ -78.343366714999945, -7.000262824999936 ], [ -78.343411746999948, -7.000196682999956 ], [ -78.343450751999967, -7.00012682299996 ], [ -78.343483424999988, -7.00005379199996 ], [ -78.343509508999944, -6.999978161999934 ], [ -78.34352880199998, -6.99990052499993 ], [ -78.343541151999943, -6.999821486999963 ], [ -78.343546461999949, -6.999741668999945 ], [ -78.343544689999987, -6.99966169399994 ], [ -78.343535850999956, -6.999582187999977 ], [ -78.343520014999967, -6.999503773999947 ], [ -78.343497302999936, -6.999427064999963 ], [ -78.343467895999936, -6.999352661999978 ], [ -78.343432021999945, -6.999281146999976 ], [ -78.343389961999947, -6.999213078999958 ], [ -78.343342045999975, -6.999148991999959 ], [ -78.343288648999987, -6.99908938699997 ], [ -78.34323018799995, -6.999034729999948 ], [ -78.343167120999965, -6.998985449999964 ], [ -78.343099941999981, -6.998941930999933 ], [ -78.343029175999959, -6.998904514999936 ], [ -78.342955376999953, -6.998873493999952 ], [ -78.342879123999978, -6.99884911099997 ], [ -78.342801011999939, -6.99883155699996 ], [ -78.342721651999966, -6.99882096999994 ], [ -78.342641666999953, -6.998817430999964 ], [ -78.342561681999939, -6.99882096999994 ] ] ] } },
{ "type": "Feature", "properties": { "Mz": "060105003600000", "UBIGEO": "060105", "AREA": "2", "CODCCPP": "0036", "ZONA": "00000", "MANZANA_ID": null, "MANZANA_A": null, "T_TOTAL": 21.0, "T_HOMBRES": 12.0, "T_MUJERES": 9.0, "LLAVE_MZS": "060105003600000", "contacto": "juan.suyo@geogpsperu.com", "descargar": "www.geogpsperu.com", "whatsapp": 931381206.0, "NOMBDEP": "CAJAMARCA", "NOMBPROV": "CAJAMARCA", "IDPROV": "0601", "ARCHIVO": "CAJAMARCA_CAJAMARCA_0601_Manzanas_Poblacion_JP_SuyoPomalia_geogpsperu_931381206" }, "geometry": { "type": "Polygon", "coordinates": [ [ [ -78.366973347999988, -6.998517636999964 ], [ -78.366893988999948, -6.998528223999926 ], [ -78.366815875999976, -6.998545777999936 ], [ -78.366739622999944, -6.998570160999975 ], [ -78.366665823999938, -6.998601181999959 ], [ -78.366595057999973, -6.998638597999957 ], [ -78.366527878999989, -6.99868211699993 ], [ -78.366464812999936, -6.998731396999972 ], [ -78.366406351999956, -6.998786053999936 ], [ -78.366352953999979, -6.998845658999926 ], [ -78.36630503799995, -6.998909745999981 ], [ -78.366262978999941, -6.998977813999943 ], [ -78.36622710499995, -6.999049328999945 ], [ -78.366197696999961, -6.99912373199993 ], [ -78.366174985999976, -6.999200440999971 ], [ -78.366159148999941, -6.999278854999943 ], [ -78.366150309999966, -6.999358360999963 ], [ -78.366148538999937, -6.999438335999969 ], [ -78.366153848999943, -6.999518153999929 ], [ -78.366166198999963, -6.999597191999953 ], [ -78.366185490999953, -6.999674828999957 ], [ -78.366211575999955, -6.999750458999927 ], [ -78.366244247999987, -6.999823489999926 ], [ -78.366283252999949, -6.999893349999979 ], [ -78.366328284999952, -6.999959491999959 ], [ -78.366378990999976, -7.000021398999934 ], [ -78.366434974999947, -7.000078585999972 ], [ -78.366495798999949, -7.000130604999981 ], [ -78.366560984999978, -7.00017705099998 ], [ -78.366630025999939, -7.000217557999974 ], [ -78.366702378999946, -7.000251809999952 ], [ -78.36677747899995, -7.000279538999962 ], [ -78.366854736999983, -7.000300527999968 ], [ -78.366933550999988, -7.000314612999944 ], [ -78.367013300999986, -7.000321682999981 ], [ -78.36709336499996, -7.000321682999981 ], [ -78.367173114999957, -7.000314612999944 ], [ -78.367251928999963, -7.000300527999968 ], [ -78.367329186999939, -7.000279538999962 ], [ -78.367404286999943, -7.000251809999952 ], [ -78.36747663999995, -7.000217557999974 ], [ -78.367545680999967, -7.00017705099998 ], [ -78.367610866999939, -7.000130604999981 ], [ -78.367671690999941, -7.000078585999972 ], [ -78.367727674999969, -7.000021398999934 ], [ -78.367778380999937, -6.999959491999959 ], [ -78.36782341299994, -6.999893349999979 ], [ -78.367862417999959, -6.999823489999926 ], [ -78.367895089999934, -6.999750458999927 ], [ -78.367921174999935, -6.999674828999957 ], [ -78.367940466999983, -6.999597191999953 ], [ -78.367952816999946, -6.999518153999929 ], [ -78.367958126999952, -6.999438335999969 ], [ -78.367956355999979, -6.999358360999963 ], [ -78.367947516999948, -6.999278854999943 ], [ -78.36793167999997, -6.999200440999971 ], [ -78.367908968999984, -6.99912373199993 ], [ -78.367879560999938, -6.999049328999945 ], [ -78.367843686999947, -6.998977813999943 ], [ -78.367801627999938, -6.998909745999981 ], [ -78.367753711999967, -6.998845658999926 ], [ -78.367700314, -6.998786053999936 ], [ -78.367641852999952, -6.998731396999972 ], [ -78.367578786999957, -6.99868211699993 ], [ -78.367511607999973, -6.998638597999957 ], [ -78.367440841999951, -6.998601181999959 ], [ -78.367367042999945, -6.998570160999975 ], [ -78.36729078999997, -6.998545777999936 ], [ -78.367212676999941, -6.998528223999926 ], [ -78.367133317999958, -6.998517636999964 ], [ -78.367053332999944, -6.99851409799993 ], [ -78.366973347999988, -6.998517636999964 ] ] ] } },
{ "type": "Feature", "properties": { "Mz": "060105002900000", "UBIGEO": "060105", "AREA": "2", "CODCCPP": "0029", "ZONA": "00000", "MANZANA_ID": null, "MANZANA_A": null, "T_TOTAL": 190.0, "T_HOMBRES": 95.0, "T_MUJERES": 95.0, "LLAVE_MZS": "060105002900000", "contacto": "juan.suyo@geogpsperu.com", "descargar": "www.geogpsperu.com", "whatsapp": 931381206.0, "NOMBDEP": "CAJAMARCA", "NOMBPROV": "CAJAMARCA", "IDPROV": "0601", "ARCHIVO": "CAJAMARCA_CAJAMARCA_0601_Manzanas_Poblacion_JP_SuyoPomalia_geogpsperu_931381206" }, "geometry": { "type": "Polygon", "coordinates": [ [ [ -78.359268347999944, -6.997005969999975 ], [ -78.359188988999961, -6.997016556999938 ], [ -78.359110876999978, -6.997034110999948 ], [ -78.359034623999946, -6.99705849399993 ], [ -78.35896082499994, -6.997089514999971 ], [ -78.358890059999965, -6.997126930999968 ], [ -78.35882288099998, -6.997170449999942 ], [ -78.358759813999939, -6.997219729999927 ], [ -78.358701353999948, -6.997274386999948 ], [ -78.35864795699996, -6.997333991999938 ], [ -78.358600040999988, -6.997398078999936 ], [ -78.358557981, -6.997466146999955 ], [ -78.358522106999942, -6.997537661999957 ], [ -78.358492699999942, -6.997612064999942 ], [ -78.358469988999957, -6.997688773999926 ], [ -78.358454151999979, -6.997767187999955 ], [ -78.358445312999947, -6.997846693999975 ], [ -78.358443541999975, -6.99792666899998 ], [ -78.358448851999981, -6.998006486999941 ], [ -78.358461200999955, -6.998085524999965 ], [ -78.358480493999934, -6.998163161999969 ], [ -78.358506578999936, -6.998238791999938 ], [ -78.358539250999968, -6.998311822999938 ], [ -78.358578255999987, -6.998381682999934 ], [ -78.358623286999944, -6.998447824999971 ], [ -78.358673992999968, -6.998509731999945 ], [ -78.358729976999939, -6.998566918999927 ], [ -78.358790799999952, -6.998618938999925 ], [ -78.35885598699997, -6.998665383999935 ], [ -78.358925026999941, -6.998705890999929 ], [ -78.358997379999948, -6.998740142999964 ], [ -78.359072478999963, -6.998767871999974 ], [ -78.359149737999985, -6.99878886099998 ], [ -78.359228550999944, -6.998802945999955 ], [ -78.359308300999942, -6.998810015999936 ], [ -78.359388364999973, -6.998810015999936 ], [ -78.35946811499997, -6.998802945999955 ], [ -78.359546927999986, -6.99878886099998 ], [ -78.359624186999952, -6.998767871999974 ], [ -78.359699285999966, -6.998740142999964 ], [ -78.359771638999973, -6.998705890999929 ], [ -78.359840678999944, -6.998665383999935 ], [ -78.359905865999963, -6.998618938999925 ], [ -78.359966688999975, -6.998566918999927 ], [ -78.360022672999946, -6.998509731999945 ], [ -78.360073378999971, -6.998447824999971 ], [ -78.360118409999984, -6.998381682999934 ], [ -78.360157414999946, -6.998311822999938 ], [ -78.360190086999978, -6.998238791999938 ], [ -78.36021617199998, -6.998163161999969 ], [ -78.36023546499996, -6.998085524999965 ], [ -78.360247813999933, -6.998006486999941 ], [ -78.360253123999939, -6.99792666899998 ], [ -78.360251352999967, -6.997846693999975 ], [ -78.360242513999935, -6.997767187999955 ], [ -78.360226676999957, -6.997688773999926 ], [ -78.360203965999972, -6.997612064999942 ], [ -78.360174558999972, -6.997537661999957 ], [ -78.360138684999981, -6.997466146999955 ], [ -78.360096624999983, -6.997398078999936 ], [ -78.360048708999955, -6.997333991999938 ], [ -78.359995311999967, -6.997274386999948 ], [ -78.359936851999976, -6.997219729999927 ], [ -78.359873784999934, -6.997170449999942 ], [ -78.35980660599995, -6.997126930999968 ], [ -78.359735840999974, -6.997089514999971 ], [ -78.359662041999968, -6.99705849399993 ], [ -78.359585788999937, -6.997034110999948 ], [ -78.359507676999954, -6.997016556999938 ], [ -78.359428317999971, -6.997005969999975 ], [ -78.359348332999957, -6.997002430999942 ], [ -78.359268347999944, -6.997005969999975 ] ] ] } },
{ "type": "Feature", "properties": { "Mz": "060105011400000", "UBIGEO": "060105", "AREA": "2", "CODCCPP": "0114", "ZONA": "00000", "MANZANA_ID": null, "MANZANA_A": null, "T_TOTAL": 65.0, "T_HOMBRES": 27.0, "T_MUJERES": 38.0, "LLAVE_MZS": "060105011400000", "contacto": "juan.suyo@geogpsperu.com", "descargar": "www.geogpsperu.com", "whatsapp": 931381206.0, "NOMBDEP": "CAJAMARCA", "NOMBPROV": "CAJAMARCA", "IDPROV": "0601", "ARCHIVO": "CAJAMARCA_CAJAMARCA_0601_Manzanas_Poblacion_JP_SuyoPomalia_geogpsperu_931381206" }, "geometry": { "type": "Polygon", "coordinates": [ [ [ -78.377608347999967, -6.99468097099998 ], [ -78.377528989999973, -6.994691557999943 ], [ -78.377450877999934, -6.994709111999953 ], [ -78.377374624999959, -6.994733494999934 ], [ -78.377300826999942, -6.994764515999975 ], [ -78.377230061999967, -6.994801931999973 ], [ -78.377162883999972, -6.994845450999946 ], [ -78.377099816999987, -6.994894730999931 ], [ -78.377041356999939, -6.994949387999952 ], [ -78.376987959999951, -6.995008992999942 ], [ -78.37694004399998, -6.995073079999941 ], [ -78.376897984999971, -6.995141147999959 ], [ -78.376862111999969, -6.995212662999961 ], [ -78.37683270399998, -6.995287065999946 ], [ -78.376809992999938, -6.99536377499993 ], [ -78.37679415599996, -6.995442188999959 ], [ -78.376785317999975, -6.995521694999979 ], [ -78.376783545999956, -6.995601669999928 ], [ -78.376788855999962, -6.995681487999946 ], [ -78.376801205999982, -6.99576052599997 ], [ -78.376820497999972, -6.995838162999974 ], [ -78.376846582999974, -6.995913792999943 ], [ -78.376879254999949, -6.995986823999942 ], [ -78.376918259999968, -6.996056683999939 ], [ -78.376963290999981, -6.996122825999976 ], [ -78.377013996999949, -6.99618473299995 ], [ -78.377069979999987, -6.996241919999932 ], [ -78.377130802999943, -6.99629393999993 ], [ -78.377195988999972, -6.996340384999939 ], [ -78.377265028999943, -6.996380891999934 ], [ -78.377337381999951, -6.996415143999968 ], [ -78.377412480999965, -6.996442872999978 ], [ -78.377489738999941, -6.996463861999928 ], [ -78.377568550999968, -6.99647794699996 ], [ -78.377648300999965, -6.996485016999941 ], [ -78.377728364999939, -6.996485016999941 ], [ -78.377808114999937, -6.99647794699996 ], [ -78.377886926999963, -6.996463861999928 ], [ -78.377964184999939, -6.996442872999978 ], [ -78.378039283999954, -6.996415143999968 ], [ -78.378111636999961, -6.996380891999934 ], [ -78.378180676999989, -6.996340384999939 ], [ -78.378245862999961, -6.99629393999993 ], [ -78.378306685999974, -6.996241919999932 ], [ -78.378362668999955, -6.99618473299995 ], [ -78.37841337499998, -6.996122825999976 ], [ -78.378458405999936, -6.996056683999939 ], [ -78.378497410999955, -6.995986823999942 ], [ -78.378530082999987, -6.995913792999943 ], [ -78.378556167999989, -6.995838162999974 ], [ -78.378575459999979, -6.99576052599997 ], [ -78.378587809999942, -6.995681487999946 ], [ -78.378593119999948, -6.995601669999928 ], [ -78.378591347999986, -6.995521694999979 ], [ -78.378582509999944, -6.995442188999959 ], [ -78.378566672999966, -6.99536377499993 ], [ -78.378543961999981, -6.995287065999946 ], [ -78.378514553999935, -6.995212662999961 ], [ -78.378478681, -6.995141147999959 ], [ -78.378436621999981, -6.995073079999941 ], [ -78.378388705999953, -6.995008992999942 ], [ -78.378335308999965, -6.994949387999952 ], [ -78.378276848999974, -6.994894730999931 ], [ -78.378213781999989, -6.994845450999946 ], [ -78.378146603999937, -6.994801931999973 ], [ -78.378075838999962, -6.994764515999975 ], [ -78.378002040999945, -6.994733494999934 ], [ -78.37792578799997, -6.994709111999953 ], [ -78.377847675999988, -6.994691557999943 ], [ -78.377768317999937, -6.99468097099998 ], [ -78.377688332999981, -6.994677431999946 ], [ -78.377608347999967, -6.99468097099998 ] ] ] } },
{ "type": "Feature", "properties": { "Mz": "060105002800000", "UBIGEO": "060105", "AREA": "2", "CODCCPP": "0028", "ZONA": "00000", "MANZANA_ID": null, "MANZANA_A": null, "T_TOTAL": 162.0, "T_HOMBRES": 65.0, "T_MUJERES": 97.0, "LLAVE_MZS": "060105002800000", "contacto": "juan.suyo@geogpsperu.com", "descargar": "www.geogpsperu.com", "whatsapp": 931381206.0, "NOMBDEP": "CAJAMARCA", "NOMBPROV": "CAJAMARCA", "IDPROV": "0601", "ARCHIVO": "CAJAMARCA_CAJAMARCA_0601_Manzanas_Poblacion_JP_SuyoPomalia_geogpsperu_931381206" }, "geometry": { "type": "Polygon", "coordinates": [ [ [ -78.345998348999956, -6.992560969999943 ], [ -78.345918990999962, -6.992571556999962 ], [ -78.345840878999979, -6.992589110999972 ], [ -78.345764626999937, -6.992613493999954 ], [ -78.345690828999977, -6.992644514999938 ], [ -78.345620063999945, -6.992681930999936 ], [ -78.34555288599995, -6.992725449999966 ], [ -78.345489819999955, -6.992774729999951 ], [ -78.345431359999964, -6.992829386999972 ], [ -78.345377962999976, -6.992888991999962 ], [ -78.345330047999937, -6.99295307899996 ], [ -78.345287988999985, -6.993021146999979 ], [ -78.345252114999937, -6.993092661999981 ], [ -78.345222707999937, -6.993167064999966 ], [ -78.345199996999952, -6.99324377399995 ], [ -78.345184159999974, -6.993322187999979 ], [ -78.345175321999989, -6.993401693999942 ], [ -78.345173550999959, -6.993481668999948 ], [ -78.345178859999976, -6.993561486999965 ], [ -78.345191209999939, -6.993640524999932 ], [ -78.345210501999986, -6.993718161999936 ], [ -78.345236586999988, -6.993793791999963 ], [ -78.345269258999963, -6.993866822999962 ], [ -78.345308262999936, -6.993936682999959 ], [ -78.345353293999949, -6.994002824999939 ], [ -78.345404, -6.99406473199997 ], [ -78.345459982999955, -6.994121918999952 ], [ -78.345520805999968, -6.99417393899995 ], [ -78.34558599199994, -6.994220383999959 ], [ -78.345655030999978, -6.994260890999954 ], [ -78.345727382999939, -6.994295142999931 ], [ -78.345802481999954, -6.994322871999941 ], [ -78.345879739999987, -6.994343860999948 ], [ -78.345958551999956, -6.99435794599998 ], [ -78.346038301999954, -6.994365015999961 ], [ -78.346118363999949, -6.994365015999961 ], [ -78.346198113999947, -6.99435794599998 ], [ -78.346276925999973, -6.994343860999948 ], [ -78.346354183999949, -6.994322871999941 ], [ -78.346429282999964, -6.994295142999931 ], [ -78.346501634999981, -6.994260890999954 ], [ -78.346570673999963, -6.994220383999959 ], [ -78.346635859999935, -6.99417393899995 ], [ -78.346696682999948, -6.994121918999952 ], [ -78.346752665999986, -6.99406473199997 ], [ -78.346803371999954, -6.994002824999939 ], [ -78.346848402999967, -6.993936682999959 ], [ -78.34688740699994, -6.993866822999962 ], [ -78.346920078999972, -6.993793791999963 ], [ -78.346946163999974, -6.993718161999936 ], [ -78.346965455999964, -6.993640524999932 ], [ -78.346977805999984, -6.993561486999965 ], [ -78.346983114999944, -6.993481668999948 ], [ -78.346981343999971, -6.993401693999942 ], [ -78.346972505999986, -6.993322187999979 ], [ -78.346956668999951, -6.99324377399995 ], [ -78.346933957999966, -6.993167064999966 ], [ -78.346904550999966, -6.993092661999981 ], [ -78.346868676999975, -6.993021146999979 ], [ -78.346826617999966, -6.99295307899996 ], [ -78.346778702999984, -6.992888991999962 ], [ -78.346725305999939, -6.992829386999972 ], [ -78.346666845999948, -6.992774729999951 ], [ -78.346603779999953, -6.992725449999966 ], [ -78.346536601999958, -6.992681930999936 ], [ -78.346465836999982, -6.992644514999938 ], [ -78.346392038999966, -6.992613493999954 ], [ -78.34631578699998, -6.992589110999972 ], [ -78.346237674999941, -6.992571556999962 ], [ -78.346158316999947, -6.992560969999943 ], [ -78.34607833299998, -6.992557430999966 ], [ -78.345998348999956, -6.992560969999943 ] ] ] } },
{ "type": "Feature", "properties": { "Mz": "060105003400000", "UBIGEO": "060105", "AREA": "2", "CODCCPP": "0034", "ZONA": "00000", "MANZANA_ID": null, "MANZANA_A": null, "T_TOTAL": 189.0, "T_HOMBRES": 87.0, "T_MUJERES": 102.0, "LLAVE_MZS": "060105003400000", "contacto": "juan.suyo@geogpsperu.com", "descargar": "www.geogpsperu.com", "whatsapp": 931381206.0, "NOMBDEP": "CAJAMARCA", "NOMBPROV": "CAJAMARCA", "IDPROV": "0601", "ARCHIVO": "CAJAMARCA_CAJAMARCA_0601_Manzanas_Poblacion_JP_SuyoPomalia_geogpsperu_931381206" }, "geometry": { "type": "Polygon", "coordinates": [ [ [ -78.373151681999957, -6.989257635999934 ], [ -78.373072324999953, -6.989268223999943 ], [ -78.372994213999959, -6.989285777999953 ], [ -78.372917961999974, -6.989310160999935 ], [ -78.372844164999947, -6.989341181999976 ], [ -78.372773399999971, -6.989378597999973 ], [ -78.372706222999966, -6.989422115999957 ], [ -78.37264315699997, -6.989471396999932 ], [ -78.372584696999979, -6.989526053999953 ], [ -78.372531300999981, -6.989585658999943 ], [ -78.372483385999942, -6.989649745999941 ], [ -78.372441327, -6.98971781399996 ], [ -78.372405453999988, -6.989789328999962 ], [ -78.372376046999989, -6.989863731999947 ], [ -78.372353335999946, -6.989940440999931 ], [ -78.372337499999958, -6.99001885499996 ], [ -78.372328660999983, -6.99009836099998 ], [ -78.372326889999954, -6.990178335999929 ], [ -78.37233219999996, -6.990258153999946 ], [ -78.372344548999934, -6.99033719199997 ], [ -78.372363840999981, -6.990414828999974 ], [ -78.372389924999936, -6.990490458999943 ], [ -78.372422596999968, -6.990563489999943 ], [ -78.372461600999941, -6.990633349999939 ], [ -78.372506631999954, -6.990699491999976 ], [ -78.372557337999979, -6.99076139899995 ], [ -78.372613319999971, -6.990818585999932 ], [ -78.372674141999937, -6.99087060599993 ], [ -78.372739327999966, -6.99091705099994 ], [ -78.372808366999948, -6.990957557999934 ], [ -78.372880718999966, -6.990991809999969 ], [ -78.372955816999934, -6.991019538999979 ], [ -78.373033073999977, -6.991040527999928 ], [ -78.373111885999947, -6.99105461299996 ], [ -78.373191634999955, -6.991061682999941 ], [ -78.37327169699995, -6.991061682999941 ], [ -78.373351445999958, -6.99105461299996 ], [ -78.373430257999985, -6.991040527999928 ], [ -78.373507514999972, -6.991019538999979 ], [ -78.37358261299994, -6.990991809999969 ], [ -78.373654964999957, -6.990957557999934 ], [ -78.373724003999939, -6.99091705099994 ], [ -78.373789189999968, -6.99087060599993 ], [ -78.373850011999934, -6.990818585999932 ], [ -78.373905993999983, -6.99076139899995 ], [ -78.373956699999951, -6.990699491999976 ], [ -78.374001730999964, -6.990633349999939 ], [ -78.374040734999937, -6.990563489999943 ], [ -78.374073406999969, -6.990490458999943 ], [ -78.374099490999981, -6.990414828999974 ], [ -78.374118782999972, -6.99033719199997 ], [ -78.374131131999945, -6.990258153999946 ], [ -78.374136441999951, -6.990178335999929 ], [ -78.374134670999979, -6.99009836099998 ], [ -78.374125831999947, -6.99001885499996 ], [ -78.374109995999959, -6.989940440999931 ], [ -78.374087284999973, -6.989863731999947 ], [ -78.374057877999974, -6.989789328999962 ], [ -78.374022004999972, -6.98971781399996 ], [ -78.373979945999963, -6.989649745999941 ], [ -78.373932030999981, -6.989585658999943 ], [ -78.373878634999983, -6.989526053999953 ], [ -78.373820174999935, -6.989471396999932 ], [ -78.373757108999939, -6.989422115999957 ], [ -78.373689931999934, -6.989378597999973 ], [ -78.373619166999958, -6.989341181999976 ], [ -78.373545369999988, -6.989310160999935 ], [ -78.373469117999946, -6.989285777999953 ], [ -78.373391006999952, -6.989268223999943 ], [ -78.373311649999948, -6.989257635999934 ], [ -78.373231665999981, -6.989254097999947 ], [ -78.373151681999957, -6.989257635999934 ] ] ] } },
{ "type": "Feature", "properties": { "Mz": "060105002700000", "UBIGEO": "060105", "AREA": "2", "CODCCPP": "0027", "ZONA": "00000", "MANZANA_ID": null, "MANZANA_A": null, "T_TOTAL": 40.0, "T_HOMBRES": 23.0, "T_MUJERES": 17.0, "LLAVE_MZS": "060105002700000", "contacto": "juan.suyo@geogpsperu.com", "descargar": "www.geogpsperu.com", "whatsapp": 931381206.0, "NOMBDEP": "CAJAMARCA", "NOMBPROV": "CAJAMARCA", "IDPROV": "0601", "ARCHIVO": "CAJAMARCA_CAJAMARCA_0601_Manzanas_Poblacion_JP_SuyoPomalia_geogpsperu_931381206" }, "geometry": { "type": "Polygon", "coordinates": [ [ [ -78.350461684999971, -6.981032636999942 ], [ -78.350382328999956, -6.981043224999951 ], [ -78.350304218999952, -6.981060778999961 ], [ -78.350227967999956, -6.981085160999953 ], [ -78.350154172999964, -6.981116181999937 ], [ -78.350083408999978, -6.981153597999935 ], [ -78.350016232999963, -6.981197116999965 ], [ -78.349953167999956, -6.981246397999939 ], [ -78.349894709999944, -6.98130105499996 ], [ -78.349841313999946, -6.98136065999995 ], [ -78.349793399999953, -6.981424746999949 ], [ -78.349751341999934, -6.981492813999978 ], [ -78.349715469999978, -6.981564329999969 ], [ -78.349686062999979, -6.981638732999954 ], [ -78.349663352999983, -6.981715441999938 ], [ -78.349647515999948, -6.981793855999967 ], [ -78.349638677999963, -6.981873361999931 ], [ -78.349636907, -6.981953336999936 ], [ -78.34964221599995, -6.982033154999954 ], [ -78.34965456599997, -6.982112192999978 ], [ -78.349673856999971, -6.982189829999925 ], [ -78.349699940999983, -6.982265459999951 ], [ -78.349732612999958, -6.98233849099995 ], [ -78.349771615999941, -6.982408350999947 ], [ -78.349816645999965, -6.982474492999927 ], [ -78.349867349999954, -6.982536399999958 ], [ -78.349923331999946, -6.98259358699994 ], [ -78.34998415299998, -6.982645606999938 ], [ -78.350049337999963, -6.982692051999948 ], [ -78.350118374999965, -6.982732558999942 ], [ -78.350190725999937, -6.982766811999966 ], [ -78.350265822999972, -6.982794540999976 ], [ -78.35034307899997, -6.982815529999925 ], [ -78.350421888999961, -6.982829613999968 ], [ -78.350501636999979, -6.982836683999949 ], [ -78.350581696999939, -6.982836683999949 ], [ -78.350661444999957, -6.982829613999968 ], [ -78.350740254999948, -6.982815529999925 ], [ -78.350817510999946, -6.982794540999976 ], [ -78.350892607999981, -6.982766811999966 ], [ -78.350964958999953, -6.982732558999942 ], [ -78.351033995999956, -6.982692051999948 ], [ -78.351099180999938, -6.982645606999938 ], [ -78.351160001999972, -6.98259358699994 ], [ -78.351215983999964, -6.982536399999958 ], [ -78.351266687999953, -6.982474492999927 ], [ -78.351311717999977, -6.982408350999947 ], [ -78.35135072099996, -6.98233849099995 ], [ -78.351383392999935, -6.982265459999951 ], [ -78.351409476999947, -6.982189829999925 ], [ -78.351428767999948, -6.982112192999978 ], [ -78.351441117999968, -6.982033154999954 ], [ -78.351446426999985, -6.981953336999936 ], [ -78.351444655999956, -6.981873361999931 ], [ -78.35143581799997, -6.981793855999967 ], [ -78.351419980999935, -6.981715441999938 ], [ -78.351397270999939, -6.981638732999954 ], [ -78.35136786399994, -6.981564329999969 ], [ -78.351331991999984, -6.981492813999978 ], [ -78.351289933999965, -6.981424746999949 ], [ -78.351242019999972, -6.98136065999995 ], [ -78.351188623999974, -6.98130105499996 ], [ -78.351130165999962, -6.981246397999939 ], [ -78.351067100999956, -6.981197116999965 ], [ -78.35099992499994, -6.981153597999935 ], [ -78.350929160999954, -6.981116181999937 ], [ -78.350855365999962, -6.981085160999953 ], [ -78.350779114999966, -6.981060778999961 ], [ -78.350701004999962, -6.981043224999951 ], [ -78.350621648999947, -6.981032636999942 ], [ -78.350541666999959, -6.981029098999954 ], [ -78.350461684999971, -6.981032636999942 ] ] ] } },
{ "type": "Feature", "properties": { "Mz": "060105002500000", "UBIGEO": "060105", "AREA": "2", "CODCCPP": "0025", "ZONA": "00000", "MANZANA_ID": null, "MANZANA_A": null, "T_TOTAL": 138.0, "T_HOMBRES": 72.0, "T_MUJERES": 66.0, "LLAVE_MZS": "060105002500000", "contacto": "juan.suyo@geogpsperu.com", "descargar": "www.geogpsperu.com", "whatsapp": 931381206.0, "NOMBDEP": "CAJAMARCA", "NOMBPROV": "CAJAMARCA", "IDPROV": "0601", "ARCHIVO": "CAJAMARCA_CAJAMARCA_0601_Manzanas_Poblacion_JP_SuyoPomalia_geogpsperu_931381206" }, "geometry": { "type": "Polygon", "coordinates": [ [ [ -78.371218351999971, -6.977622636999968 ], [ -78.371138996999946, -6.977633224999977 ], [ -78.371060887999988, -6.977650777999941 ], [ -78.370984637999982, -6.977675160999979 ], [ -78.370910841999944, -6.977706181999963 ], [ -78.370840079999937, -6.977743597999961 ], [ -78.370772903999978, -6.977787116999934 ], [ -78.370709839999961, -6.977836397999965 ], [ -78.370651380999959, -6.97789105399994 ], [ -78.37059798599995, -6.977950659999976 ], [ -78.370550072999947, -6.978014746999975 ], [ -78.370508014999984, -6.978082813999947 ], [ -78.370472141999983, -6.978154329999938 ], [ -78.370442735999973, -6.97822873299998 ], [ -78.370420025999977, -6.978305441999964 ], [ -78.370404189999988, -6.978383855999937 ], [ -78.370395351999946, -6.978463361999957 ], [ -78.370393579999984, -6.978543336999962 ], [ -78.37039889, -6.97862315499998 ], [ -78.370411238999964, -6.978702192999947 ], [ -78.370430530999954, -6.978779829999951 ], [ -78.370456613999977, -6.978855459999977 ], [ -78.370489284999962, -6.978928490999976 ], [ -78.370528287999946, -6.978998350999973 ], [ -78.37057331799997, -6.979064492999953 ], [ -78.370624021999959, -6.979126399999927 ], [ -78.370680003999951, -6.979183586999966 ], [ -78.370740823999938, -6.979235606999964 ], [ -78.370806007999988, -6.979282051999974 ], [ -78.370875044999934, -6.979322559999957 ], [ -78.370947394999973, -6.979356811999935 ], [ -78.371022491999952, -6.979384540999945 ], [ -78.37109974699996, -6.979405529999951 ], [ -78.371178556999951, -6.979419613999937 ], [ -78.37125830399998, -6.979426683999975 ], [ -78.371338363999939, -6.979426683999975 ], [ -78.371418110999969, -6.979419613999937 ], [ -78.371496920999959, -6.979405529999951 ], [ -78.371574175999967, -6.979384540999945 ], [ -78.371649272999946, -6.979356811999935 ], [ -78.371721622999985, -6.979322559999957 ], [ -78.371790659999988, -6.979282051999974 ], [ -78.371855843999981, -6.979235606999964 ], [ -78.371916663999968, -6.979183586999966 ], [ -78.371972645999961, -6.979126399999927 ], [ -78.372023349999949, -6.979064492999953 ], [ -78.372068379999973, -6.978998350999973 ], [ -78.372107382999957, -6.978928490999976 ], [ -78.372140053999942, -6.978855459999977 ], [ -78.372166136999965, -6.978779829999951 ], [ -78.372185428999956, -6.978702192999947 ], [ -78.372197777999986, -6.97862315499998 ], [ -78.372203087999935, -6.978543336999962 ], [ -78.372201315999973, -6.978463361999957 ], [ -78.372192477999988, -6.978383855999937 ], [ -78.372176641999943, -6.978305441999964 ], [ -78.372153931999947, -6.97822873299998 ], [ -78.372124525999936, -6.978154329999938 ], [ -78.372088652999935, -6.978082813999947 ], [ -78.372046594999972, -6.978014746999975 ], [ -78.371998681999969, -6.977950659999976 ], [ -78.37194528699996, -6.97789105399994 ], [ -78.371886827999958, -6.977836397999965 ], [ -78.371823763999942, -6.977787116999934 ], [ -78.371756587999982, -6.977743597999961 ], [ -78.371685825999975, -6.977706181999963 ], [ -78.371612029999937, -6.977675160999979 ], [ -78.371535779999988, -6.977650777999941 ], [ -78.371457670999973, -6.977633224999977 ], [ -78.371378315999948, -6.977622636999968 ], [ -78.37129833399996, -6.97761909899998 ], [ -78.371218351999971, -6.977622636999968 ] ] ] } },
{ "type": "Feature", "properties": { "Mz": "060105002300000", "UBIGEO": "060105", "AREA": "2", "CODCCPP": "0023", "ZONA": "00000", "MANZANA_ID": null, "MANZANA_A": null, "T_TOTAL": 100.0, "T_HOMBRES": 48.0, "T_MUJERES": 52.0, "LLAVE_MZS": "060105002300000", "contacto": "juan.suyo@geogpsperu.com", "descargar": "www.geogpsperu.com", "whatsapp": 931381206.0, "NOMBDEP": "CAJAMARCA", "NOMBPROV": "CAJAMARCA", "IDPROV": "0601", "ARCHIVO": "CAJAMARCA_CAJAMARCA_0601_Manzanas_Poblacion_JP_SuyoPomalia_geogpsperu_931381206" }, "geometry": { "type": "Polygon", "coordinates": [ [ [ -78.381681688999947, -6.957109301999935 ], [ -78.381602336999947, -6.957119889999944 ], [ -78.381524230999958, -6.957137443999954 ], [ -78.381447983999976, -6.957161826999936 ], [ -78.381374191999953, -6.957192846999931 ], [ -78.381303432999971, -6.957230263999975 ], [ -78.381236258999934, -6.957273781999959 ], [ -78.381173197999942, -6.957323062999933 ], [ -78.381114742999955, -6.957377719999954 ], [ -78.381061349999982, -6.957437324999944 ], [ -78.381013437999968, -6.957501411999942 ], [ -78.380971381999984, -6.957569479999961 ], [ -78.380935510999961, -6.957640994999963 ], [ -78.380906105999941, -6.957715398999937 ], [ -78.380883396999934, -6.957792106999932 ], [ -78.380867561999935, -6.957870521999951 ], [ -78.38085872399995, -6.957950027999971 ], [ -78.380856952999977, -6.958030002999976 ], [ -78.380862261999937, -6.958109820999937 ], [ -78.380874610999967, -6.958188858999961 ], [ -78.380893900999979, -6.958266495999965 ], [ -78.380919983999945, -6.95834212699998 ], [ -78.380952653999941, -6.95841515799998 ], [ -78.380991654999946, -6.95848501699993 ], [ -78.381036682999934, -6.958551159999956 ], [ -78.381087383999954, -6.958613066999931 ], [ -78.381143362999978, -6.958670253999969 ], [ -78.381204181999976, -6.958722273999967 ], [ -78.381269362999944, -6.958768718999977 ], [ -78.381338396999979, -6.958809225999971 ], [ -78.381410743999936, -6.958843477999949 ], [ -78.381485836999957, -6.958871207999948 ], [ -78.38156308899994, -6.958892196999955 ], [ -78.381641894999973, -6.95890628099994 ], [ -78.381721638999977, -6.958913350999978 ], [ -78.381801694999979, -6.958913350999978 ], [ -78.381881438999983, -6.95890628099994 ], [ -78.381960244999959, -6.958892196999955 ], [ -78.382037496999942, -6.958871207999948 ], [ -78.382112589999963, -6.958843477999949 ], [ -78.382184936999977, -6.958809225999971 ], [ -78.382253970999955, -6.958768718999977 ], [ -78.38231915199998, -6.958722273999967 ], [ -78.382379970999978, -6.958670253999969 ], [ -78.382435949999945, -6.958613066999931 ], [ -78.382486650999965, -6.958551159999956 ], [ -78.382531678999953, -6.95848501699993 ], [ -78.382570679999958, -6.95841515799998 ], [ -78.382603349999954, -6.95834212699998 ], [ -78.382629432999977, -6.958266495999965 ], [ -78.382648722999988, -6.958188858999961 ], [ -78.382661071999962, -6.958109820999937 ], [ -78.382666380999979, -6.958030002999976 ], [ -78.382664609999949, -6.957950027999971 ], [ -78.382655771999964, -6.957870521999951 ], [ -78.382639936999965, -6.957792106999932 ], [ -78.382617227999958, -6.957715398999937 ], [ -78.382587822999938, -6.957640994999963 ], [ -78.382551951999972, -6.957569479999961 ], [ -78.382509895999988, -6.957501411999942 ], [ -78.382461983999974, -6.957437324999944 ], [ -78.382408590999944, -6.957377719999954 ], [ -78.382350135999957, -6.957323062999933 ], [ -78.382287074999965, -6.957273781999959 ], [ -78.382219900999985, -6.957230263999975 ], [ -78.382149141999946, -6.957192846999931 ], [ -78.38207534999998, -6.957161826999936 ], [ -78.381999102999941, -6.957137443999954 ], [ -78.381920996999952, -6.957119889999944 ], [ -78.381841644999952, -6.957109301999935 ], [ -78.381761666999978, -6.957105763999948 ], [ -78.381681688999947, -6.957109301999935 ] ] ] } },
{ "type": "Feature", "properties": { "Mz": "060105004500000", "UBIGEO": "060105", "AREA": "2", "CODCCPP": "0045", "ZONA": "00000", "MANZANA_ID": null, "MANZANA_A": null, "T_TOTAL": 301.0, "T_HOMBRES": 142.0, "T_MUJERES": 159.0, "LLAVE_MZS": "060105004500000", "contacto": "juan.suyo@geogpsperu.com", "descargar": "www.geogpsperu.com", "whatsapp": 931381206.0, "NOMBDEP": "CAJAMARCA", "NOMBPROV": "CAJAMARCA", "IDPROV": "0601", "ARCHIVO": "CAJAMARCA_CAJAMARCA_0601_Manzanas_Poblacion_JP_SuyoPomalia_geogpsperu_931381206" }, "geometry": { "type": "Polygon", "coordinates": [ [ [ -78.44876, -7.008669278999946 ], [ -78.448680638999974, -7.008679866999955 ], [ -78.448602524999956, -7.008697420999965 ], [ -78.448526269999945, -7.008721802999958 ], [ -78.44845246999995, -7.008752823999941 ], [ -78.448381702999939, -7.008790239999939 ], [ -78.448314521999976, -7.00883375899997 ], [ -78.448251453999944, -7.008883039999944 ], [ -78.448192991999974, -7.008937695999975 ], [ -78.448139592999951, -7.008997300999965 ], [ -78.448091676, -7.009061387999964 ], [ -78.448049615999935, -7.009129455999926 ], [ -78.448013740999954, -7.009200970999927 ], [ -78.447984332999965, -7.009275373999969 ], [ -78.447961620999934, -7.009352082999953 ], [ -78.447945783999955, -7.009430496999926 ], [ -78.447936944999981, -7.009510002999946 ], [ -78.447935173999952, -7.009589977999951 ], [ -78.447940483999957, -7.009669795999969 ], [ -78.447952832999988, -7.009748832999946 ], [ -78.447972125999968, -7.00982647099994 ], [ -78.447998211999959, -7.009902100999966 ], [ -78.44803088499998, -7.009975131999965 ], [ -78.448069890999989, -7.010044990999972 ], [ -78.448114922999935, -7.010111133999942 ], [ -78.448165630999938, -7.010173039999927 ], [ -78.448221615999955, -7.010230227999955 ], [ -78.448282439999957, -7.010282246999964 ], [ -78.448347628999954, -7.010328691999973 ], [ -78.448416669999972, -7.010369199999957 ], [ -78.448489024999958, -7.010403451999935 ], [ -78.448564126999941, -7.010431180999944 ], [ -78.448641386999952, -7.010452169999951 ], [ -78.448720201999947, -7.010466253999937 ], [ -78.448799953999981, -7.010473323999975 ], [ -78.44888002, -7.010473323999975 ], [ -78.448959771999967, -7.010466253999937 ], [ -78.449038586999961, -7.010452169999951 ], [ -78.449115846999973, -7.010431180999944 ], [ -78.449190948999956, -7.010403451999935 ], [ -78.449263303999942, -7.010369199999957 ], [ -78.449332344999959, -7.010328691999973 ], [ -78.449397533999957, -7.010282246999964 ], [ -78.449458357999958, -7.010230227999955 ], [ -78.449514342999976, -7.010173039999927 ], [ -78.449565050999979, -7.010111133999942 ], [ -78.449610082999982, -7.010044990999972 ], [ -78.449649088999934, -7.009975131999965 ], [ -78.449681761999955, -7.009902100999966 ], [ -78.449707847999946, -7.00982647099994 ], [ -78.449727140999983, -7.009748832999946 ], [ -78.449739489999956, -7.009669795999969 ], [ -78.449744799999962, -7.009589977999951 ], [ -78.449743029, -7.009510002999946 ], [ -78.449734189999958, -7.009430496999926 ], [ -78.44971835299998, -7.009352082999953 ], [ -78.449695640999948, -7.009275373999969 ], [ -78.449666232999959, -7.009200970999927 ], [ -78.449630357999979, -7.009129455999926 ], [ -78.449588297999981, -7.009061387999964 ], [ -78.449540380999963, -7.008997300999965 ], [ -78.449486981999939, -7.008937695999975 ], [ -78.449428519999969, -7.008883039999944 ], [ -78.449365451999938, -7.00883375899997 ], [ -78.449298270999975, -7.008790239999939 ], [ -78.449227503999964, -7.008752823999941 ], [ -78.449153703999968, -7.008721802999958 ], [ -78.449077448999958, -7.008697420999965 ], [ -78.448999334999939, -7.008679866999955 ], [ -78.448919973999978, -7.008669278999946 ], [ -78.448839986999985, -7.008665740999959 ], [ -78.44876, -7.008669278999946 ] ] ] } },
{ "type": "Feature", "properties": { "Mz": "060105003000000", "UBIGEO": "060105", "AREA": "2", "CODCCPP": "0030", "ZONA": "00000", "MANZANA_ID": null, "MANZANA_A": null, "T_TOTAL": 144.0, "T_HOMBRES": 71.0, "T_MUJERES": 73.0, "LLAVE_MZS": "060105003000000", "contacto": "juan.suyo@geogpsperu.com", "descargar": "www.geogpsperu.com", "whatsapp": 931381206.0, "NOMBDEP": "CAJAMARCA", "NOMBPROV": "CAJAMARCA", "IDPROV": "0601", "ARCHIVO": "CAJAMARCA_CAJAMARCA_0601_Manzanas_Poblacion_JP_SuyoPomalia_geogpsperu_931381206" }, "geometry": { "type": "Polygon", "coordinates": [ [ [ -78.439256679999971, -7.006390970999973 ], [ -78.439177319999942, -7.006401558999926 ], [ -78.43909920599998, -7.006419112999936 ], [ -78.43902295099997, -7.006443494999928 ], [ -78.438949151999964, -7.006474515999969 ], [ -78.438878384999953, -7.006511931999967 ], [ -78.438811204, -7.00655545099994 ], [ -78.438748136999948, -7.006604730999925 ], [ -78.438689674999978, -7.006659387999946 ], [ -78.438636276999944, -7.006718992999936 ], [ -78.438588359999983, -7.006783079999934 ], [ -78.438546299999985, -7.006851147999953 ], [ -78.438510424999947, -7.006922662999955 ], [ -78.438481016999958, -7.00699706599994 ], [ -78.438458304999983, -7.007073774999981 ], [ -78.438442467999948, -7.007152188999953 ], [ -78.438433628999974, -7.007231694999973 ], [ -78.438431857999944, -7.007311669999979 ], [ -78.43843716799995, -7.007391487999939 ], [ -78.43844951799997, -7.007470524999974 ], [ -78.43846881099995, -7.007548162999967 ], [ -78.438494895999952, -7.007623792999937 ], [ -78.438527568999973, -7.007696823999936 ], [ -78.438566573999935, -7.007766682999943 ], [ -78.438611606999984, -7.007832825999969 ], [ -78.438662313999941, -7.007894732999944 ], [ -78.438718298999959, -7.007951919999925 ], [ -78.438779122999961, -7.008003938999934 ], [ -78.438844310999968, -7.008050383999944 ], [ -78.438913351999986, -7.008090891999927 ], [ -78.438985706999972, -7.008125143999962 ], [ -78.439060807999965, -7.008152872999972 ], [ -78.439138067999977, -7.008173861999978 ], [ -78.439216881999982, -7.008187945999964 ], [ -78.439296633999959, -7.008195015999945 ], [ -78.439376699999968, -7.008195015999945 ], [ -78.439456451999945, -7.008187945999964 ], [ -78.43953526599995, -7.008173861999978 ], [ -78.439612525999962, -7.008152872999972 ], [ -78.439687626999955, -7.008125143999962 ], [ -78.439759981999941, -7.008090891999927 ], [ -78.439829022999959, -7.008050383999944 ], [ -78.439894210999967, -7.008003938999934 ], [ -78.439955034999969, -7.007951919999925 ], [ -78.440011019999986, -7.007894732999944 ], [ -78.440061726999943, -7.007832825999969 ], [ -78.440106759999935, -7.007766682999943 ], [ -78.440145764999954, -7.007696823999936 ], [ -78.440178437999975, -7.007623792999937 ], [ -78.440204522999977, -7.007548162999967 ], [ -78.440223815999957, -7.007470524999974 ], [ -78.440236165999977, -7.007391487999939 ], [ -78.440241475999983, -7.007311669999979 ], [ -78.440239704999954, -7.007231694999973 ], [ -78.440230865999979, -7.007152188999953 ], [ -78.440215028999944, -7.007073774999981 ], [ -78.440192316999969, -7.00699706599994 ], [ -78.44016290899998, -7.006922662999955 ], [ -78.440127033999943, -7.006851147999953 ], [ -78.440084973999944, -7.006783079999934 ], [ -78.440037056999984, -7.006718992999936 ], [ -78.43998365899995, -7.006659387999946 ], [ -78.43992519699998, -7.006604730999925 ], [ -78.439862129999938, -7.00655545099994 ], [ -78.439794948999975, -7.006511931999967 ], [ -78.439724181999964, -7.006474515999969 ], [ -78.439650382999957, -7.006443494999928 ], [ -78.439574127999947, -7.006419112999936 ], [ -78.439496013999985, -7.006401558999926 ], [ -78.439416653999956, -7.006390970999973 ], [ -78.439336666999964, -7.006387432999929 ], [ -78.439256679999971, -7.006390970999973 ] ] ] } },
{ "type": "Feature", "properties": { "Mz": "060105010900000", "UBIGEO": "060105", "AREA": "2", "CODCCPP": "0109", "ZONA": "00000", "MANZANA_ID": null, "MANZANA_A": null, "T_TOTAL": 85.0, "T_HOMBRES": 40.0, "T_MUJERES": 45.0, "LLAVE_MZS": "060105010900000", "contacto": "juan.suyo@geogpsperu.com", "descargar": "www.geogpsperu.com", "whatsapp": 931381206.0, "NOMBDEP": "CAJAMARCA", "NOMBPROV": "CAJAMARCA", "IDPROV": "0601", "ARCHIVO": "CAJAMARCA_CAJAMARCA_0601_Manzanas_Poblacion_JP_SuyoPomalia_geogpsperu_931381206" }, "geometry": { "type": "Polygon", "coordinates": [ [ [ -78.41595334699997, -7.00348263799998 ], [ -78.415873986999941, -7.003493225999932 ], [ -78.415795873999969, -7.003510778999953 ], [ -78.415719618999958, -7.003535161999935 ], [ -78.415645819999952, -7.003566182999975 ], [ -78.415575053999987, -7.003603598999973 ], [ -78.415507873999957, -7.003647117999947 ], [ -78.415444805999982, -7.003696397999931 ], [ -78.415386344999945, -7.003751054999952 ], [ -78.415332946999968, -7.003810659999942 ], [ -78.41528502999995, -7.003874746999941 ], [ -78.415242969999952, -7.003942814999959 ], [ -78.415207095999961, -7.004014329999961 ], [ -78.415177687999972, -7.004088732999946 ], [ -78.415154976999986, -7.00416544199993 ], [ -78.415139139999951, -7.00424385599996 ], [ -78.415130300999976, -7.00432336199998 ], [ -78.415128529999947, -7.004403336999928 ], [ -78.415133838999964, -7.004483154999946 ], [ -78.415146188999984, -7.00456219199998 ], [ -78.415165481999964, -7.004639829999974 ], [ -78.415191566999965, -7.004715459999943 ], [ -78.415224239999986, -7.004788490999942 ], [ -78.415263244999949, -7.004858350999939 ], [ -78.415308276999951, -7.004924492999976 ], [ -78.415358983999965, -7.00498639999995 ], [ -78.415414968999983, -7.005043586999932 ], [ -78.415475792999985, -7.005095605999941 ], [ -78.415540979999946, -7.00514205199994 ], [ -78.415610020999964, -7.005182558999934 ], [ -78.41568237499996, -7.005216810999968 ], [ -78.415757475999953, -7.005244539999978 ], [ -78.415834734999976, -7.005265528999928 ], [ -78.415913548999981, -7.005279612999971 ], [ -78.415993300999958, -7.005286682999952 ], [ -78.416073364999988, -7.005286682999952 ], [ -78.416153116999965, -7.005279612999971 ], [ -78.41623193099997, -7.005265528999928 ], [ -78.416309189999936, -7.005244539999978 ], [ -78.416384290999986, -7.005216810999968 ], [ -78.416456644999982, -7.005182558999934 ], [ -78.416525685999943, -7.00514205199994 ], [ -78.416590872999961, -7.005095605999941 ], [ -78.416651696999963, -7.005043586999932 ], [ -78.416707681999981, -7.00498639999995 ], [ -78.416758388999938, -7.004924492999976 ], [ -78.41680342099994, -7.004858350999939 ], [ -78.41684242599996, -7.004788490999942 ], [ -78.416875098999981, -7.004715459999943 ], [ -78.416901183999983, -7.004639829999974 ], [ -78.416920476999962, -7.00456219199998 ], [ -78.416932826999982, -7.004483154999946 ], [ -78.416938135999942, -7.004403336999928 ], [ -78.41693636499997, -7.00432336199998 ], [ -78.416927525999938, -7.00424385599996 ], [ -78.41691168899996, -7.00416544199993 ], [ -78.416888977999974, -7.004088732999946 ], [ -78.416859569999986, -7.004014329999961 ], [ -78.416823695999938, -7.003942814999959 ], [ -78.416781635999939, -7.003874746999941 ], [ -78.416733718999978, -7.003810659999942 ], [ -78.416680320999944, -7.003751054999952 ], [ -78.416621859999964, -7.003696397999931 ], [ -78.416558791999989, -7.003647117999947 ], [ -78.416491611999959, -7.003603598999973 ], [ -78.416420845999937, -7.003566182999975 ], [ -78.416347046999988, -7.003535161999935 ], [ -78.416270791999978, -7.003510778999953 ], [ -78.416192678999948, -7.003493225999932 ], [ -78.416113318999976, -7.00348263799998 ], [ -78.416033332999973, -7.003479099999936 ], [ -78.41595334699997, -7.00348263799998 ] ] ] } },
{ "type": "Feature", "properties": { "Mz": "060105003200000", "UBIGEO": "060105", "AREA": "2", "CODCCPP": "0032", "ZONA": "00000", "MANZANA_ID": null, "MANZANA_A": null, "T_TOTAL": 182.0, "T_HOMBRES": 85.0, "T_MUJERES": 97.0, "LLAVE_MZS": "060105003200000", "contacto": "juan.suyo@geogpsperu.com", "descargar": "www.geogpsperu.com", "whatsapp": 931381206.0, "NOMBDEP": "CAJAMARCA", "NOMBPROV": "CAJAMARCA", "IDPROV": "0601", "ARCHIVO": "CAJAMARCA_CAJAMARCA_0601_Manzanas_Poblacion_JP_SuyoPomalia_geogpsperu_931381206" }, "geometry": { "type": "Polygon", "coordinates": [ [ [ -78.423376681999969, -6.99679096999995 ], [ -78.423297322999986, -6.996801556999969 ], [ -78.423219210999946, -6.996819110999979 ], [ -78.423142957999971, -6.996843493999961 ], [ -78.423069159999955, -6.996874514999945 ], [ -78.422998394, -6.996911930999943 ], [ -78.422931214999949, -6.996955449999973 ], [ -78.422868148999953, -6.997004729999958 ], [ -78.422809687999973, -6.997059386999979 ], [ -78.422756290999985, -6.997118991999969 ], [ -78.422708374999957, -6.997183078999967 ], [ -78.422666315999948, -6.997251146999929 ], [ -78.422630441999956, -6.997322661999931 ], [ -78.422601033999968, -6.997397064999973 ], [ -78.422578322999982, -6.997473773999957 ], [ -78.422562485999947, -6.997552187999929 ], [ -78.422553647999962, -6.997631693999949 ], [ -78.422551875999943, -6.997711668999955 ], [ -78.422557185999949, -6.997791486999972 ], [ -78.422569535999969, -6.997870524999939 ], [ -78.422588827999959, -6.997948161999943 ], [ -78.422614912999961, -6.998023791999969 ], [ -78.422647584999936, -6.998096822999969 ], [ -78.422686589999955, -6.998166682999965 ], [ -78.422731621999958, -6.998232824999945 ], [ -78.422782327999982, -6.998294731999977 ], [ -78.422838310999964, -6.998351918999958 ], [ -78.422899134999966, -6.998403938999957 ], [ -78.422964320999938, -6.998450383999966 ], [ -78.423033360999966, -6.99849089099996 ], [ -78.423105713999973, -6.998525142999938 ], [ -78.423180813999977, -6.998552871999948 ], [ -78.423258071999953, -6.998573860999954 ], [ -78.423336884999969, -6.99858794599993 ], [ -78.423416634999967, -6.998595015999967 ], [ -78.423496698999941, -6.998595015999967 ], [ -78.423576448999938, -6.99858794599993 ], [ -78.423655261999954, -6.998573860999954 ], [ -78.423732519999987, -6.998552871999948 ], [ -78.423807619999934, -6.998525142999938 ], [ -78.423879972999941, -6.99849089099996 ], [ -78.423949012999969, -6.998450383999966 ], [ -78.424014198999942, -6.998403938999957 ], [ -78.424075022999943, -6.998351918999958 ], [ -78.424131005999982, -6.998294731999977 ], [ -78.42418171199995, -6.998232824999945 ], [ -78.424226743999952, -6.998166682999965 ], [ -78.424265748999971, -6.998096822999969 ], [ -78.424298420999946, -6.998023791999969 ], [ -78.424324505999948, -6.997948161999943 ], [ -78.424343797999938, -6.997870524999939 ], [ -78.424356147999958, -6.997791486999972 ], [ -78.424361457999964, -6.997711668999955 ], [ -78.424359685999946, -6.997631693999949 ], [ -78.42435084799996, -6.997552187999929 ], [ -78.424335010999982, -6.997473773999957 ], [ -78.42431229999994, -6.997397064999973 ], [ -78.424282891999951, -6.997322661999931 ], [ -78.42424701799996, -6.997251146999929 ], [ -78.424204958999951, -6.997183078999967 ], [ -78.42415704299998, -6.997118991999969 ], [ -78.424103645999935, -6.997059386999979 ], [ -78.424045184999954, -6.997004729999958 ], [ -78.423982118999959, -6.996955449999973 ], [ -78.423914939999975, -6.996911930999943 ], [ -78.423844173999953, -6.996874514999945 ], [ -78.423770375999936, -6.996843493999961 ], [ -78.423694122999962, -6.996819110999979 ], [ -78.423616010999979, -6.996801556999969 ], [ -78.423536651999939, -6.99679096999995 ], [ -78.423456666999982, -6.996787430999973 ], [ -78.423376681999969, -6.99679096999995 ] ] ] } },
{ "type": "Feature", "properties": { "Mz": "060105003700000", "UBIGEO": "060105", "AREA": "2", "CODCCPP": "0037", "ZONA": "00000", "MANZANA_ID": null, "MANZANA_A": null, "T_TOTAL": 185.0, "T_HOMBRES": 84.0, "T_MUJERES": 101.0, "LLAVE_MZS": "060105003700000", "contacto": "juan.suyo@geogpsperu.com", "descargar": "www.geogpsperu.com", "whatsapp": 931381206.0, "NOMBDEP": "CAJAMARCA", "NOMBPROV": "CAJAMARCA", "IDPROV": "0601", "ARCHIVO": "CAJAMARCA_CAJAMARCA_0601_Manzanas_Poblacion_JP_SuyoPomalia_geogpsperu_931381206" }, "geometry": { "type": "Polygon", "coordinates": [ [ [ -78.436868348999951, -6.992589303999978 ], [ -78.436788990999958, -6.992599890999941 ], [ -78.436710878999975, -6.992617444999951 ], [ -78.436634626999989, -6.992641827999933 ], [ -78.436560828999973, -6.992672848999973 ], [ -78.436490063999941, -6.992710264999971 ], [ -78.436422885999946, -6.992753783999945 ], [ -78.43635981999995, -6.992803063999929 ], [ -78.436301359999959, -6.99285772099995 ], [ -78.436247962999971, -6.99291732599994 ], [ -78.436200047999989, -6.992981412999939 ], [ -78.43615798899998, -6.993049480999957 ], [ -78.436122114999989, -6.993120995999959 ], [ -78.436092708, -6.993195398999944 ], [ -78.436069996999947, -6.993272107999928 ], [ -78.436054159999969, -6.993350521999957 ], [ -78.436045321999984, -6.993430027999977 ], [ -78.436043549999965, -6.993510002999926 ], [ -78.436048859999971, -6.993589820999944 ], [ -78.436061209999934, -6.993668858999968 ], [ -78.436080501999982, -6.993746495999972 ], [ -78.436106586999983, -6.993822125999941 ], [ -78.436139258999958, -6.99389515699994 ], [ -78.436178262999988, -6.993965016999937 ], [ -78.436223293999944, -6.994031158999974 ], [ -78.436274, -6.994093065999948 ], [ -78.436329982999951, -6.99415025299993 ], [ -78.436390805999963, -6.994202272999928 ], [ -78.436455991999935, -6.994248717999938 ], [ -78.436525030999974, -6.994289224999932 ], [ -78.436597382999935, -6.994323476999966 ], [ -78.436672481999949, -6.994351205999976 ], [ -78.436749739999982, -6.994372194999926 ], [ -78.436828551999952, -6.994386279999958 ], [ -78.436908301999949, -6.994393349999939 ], [ -78.436988363999944, -6.994393349999939 ], [ -78.437068113999942, -6.994386279999958 ], [ -78.437146925999969, -6.994372194999926 ], [ -78.437224183999945, -6.994351205999976 ], [ -78.437299282999959, -6.994323476999966 ], [ -78.437371634999977, -6.994289224999932 ], [ -78.437440673999959, -6.994248717999938 ], [ -78.437505859999987, -6.994202272999928 ], [ -78.437566682999943, -6.99415025299993 ], [ -78.437622665999982, -6.994093065999948 ], [ -78.437673371999949, -6.994031158999974 ], [ -78.437718402999963, -6.993965016999937 ], [ -78.437757406999935, -6.99389515699994 ], [ -78.437790078999967, -6.993822125999941 ], [ -78.437816163999969, -6.993746495999972 ], [ -78.437835455999959, -6.993668858999968 ], [ -78.437847805999979, -6.993589820999944 ], [ -78.437853115999985, -6.993510002999926 ], [ -78.437851343999967, -6.993430027999977 ], [ -78.437842505999981, -6.993350521999957 ], [ -78.437826668999946, -6.993272107999928 ], [ -78.437803957999961, -6.993195398999944 ], [ -78.437774550999961, -6.993120995999959 ], [ -78.43773867699997, -6.993049480999957 ], [ -78.437696617999961, -6.992981412999939 ], [ -78.437648702999979, -6.99291732599994 ], [ -78.437595305999935, -6.99285772099995 ], [ -78.437536845999944, -6.992803063999929 ], [ -78.437473779999948, -6.992753783999945 ], [ -78.437406601999953, -6.992710264999971 ], [ -78.437335836999978, -6.992672848999973 ], [ -78.437262038999961, -6.992641827999933 ], [ -78.437185786999976, -6.992617444999951 ], [ -78.437107674999936, -6.992599890999941 ], [ -78.437028316999942, -6.992589303999978 ], [ -78.436948332999975, -6.992585764999944 ], [ -78.436868348999951, -6.992589303999978 ] ] ] } },
{ "type": "Feature", "properties": { "Mz": "060105003300000", "UBIGEO": "060105", "AREA": "2", "CODCCPP": "0033", "ZONA": "00000", "MANZANA_ID": null, "MANZANA_A": null, "T_TOTAL": 221.0, "T_HOMBRES": 112.0, "T_MUJERES": 109.0, "LLAVE_MZS": "060105003300000", "contacto": "juan.suyo@geogpsperu.com", "descargar": "www.geogpsperu.com", "whatsapp": 931381206.0, "NOMBDEP": "CAJAMARCA", "NOMBPROV": "CAJAMARCA", "IDPROV": "0601", "ARCHIVO": "CAJAMARCA_CAJAMARCA_0601_Manzanas_Poblacion_JP_SuyoPomalia_geogpsperu_931381206" }, "geometry": { "type": "Polygon", "coordinates": [ [ [ -78.391956682999989, -6.989819302999933 ], [ -78.391877325999985, -6.989829890999943 ], [ -78.391799214999935, -6.989847444999953 ], [ -78.39172296299995, -6.989871827999934 ], [ -78.391649165, -6.989902848999975 ], [ -78.391578400999947, -6.989940264999973 ], [ -78.391511222999952, -6.989983782999957 ], [ -78.391448156999957, -6.990033063999931 ], [ -78.391389697999955, -6.990087720999952 ], [ -78.391336300999967, -6.990147325999942 ], [ -78.391288385999985, -6.99021141299994 ], [ -78.391246326999976, -6.990279480999959 ], [ -78.391210453999975, -6.990350995999961 ], [ -78.391181046999975, -6.990425398999946 ], [ -78.391158336, -6.99050210799993 ], [ -78.391142499999944, -6.990580521999959 ], [ -78.391133660999969, -6.990660027999979 ], [ -78.39113188999994, -6.990740002999928 ], [ -78.391137199999946, -6.990819820999945 ], [ -78.391149548999977, -6.990898858999969 ], [ -78.391168840999967, -6.990976495999973 ], [ -78.391194924999979, -6.991052125999943 ], [ -78.391227596999954, -6.991125156999942 ], [ -78.391266601999973, -6.991195016999939 ], [ -78.39131163199994, -6.991261158999976 ], [ -78.391362337999965, -6.99132306599995 ], [ -78.391418320999946, -6.991380252999932 ], [ -78.39147914299997, -6.99143227299993 ], [ -78.391544327999952, -6.991478717999939 ], [ -78.391613366999934, -6.991519224999934 ], [ -78.391685718999952, -6.991553476999968 ], [ -78.391760817999966, -6.991581205999978 ], [ -78.391838074999953, -6.991602194999928 ], [ -78.391916886999979, -6.99161627999996 ], [ -78.391996635999988, -6.991623349999941 ], [ -78.392076697999983, -6.991623349999941 ], [ -78.392156446999934, -6.99161627999996 ], [ -78.39223525899996, -6.991602194999928 ], [ -78.392312515999947, -6.991581205999978 ], [ -78.392387614999961, -6.991553476999968 ], [ -78.392459966999979, -6.991519224999934 ], [ -78.392529005999961, -6.991478717999939 ], [ -78.392594190999944, -6.99143227299993 ], [ -78.392655012999967, -6.991380252999932 ], [ -78.392710995999948, -6.99132306599995 ], [ -78.392761701999973, -6.991261158999976 ], [ -78.39280673199994, -6.991195016999939 ], [ -78.392845736999959, -6.991125156999942 ], [ -78.392878408999934, -6.991052125999943 ], [ -78.392904492999946, -6.990976495999973 ], [ -78.392923784999937, -6.990898858999969 ], [ -78.392936133999967, -6.990819820999945 ], [ -78.392941443999973, -6.990740002999928 ], [ -78.392939672999944, -6.990660027999979 ], [ -78.392930833999969, -6.990580521999959 ], [ -78.392914997999981, -6.99050210799993 ], [ -78.392892286999938, -6.990425398999946 ], [ -78.392862879999939, -6.990350995999961 ], [ -78.392827006999937, -6.990279480999959 ], [ -78.392784947999985, -6.99021141299994 ], [ -78.392737032999946, -6.990147325999942 ], [ -78.392683635999958, -6.990087720999952 ], [ -78.392625176999957, -6.990033063999931 ], [ -78.392562110999961, -6.989983782999957 ], [ -78.392494932999966, -6.989940264999973 ], [ -78.39242416899998, -6.989902848999975 ], [ -78.392350370999964, -6.989871827999934 ], [ -78.392274118999978, -6.989847444999953 ], [ -78.392196007999985, -6.989829890999943 ], [ -78.392116650999981, -6.989819302999933 ], [ -78.392036666999957, -6.989815764999946 ], [ -78.391956682999989, -6.989819302999933 ] ] ] } },
{ "type": "Feature", "properties": { "Mz": "060105002400000", "UBIGEO": "060105", "AREA": "2", "CODCCPP": "0024", "ZONA": "00000", "MANZANA_ID": null, "MANZANA_A": null, "T_TOTAL": 81.0, "T_HOMBRES": 39.0, "T_MUJERES": 42.0, "LLAVE_MZS": "060105002400000", "contacto": "juan.suyo@geogpsperu.com", "descargar": "www.geogpsperu.com", "whatsapp": 931381206.0, "NOMBDEP": "CAJAMARCA", "NOMBPROV": "CAJAMARCA", "IDPROV": "0601", "ARCHIVO": "CAJAMARCA_CAJAMARCA_0601_Manzanas_Poblacion_JP_SuyoPomalia_geogpsperu_931381206" }, "geometry": { "type": "Polygon", "coordinates": [ [ [ -78.403391685999964, -6.972849302999975 ], [ -78.403312330999938, -6.972859889999938 ], [ -78.40323422299997, -6.972877443999948 ], [ -78.403157973999953, -6.97290182699993 ], [ -78.403084178999961, -6.972932847999971 ], [ -78.403013416999954, -6.972970263999969 ], [ -78.402946241999985, -6.973013782999942 ], [ -78.402883178999957, -6.973063063999973 ], [ -78.402824720999945, -6.973117719999948 ], [ -78.402771326999982, -6.973177325999927 ], [ -78.402723413, -6.973241412999926 ], [ -78.40268135599996, -6.973309479999955 ], [ -78.402645483999947, -6.973380995999946 ], [ -78.402616077999937, -6.973455398999931 ], [ -78.402593367999941, -6.973532107999972 ], [ -78.402577531999952, -6.973610521999944 ], [ -78.402568693999967, -6.973690027999965 ], [ -78.402566921999949, -6.97377000299997 ], [ -78.402572231999955, -6.973849820999931 ], [ -78.402584580999985, -6.973928858999955 ], [ -78.402603872999975, -6.974006495999959 ], [ -78.402629955999942, -6.974082125999928 ], [ -78.402662626999984, -6.974155156999927 ], [ -78.402701628999978, -6.974225016999981 ], [ -78.402746658999945, -6.974291158999961 ], [ -78.402797361999944, -6.974353065999935 ], [ -78.402853342999947, -6.974410253999963 ], [ -78.402914162999934, -6.974462272999972 ], [ -78.402979345999938, -6.974508718999971 ], [ -78.403048382999941, -6.974549225999965 ], [ -78.403120731999934, -6.974583477999943 ], [ -78.40319582799998, -6.974611206999953 ], [ -78.403273081999941, -6.974632195999959 ], [ -78.403351890999943, -6.974646280999934 ], [ -78.403431636999983, -6.974653350999972 ], [ -78.403511696999942, -6.974653350999972 ], [ -78.403591442999982, -6.974646280999934 ], [ -78.403670251999984, -6.974632195999959 ], [ -78.403747505999945, -6.974611206999953 ], [ -78.403822601999934, -6.974583477999943 ], [ -78.403894950999984, -6.974549225999965 ], [ -78.403963987999987, -6.974508718999971 ], [ -78.404029170999934, -6.974462272999972 ], [ -78.404089990999978, -6.974410253999963 ], [ -78.404145971999981, -6.974353065999935 ], [ -78.40419667499998, -6.974291158999961 ], [ -78.404241704999947, -6.974225016999981 ], [ -78.404280706999941, -6.974155156999927 ], [ -78.404313377999983, -6.974082125999928 ], [ -78.40433946099995, -6.974006495999959 ], [ -78.40435875299994, -6.973928858999955 ], [ -78.404371101999971, -6.973849820999931 ], [ -78.404376411999976, -6.97377000299997 ], [ -78.404374639999958, -6.973690027999965 ], [ -78.404365801999973, -6.973610521999944 ], [ -78.404349965999984, -6.973532107999972 ], [ -78.404327255999988, -6.973455398999931 ], [ -78.404297849999978, -6.973380995999946 ], [ -78.404261977999965, -6.973309479999955 ], [ -78.404219920999935, -6.973241412999926 ], [ -78.404172006999943, -6.973177325999927 ], [ -78.40411861299998, -6.973117719999948 ], [ -78.404060154999968, -6.973063063999973 ], [ -78.40399709199994, -6.973013782999942 ], [ -78.403929916999971, -6.972970263999969 ], [ -78.403859154999964, -6.972932847999971 ], [ -78.403785359999972, -6.97290182699993 ], [ -78.403709110999955, -6.972877443999948 ], [ -78.403631002999987, -6.972859889999938 ], [ -78.403551647999961, -6.972849302999975 ], [ -78.403471666999963, -6.972845763999942 ], [ -78.403391685999964, -6.972849302999975 ] ] ] } },
{ "type": "Feature", "properties": { "Mz": "060105002200000", "UBIGEO": "060105", "AREA": "2", "CODCCPP": "0022", "ZONA": "00000", "MANZANA_ID": null, "MANZANA_A": null, "T_TOTAL": 63.0, "T_HOMBRES": 28.0, "T_MUJERES": 35.0, "LLAVE_MZS": "060105002200000", "contacto": "juan.suyo@geogpsperu.com", "descargar": "www.geogpsperu.com", "whatsapp": 931381206.0, "NOMBDEP": "CAJAMARCA", "NOMBPROV": "CAJAMARCA", "IDPROV": "0601", "ARCHIVO": "CAJAMARCA_CAJAMARCA_0601_Manzanas_Poblacion_JP_SuyoPomalia_geogpsperu_931381206" }, "geometry": { "type": "Polygon", "coordinates": [ [ [ -78.429808357999946, -6.940905968999971 ], [ -78.429729007999981, -6.940916555999934 ], [ -78.42965090499996, -6.940934109999944 ], [ -78.429574660999947, -6.940958492999926 ], [ -78.429500871999949, -6.940989513999966 ], [ -78.429430113999956, -6.941026929999964 ], [ -78.429362942999944, -6.941070448999938 ], [ -78.429299883999988, -6.941119729999969 ], [ -78.42924143099998, -6.941174385999943 ], [ -78.429188039999985, -6.941233991999979 ], [ -78.429140129999951, -6.941298078999978 ], [ -78.429098074999956, -6.94136614699994 ], [ -78.429062205999969, -6.941437661999942 ], [ -78.429032801999938, -6.941512064999927 ], [ -78.429010092999988, -6.941588773999968 ], [ -78.428994257999989, -6.941667188999929 ], [ -78.428985420999936, -6.94174669399996 ], [ -78.428983649999964, -6.941826669999955 ], [ -78.42898895899998, -6.941906487999972 ], [ -78.429001306999965, -6.941985525999939 ], [ -78.429020596999976, -6.942063163999933 ], [ -78.429046678999953, -6.942138793999959 ], [ -78.42907934699997, -6.942211824999958 ], [ -78.429118346999985, -6.942281684999955 ], [ -78.429163373999984, -6.942347826999935 ], [ -78.429214073999958, -6.942409733999966 ], [ -78.429270050999946, -6.942466920999948 ], [ -78.429330866999976, -6.942518940999946 ], [ -78.429396045999965, -6.942565386999945 ], [ -78.429465076999975, -6.942605893999939 ], [ -78.429537421999953, -6.942640145999974 ], [ -78.429612511999949, -6.942667874999927 ], [ -78.429689761999953, -6.942688863999933 ], [ -78.429768564999961, -6.942702948999965 ], [ -78.42984830599994, -6.942710018999946 ], [ -78.429928359999963, -6.942710018999946 ], [ -78.430008100999942, -6.942702948999965 ], [ -78.43008690399995, -6.942688863999933 ], [ -78.430164153999954, -6.942667874999927 ], [ -78.430239243999949, -6.942640145999974 ], [ -78.430311588999984, -6.942605893999939 ], [ -78.430380619999937, -6.942565386999945 ], [ -78.430445798999983, -6.942518940999946 ], [ -78.430506614999956, -6.942466920999948 ], [ -78.430562591999944, -6.942409733999966 ], [ -78.430613291999975, -6.942347826999935 ], [ -78.430658318999974, -6.942281684999955 ], [ -78.430697318999989, -6.942211824999958 ], [ -78.43072998699995, -6.942138793999959 ], [ -78.430756068999983, -6.942063163999933 ], [ -78.430775358999938, -6.941985525999939 ], [ -78.430787706999979, -6.941906487999972 ], [ -78.430793015999939, -6.941826669999955 ], [ -78.430791244999966, -6.94174669399996 ], [ -78.43078240799997, -6.941667188999929 ], [ -78.430766572999971, -6.941588773999968 ], [ -78.430743863999965, -6.941512064999927 ], [ -78.430714459999933, -6.941437661999942 ], [ -78.430678590999946, -6.94136614699994 ], [ -78.430636535999952, -6.941298078999978 ], [ -78.430588625999974, -6.941233991999979 ], [ -78.430535234999979, -6.941174385999943 ], [ -78.430476781999971, -6.941119729999969 ], [ -78.430413722999958, -6.941070448999938 ], [ -78.430346551999946, -6.941026929999964 ], [ -78.430275793999954, -6.940989513999966 ], [ -78.430202004999956, -6.940958492999926 ], [ -78.430125760999942, -6.940934109999944 ], [ -78.430047657999978, -6.940916555999934 ], [ -78.429968307999957, -6.940905968999971 ], [ -78.429888332999951, -6.940902429999937 ], [ -78.429808357999946, -6.940905968999971 ] ] ] } },
{ "type": "Feature", "properties": { "Mz": "060105001400000", "UBIGEO": "060105", "AREA": "2", "CODCCPP": "0014", "ZONA": "00000", "MANZANA_ID": null, "MANZANA_A": null, "T_TOTAL": 232.0, "T_HOMBRES": 102.0, "T_MUJERES": 130.0, "LLAVE_MZS": "060105001400000", "contacto": "juan.suyo@geogpsperu.com", "descargar": "www.geogpsperu.com", "whatsapp": 931381206.0, "NOMBDEP": "CAJAMARCA", "NOMBPROV": "CAJAMARCA", "IDPROV": "0601", "ARCHIVO": "CAJAMARCA_CAJAMARCA_0601_Manzanas_Poblacion_JP_SuyoPomalia_geogpsperu_931381206" }, "geometry": { "type": "Polygon", "coordinates": [ [ [ -78.465883366999947, -6.88805763299996 ], [ -78.465804026999933, -6.88806821999998 ], [ -78.465725932999987, -6.888085773999933 ], [ -78.465649696999947, -6.888110156999971 ], [ -78.465575915999977, -6.888141177999955 ], [ -78.465505165999957, -6.888178593999953 ], [ -78.465438002999974, -6.888222112999927 ], [ -78.465374950999944, -6.888271393999958 ], [ -78.465316503999986, -6.888326050999979 ], [ -78.465263118999985, -6.888385656999958 ], [ -78.465215213999954, -6.888449743999956 ], [ -78.465173163999964, -6.888517811999975 ], [ -78.465137297999945, -6.888589326999977 ], [ -78.465107897999985, -6.888663730999951 ], [ -78.465085191999947, -6.888740439999935 ], [ -78.465069358999983, -6.888818853999965 ], [ -78.465060521999987, -6.888898359999928 ], [ -78.465058750999958, -6.88897833599998 ], [ -78.465064059999975, -6.88905815499993 ], [ -78.46507640699997, -6.889137191999964 ], [ -78.465095694999945, -6.889214829999958 ], [ -78.465121772999964, -6.889290460999973 ], [ -78.465154437999956, -6.889363491999973 ], [ -78.465193433999957, -6.889433351999969 ], [ -78.465238454999962, -6.889499493999949 ], [ -78.46528915, -6.88956140199997 ], [ -78.465345119999938, -6.889618588999951 ], [ -78.465405929999974, -6.88967060899995 ], [ -78.465471100999935, -6.889717053999959 ], [ -78.465540124999961, -6.889757561999943 ], [ -78.465612461999967, -6.889791813999977 ], [ -78.465687543999934, -6.88981954299993 ], [ -78.465764784999976, -6.889840531999937 ], [ -78.465843578999966, -6.889854616999969 ], [ -78.465923310999983, -6.88986168699995 ], [ -78.466003356999977, -6.88986168699995 ], [ -78.466083088999937, -6.889854616999969 ], [ -78.466161882999984, -6.889840531999937 ], [ -78.466239123999969, -6.88981954299993 ], [ -78.466314205999936, -6.889791813999977 ], [ -78.466386542999942, -6.889757561999943 ], [ -78.466455566999969, -6.889717053999959 ], [ -78.466520737999986, -6.88967060899995 ], [ -78.466581547999965, -6.889618588999951 ], [ -78.46663751799997, -6.88956140199997 ], [ -78.466688212999941, -6.889499493999949 ], [ -78.466733233999946, -6.889433351999969 ], [ -78.466772229999947, -6.889363491999973 ], [ -78.466804894999939, -6.889290460999973 ], [ -78.466830972999958, -6.889214829999958 ], [ -78.466850260999934, -6.889137191999964 ], [ -78.466862607999985, -6.88905815499993 ], [ -78.466867916999945, -6.88897833599998 ], [ -78.466866145999973, -6.888898359999928 ], [ -78.466857308999977, -6.888818853999965 ], [ -78.466841475999956, -6.888740439999935 ], [ -78.466818769999975, -6.888663730999951 ], [ -78.466789369999958, -6.888589326999977 ], [ -78.466753503999939, -6.888517811999975 ], [ -78.466711453999949, -6.888449743999956 ], [ -78.466663548999975, -6.888385656999958 ], [ -78.466610163999974, -6.888326050999979 ], [ -78.466551716999959, -6.888271393999958 ], [ -78.466488664999986, -6.888222112999927 ], [ -78.466421501999946, -6.888178593999953 ], [ -78.466350751999983, -6.888141177999955 ], [ -78.466276970999957, -6.888110156999971 ], [ -78.466200734999973, -6.888085773999933 ], [ -78.46612264099997, -6.88806821999998 ], [ -78.466043300999957, -6.88805763299996 ], [ -78.46596333399998, -6.888054093999926 ], [ -78.465883366999947, -6.88805763299996 ] ] ] } },
{ "type": "Feature", "properties": { "Mz": "060105012000000", "UBIGEO": "060105", "AREA": "2", "CODCCPP": "0120", "ZONA": "00000", "MANZANA_ID": null, "MANZANA_A": null, "T_TOTAL": 80.0, "T_HOMBRES": 42.0, "T_MUJERES": 38.0, "LLAVE_MZS": "060105012000000", "contacto": "juan.suyo@geogpsperu.com", "descargar": "www.geogpsperu.com", "whatsapp": 931381206.0, "NOMBDEP": "CAJAMARCA", "NOMBPROV": "CAJAMARCA", "IDPROV": "0601", "ARCHIVO": "CAJAMARCA_CAJAMARCA_0601_Manzanas_Poblacion_JP_SuyoPomalia_geogpsperu_931381206" }, "geometry": { "type": "Polygon", "coordinates": [ [ [ -78.493704237999964, -6.880829053999946 ], [ -78.49362489799995, -6.880839641999955 ], [ -78.493546804999937, -6.880857195999965 ], [ -78.493470570999989, -6.880881578999947 ], [ -78.493396789999963, -6.880912599999931 ], [ -78.493326041999978, -6.880950015999929 ], [ -78.493258879999985, -6.880993534999959 ], [ -78.493195828999944, -6.881042815999933 ], [ -78.493137381999986, -6.881097472999954 ], [ -78.493083997999975, -6.881157077999944 ], [ -78.493036094, -6.881221165999932 ], [ -78.492994044999989, -6.881289233999951 ], [ -78.49295817999996, -6.881360748999953 ], [ -78.492928779999943, -6.881435152999927 ], [ -78.492906073999961, -6.881511861999968 ], [ -78.492890240999941, -6.88159027599994 ], [ -78.492881404999935, -6.88166978199996 ], [ -78.492879633999962, -6.881749757999955 ], [ -78.492884941999989, -6.881829576999962 ], [ -78.492897288999984, -6.88190861399994 ], [ -78.49291657699996, -6.881986251999933 ], [ -78.492942654999979, -6.882061882999949 ], [ -78.492975318999981, -6.882134913999948 ], [ -78.493014314999982, -6.882204773999945 ], [ -78.493059334999941, -6.882270916999971 ], [ -78.493110028999979, -6.882332823999946 ], [ -78.493165998999984, -6.882390010999927 ], [ -78.493226806999985, -6.882442030999925 ], [ -78.493291977999945, -6.882488475999935 ], [ -78.493361000999982, -6.882528983999975 ], [ -78.493433335999953, -6.882563235999953 ], [ -78.493508416999987, -6.882590964999963 ], [ -78.493585656999983, -6.88261195399997 ], [ -78.493664449999983, -6.882626038999945 ], [ -78.493744180999954, -6.882633108999926 ], [ -78.493824224999969, -6.882633108999926 ], [ -78.49390395599994, -6.882626038999945 ], [ -78.49398274899994, -6.88261195399997 ], [ -78.494059988999936, -6.882590964999963 ], [ -78.49413506999997, -6.882563235999953 ], [ -78.494207404999941, -6.882528983999975 ], [ -78.494276427999978, -6.882488475999935 ], [ -78.494341598999938, -6.882442030999925 ], [ -78.494402406999939, -6.882390010999927 ], [ -78.494458376999944, -6.882332823999946 ], [ -78.494509070999982, -6.882270916999971 ], [ -78.494554090999941, -6.882204773999945 ], [ -78.494593086999942, -6.882134913999948 ], [ -78.494625750999944, -6.882061882999949 ], [ -78.494651828999963, -6.881986251999933 ], [ -78.494671116999939, -6.88190861399994 ], [ -78.494683463999934, -6.881829576999962 ], [ -78.494688771999961, -6.881749757999955 ], [ -78.494687000999988, -6.88166978199996 ], [ -78.494678164999982, -6.88159027599994 ], [ -78.494662331999962, -6.881511861999968 ], [ -78.49463962599998, -6.881435152999927 ], [ -78.494610225999963, -6.881360748999953 ], [ -78.494574360999934, -6.881289233999951 ], [ -78.494532312, -6.881221165999932 ], [ -78.494484407999948, -6.881157077999944 ], [ -78.494431023999937, -6.881097472999954 ], [ -78.494372576999979, -6.881042815999933 ], [ -78.494309525999938, -6.880993534999959 ], [ -78.494242363999945, -6.880950015999929 ], [ -78.49417161599996, -6.880912599999931 ], [ -78.494097834999934, -6.880881578999947 ], [ -78.494021600999986, -6.880857195999965 ], [ -78.493943507999973, -6.880839641999955 ], [ -78.493864167999959, -6.880829053999946 ], [ -78.493784202999962, -6.880825515999959 ], [ -78.493704237999964, -6.880829053999946 ] ] ] } },
{ "type": "Feature", "properties": { "Mz": "060105000500000", "UBIGEO": "060105", "AREA": "2", "CODCCPP": "0005", "ZONA": "00000", "MANZANA_ID": null, "MANZANA_A": null, "T_TOTAL": 101.0, "T_HOMBRES": 51.0, "T_MUJERES": 50.0, "LLAVE_MZS": "060105000500000", "contacto": "juan.suyo@geogpsperu.com", "descargar": "www.geogpsperu.com", "whatsapp": 931381206.0, "NOMBDEP": "CAJAMARCA", "NOMBPROV": "CAJAMARCA", "IDPROV": "0601", "ARCHIVO": "CAJAMARCA_CAJAMARCA_0601_Manzanas_Poblacion_JP_SuyoPomalia_geogpsperu_931381206" }, "geometry": { "type": "Polygon", "coordinates": [ [ [ -78.490539040999977, -6.845623297999964 ], [ -78.490459706999957, -6.845633885999973 ], [ -78.490381619999937, -6.845651439999926 ], [ -78.490305390999936, -6.845675822999965 ], [ -78.49023161599996, -6.845706843999949 ], [ -78.490160872999979, -6.845744259999947 ], [ -78.490093714999944, -6.845787778999977 ], [ -78.490030668999964, -6.845837059999951 ], [ -78.489972226999953, -6.845891716999972 ], [ -78.489918846999956, -6.845951321999962 ], [ -78.48987094599994, -6.84601540999995 ], [ -78.489828899999964, -6.846083477999969 ], [ -78.489793037999959, -6.84615499399996 ], [ -78.489763639999978, -6.846229396999945 ], [ -78.489740935999976, -6.846306105999929 ], [ -78.489725103999945, -6.846384520999948 ], [ -78.489716267999938, -6.846464026999968 ], [ -78.489714496999966, -6.846544002999963 ], [ -78.489719804999936, -6.84662382199997 ], [ -78.489732150999941, -6.846702859999937 ], [ -78.489751437999985, -6.84678049799993 ], [ -78.489777513999968, -6.846856127999956 ], [ -78.489810175999935, -6.846929158999956 ], [ -78.489849167999978, -6.846999019999942 ], [ -78.489894184999969, -6.847065161999978 ], [ -78.489944874999935, -6.847127069999942 ], [ -78.490000840999983, -6.847184256999981 ], [ -78.490061644999969, -6.847236276999979 ], [ -78.490126810999982, -6.847282722999978 ], [ -78.490195828999958, -6.847323229999972 ], [ -78.490268158999982, -6.84735748199995 ], [ -78.490343233999965, -6.847385211999949 ], [ -78.490420467999968, -6.847406200999956 ], [ -78.490499255999964, -6.847420284999941 ], [ -78.490578980999942, -6.847427354999979 ], [ -78.490659018999963, -6.847427354999979 ], [ -78.490738743999941, -6.847420284999941 ], [ -78.490817531999937, -6.847406200999956 ], [ -78.49089476599994, -6.847385211999949 ], [ -78.490969840999981, -6.84735748199995 ], [ -78.491042170999947, -6.847323229999972 ], [ -78.49111118899998, -6.847282722999978 ], [ -78.491176354999936, -6.847236276999979 ], [ -78.491237158999979, -6.847184256999981 ], [ -78.49129312499997, -6.847127069999942 ], [ -78.491343814999937, -6.847065161999978 ], [ -78.491388831999984, -6.846999019999942 ], [ -78.49142782399997, -6.846929158999956 ], [ -78.491460485999937, -6.846856127999956 ], [ -78.491486561999977, -6.84678049799993 ], [ -78.491505848999964, -6.846702859999937 ], [ -78.491518194999969, -6.84662382199997 ], [ -78.491523502999939, -6.846544002999963 ], [ -78.491521731999967, -6.846464026999968 ], [ -78.491512895999961, -6.846384520999948 ], [ -78.491497063999986, -6.846306105999929 ], [ -78.491474359999984, -6.846229396999945 ], [ -78.491444961999946, -6.84615499399996 ], [ -78.491409099999942, -6.846083477999969 ], [ -78.491367053999966, -6.84601540999995 ], [ -78.491319152999949, -6.845951321999962 ], [ -78.491265772999952, -6.845891716999972 ], [ -78.491207330999941, -6.845837059999951 ], [ -78.491144284999962, -6.845787778999977 ], [ -78.491077126999983, -6.845744259999947 ], [ -78.491006383999945, -6.845706843999949 ], [ -78.490932608999969, -6.845675822999965 ], [ -78.490856379999968, -6.845651439999926 ], [ -78.490778292999948, -6.845633885999973 ], [ -78.490698958999985, -6.845623297999964 ], [ -78.490619, -6.845619759999977 ], [ -78.490539040999977, -6.845623297999964 ] ] ] } },
{ "type": "Feature", "properties": { "Mz": "060105002000000", "UBIGEO": "060105", "AREA": "2", "CODCCPP": "0020", "ZONA": "00000", "MANZANA_ID": null, "MANZANA_A": null, "T_TOTAL": 66.0, "T_HOMBRES": 34.0, "T_MUJERES": 32.0, "LLAVE_MZS": "060105002000000", "contacto": "juan.suyo@geogpsperu.com", "descargar": "www.geogpsperu.com", "whatsapp": 931381206.0, "NOMBDEP": "CAJAMARCA", "NOMBPROV": "CAJAMARCA", "IDPROV": "0601", "ARCHIVO": "CAJAMARCA_CAJAMARCA_0601_Manzanas_Poblacion_JP_SuyoPomalia_geogpsperu_931381206" }, "geometry": { "type": "Polygon", "coordinates": [ [ [ -78.488423362999981, -6.916044300999943 ], [ -78.488344016999974, -6.916054887999962 ], [ -78.488265918999957, -6.916072441999972 ], [ -78.488189677999969, -6.916096824999954 ], [ -78.488115892999986, -6.916127845999938 ], [ -78.488045138999951, -6.916165261999936 ], [ -78.487977971999953, -6.916208780999966 ], [ -78.487914915999966, -6.91625806199994 ], [ -78.487856465999982, -6.916312718999961 ], [ -78.487803077999956, -6.916372323999951 ], [ -78.487755169999957, -6.916436411999939 ], [ -78.487713117999988, -6.916504478999968 ], [ -78.487677249999933, -6.91657599499996 ], [ -78.487647846999948, -6.916650397999945 ], [ -78.487625139999977, -6.916727106999929 ], [ -78.487609305999968, -6.916805520999958 ], [ -78.487600468999972, -6.916885026999978 ], [ -78.487598697999942, -6.916965002999973 ], [ -78.487604006999959, -6.91704482199998 ], [ -78.487616353999954, -6.917123858999958 ], [ -78.487635643999965, -6.917201496999951 ], [ -78.487661723999963, -6.917277126999977 ], [ -78.487694390999934, -6.917350157999977 ], [ -78.48773338899997, -6.917420017999973 ], [ -78.487778412999944, -6.917486160999943 ], [ -78.48782910999995, -6.917548067999974 ], [ -78.48788508399997, -6.917605254999955 ], [ -78.487945896999975, -6.917657274999954 ], [ -78.488011071999949, -6.917703719999963 ], [ -78.488080099999934, -6.917744227999947 ], [ -78.488152440999954, -6.917778479999981 ], [ -78.488227527999982, -6.917806208999934 ], [ -78.488304772999982, -6.917827197999941 ], [ -78.488383571999975, -6.917841282999973 ], [ -78.48846330899994, -6.917848352999954 ], [ -78.488543358999948, -6.917848352999954 ], [ -78.488623095999969, -6.917841282999973 ], [ -78.488701894999963, -6.917827197999941 ], [ -78.488779139999963, -6.917806208999934 ], [ -78.488854226999933, -6.917778479999981 ], [ -78.488926567999954, -6.917744227999947 ], [ -78.488995595999938, -6.917703719999963 ], [ -78.48906077099997, -6.917657274999954 ], [ -78.489121583999975, -6.917605254999955 ], [ -78.489177557999938, -6.917548067999974 ], [ -78.489228254999944, -6.917486160999943 ], [ -78.489273278999974, -6.917420017999973 ], [ -78.489312276999954, -6.917350157999977 ], [ -78.489344943999981, -6.917277126999977 ], [ -78.489371023999979, -6.917201496999951 ], [ -78.489390313999934, -6.917123858999958 ], [ -78.489402660999986, -6.91704482199998 ], [ -78.489407969999945, -6.916965002999973 ], [ -78.489406198999973, -6.916885026999978 ], [ -78.489397361999977, -6.916805520999958 ], [ -78.489381527999967, -6.916727106999929 ], [ -78.489358820999939, -6.916650397999945 ], [ -78.489329417999954, -6.91657599499996 ], [ -78.489293549999957, -6.916504478999968 ], [ -78.489251497999987, -6.916436411999939 ], [ -78.489203589999988, -6.916372323999951 ], [ -78.489150201999962, -6.916312718999961 ], [ -78.489091751999979, -6.91625806199994 ], [ -78.489028695999934, -6.916208780999966 ], [ -78.488961528999937, -6.916165261999936 ], [ -78.488890774999959, -6.916127845999938 ], [ -78.488816989999975, -6.916096824999954 ], [ -78.488740748999987, -6.916072441999972 ], [ -78.48866265099997, -6.916054887999962 ], [ -78.488583304999963, -6.916044300999943 ], [ -78.488503333999972, -6.916040761999966 ], [ -78.488423362999981, -6.916044300999943 ] ] ] } },
{ "type": "Feature", "properties": { "Mz": "060105001300000", "UBIGEO": "060105", "AREA": "2", "CODCCPP": "0013", "ZONA": "00000", "MANZANA_ID": null, "MANZANA_A": null, "T_TOTAL": 234.0, "T_HOMBRES": 127.0, "T_MUJERES": 107.0, "LLAVE_MZS": "060105001300000", "contacto": "juan.suyo@geogpsperu.com", "descargar": "www.geogpsperu.com", "whatsapp": 931381206.0, "NOMBDEP": "CAJAMARCA", "NOMBPROV": "CAJAMARCA", "IDPROV": "0601", "ARCHIVO": "CAJAMARCA_CAJAMARCA_0601_Manzanas_Poblacion_JP_SuyoPomalia_geogpsperu_931381206" }, "geometry": { "type": "Polygon", "coordinates": [ [ [ -78.481093370999986, -6.86436596599998 ], [ -78.481014034999987, -6.864376552999943 ], [ -78.480935944999942, -6.864394106999953 ], [ -78.480859711999983, -6.864418489999935 ], [ -78.480785934999972, -6.864449510999975 ], [ -78.480715188999966, -6.864486927999963 ], [ -78.480648028999951, -6.864530446999936 ], [ -78.480584979999946, -6.864579726999978 ], [ -78.480526535999957, -6.864634383999942 ], [ -78.480473152999934, -6.864693989999978 ], [ -78.480425250999986, -6.864758076999976 ], [ -78.480383202999974, -6.864826144999938 ], [ -78.480347338999934, -6.864897660999929 ], [ -78.480317939999964, -6.864972063999971 ], [ -78.480295234999971, -6.865048773999945 ], [ -78.48027940299994, -6.865127187999974 ], [ -78.480270566999934, -6.865206693999937 ], [ -78.480268795999962, -6.865286669999932 ], [ -78.480274103999989, -6.865366488999939 ], [ -78.480286449999937, -6.865445526999963 ], [ -78.48030573799997, -6.865523163999967 ], [ -78.480331814999943, -6.865598794999926 ], [ -78.480364477999956, -6.865671825999925 ], [ -78.480403471999978, -6.865741685999978 ], [ -78.480448490999947, -6.865807828999948 ], [ -78.480499182999949, -6.865869735999979 ], [ -78.480555150999976, -6.86592692399995 ], [ -78.480615956999941, -6.865978943999949 ], [ -78.480681125999979, -6.866025388999958 ], [ -78.480750145999934, -6.866065895999952 ], [ -78.480822478999983, -6.866100148999976 ], [ -78.480897557999981, -6.866127877999929 ], [ -78.480974794999952, -6.866148866999936 ], [ -78.481053584999984, -6.866162951999968 ], [ -78.481133312999987, -6.866170021999949 ], [ -78.481213354999966, -6.866170021999949 ], [ -78.481293082999969, -6.866162951999968 ], [ -78.481371872999944, -6.866148866999936 ], [ -78.481449109999971, -6.866127877999929 ], [ -78.48152418899997, -6.866100148999976 ], [ -78.481596521999961, -6.866065895999952 ], [ -78.481665541999973, -6.866025388999958 ], [ -78.481730710999955, -6.865978943999949 ], [ -78.481791516999976, -6.86592692399995 ], [ -78.481847484999946, -6.865869735999979 ], [ -78.481898176999948, -6.865807828999948 ], [ -78.481943195999975, -6.865741685999978 ], [ -78.48198218999994, -6.865671825999925 ], [ -78.482014852999953, -6.865598794999926 ], [ -78.482040929999982, -6.865523163999967 ], [ -78.482060217999958, -6.865445526999963 ], [ -78.482072563999964, -6.865366488999939 ], [ -78.482077871999934, -6.865286669999932 ], [ -78.482076100999961, -6.865206693999937 ], [ -78.482067264999955, -6.865127187999974 ], [ -78.482051432999981, -6.865048773999945 ], [ -78.482028727999989, -6.864972063999971 ], [ -78.481999328999962, -6.864897660999929 ], [ -78.481963464999978, -6.864826144999938 ], [ -78.481921416999967, -6.864758076999976 ], [ -78.481873514999961, -6.864693989999978 ], [ -78.481820131999939, -6.864634383999942 ], [ -78.481761687999949, -6.864579726999978 ], [ -78.481698638999944, -6.864530446999936 ], [ -78.481631478999986, -6.864486927999963 ], [ -78.481560732999981, -6.864449510999975 ], [ -78.481486955999969, -6.864418489999935 ], [ -78.481410722999954, -6.864394106999953 ], [ -78.481332632999965, -6.864376552999943 ], [ -78.481253296999967, -6.86436596599998 ], [ -78.481173333999948, -6.864362426999946 ], [ -78.481093370999986, -6.86436596599998 ] ] ] } },
{ "type": "Feature", "properties": { "Mz": "060105000900000", "UBIGEO": "060105", "AREA": "2", "CODCCPP": "0009", "ZONA": "00000", "MANZANA_ID": null, "MANZANA_A": null, "T_TOTAL": 195.0, "T_HOMBRES": 88.0, "T_MUJERES": 107.0, "LLAVE_MZS": "060105000900000", "contacto": "juan.suyo@geogpsperu.com", "descargar": "www.geogpsperu.com", "whatsapp": 931381206.0, "NOMBDEP": "CAJAMARCA", "NOMBPROV": "CAJAMARCA", "IDPROV": "0601", "ARCHIVO": "CAJAMARCA_CAJAMARCA_0601_Manzanas_Poblacion_JP_SuyoPomalia_geogpsperu_931381206" }, "geometry": { "type": "Polygon", "coordinates": [ [ [ -78.479996704999962, -6.86206429899994 ], [ -78.479917367999974, -6.862074885999959 ], [ -78.479839278999975, -6.862092439999969 ], [ -78.479763046999949, -6.862116822999951 ], [ -78.479689269999938, -6.862147843999935 ], [ -78.479618523999989, -6.862185260999979 ], [ -78.479551363999974, -6.862228779999953 ], [ -78.479488315999959, -6.862278059999937 ], [ -78.479429871999969, -6.862332716999958 ], [ -78.479376489999936, -6.862392322999938 ], [ -78.479328587999987, -6.862456409999936 ], [ -78.479286539999976, -6.862524477999955 ], [ -78.479250675999936, -6.862595993999946 ], [ -78.479221276999965, -6.862670396999931 ], [ -78.479198572999962, -6.862747106999961 ], [ -78.479182739999942, -6.862825520999934 ], [ -78.479173903999936, -6.862905026999954 ], [ -78.479172132999963, -6.862985002999949 ], [ -78.47917744199998, -6.863064821999956 ], [ -78.479189787999985, -6.86314385999998 ], [ -78.479209074999972, -6.863221496999927 ], [ -78.479235151999944, -6.863297127999942 ], [ -78.479267814999957, -6.863370158999942 ], [ -78.479306808999979, -6.863440018999938 ], [ -78.479351827999949, -6.863506161999965 ], [ -78.479402518999962, -6.863568068999939 ], [ -78.479458486999988, -6.863625256999967 ], [ -78.479519292999953, -6.863677276999965 ], [ -78.479584460999945, -6.863723721999975 ], [ -78.479653480999957, -6.863764228999969 ], [ -78.479725813999949, -6.863798481999936 ], [ -78.479800891999957, -6.863826210999946 ], [ -78.479878128999985, -6.863847199999952 ], [ -78.47995691899996, -6.863861284999928 ], [ -78.480036646999963, -6.863868354999966 ], [ -78.480116686999963, -6.863868354999966 ], [ -78.480196414999966, -6.863861284999928 ], [ -78.480275204999941, -6.863847199999952 ], [ -78.480352441999969, -6.863826210999946 ], [ -78.480427519999978, -6.863798481999936 ], [ -78.480499852999969, -6.863764228999969 ], [ -78.480568872999982, -6.863723721999975 ], [ -78.480634040999973, -6.863677276999965 ], [ -78.480694846999938, -6.863625256999967 ], [ -78.480750814999965, -6.863568068999939 ], [ -78.480801505999978, -6.863506161999965 ], [ -78.480846524999947, -6.863440018999938 ], [ -78.480885518999969, -6.863370158999942 ], [ -78.480918181999982, -6.863297127999942 ], [ -78.480944258999955, -6.863221496999927 ], [ -78.480963545999941, -6.86314385999998 ], [ -78.480975891999947, -6.863064821999956 ], [ -78.480981200999963, -6.862985002999949 ], [ -78.480979429999934, -6.862905026999954 ], [ -78.480970593999984, -6.862825520999934 ], [ -78.480954760999964, -6.862747106999961 ], [ -78.480932056999961, -6.862670396999931 ], [ -78.480902657999934, -6.862595993999946 ], [ -78.480866793999951, -6.862524477999955 ], [ -78.480824745999939, -6.862456409999936 ], [ -78.480776843999934, -6.862392322999938 ], [ -78.480723461999958, -6.862332716999958 ], [ -78.480665017999968, -6.862278059999937 ], [ -78.480601969999952, -6.862228779999953 ], [ -78.480534809999938, -6.862185260999979 ], [ -78.480464063999989, -6.862147843999935 ], [ -78.480390286999977, -6.862116822999951 ], [ -78.480314054999951, -6.862092439999969 ], [ -78.480235965999952, -6.862074885999959 ], [ -78.480156628999964, -6.86206429899994 ], [ -78.480076666999935, -6.862060759999963 ], [ -78.479996704999962, -6.86206429899994 ] ] ] } },
{ "type": "Feature", "properties": { "Mz": "060105001500000", "UBIGEO": "060105", "AREA": "2", "CODCCPP": "0015", "ZONA": "00000", "MANZANA_ID": null, "MANZANA_A": null, "T_TOTAL": 642.0, "T_HOMBRES": 297.0, "T_MUJERES": 345.0, "LLAVE_MZS": "060105001500000", "contacto": "juan.suyo@geogpsperu.com", "descargar": "www.geogpsperu.com", "whatsapp": 931381206.0, "NOMBDEP": "CAJAMARCA", "NOMBPROV": "CAJAMARCA", "IDPROV": "0601", "ARCHIVO": "CAJAMARCA_CAJAMARCA_0601_Manzanas_Poblacion_JP_SuyoPomalia_geogpsperu_931381206" }, "geometry": { "type": "Polygon", "coordinates": [ [ [ -78.525203371999964, -6.862952632999963 ], [ -78.525124034999976, -6.862963219999926 ], [ -78.525045944999988, -6.862980773999936 ], [ -78.524969712999962, -6.863005156999975 ], [ -78.52489593599995, -6.863036177999959 ], [ -78.524825189999945, -6.863073594999946 ], [ -78.524758029999987, -6.863117113999976 ], [ -78.524694981999971, -6.863166393999961 ], [ -78.524636536999935, -6.863221050999925 ], [ -78.524583154999959, -6.863280656999962 ], [ -78.524535252999954, -6.86334474399996 ], [ -78.524493205999988, -6.863412811999979 ], [ -78.524457341999948, -6.86348432799997 ], [ -78.524427942999978, -6.863558730999955 ], [ -78.524405237999986, -6.863635440999929 ], [ -78.524389405999955, -6.863713854999958 ], [ -78.524380568999959, -6.863793360999978 ], [ -78.524378798999976, -6.863873336999973 ], [ -78.524384106999946, -6.86395315599998 ], [ -78.524396452999952, -6.864032193999947 ], [ -78.524415739999938, -6.864109830999951 ], [ -78.524441816999968, -6.864185461999966 ], [ -78.52447448099997, -6.864258492999966 ], [ -78.524513473999946, -6.864328352999962 ], [ -78.524558492999972, -6.864394495999932 ], [ -78.524609184999974, -6.864456402999963 ], [ -78.524665152999944, -6.864513590999934 ], [ -78.524725958999966, -6.864565610999932 ], [ -78.524791126999958, -6.864612055999942 ], [ -78.524860147999959, -6.864652562999936 ], [ -78.524932479999961, -6.86468681599996 ], [ -78.52500755799997, -6.86471454499997 ], [ -78.525084794999941, -6.864735533999976 ], [ -78.525163585999962, -6.864749618999952 ], [ -78.525243313999965, -6.864756688999933 ], [ -78.525323353999966, -6.864756688999933 ], [ -78.525403081999968, -6.864749618999952 ], [ -78.525481873, -6.864735533999976 ], [ -78.525559109999961, -6.86471454499997 ], [ -78.52563418799997, -6.86468681599996 ], [ -78.525706519999972, -6.864652562999936 ], [ -78.525775540999973, -6.864612055999942 ], [ -78.525840708999965, -6.864565610999932 ], [ -78.525901514999987, -6.864513590999934 ], [ -78.525957482999956, -6.864456402999963 ], [ -78.526008174999959, -6.864394495999932 ], [ -78.526053193999985, -6.864328352999962 ], [ -78.526092186999961, -6.864258492999966 ], [ -78.526124850999963, -6.864185461999966 ], [ -78.526150927999936, -6.864109830999951 ], [ -78.526170214999979, -6.864032193999947 ], [ -78.526182560999985, -6.86395315599998 ], [ -78.526187868999955, -6.863873336999973 ], [ -78.526186098999972, -6.863793360999978 ], [ -78.526177261999976, -6.863713854999958 ], [ -78.526161429999945, -6.863635440999929 ], [ -78.526138724999953, -6.863558730999955 ], [ -78.526109325999983, -6.86348432799997 ], [ -78.526073461999943, -6.863412811999979 ], [ -78.526031414999977, -6.86334474399996 ], [ -78.525983512999971, -6.863280656999962 ], [ -78.525930130999939, -6.863221050999925 ], [ -78.525871685999959, -6.863166393999961 ], [ -78.525808637999944, -6.863117113999976 ], [ -78.525741477999986, -6.863073594999946 ], [ -78.52567073199998, -6.863036177999959 ], [ -78.525596954999969, -6.863005156999975 ], [ -78.525520722999943, -6.862980773999936 ], [ -78.525442632999955, -6.862963219999926 ], [ -78.525363295999966, -6.862952632999963 ], [ -78.525283333999937, -6.86294909399993 ], [ -78.525203371999964, -6.862952632999963 ] ] ] } },
{ "type": "Feature", "properties": { "Mz": "060105000400000", "UBIGEO": "060105", "AREA": "2", "CODCCPP": "0004", "ZONA": "00000", "MANZANA_ID": null, "MANZANA_A": null, "T_TOTAL": 693.0, "T_HOMBRES": 328.0, "T_MUJERES": 365.0, "LLAVE_MZS": "060105000400000", "contacto": "juan.suyo@geogpsperu.com", "descargar": "www.geogpsperu.com", "whatsapp": 931381206.0, "NOMBDEP": "CAJAMARCA", "NOMBPROV": "CAJAMARCA", "IDPROV": "0601", "ARCHIVO": "CAJAMARCA_CAJAMARCA_0601_Manzanas_Poblacion_JP_SuyoPomalia_geogpsperu_931381206" }, "geometry": { "type": "Polygon", "coordinates": [ [ [ -78.520536708999941, -6.839214297999945 ], [ -78.520457375999968, -6.839224884999965 ], [ -78.520379289999937, -6.839242438999975 ], [ -78.520303061999982, -6.839266821999956 ], [ -78.520229287999939, -6.83929784299994 ], [ -78.520158545999948, -6.839335259999928 ], [ -78.520091388999958, -6.839378778999958 ], [ -78.520028343999968, -6.839428059999932 ], [ -78.519969901999957, -6.839482716999953 ], [ -78.519916522999949, -6.839542321999943 ], [ -78.519868622999979, -6.839606409999931 ], [ -78.519826577999936, -6.839674477999949 ], [ -78.519790715999989, -6.839745992999951 ], [ -78.519761317999951, -6.839820396999926 ], [ -78.519738613999948, -6.839897105999967 ], [ -78.519722782999963, -6.839975520999928 ], [ -78.519713946999957, -6.840055026999948 ], [ -78.519712175999985, -6.840135002999943 ], [ -78.519717483999955, -6.84021482199995 ], [ -78.51972982999996, -6.840293859999974 ], [ -78.519749115999957, -6.840371497999968 ], [ -78.51977519199994, -6.840447127999937 ], [ -78.519807853999964, -6.840520159999926 ], [ -78.519846844999961, -6.840590019999979 ], [ -78.519891861999952, -6.840656161999959 ], [ -78.519942550999986, -6.84071806999998 ], [ -78.519998515999987, -6.840775256999962 ], [ -78.520059318999984, -6.84082727699996 ], [ -78.52012448399995, -6.840873722999959 ], [ -78.520193500999937, -6.840914229999953 ], [ -78.520265829999971, -6.840948482999977 ], [ -78.520340904999955, -6.84097621199993 ], [ -78.520418137999968, -6.840997200999936 ], [ -78.520496924999975, -6.841011285999969 ], [ -78.520576647999974, -6.84101835599995 ], [ -78.520656685999938, -6.84101835599995 ], [ -78.520736408999937, -6.841011285999969 ], [ -78.520815195999944, -6.840997200999936 ], [ -78.520892428999957, -6.84097621199993 ], [ -78.520967503999941, -6.840948482999977 ], [ -78.521039832999975, -6.840914229999953 ], [ -78.521108849999962, -6.840873722999959 ], [ -78.521174014999986, -6.84082727699996 ], [ -78.521234817999982, -6.840775256999962 ], [ -78.521290782999984, -6.84071806999998 ], [ -78.521341471999961, -6.840656161999959 ], [ -78.521386488999951, -6.840590019999979 ], [ -78.521425479999948, -6.840520159999926 ], [ -78.521458141999972, -6.840447127999937 ], [ -78.521484217999955, -6.840371497999968 ], [ -78.521503503999952, -6.840293859999974 ], [ -78.521515849999957, -6.84021482199995 ], [ -78.521521157999985, -6.840135002999943 ], [ -78.521519386999955, -6.840055026999948 ], [ -78.521510550999949, -6.839975520999928 ], [ -78.521494719999964, -6.839897105999967 ], [ -78.521472015999962, -6.839820396999926 ], [ -78.52144261799998, -6.839745992999951 ], [ -78.521406755999976, -6.839674477999949 ], [ -78.521364711, -6.839606409999931 ], [ -78.521316810999963, -6.839542321999943 ], [ -78.521263431999955, -6.839482716999953 ], [ -78.521204989999944, -6.839428059999932 ], [ -78.521141944999954, -6.839378778999958 ], [ -78.521074787999964, -6.839335259999928 ], [ -78.521004045999973, -6.83929784299994 ], [ -78.520930271999987, -6.839266821999956 ], [ -78.520854043999975, -6.839242438999975 ], [ -78.520775957999945, -6.839224884999965 ], [ -78.520696624999971, -6.839214297999945 ], [ -78.520616666999956, -6.839210758999968 ], [ -78.520536708999941, -6.839214297999945 ] ] ] } },
{ "type": "Feature", "properties": { "Mz": "060105012100000", "UBIGEO": "060105", "AREA": "2", "CODCCPP": "0121", "ZONA": "00000", "MANZANA_ID": null, "MANZANA_A": null, "T_TOTAL": 28.0, "T_HOMBRES": 12.0, "T_MUJERES": 16.0, "LLAVE_MZS": "060105012100000", "contacto": "juan.suyo@geogpsperu.com", "descargar": "www.geogpsperu.com", "whatsapp": 931381206.0, "NOMBDEP": "CAJAMARCA", "NOMBPROV": "CAJAMARCA", "IDPROV": "0601", "ARCHIVO": "CAJAMARCA_CAJAMARCA_0601_Manzanas_Poblacion_JP_SuyoPomalia_geogpsperu_931381206" }, "geometry": { "type": "Polygon", "coordinates": [ [ [ -78.519056909999961, -6.937574870999981 ], [ -78.518977560999986, -6.937585458999934 ], [ -78.518899458999954, -6.937603012999944 ], [ -78.518823214999941, -6.937627395999925 ], [ -78.518749425999943, -6.937658416999966 ], [ -78.518678669999986, -6.937695832999964 ], [ -78.518611498999974, -6.937739351999937 ], [ -78.51854844099995, -6.937788631999979 ], [ -78.518489986999953, -6.937843288999943 ], [ -78.518436596999948, -6.937902894999979 ], [ -78.51838868699997, -6.937966981999978 ], [ -78.518346632999965, -6.938035049999939 ], [ -78.518310763999978, -6.938106564999941 ], [ -78.518281359999946, -6.938180967999926 ], [ -78.51825865099994, -6.938257676999967 ], [ -78.518242816999987, -6.938336091999929 ], [ -78.518233978999945, -6.93841559699996 ], [ -78.518232207999972, -6.938495572999955 ], [ -78.518237516999989, -6.938575390999972 ], [ -78.518249864999973, -6.938654428999939 ], [ -78.518269154999984, -6.938732066999933 ], [ -78.518295236999961, -6.938807696999959 ], [ -78.518327904999978, -6.938880727999958 ], [ -78.518366904999937, -6.938950587999955 ], [ -78.518411930999946, -6.939016729999935 ], [ -78.518462629999988, -6.939078636999966 ], [ -78.518518606999976, -6.939135823999948 ], [ -78.518579422999949, -6.939187843999946 ], [ -78.518644600999949, -6.939234289999945 ], [ -78.518713631999958, -6.939274796999939 ], [ -78.518785975999947, -6.939309048999974 ], [ -78.518861065999943, -6.939336777999927 ], [ -78.518938314999957, -6.939357766999933 ], [ -78.519017117999965, -6.939371851999965 ], [ -78.519096857999955, -6.939378921999946 ], [ -78.519176911999978, -6.939378921999946 ], [ -78.519256651999967, -6.939371851999965 ], [ -78.519335454999975, -6.939357766999933 ], [ -78.519412704, -6.939336777999927 ], [ -78.519487793999986, -6.939309048999974 ], [ -78.519560137999974, -6.939274796999939 ], [ -78.519629168999984, -6.939234289999945 ], [ -78.519694346999984, -6.939187843999946 ], [ -78.519755162999957, -6.939135823999948 ], [ -78.519811139999945, -6.939078636999966 ], [ -78.519861838999987, -6.939016729999935 ], [ -78.519906864999939, -6.938950587999955 ], [ -78.519945864999954, -6.938880727999958 ], [ -78.519978532999971, -6.938807696999959 ], [ -78.520004614999948, -6.938732066999933 ], [ -78.52002390499996, -6.938654428999939 ], [ -78.520036252999944, -6.938575390999972 ], [ -78.52004156199996, -6.938495572999955 ], [ -78.520039790999988, -6.93841559699996 ], [ -78.520030952999946, -6.938336091999929 ], [ -78.520015118999936, -6.938257676999967 ], [ -78.519992409999986, -6.938180967999926 ], [ -78.519963005999955, -6.938106564999941 ], [ -78.519927136999968, -6.938035049999939 ], [ -78.519885082999963, -6.937966981999978 ], [ -78.519837172999985, -6.937902894999979 ], [ -78.51978378299998, -6.937843288999943 ], [ -78.519725328999982, -6.937788631999979 ], [ -78.519662270999959, -6.937739351999937 ], [ -78.519595099999947, -6.937695832999964 ], [ -78.519524344, -6.937658416999966 ], [ -78.519450554999935, -6.937627395999925 ], [ -78.519374310999979, -6.937603012999944 ], [ -78.519296208999947, -6.937585458999934 ], [ -78.519216859999972, -6.937574870999981 ], [ -78.519136884999966, -6.937571332999937 ], [ -78.519056909999961, -6.937574870999981 ] ] ] } },
{ "type": "Feature", "properties": { "Mz": "060105000300000", "UBIGEO": "060105", "AREA": "2", "CODCCPP": "0003", "ZONA": "00000", "MANZANA_ID": null, "MANZANA_A": null, "T_TOTAL": 433.0, "T_HOMBRES": 202.0, "T_MUJERES": 231.0, "LLAVE_MZS": "060105000300000", "contacto": "juan.suyo@geogpsperu.com", "descargar": "www.geogpsperu.com", "whatsapp": 931381206.0, "NOMBDEP": "CAJAMARCA", "NOMBPROV": "CAJAMARCA", "IDPROV": "0601", "ARCHIVO": "CAJAMARCA_CAJAMARCA_0601_Manzanas_Poblacion_JP_SuyoPomalia_geogpsperu_931381206" }, "geometry": { "type": "Polygon", "coordinates": [ [ [ -78.517290043999935, -6.827430963999973 ], [ -78.51721071299994, -6.827441551999925 ], [ -78.517132628999946, -6.827459105999935 ], [ -78.51705640299997, -6.827483488999974 ], [ -78.516982630999962, -6.827514509999958 ], [ -78.51691188999996, -6.827551925999956 ], [ -78.51684473499995, -6.827595444999929 ], [ -78.516781690999949, -6.82764472599996 ], [ -78.516723250999974, -6.827699382999981 ], [ -78.516669872999955, -6.82775898899996 ], [ -78.516621973999975, -6.827823076999948 ], [ -78.516579929999978, -6.827891144999967 ], [ -78.516544068999963, -6.827962659999969 ], [ -78.516514671999971, -6.828037063999943 ], [ -78.516491968999958, -6.828113772999927 ], [ -78.516476137999973, -6.828192187999946 ], [ -78.516467301999967, -6.828271693999966 ], [ -78.516465530999938, -6.828351669999961 ], [ -78.516470838999965, -6.828431488999968 ], [ -78.51648318499997, -6.828510526999935 ], [ -78.516502469999978, -6.828588164999928 ], [ -78.516528545999961, -6.828663794999954 ], [ -78.516561205999949, -6.828736826999943 ], [ -78.516600196999946, -6.82880668699994 ], [ -78.516645212999947, -6.828872829999966 ], [ -78.516695900999935, -6.82893473699994 ], [ -78.516751864999947, -6.828991924999968 ], [ -78.516812665999964, -6.829043944999967 ], [ -78.516877828999952, -6.829090389999976 ], [ -78.51694684499995, -6.82913089799996 ], [ -78.517019171999948, -6.829165149999938 ], [ -78.517094244999953, -6.829192878999947 ], [ -78.517171475999987, -6.829213867999954 ], [ -78.517250260999958, -6.829227952999929 ], [ -78.517329981999978, -6.829235022999967 ], [ -78.517410017999964, -6.829235022999967 ], [ -78.517489738999984, -6.829227952999929 ], [ -78.517568523999955, -6.829213867999954 ], [ -78.517645755, -6.829192878999947 ], [ -78.517720827999938, -6.829165149999938 ], [ -78.517793154999936, -6.82913089799996 ], [ -78.517862170999933, -6.829090389999976 ], [ -78.517927333999978, -6.829043944999967 ], [ -78.517988134999939, -6.828991924999968 ], [ -78.518044098999951, -6.82893473699994 ], [ -78.518094786999939, -6.828872829999966 ], [ -78.51813980299994, -6.82880668699994 ], [ -78.518178793999937, -6.828736826999943 ], [ -78.518211453999982, -6.828663794999954 ], [ -78.518237529999965, -6.828588164999928 ], [ -78.518256814999972, -6.828510526999935 ], [ -78.518269160999978, -6.828431488999968 ], [ -78.518274468999948, -6.828351669999961 ], [ -78.518272697999976, -6.828271693999966 ], [ -78.518263861999969, -6.828192187999946 ], [ -78.518248030999985, -6.828113772999927 ], [ -78.518225327999971, -6.828037063999943 ], [ -78.51819593099998, -6.827962659999969 ], [ -78.518160069999965, -6.827891144999967 ], [ -78.518118025999968, -6.827823076999948 ], [ -78.518070126999987, -6.82775898899996 ], [ -78.518016748999969, -6.827699382999981 ], [ -78.517958308999937, -6.82764472599996 ], [ -78.517895264999936, -6.827595444999929 ], [ -78.517828109999982, -6.827551925999956 ], [ -78.51775736899998, -6.827514509999958 ], [ -78.517683596999973, -6.827483488999974 ], [ -78.51760737099994, -6.827459105999935 ], [ -78.517529286999945, -6.827441551999925 ], [ -78.51744995599995, -6.827430963999973 ], [ -78.51737, -6.827427425999929 ], [ -78.517290043999935, -6.827430963999973 ] ] ] } },
{ "type": "Feature", "properties": { "Mz": "060105011800000", "UBIGEO": "060105", "AREA": "2", "CODCCPP": "0118", "ZONA": "00000", "MANZANA_ID": null, "MANZANA_A": null, "T_TOTAL": 54.0, "T_HOMBRES": 25.0, "T_MUJERES": 29.0, "LLAVE_MZS": "060105011800000", "contacto": "juan.suyo@geogpsperu.com", "descargar": "www.geogpsperu.com", "whatsapp": 931381206.0, "NOMBDEP": "CAJAMARCA", "NOMBPROV": "CAJAMARCA", "IDPROV": "0601", "ARCHIVO": "CAJAMARCA_CAJAMARCA_0601_Manzanas_Poblacion_JP_SuyoPomalia_geogpsperu_931381206" }, "geometry": { "type": "Polygon", "coordinates": [ [ [ -78.551063519999957, -6.910688910999966 ], [ -78.55098417499994, -6.910699498999975 ], [ -78.550906077999969, -6.910717052999928 ], [ -78.55082983799997, -6.910741435999967 ], [ -78.550756052999986, -6.91077245699995 ], [ -78.550685300999987, -6.910809872999948 ], [ -78.550618134, -6.910853391999979 ], [ -78.550555078999935, -6.910902672999953 ], [ -78.550496628999952, -6.910957329999974 ], [ -78.550443240999982, -6.911016934999964 ], [ -78.550395333999973, -6.911081021999962 ], [ -78.550353282999936, -6.911149089999981 ], [ -78.550317414999938, -6.911220605999972 ], [ -78.550288012999943, -6.911295008999957 ], [ -78.550265305999972, -6.911371717999941 ], [ -78.550249471999962, -6.91145013199997 ], [ -78.550240634999966, -6.911529637999934 ], [ -78.550238863999937, -6.911609613999929 ], [ -78.550244172999953, -6.911689432999935 ], [ -78.550256519999948, -6.91176846999997 ], [ -78.55027580899997, -6.911846107999963 ], [ -78.550301888999968, -6.911921737999933 ], [ -78.550334555999939, -6.911994768999932 ], [ -78.550373552999986, -6.912064628999929 ], [ -78.550418576999959, -6.912130771999955 ], [ -78.550469273999965, -6.912192678999929 ], [ -78.550525246999939, -6.912249865999968 ], [ -78.550586058999954, -6.912301885999966 ], [ -78.550651233999986, -6.912348330999976 ], [ -78.550720260999981, -6.912388838999959 ], [ -78.550792600999955, -6.912423090999937 ], [ -78.550867686999936, -6.912450819999947 ], [ -78.550944930999947, -6.912471808999953 ], [ -78.55102372999994, -6.912485893999929 ], [ -78.551103465999972, -6.912492963999966 ], [ -78.551183513999945, -6.912492963999966 ], [ -78.551263249999977, -6.912485893999929 ], [ -78.55134204899997, -6.912471808999953 ], [ -78.551419292999981, -6.912450819999947 ], [ -78.551494378999962, -6.912423090999937 ], [ -78.551566718999936, -6.912388838999959 ], [ -78.551635745999988, -6.912348330999976 ], [ -78.551700920999963, -6.912301885999966 ], [ -78.551761732999978, -6.912249865999968 ], [ -78.551817705999952, -6.912192678999929 ], [ -78.551868402999958, -6.912130771999955 ], [ -78.551913426999988, -6.912064628999929 ], [ -78.551952423999978, -6.911994768999932 ], [ -78.551985090999949, -6.911921737999933 ], [ -78.552011170999947, -6.911846107999963 ], [ -78.552030459999969, -6.91176846999997 ], [ -78.552042806999964, -6.911689432999935 ], [ -78.55204811599998, -6.911609613999929 ], [ -78.552046344999951, -6.911529637999934 ], [ -78.552037507999955, -6.91145013199997 ], [ -78.552021673999946, -6.911371717999941 ], [ -78.551998966999975, -6.911295008999957 ], [ -78.551969564999979, -6.911220605999972 ], [ -78.551933696999981, -6.911149089999981 ], [ -78.551891645999945, -6.911081021999962 ], [ -78.551843738999935, -6.911016934999964 ], [ -78.551790350999966, -6.910957329999974 ], [ -78.551731900999982, -6.910902672999953 ], [ -78.551668845999984, -6.910853391999979 ], [ -78.551601678999987, -6.910809872999948 ], [ -78.551530926999988, -6.91077245699995 ], [ -78.551457141999947, -6.910741435999967 ], [ -78.551380901999948, -6.910717052999928 ], [ -78.551302804999978, -6.910699498999975 ], [ -78.55122345999996, -6.910688910999966 ], [ -78.551143489999959, -6.910685372999978 ], [ -78.551063519999957, -6.910688910999966 ] ] ] } },
{ "type": "Feature", "properties": { "Mz": "060105001600000", "UBIGEO": "060105", "AREA": "2", "CODCCPP": "0016", "ZONA": "00000", "MANZANA_ID": null, "MANZANA_A": null, "T_TOTAL": 16.0, "T_HOMBRES": 9.0, "T_MUJERES": 7.0, "LLAVE_MZS": "060105001600000", "contacto": "juan.suyo@geogpsperu.com", "descargar": "www.geogpsperu.com", "whatsapp": 931381206.0, "NOMBDEP": "CAJAMARCA", "NOMBPROV": "CAJAMARCA", "IDPROV": "0601", "ARCHIVO": "CAJAMARCA_CAJAMARCA_0601_Manzanas_Poblacion_JP_SuyoPomalia_geogpsperu_931381206" }, "geometry": { "type": "Polygon", "coordinates": [ [ [ -78.578643366999984, -6.884832632999974 ], [ -78.57856402699997, -6.884843220999926 ], [ -78.578485932999968, -6.884860774999936 ], [ -78.578409697999973, -6.884885157999975 ], [ -78.578335916999947, -6.884916178999958 ], [ -78.578265167999973, -6.884953594999956 ], [ -78.578198004999933, -6.88499711399993 ], [ -78.57813495399995, -6.885046394999961 ], [ -78.578076506999935, -6.885101051999925 ], [ -78.578023121999934, -6.885160656999972 ], [ -78.577975217999949, -6.88522474499996 ], [ -78.577933167999959, -6.885292812999978 ], [ -78.577897302999986, -6.88536432799998 ], [ -78.57786790199998, -6.885438731999955 ], [ -78.577845196999988, -6.885515440999939 ], [ -78.577829363999967, -6.885593854999968 ], [ -78.577820526999972, -6.885673360999931 ], [ -78.577818755999942, -6.885753336999926 ], [ -78.577824064999959, -6.885833155999933 ], [ -78.577836410999964, -6.885912192999967 ], [ -78.57785569899994, -6.885989830999961 ], [ -78.577881777999949, -6.886065461999976 ], [ -78.577914442999941, -6.886138492999976 ], [ -78.577953437999952, -6.886208352999972 ], [ -78.577998458999957, -6.886274494999952 ], [ -78.578049152999938, -6.886336402999973 ], [ -78.578105124, -6.886393589999955 ], [ -78.578165931999933, -6.886445609999953 ], [ -78.57823110399994, -6.886492054999962 ], [ -78.578300126999977, -6.886532562999946 ], [ -78.578372462999937, -6.886566814999981 ], [ -78.57844754499996, -6.886594543999934 ], [ -78.578524784999956, -6.88661553299994 ], [ -78.578603578999946, -6.886629617999972 ], [ -78.578683310999963, -6.886636687999953 ], [ -78.578763354999978, -6.886636687999953 ], [ -78.578843086999939, -6.886629617999972 ], [ -78.578921880999985, -6.88661553299994 ], [ -78.578999120999981, -6.886594543999934 ], [ -78.579074202999948, -6.886566814999981 ], [ -78.579146538999964, -6.886532562999946 ], [ -78.579215561999945, -6.886492054999962 ], [ -78.579280733999951, -6.886445609999953 ], [ -78.579341541999952, -6.886393589999955 ], [ -78.579397512999947, -6.886336402999973 ], [ -78.579448206999984, -6.886274494999952 ], [ -78.579493228, -6.886208352999972 ], [ -78.579532222999944, -6.886138492999976 ], [ -78.579564887999936, -6.886065461999976 ], [ -78.579590966999945, -6.885989830999961 ], [ -78.579610254999977, -6.885912192999967 ], [ -78.579622600999983, -6.885833155999933 ], [ -78.579627909999942, -6.885753336999926 ], [ -78.57962613899997, -6.885673360999931 ], [ -78.579617301999974, -6.885593854999968 ], [ -78.579601468999954, -6.885515440999939 ], [ -78.579578763999962, -6.885438731999955 ], [ -78.579549362999956, -6.88536432799998 ], [ -78.579513497999983, -6.885292812999978 ], [ -78.579471447999936, -6.88522474499996 ], [ -78.579423543999951, -6.885160656999972 ], [ -78.57937015899995, -6.885101051999925 ], [ -78.579311711999935, -6.885046394999961 ], [ -78.579248660999951, -6.88499711399993 ], [ -78.579181497999969, -6.884953594999956 ], [ -78.579110748999938, -6.884916178999958 ], [ -78.579036967999969, -6.884885157999975 ], [ -78.578960732999974, -6.884860774999936 ], [ -78.578882638999971, -6.884843220999926 ], [ -78.578803298999958, -6.884832632999974 ], [ -78.578723332999971, -6.88482909499993 ], [ -78.578643366999984, -6.884832632999974 ] ] ] } },
{ "type": "Feature", "properties": { "Mz": "060105000700000", "UBIGEO": "060105", "AREA": "2", "CODCCPP": "0007", "ZONA": "00000", "MANZANA_ID": null, "MANZANA_A": null, "T_TOTAL": 147.0, "T_HOMBRES": 71.0, "T_MUJERES": 76.0, "LLAVE_MZS": "060105000700000", "contacto": "juan.suyo@geogpsperu.com", "descargar": "www.geogpsperu.com", "whatsapp": 931381206.0, "NOMBDEP": "CAJAMARCA", "NOMBPROV": "CAJAMARCA", "IDPROV": "0601", "ARCHIVO": "CAJAMARCA_CAJAMARCA_0601_Manzanas_Poblacion_JP_SuyoPomalia_geogpsperu_931381206" }, "geometry": { "type": "Polygon", "coordinates": [ [ [ -78.556238373999975, -6.841785964999929 ], [ -78.556159040999944, -6.841796552999938 ], [ -78.55608095499997, -6.841814106999948 ], [ -78.556004725999969, -6.84183848899994 ], [ -78.555930951999983, -6.84186951099997 ], [ -78.555860209999935, -6.841906926999968 ], [ -78.555793052999945, -6.841950445999942 ], [ -78.555730006999966, -6.841999726999973 ], [ -78.555671564999955, -6.842054383999937 ], [ -78.555618184999958, -6.842113988999927 ], [ -78.555570284999988, -6.842178076999971 ], [ -78.555528238999955, -6.842246144999933 ], [ -78.55549237699995, -6.842317660999981 ], [ -78.555462978999969, -6.842392063999966 ], [ -78.555440275999956, -6.84246877299995 ], [ -78.555424443999982, -6.842547187999969 ], [ -78.555415607999976, -6.842626693999932 ], [ -78.555413836999946, -6.842706669999927 ], [ -78.555419145999963, -6.842786488999934 ], [ -78.555431490999979, -6.842865526999958 ], [ -78.555450776999976, -6.842943164999951 ], [ -78.555476853999949, -6.843018794999978 ], [ -78.555509514999983, -6.843091825999977 ], [ -78.555548506999969, -6.843161686999963 ], [ -78.55559352399996, -6.843227828999943 ], [ -78.555644213999983, -6.843289736999964 ], [ -78.555700178999984, -6.843346923999945 ], [ -78.555760981999981, -6.843398943999944 ], [ -78.555826147999937, -6.843445389999943 ], [ -78.555895164999981, -6.843485896999937 ], [ -78.555967493999958, -6.843520149999961 ], [ -78.556042569999988, -6.843547878999971 ], [ -78.556119802999945, -6.843568867999977 ], [ -78.556198589999951, -6.843582952999952 ], [ -78.55627831399994, -6.843590022999933 ], [ -78.556358351999961, -6.843590022999933 ], [ -78.556438075999949, -6.843582952999952 ], [ -78.556516862999956, -6.843568867999977 ], [ -78.556594095999969, -6.843547878999971 ], [ -78.556669171999943, -6.843520149999961 ], [ -78.556741500999976, -6.843485896999937 ], [ -78.556810517999963, -6.843445389999943 ], [ -78.556875683999976, -6.843398943999944 ], [ -78.556936486999973, -6.843346923999945 ], [ -78.556992451999974, -6.843289736999964 ], [ -78.557043141999941, -6.843227828999943 ], [ -78.557088158999989, -6.843161686999963 ], [ -78.557127150999975, -6.843091825999977 ], [ -78.557159811999952, -6.843018794999978 ], [ -78.557185888999982, -6.842943164999951 ], [ -78.557205174999979, -6.842865526999958 ], [ -78.557217519999938, -6.842786488999934 ], [ -78.557222828999954, -6.842706669999927 ], [ -78.557221057999982, -6.842626693999932 ], [ -78.557212221999976, -6.842547187999969 ], [ -78.557196389999945, -6.84246877299995 ], [ -78.557173686999988, -6.842392063999966 ], [ -78.55714428899995, -6.842317660999981 ], [ -78.557108426999946, -6.842246144999933 ], [ -78.55706638099997, -6.842178076999971 ], [ -78.557018480999943, -6.842113988999927 ], [ -78.556965100999946, -6.842054383999937 ], [ -78.556906658999935, -6.841999726999973 ], [ -78.556843612999955, -6.841950445999942 ], [ -78.556776455999966, -6.841906926999968 ], [ -78.556705713999975, -6.84186951099997 ], [ -78.556631939999988, -6.84183848899994 ], [ -78.556555710999987, -6.841814106999948 ], [ -78.556477624999957, -6.841796552999938 ], [ -78.556398291999983, -6.841785964999929 ], [ -78.556318332999979, -6.841782425999952 ], [ -78.556238373999975, -6.841785964999929 ] ] ] } },
{ "type": "Feature", "properties": { "Mz": "060105002100000", "UBIGEO": "060105", "AREA": "2", "CODCCPP": "0021", "ZONA": "00000", "MANZANA_ID": null, "MANZANA_A": null, "T_TOTAL": 42.0, "T_HOMBRES": 20.0, "T_MUJERES": 22.0, "LLAVE_MZS": "060105002100000", "contacto": "juan.suyo@geogpsperu.com", "descargar": "www.geogpsperu.com", "whatsapp": 931381206.0, "NOMBDEP": "CAJAMARCA", "NOMBPROV": "CAJAMARCA", "IDPROV": "0601", "ARCHIVO": "CAJAMARCA_CAJAMARCA_0601_Manzanas_Poblacion_JP_SuyoPomalia_geogpsperu_931381206" }, "geometry": { "type": "Polygon", "coordinates": [ [ [ -78.52913502499996, -6.939282635999973 ], [ -78.529055675999984, -6.939293222999936 ], [ -78.528977572999963, -6.939310776999946 ], [ -78.52890132899995, -6.939335159999928 ], [ -78.528827539999952, -6.939366180999968 ], [ -78.528756782999949, -6.939403596999966 ], [ -78.528689611999937, -6.93944711599994 ], [ -78.528626552999981, -6.939496396999971 ], [ -78.528568099999973, -6.939551052999946 ], [ -78.528514708999978, -6.939610658999925 ], [ -78.528466798999943, -6.93967474599998 ], [ -78.528424744999938, -6.939742813999942 ], [ -78.528388875999951, -6.939814328999944 ], [ -78.528359471999977, -6.939888731999929 ], [ -78.52833676299997, -6.93996544099997 ], [ -78.528320927999971, -6.940043855999932 ], [ -78.528312090999975, -6.940123360999962 ], [ -78.528310319999946, -6.940203336999957 ], [ -78.528315628999962, -6.940283154999975 ], [ -78.528327976999947, -6.940362192999942 ], [ -78.528347266999958, -6.940439830999935 ], [ -78.528373348999935, -6.940515460999961 ], [ -78.528406016999952, -6.940588491999961 ], [ -78.528445016999967, -6.940658351999957 ], [ -78.528490042999977, -6.940724493999937 ], [ -78.528540742999951, -6.940786400999968 ], [ -78.528596719999939, -6.94084358799995 ], [ -78.528657535999969, -6.940895607999948 ], [ -78.528722713999969, -6.940942053999947 ], [ -78.528791745999968, -6.940982560999942 ], [ -78.528864089999956, -6.941016812999976 ], [ -78.528939179999952, -6.941044541999929 ], [ -78.529016428999967, -6.941065530999936 ], [ -78.529095232999964, -6.941079615999968 ], [ -78.529174972999954, -6.941086685999949 ], [ -78.529255026999977, -6.941086685999949 ], [ -78.529334766999966, -6.941079615999968 ], [ -78.529413570999964, -6.941065530999936 ], [ -78.529490819999978, -6.941044541999929 ], [ -78.529565909999974, -6.941016812999976 ], [ -78.529638253999963, -6.940982560999942 ], [ -78.529707285999962, -6.940942053999947 ], [ -78.529772463999961, -6.940895607999948 ], [ -78.529833279999934, -6.94084358799995 ], [ -78.529889256999979, -6.940786400999968 ], [ -78.529939956999954, -6.940724493999937 ], [ -78.529984982999963, -6.940658351999957 ], [ -78.530023982999978, -6.940588491999961 ], [ -78.530056650999938, -6.940515460999961 ], [ -78.530082732999972, -6.940439830999935 ], [ -78.530102022999984, -6.940362192999942 ], [ -78.530114370999968, -6.940283154999975 ], [ -78.530119679999984, -6.940203336999957 ], [ -78.530117908999955, -6.940123360999962 ], [ -78.530109071999959, -6.940043855999932 ], [ -78.53009323699996, -6.93996544099997 ], [ -78.530070527999953, -6.939888731999929 ], [ -78.530041123999979, -6.939814328999944 ], [ -78.530005254999935, -6.939742813999942 ], [ -78.529963200999987, -6.93967474599998 ], [ -78.529915290999952, -6.939610658999925 ], [ -78.529861899999958, -6.939551052999946 ], [ -78.529803446999949, -6.939496396999971 ], [ -78.529740387999937, -6.93944711599994 ], [ -78.529673216999981, -6.939403596999966 ], [ -78.529602459999978, -6.939366180999968 ], [ -78.52952867099998, -6.939335159999928 ], [ -78.529452426999967, -6.939310776999946 ], [ -78.529374323999946, -6.939293222999936 ], [ -78.529294974999971, -6.939282635999973 ], [ -78.529215, -6.93927909699994 ], [ -78.52913502499996, -6.939282635999973 ] ] ] } },
{ "type": "Feature", "properties": { "Mz": "060105001900000", "UBIGEO": "060105", "AREA": "2", "CODCCPP": "0019", "ZONA": "00000", "MANZANA_ID": null, "MANZANA_A": null, "T_TOTAL": 128.0, "T_HOMBRES": 57.0, "T_MUJERES": 71.0, "LLAVE_MZS": "060105001900000", "contacto": "juan.suyo@geogpsperu.com", "descargar": "www.geogpsperu.com", "whatsapp": 931381206.0, "NOMBDEP": "CAJAMARCA", "NOMBPROV": "CAJAMARCA", "IDPROV": "0601", "ARCHIVO": "CAJAMARCA_CAJAMARCA_0601_Manzanas_Poblacion_JP_SuyoPomalia_geogpsperu_931381206" }, "geometry": { "type": "Polygon", "coordinates": [ [ [ -78.538470016999952, -6.916619275999949 ], [ -78.538390670999945, -6.916629862999969 ], [ -78.538312572999985, -6.916647416999979 ], [ -78.53823633199994, -6.916671799999961 ], [ -78.538162545999967, -6.916702820999944 ], [ -78.538091792999978, -6.916740236999942 ], [ -78.538024624999935, -6.916783755999973 ], [ -78.537961568999947, -6.916833036999947 ], [ -78.537903118999964, -6.916887693999968 ], [ -78.537849730999937, -6.916947298999958 ], [ -78.537801822999938, -6.917011386999945 ], [ -78.537759770999969, -6.917079453999975 ], [ -78.537723902999971, -6.917150969999966 ], [ -78.537694499999986, -6.917225372999951 ], [ -78.537671792999959, -6.917302081999935 ], [ -78.537655958999949, -6.917380495999964 ], [ -78.537647121999953, -6.917460001999927 ], [ -78.537645350999981, -6.917539977999979 ], [ -78.53765065999994, -6.917619796999929 ], [ -78.537663006999935, -6.917698833999964 ], [ -78.537682296999947, -6.917776471999957 ], [ -78.537708376999944, -6.917852101999927 ], [ -78.537741043999972, -6.917925132999926 ], [ -78.537780041999952, -6.917994992999979 ], [ -78.537825065999982, -6.918061135999949 ], [ -78.537875762999988, -6.91812304299998 ], [ -78.537931736999951, -6.918180229999962 ], [ -78.537992549999956, -6.91823224999996 ], [ -78.538057725999977, -6.91827869499997 ], [ -78.538126753999961, -6.918319202999953 ], [ -78.538199094999982, -6.918353454999931 ], [ -78.538274180999963, -6.918381183999941 ], [ -78.538351426999952, -6.918402172999947 ], [ -78.538430225999946, -6.918416257999979 ], [ -78.538509962999967, -6.91842332799996 ], [ -78.538590012999975, -6.91842332799996 ], [ -78.53866974999994, -6.918416257999979 ], [ -78.538748548999934, -6.918402172999947 ], [ -78.53882579499998, -6.918381183999941 ], [ -78.538900880999961, -6.918353454999931 ], [ -78.538973221999981, -6.918319202999953 ], [ -78.539042249999966, -6.91827869499997 ], [ -78.539107425999987, -6.91823224999996 ], [ -78.539168238999935, -6.918180229999962 ], [ -78.539224212999954, -6.91812304299998 ], [ -78.539274909999961, -6.918061135999949 ], [ -78.539319933999934, -6.917994992999979 ], [ -78.539358931999971, -6.917925132999926 ], [ -78.539391598999941, -6.917852101999927 ], [ -78.539417678999939, -6.917776471999957 ], [ -78.539436968999951, -6.917698833999964 ], [ -78.539449315999946, -6.917619796999929 ], [ -78.539454624999962, -6.917539977999979 ], [ -78.539452854, -6.917460001999927 ], [ -78.539444016999937, -6.917380495999964 ], [ -78.539428182999984, -6.917302081999935 ], [ -78.539405475999956, -6.917225372999951 ], [ -78.539376072999971, -6.917150969999966 ], [ -78.539340204999974, -6.917079453999975 ], [ -78.539298152999947, -6.917011386999945 ], [ -78.539250244999948, -6.916947298999958 ], [ -78.539196856999979, -6.916887693999968 ], [ -78.539138406999939, -6.916833036999947 ], [ -78.539075350999951, -6.916783755999973 ], [ -78.539008182999964, -6.916740236999942 ], [ -78.538937429999976, -6.916702820999944 ], [ -78.538863643999946, -6.916671799999961 ], [ -78.538787402999958, -6.916647416999979 ], [ -78.538709304999941, -6.916629862999969 ], [ -78.538629958999934, -6.916619275999949 ], [ -78.538549987999943, -6.916615736999972 ], [ -78.538470016999952, -6.916619275999949 ] ] ] } },
{ "type": "Feature", "properties": { "Mz": "060105001800000", "UBIGEO": "060105", "AREA": "2", "CODCCPP": "0018", "ZONA": "00000", "MANZANA_ID": null, "MANZANA_A": null, "T_TOTAL": 99.0, "T_HOMBRES": 48.0, "T_MUJERES": 51.0, "LLAVE_MZS": "060105001800000", "contacto": "juan.suyo@geogpsperu.com", "descargar": "www.geogpsperu.com", "whatsapp": 931381206.0, "NOMBDEP": "CAJAMARCA", "NOMBPROV": "CAJAMARCA", "IDPROV": "0601", "ARCHIVO": "CAJAMARCA_CAJAMARCA_0601_Manzanas_Poblacion_JP_SuyoPomalia_geogpsperu_931381206" }, "geometry": { "type": "Polygon", "coordinates": [ [ [ -78.537488363999955, -6.907165966999969 ], [ -78.537409019999984, -6.907176554999978 ], [ -78.537330922999956, -6.907194108999931 ], [ -78.537254683999947, -6.90721849199997 ], [ -78.537180899999953, -6.907249512999954 ], [ -78.537110147999954, -6.907286928999952 ], [ -78.537042981999946, -6.907330447999925 ], [ -78.536979926999948, -6.907379728999956 ], [ -78.536921477999954, -6.907434385999977 ], [ -78.536868090999974, -6.907493990999967 ], [ -78.536820183999964, -6.907558077999965 ], [ -78.536778131999938, -6.907626145999927 ], [ -78.536742264999987, -6.907697661999975 ], [ -78.536712862999934, -6.907772064999961 ], [ -78.536690156999953, -6.907848773999945 ], [ -78.536674322999943, -6.907927187999974 ], [ -78.536665485999947, -6.908006693999937 ], [ -78.536663714999975, -6.908086669999932 ], [ -78.536669023999934, -6.908166488999939 ], [ -78.536681370999986, -6.908245525999973 ], [ -78.536700659999951, -6.908323163999967 ], [ -78.536726739999949, -6.908398793999936 ], [ -78.536759405999987, -6.908471824999936 ], [ -78.536798402999977, -6.908541684999932 ], [ -78.536843425999962, -6.908607827999958 ], [ -78.536894121999978, -6.908669734999933 ], [ -78.536950095999941, -6.908726921999971 ], [ -78.537010906999967, -6.908778941999969 ], [ -78.537076080999952, -6.908825387999968 ], [ -78.537145107999947, -6.908865894999963 ], [ -78.537217447999979, -6.90890014699994 ], [ -78.53729253299997, -6.90892787599995 ], [ -78.537369776999981, -6.908948864999957 ], [ -78.537448574999985, -6.908962949999932 ], [ -78.537528309999971, -6.90897001999997 ], [ -78.537608357999943, -6.90897001999997 ], [ -78.537688092999986, -6.908962949999932 ], [ -78.537766891, -6.908948864999957 ], [ -78.537844134999943, -6.90892787599995 ], [ -78.537919219999935, -6.90890014699994 ], [ -78.537991559999966, -6.908865894999963 ], [ -78.538060586999961, -6.908825387999968 ], [ -78.538125760999947, -6.908778941999969 ], [ -78.538186571999972, -6.908726921999971 ], [ -78.538242545999935, -6.908669734999933 ], [ -78.538293241999952, -6.908607827999958 ], [ -78.538338264999936, -6.908541684999932 ], [ -78.538377261999983, -6.908471824999936 ], [ -78.538409927999965, -6.908398793999936 ], [ -78.538436007999962, -6.908323163999967 ], [ -78.538455296999985, -6.908245525999973 ], [ -78.538467643999979, -6.908166488999939 ], [ -78.538472952999939, -6.908086669999932 ], [ -78.538471181999967, -6.908006693999937 ], [ -78.538462344999971, -6.907927187999974 ], [ -78.538446510999961, -6.907848773999945 ], [ -78.538423804999979, -6.907772064999961 ], [ -78.538394402999984, -6.907697661999975 ], [ -78.538358535999976, -6.907626145999927 ], [ -78.538316483999949, -6.907558077999965 ], [ -78.53826857699994, -6.907493990999967 ], [ -78.53821518999996, -6.907434385999977 ], [ -78.538156740999966, -6.907379728999956 ], [ -78.538093685999968, -6.907330447999925 ], [ -78.53802651999996, -6.907286928999952 ], [ -78.537955767999961, -6.907249512999954 ], [ -78.537881983999966, -6.90721849199997 ], [ -78.537805744999957, -6.907194108999931 ], [ -78.537727647999986, -6.907176554999978 ], [ -78.537648303999958, -6.907165966999969 ], [ -78.537568333999957, -6.907162428999925 ], [ -78.537488363999955, -6.907165966999969 ] ] ] } },
{ "type": "Feature", "properties": { "Mz": "060105011900000", "UBIGEO": "060105", "AREA": "2", "CODCCPP": "0119", "ZONA": "00000", "MANZANA_ID": null, "MANZANA_A": null, "T_TOTAL": 42.0, "T_HOMBRES": 17.0, "T_MUJERES": 25.0, "LLAVE_MZS": "060105011900000", "contacto": "juan.suyo@geogpsperu.com", "descargar": "www.geogpsperu.com", "whatsapp": 931381206.0, "NOMBDEP": "CAJAMARCA", "NOMBPROV": "CAJAMARCA", "IDPROV": "0601", "ARCHIVO": "CAJAMARCA_CAJAMARCA_0601_Manzanas_Poblacion_JP_SuyoPomalia_geogpsperu_931381206" }, "geometry": { "type": "Polygon", "coordinates": [ [ [ -78.539496966999934, -6.875779836999925 ], [ -78.539417627999967, -6.875790424999934 ], [ -78.539339535999943, -6.875807978999944 ], [ -78.539263301999938, -6.875832361999926 ], [ -78.539189522999948, -6.875863382999967 ], [ -78.539118774999963, -6.875900798999965 ], [ -78.53905161299997, -6.875944317999938 ], [ -78.538988562999975, -6.875993598999969 ], [ -78.53893011699995, -6.876048255999933 ], [ -78.538876733999984, -6.87610786099998 ], [ -78.538828829999943, -6.876171948999968 ], [ -78.538786780999942, -6.87624001699993 ], [ -78.538750916999959, -6.876311531999932 ], [ -78.538721516999942, -6.876385935999963 ], [ -78.538698810999961, -6.876462644999947 ], [ -78.538682978999987, -6.876541058999976 ], [ -78.538674141999934, -6.876620564999939 ], [ -78.538672370999961, -6.876700540999934 ], [ -78.538677679999978, -6.876780359999941 ], [ -78.538690025999983, -6.876859396999976 ], [ -78.538709313999959, -6.876937034999969 ], [ -78.538735391999978, -6.877012665999928 ], [ -78.538768055999981, -6.877085696999927 ], [ -78.538807050999935, -6.87715555699998 ], [ -78.538852070999951, -6.87722169999995 ], [ -78.538902763999943, -6.877283606999981 ], [ -78.538958732999959, -6.877340793999963 ], [ -78.539019540999959, -6.877392813999961 ], [ -78.539084710999987, -6.87743925999996 ], [ -78.539153732999978, -6.877479766999954 ], [ -78.539226067999948, -6.877514018999932 ], [ -78.539301147999936, -6.877541748999931 ], [ -78.539378386999942, -6.877562737999938 ], [ -78.539457179999943, -6.87757682199998 ], [ -78.539536908999935, -6.877583891999961 ], [ -78.53961695299995, -6.877583891999961 ], [ -78.539696681999942, -6.87757682199998 ], [ -78.539775474999942, -6.877562737999938 ], [ -78.539852713999949, -6.877541748999931 ], [ -78.539927793999937, -6.877514018999932 ], [ -78.540000128999964, -6.877479766999954 ], [ -78.540069150999955, -6.87743925999996 ], [ -78.540134320999982, -6.877392813999961 ], [ -78.540195128999983, -6.877340793999963 ], [ -78.540251097999942, -6.877283606999981 ], [ -78.540301790999933, -6.87722169999995 ], [ -78.540346810999949, -6.87715555699998 ], [ -78.540385805999961, -6.877085696999927 ], [ -78.540418469999963, -6.877012665999928 ], [ -78.540444547999982, -6.876937034999969 ], [ -78.540463835999958, -6.876859396999976 ], [ -78.540476181999964, -6.876780359999941 ], [ -78.54048149099998, -6.876700540999934 ], [ -78.540479719999951, -6.876620564999939 ], [ -78.540470882999955, -6.876541058999976 ], [ -78.540455050999981, -6.876462644999947 ], [ -78.540432344999942, -6.876385935999963 ], [ -78.540402944999983, -6.876311531999932 ], [ -78.540367080999943, -6.87624001699993 ], [ -78.540325031999942, -6.876171948999968 ], [ -78.540277127999957, -6.87610786099998 ], [ -78.540223744999935, -6.876048255999933 ], [ -78.540165298999966, -6.875993598999969 ], [ -78.540102248999972, -6.875944317999938 ], [ -78.540035086999978, -6.875900798999965 ], [ -78.539964338999937, -6.875863382999967 ], [ -78.539890559999947, -6.875832361999926 ], [ -78.539814325999942, -6.875807978999944 ], [ -78.539736233999975, -6.875790424999934 ], [ -78.539656894999951, -6.875779836999925 ], [ -78.539576930999942, -6.875776298999938 ], [ -78.539496966999934, -6.875779836999925 ] ] ] } },
{ "type": "Feature", "properties": { "Mz": "060105001200000", "UBIGEO": "060105", "AREA": "2", "CODCCPP": "0012", "ZONA": "00000", "MANZANA_ID": null, "MANZANA_A": null, "T_TOTAL": 138.0, "T_HOMBRES": 64.0, "T_MUJERES": 74.0, "LLAVE_MZS": "060105001200000", "contacto": "juan.suyo@geogpsperu.com", "descargar": "www.geogpsperu.com", "whatsapp": 931381206.0, "NOMBDEP": "CAJAMARCA", "NOMBPROV": "CAJAMARCA", "IDPROV": "0601", "ARCHIVO": "CAJAMARCA_CAJAMARCA_0601_Manzanas_Poblacion_JP_SuyoPomalia_geogpsperu_931381206" }, "geometry": { "type": "Polygon", "coordinates": [ [ [ -78.541738371999941, -6.856764297999973 ], [ -78.541659035999942, -6.856774885999926 ], [ -78.541580946999943, -6.856792439999936 ], [ -78.541504715999963, -6.856816822999974 ], [ -78.541430939999941, -6.856847843999958 ], [ -78.541360194999982, -6.856885259999956 ], [ -78.541293035999956, -6.856928778999929 ], [ -78.541229987999941, -6.85697805999996 ], [ -78.541171544999941, -6.857032716999981 ], [ -78.541118162999965, -6.857092322999961 ], [ -78.541070261999948, -6.857156409999959 ], [ -78.541028214999983, -6.857224477999978 ], [ -78.540992351999989, -6.857295993999969 ], [ -78.540962952999962, -6.857370396999954 ], [ -78.54094024799997, -6.857447106999928 ], [ -78.540924415999939, -6.857525520999957 ], [ -78.540915579999989, -6.857605026999977 ], [ -78.54091380899996, -6.857685002999972 ], [ -78.540919117999977, -6.857764821999979 ], [ -78.540931463999982, -6.857843859999946 ], [ -78.540950749999979, -6.857921497999939 ], [ -78.540976826999952, -6.857997127999965 ], [ -78.541009489999965, -6.858070158999965 ], [ -78.54104848299994, -6.858140018999961 ], [ -78.541093501999967, -6.858206161999931 ], [ -78.54114419299998, -6.858268068999962 ], [ -78.54120015999996, -6.858325256999933 ], [ -78.541260964999935, -6.858377276999931 ], [ -78.541326131999938, -6.858423721999941 ], [ -78.54139515199995, -6.858464229999981 ], [ -78.541467483999952, -6.858498481999959 ], [ -78.541542560999972, -6.858526210999969 ], [ -78.541619796999953, -6.858547199999975 ], [ -78.541698585999939, -6.858561284999951 ], [ -78.541778312999952, -6.858568354999932 ], [ -78.541858352999952, -6.858568354999932 ], [ -78.541938079999966, -6.858561284999951 ], [ -78.542016868999951, -6.858547199999975 ], [ -78.542094105, -6.858526210999969 ], [ -78.542169181999952, -6.858498481999959 ], [ -78.542241513999954, -6.858464229999981 ], [ -78.542310533999967, -6.858423721999941 ], [ -78.542375700999969, -6.858377276999931 ], [ -78.542436505999945, -6.858325256999933 ], [ -78.542492472999982, -6.858268068999962 ], [ -78.542543163999937, -6.858206161999931 ], [ -78.542588182999964, -6.858140018999961 ], [ -78.542627175999939, -6.858070158999965 ], [ -78.542659838999953, -6.857997127999965 ], [ -78.542685915999982, -6.857921497999939 ], [ -78.542705201999979, -6.857843859999946 ], [ -78.542717547999985, -6.857764821999979 ], [ -78.542722856999944, -6.857685002999972 ], [ -78.542721085999972, -6.857605026999977 ], [ -78.542712249999965, -6.857525520999957 ], [ -78.542696417999935, -6.857447106999928 ], [ -78.542673712999942, -6.857370396999954 ], [ -78.542644313999972, -6.857295993999969 ], [ -78.542608450999978, -6.857224477999978 ], [ -78.542566403999956, -6.857156409999959 ], [ -78.54251850299994, -6.857092322999961 ], [ -78.542465120999964, -6.857032716999981 ], [ -78.542406677999963, -6.85697805999996 ], [ -78.542343629999948, -6.856928778999929 ], [ -78.54227647099998, -6.856885259999956 ], [ -78.542205725999963, -6.856847843999958 ], [ -78.542131949999941, -6.856816822999974 ], [ -78.542055718999961, -6.856792439999936 ], [ -78.541977629999963, -6.856774885999926 ], [ -78.541898293999964, -6.856764297999973 ], [ -78.541818332999981, -6.856760759999929 ], [ -78.541738371999941, -6.856764297999973 ] ] ] } },
{ "type": "Feature", "properties": { "Mz": "060105001100000", "UBIGEO": "060105", "AREA": "2", "CODCCPP": "0011", "ZONA": "00000", "MANZANA_ID": null, "MANZANA_A": null, "T_TOTAL": 163.0, "T_HOMBRES": 84.0, "T_MUJERES": 79.0, "LLAVE_MZS": "060105001100000", "contacto": "juan.suyo@geogpsperu.com", "descargar": "www.geogpsperu.com", "whatsapp": 931381206.0, "NOMBDEP": "CAJAMARCA", "NOMBPROV": "CAJAMARCA", "IDPROV": "0601", "ARCHIVO": "CAJAMARCA_CAJAMARCA_0601_Manzanas_Poblacion_JP_SuyoPomalia_geogpsperu_931381206" }, "geometry": { "type": "Polygon", "coordinates": [ [ [ -78.52753837299997, -6.846690964999937 ], [ -78.52745903999994, -6.846701552999946 ], [ -78.527380951999987, -6.846719106999956 ], [ -78.527304722999986, -6.846743489999938 ], [ -78.527230947999954, -6.846774510999978 ], [ -78.527160204999973, -6.846811926999976 ], [ -78.527093046999937, -6.84685544599995 ], [ -78.527030000999957, -6.846904726999981 ], [ -78.526971557999957, -6.846959383999945 ], [ -78.52691817799996, -6.847018989999981 ], [ -78.526870276999944, -6.847083076999979 ], [ -78.526828230999968, -6.847151144999941 ], [ -78.526792368999963, -6.847222660999932 ], [ -78.526762970999982, -6.847297063999974 ], [ -78.52674026699998, -6.847373772999958 ], [ -78.526724434999949, -6.847452187999977 ], [ -78.526715598999942, -6.84753169399994 ], [ -78.52671382799997, -6.847611669999935 ], [ -78.52671913599994, -6.847691488999942 ], [ -78.526731481999946, -6.847770526999966 ], [ -78.526750768999989, -6.847848164999959 ], [ -78.526776844999972, -6.847923794999929 ], [ -78.526809506999939, -6.847996825999928 ], [ -78.526848498999982, -6.848066686999971 ], [ -78.526893516999962, -6.848132828999951 ], [ -78.526944206999985, -6.848194736999972 ], [ -78.527000172999976, -6.848251923999953 ], [ -78.527060976999962, -6.848303943999952 ], [ -78.527126142999975, -6.84835038999995 ], [ -78.527195160999952, -6.848390896999945 ], [ -78.527267490999975, -6.848425148999979 ], [ -78.527342566999948, -6.848452878999979 ], [ -78.527419800999951, -6.848473867999928 ], [ -78.527498588999947, -6.848487951999971 ], [ -78.527578313999982, -6.848495021999952 ], [ -78.527658351999946, -6.848495021999952 ], [ -78.527738076999981, -6.848487951999971 ], [ -78.527816864999977, -6.848473867999928 ], [ -78.52789409899998, -6.848452878999979 ], [ -78.527969174999953, -6.848425148999979 ], [ -78.528041504999976, -6.848390896999945 ], [ -78.528110522999953, -6.84835038999995 ], [ -78.528175688999966, -6.848303943999952 ], [ -78.528236492999952, -6.848251923999953 ], [ -78.528292458999942, -6.848194736999972 ], [ -78.528343148999966, -6.848132828999951 ], [ -78.528388166999946, -6.848066686999971 ], [ -78.528427158999989, -6.847996825999928 ], [ -78.528459820999956, -6.847923794999929 ], [ -78.528485896999939, -6.847848164999959 ], [ -78.528505183999982, -6.847770526999966 ], [ -78.528517529999988, -6.847691488999942 ], [ -78.528522837999958, -6.847611669999935 ], [ -78.528521066999986, -6.84753169399994 ], [ -78.528512230999979, -6.847452187999977 ], [ -78.528496398999948, -6.847373772999958 ], [ -78.528473694999946, -6.847297063999974 ], [ -78.528444296999965, -6.847222660999932 ], [ -78.52840843499996, -6.847151144999941 ], [ -78.528366388999984, -6.847083076999979 ], [ -78.528318487999968, -6.847018989999981 ], [ -78.528265107999971, -6.846959383999945 ], [ -78.528206664999971, -6.846904726999981 ], [ -78.528143618999934, -6.84685544599995 ], [ -78.528076460999955, -6.846811926999976 ], [ -78.528005717999974, -6.846774510999978 ], [ -78.527931942999942, -6.846743489999938 ], [ -78.527855713999941, -6.846719106999956 ], [ -78.527777625999988, -6.846701552999946 ], [ -78.527698292999958, -6.846690964999937 ], [ -78.527618332999964, -6.846687426999949 ], [ -78.52753837299997, -6.846690964999937 ] ] ] } },
{ "type": "Feature", "properties": { "Mz": "060105000600000", "UBIGEO": "060105", "AREA": "2", "CODCCPP": "0006", "ZONA": "00000", "MANZANA_ID": null, "MANZANA_A": null, "T_TOTAL": 151.0, "T_HOMBRES": 76.0, "T_MUJERES": 75.0, "LLAVE_MZS": "060105000600000", "contacto": "juan.suyo@geogpsperu.com", "descargar": "www.geogpsperu.com", "whatsapp": 931381206.0, "NOMBDEP": "CAJAMARCA", "NOMBPROV": "CAJAMARCA", "IDPROV": "0601", "ARCHIVO": "CAJAMARCA_CAJAMARCA_0601_Manzanas_Poblacion_JP_SuyoPomalia_geogpsperu_931381206" }, "geometry": { "type": "Polygon", "coordinates": [ [ [ -78.547236707999957, -6.84277596499993 ], [ -78.547157374999983, -6.842786552999939 ], [ -78.547079287999964, -6.842804106999949 ], [ -78.547003059999952, -6.842828488999942 ], [ -78.546929284999976, -6.842859510999972 ], [ -78.546858542999985, -6.84289692699997 ], [ -78.546791384999949, -6.842940445999943 ], [ -78.546728338999969, -6.842989726999974 ], [ -78.546669897999948, -6.843044383999938 ], [ -78.546616517999951, -6.843103988999928 ], [ -78.546568617999981, -6.843168076999973 ], [ -78.546526571999948, -6.843236144999935 ], [ -78.546490709999944, -6.843307660999926 ], [ -78.546461311999963, -6.843382063999968 ], [ -78.54643860799996, -6.843458772999952 ], [ -78.546422775999986, -6.843537187999971 ], [ -78.546413939999979, -6.843616693999934 ], [ -78.54641216999994, -6.843696669999929 ], [ -78.546417477999967, -6.843776488999936 ], [ -78.546429822999983, -6.84385552699996 ], [ -78.546449109999969, -6.843933164999953 ], [ -78.546475185999952, -6.844008794999979 ], [ -78.546507847999976, -6.844081825999979 ], [ -78.546546839999962, -6.844151686999965 ], [ -78.546591856999953, -6.844217828999945 ], [ -78.546642545999987, -6.844279736999965 ], [ -78.546698511999978, -6.844336923999947 ], [ -78.546759314999974, -6.844388943999945 ], [ -78.546824480999987, -6.844435389999944 ], [ -78.546893497999974, -6.844475896999938 ], [ -78.546965827999941, -6.844510148999973 ], [ -78.547040902999981, -6.844537878999972 ], [ -78.547118135999938, -6.844558867999979 ], [ -78.547196923999934, -6.844572951999965 ], [ -78.547276647999979, -6.844580021999946 ], [ -78.547356685999944, -6.844580021999946 ], [ -78.547436409999989, -6.844572951999965 ], [ -78.547515197999985, -6.844558867999979 ], [ -78.547592430999941, -6.844537878999972 ], [ -78.547667505999982, -6.844510148999973 ], [ -78.547739835999948, -6.844475896999938 ], [ -78.547808852999935, -6.844435389999944 ], [ -78.547874018999948, -6.844388943999945 ], [ -78.547934821999945, -6.844336923999947 ], [ -78.547990787999936, -6.844279736999965 ], [ -78.54804147699997, -6.844217828999945 ], [ -78.548086493999961, -6.844151686999965 ], [ -78.548125485999947, -6.844081825999979 ], [ -78.54815814799997, -6.844008794999979 ], [ -78.548184223999954, -6.843933164999953 ], [ -78.54820351099994, -6.84385552699996 ], [ -78.548215855999956, -6.843776488999936 ], [ -78.548221163999983, -6.843696669999929 ], [ -78.548219393999943, -6.843616693999934 ], [ -78.548210557999937, -6.843537187999971 ], [ -78.548194725999963, -6.843458772999952 ], [ -78.54817202199996, -6.843382063999968 ], [ -78.548142623999979, -6.843307660999926 ], [ -78.548106761999975, -6.843236144999935 ], [ -78.548064715999942, -6.843168076999973 ], [ -78.548016815999972, -6.843103988999928 ], [ -78.547963435999975, -6.843044383999938 ], [ -78.547904994999953, -6.842989726999974 ], [ -78.547841948999974, -6.842940445999943 ], [ -78.547774790999938, -6.84289692699997 ], [ -78.547704048999947, -6.842859510999972 ], [ -78.547630273999971, -6.842828488999942 ], [ -78.547554045999959, -6.842804106999949 ], [ -78.547475958999939, -6.842786552999939 ], [ -78.547396625999966, -6.84277596499993 ], [ -78.547316666999961, -6.842772425999954 ], [ -78.547236707999957, -6.84277596499993 ] ] ] } },
{ "type": "Feature", "properties": { "Mz": "060105000200000", "UBIGEO": "060105", "AREA": "2", "CODCCPP": "0002", "ZONA": "00000", "MANZANA_ID": null, "MANZANA_A": null, "T_TOTAL": 140.0, "T_HOMBRES": 72.0, "T_MUJERES": 68.0, "LLAVE_MZS": "060105000200000", "contacto": "juan.suyo@geogpsperu.com", "descargar": "www.geogpsperu.com", "whatsapp": 931381206.0, "NOMBDEP": "CAJAMARCA", "NOMBPROV": "CAJAMARCA", "IDPROV": "0601", "ARCHIVO": "CAJAMARCA_CAJAMARCA_0601_Manzanas_Poblacion_JP_SuyoPomalia_geogpsperu_931381206" }, "geometry": { "type": "Polygon", "coordinates": [ [ [ -78.529980045999935, -6.812214296999969 ], [ -78.529900717999965, -6.812224883999932 ], [ -78.529822635999949, -6.812242437999942 ], [ -78.529746411999952, -6.81226682099998 ], [ -78.529672642999969, -6.812297842999953 ], [ -78.529601904999936, -6.812335258999951 ], [ -78.529534751999961, -6.812378777999925 ], [ -78.529471709999939, -6.812428058999956 ], [ -78.529413271999942, -6.812482715999977 ], [ -78.52935989499997, -6.812542321999956 ], [ -78.529311997999969, -6.812606408999955 ], [ -78.529269954999961, -6.812674476999973 ], [ -78.529234094999936, -6.812745992999965 ], [ -78.529204698999933, -6.812820396999939 ], [ -78.529181996999966, -6.81289710599998 ], [ -78.529166165999982, -6.812975520999942 ], [ -78.529157330999965, -6.813055026999962 ], [ -78.529155559999936, -6.813135002999957 ], [ -78.529160867999963, -6.813214821999964 ], [ -78.529173212999979, -6.813293859999931 ], [ -78.529192497999986, -6.813371497999981 ], [ -78.529218571999934, -6.81344712899994 ], [ -78.529251231999979, -6.813520159999939 ], [ -78.529290221999986, -6.813590019999936 ], [ -78.529335235999952, -6.813656162999962 ], [ -78.52938592199996, -6.813718069999936 ], [ -78.529441883999937, -6.813775257999964 ], [ -78.529502683999965, -6.813827277999962 ], [ -78.529567844999974, -6.813873723999961 ], [ -78.529636857999947, -6.813914230999956 ], [ -78.529709182999966, -6.81394848399998 ], [ -78.529784253999935, -6.813976212999933 ], [ -78.529861481999944, -6.813997201999939 ], [ -78.529940263999947, -6.814011286999971 ], [ -78.530019983999978, -6.814018356999952 ], [ -78.530100015999949, -6.814018356999952 ], [ -78.53017973599998, -6.814011286999971 ], [ -78.530258517999982, -6.813997201999939 ], [ -78.530335745999935, -6.813976212999933 ], [ -78.530410816999961, -6.81394848399998 ], [ -78.53048314199998, -6.813914230999956 ], [ -78.530552154999953, -6.813873723999961 ], [ -78.530617315999962, -6.813827277999962 ], [ -78.530678116, -6.813775257999964 ], [ -78.530734077999966, -6.813718069999936 ], [ -78.530784763999975, -6.813656162999962 ], [ -78.530829777999941, -6.813590019999936 ], [ -78.530868767999948, -6.813520159999939 ], [ -78.530901427999936, -6.81344712899994 ], [ -78.53092750199994, -6.813371497999981 ], [ -78.530946786999948, -6.813293859999931 ], [ -78.530959131999964, -6.813214821999964 ], [ -78.530964439999934, -6.813135002999957 ], [ -78.530962668999962, -6.813055026999962 ], [ -78.530953833999945, -6.812975520999942 ], [ -78.53093800299996, -6.81289710599998 ], [ -78.530915300999936, -6.812820396999939 ], [ -78.530885904999934, -6.812745992999965 ], [ -78.530850044999966, -6.812674476999973 ], [ -78.530808001999958, -6.812606408999955 ], [ -78.530760104999956, -6.812542321999956 ], [ -78.530706727999984, -6.812482715999977 ], [ -78.530648289999988, -6.812428058999956 ], [ -78.530585247999966, -6.812378777999925 ], [ -78.530518094999934, -6.812335258999951 ], [ -78.530447356999957, -6.812297842999953 ], [ -78.530373587999975, -6.81226682099998 ], [ -78.530297363999978, -6.812242437999942 ], [ -78.530219281999962, -6.812224883999932 ], [ -78.530139953999935, -6.812214296999969 ], [ -78.53006, -6.812210757999935 ], [ -78.529980045999935, -6.812214296999969 ] ] ] } }
]
}
