{
"type": "FeatureCollection",
"name": "mapa_final",
"crs": { "type": "name", "properties": { "name": "urn:ogc:def:crs:OGC:1.3:CRS84" } },
"features": [
{ "type": "Feature", "properties": { "ubigeo": "060105", "nombre": "SANTA CLEOTILDE", "categoria": "CASERIO", "provincia": "CAJAMARCA", "distrito": "ENCAÑADA", "altitud": 3038.0, "area_km2": 2.909, "densidad_hab_km2": 23.7, "poblacion": 69.0, "local_votacion": "IE JAVIER PRADO", "electores_hab": 688, "total_votantes": 650, "mesas": 3, "participacion": 94.5, "ausentismo": 5.5, "partido_ganador": "Juntos por el Peru", "pct_ganador": 49.9, "margen_victoria": 29.26, "pct_an": 4.41, "pct_app": 0, "pct_fp": 20.64, "pct_jxp": 49.9, "pct_lp": 0.4, "pct_obra": 7.82, "pct_pbg": 1.0, "pct_pl": 0.6, "pct_pp": 1.4, "pct_ppt": 1.4, "pct_rp": 0, "pct_sp": 2.2, "pct_otros": 10.22 }, "geometry": { "type": "Polygon", "coordinates": [ [ [ -78.31833427871203, -7.138471660745255 ], [ -78.310490167689906, -7.139189247073918 ], [ -78.311091910669461, -7.156534699392555 ], [ -78.3188, -7.1648 ], [ -78.322, -7.1549 ], [ -78.3226, -7.1462 ], [ -78.323619478472878, -7.145849554274945 ], [ -78.31833427871203, -7.138471660745255 ] ] ] } },
{ "type": "Feature", "properties": { "ubigeo": "060105", "nombre": "YERBA BUENA DE POLLOC", "categoria": "CASERIO", "provincia": "CAJAMARCA", "distrito": "ENCAÑADA", "altitud": 2980.0, "area_km2": 1.378, "densidad_hab_km2": 104.5, "poblacion": 144.0, "local_votacion": "IE JAVIER PRADO", "electores_hab": 688, "total_votantes": 650, "mesas": 3, "participacion": 94.5, "ausentismo": 5.5, "partido_ganador": "Juntos por el Peru", "pct_ganador": 49.9, "margen_victoria": 29.26, "pct_an": 4.41, "pct_app": 0, "pct_fp": 20.64, "pct_jxp": 49.9, "pct_lp": 0.4, "pct_obra": 7.82, "pct_pbg": 1.0, "pct_pl": 0.6, "pct_pp": 1.4, "pct_ppt": 1.4, "pct_rp": 0, "pct_sp": 2.2, "pct_otros": 10.22 }, "geometry": { "type": "Polygon", "coordinates": [ [ [ -78.332638580254724, -7.130192375319405 ], [ -78.31833427871203, -7.138471660745255 ], [ -78.323619478472878, -7.145849554274945 ], [ -78.329, -7.144 ], [ -78.3325, -7.1316 ], [ -78.336345442327925, -7.130006584670745 ], [ -78.332638580254724, -7.130192375319405 ] ] ] } },
{ "type": "Feature", "properties": { "ubigeo": "060105", "nombre": "CHAQUIL ENCAÑADA", "categoria": "CASERIO", "provincia": "CAJAMARCA", "distrito": "ENCAÑADA", "altitud": 3143.0, "area_km2": 1.158, "densidad_hab_km2": 136.4, "poblacion": 158.0, "local_votacion": "IE JOSE CARLOS MARIATEGUI", "electores_hab": 7807, "total_votantes": 5371, "mesas": 25, "participacion": 68.8, "ausentismo": 31.2, "partido_ganador": "Juntos por el Peru", "pct_ganador": 39.47, "margen_victoria": 22.67, "pct_an": 2.99, "pct_app": 0, "pct_fp": 16.8, "pct_jxp": 39.47, "pct_lp": 2.14, "pct_obra": 12.91, "pct_pbg": 2.76, "pct_pl": 0.9, "pct_pp": 3.69, "pct_ppt": 2.45, "pct_rp": 0, "pct_sp": 1.14, "pct_otros": 14.74 }, "geometry": { "type": "Polygon", "coordinates": [ [ [ -78.358819292902353, -7.111236256081584 ], [ -78.354554410414991, -7.124695870062534 ], [ -78.3579, -7.1252 ], [ -78.3612, -7.1242 ], [ -78.3669, -7.1191 ], [ -78.360280905348773, -7.111302162465678 ], [ -78.358819292902353, -7.111236256081584 ] ] ] } },
{ "type": "Feature", "properties": { "ubigeo": "060105", "nombre": "GALLORCO", "categoria": "CASERIO", "provincia": "CAJAMARCA", "distrito": "ENCAÑADA", "altitud": 3411.0, "area_km2": 2.101, "densidad_hab_km2": 87.1, "poblacion": 183.0, "local_votacion": "IE JOSE CARLOS MARIATEGUI", "electores_hab": 7807, "total_votantes": 5371, "mesas": 25, "participacion": 68.8, "ausentismo": 31.2, "partido_ganador": "Juntos por el Peru", "pct_ganador": 39.47, "margen_victoria": 22.67, "pct_an": 2.99, "pct_app": 0, "pct_fp": 16.8, "pct_jxp": 39.47, "pct_lp": 2.14, "pct_obra": 12.91, "pct_pbg": 2.76, "pct_pl": 0.9, "pct_pp": 3.69, "pct_ppt": 2.45, "pct_rp": 0, "pct_sp": 1.14, "pct_otros": 14.74 }, "geometry": { "type": "Polygon", "coordinates": [ [ [ -78.37513095095413, -7.090627461127886 ], [ -78.37312359242992, -7.095802064379613 ], [ -78.375635573550568, -7.100960011971183 ], [ -78.3861, -7.0975 ], [ -78.4002, -7.0884 ], [ -78.400048406524007, -7.087869422834031 ], [ -78.37513095095413, -7.090627461127886 ] ] ] } },
{ "type": "Feature", "properties": { "ubigeo": "060105", "nombre": "LA PAJUELA", "categoria": "ANEXO", "provincia": "CAJAMARCA", "distrito": "ENCAÑADA", "altitud": 3641.0, "area_km2": 9.804, "densidad_hab_km2": 2.7, "poblacion": 26.0, "local_votacion": "IE 821238 NEGRITOS ALTO", "electores_hab": 512, "total_votantes": 400, "mesas": 2, "participacion": 78.1, "ausentismo": 21.9, "partido_ganador": "Juntos por el Peru", "pct_ganador": 48.73, "margen_victoria": 34.49, "pct_an": 5.06, "pct_app": 0, "pct_fp": 13.61, "pct_jxp": 48.73, "pct_lp": 0.0, "pct_obra": 14.24, "pct_pbg": 2.53, "pct_pl": 1.58, "pct_pp": 3.16, "pct_ppt": 0.0, "pct_rp": 0, "pct_sp": 0.32, "pct_otros": 10.76 }, "geometry": { "type": "Polygon", "coordinates": [ [ [ -78.519784490488505, -6.94683495065757 ], [ -78.477735054631225, -6.964823927110977 ], [ -78.477438364862834, -6.965126763572868 ], [ -78.487687832786463, -6.987555013028376 ], [ -78.4883, -6.9877 ], [ -78.4969, -6.9822 ], [ -78.5068, -6.9787 ], [ -78.5053, -6.9763 ], [ -78.5052, -6.9701 ], [ -78.5079, -6.9641 ], [ -78.5126, -6.9594 ], [ -78.5126, -6.9555 ], [ -78.5189, -6.9568 ], [ -78.5254, -6.9558 ], [ -78.526736294098697, -6.948736731192549 ], [ -78.519784490488505, -6.94683495065757 ] ] ] } },
{ "type": "Feature", "properties": { "ubigeo": "060105", "nombre": "BELLAVISTA BAJA", "categoria": "CASERIO", "provincia": "CAJAMARCA", "distrito": "ENCAÑADA", "altitud": 3241.0, "area_km2": 0.661, "densidad_hab_km2": 455.4, "poblacion": 301.0, "local_votacion": "IE LUIS ALBERTO SANCHEZ", "electores_hab": 1840, "total_votantes": 1498, "mesas": 7, "participacion": 81.4, "ausentismo": 18.6, "partido_ganador": "Juntos por el Peru", "pct_ganador": 62.41, "margen_victoria": 50.0, "pct_an": 1.11, "pct_app": 0, "pct_fp": 12.41, "pct_jxp": 62.41, "pct_lp": 2.21, "pct_obra": 7.74, "pct_pbg": 0.68, "pct_pl": 0.77, "pct_pp": 2.3, "pct_ppt": 0.94, "pct_rp": 0, "pct_sp": 0.6, "pct_otros": 8.84 }, "geometry": { "type": "Polygon", "coordinates": [ [ [ -78.420058959170007, -7.032033448123151 ], [ -78.411492512273, -7.039097425108284 ], [ -78.414902022854164, -7.042717033147229 ], [ -78.4173, -7.0392 ], [ -78.425775078212638, -7.033663516745517 ], [ -78.420058959170007, -7.032033448123151 ] ] ] } },
{ "type": "Feature", "properties": { "ubigeo": "060105", "nombre": "PORVENIR COMBAYO", "categoria": "CASERIO", "provincia": "CAJAMARCA", "distrito": "ENCAÑADA", "altitud": 3623.0, "area_km2": 6.897, "densidad_hab_km2": 20.9, "poblacion": 144.0, "local_votacion": "IE 026", "electores_hab": 897, "total_votantes": 607, "mesas": 3, "participacion": 67.7, "ausentismo": 32.3, "partido_ganador": "Juntos por el Peru", "pct_ganador": 51.4, "margen_victoria": 35.2, "pct_an": 1.8, "pct_app": 0, "pct_fp": 10.8, "pct_jxp": 51.4, "pct_lp": 1.4, "pct_obra": 16.2, "pct_pbg": 3.2, "pct_pl": 0.4, "pct_pp": 0.6, "pct_ppt": 2.6, "pct_rp": 0, "pct_sp": 0.6, "pct_otros": 11.0 }, "geometry": { "type": "Polygon", "coordinates": [ [ [ -78.432026925795341, -7.001449113909293 ], [ -78.427708049690224, -7.008593254799844 ], [ -78.441269996131012, -7.025234238206201 ], [ -78.4431, -7.0248 ], [ -78.4552, -7.0113 ], [ -78.4594, -7.0034 ], [ -78.47012847792233, -6.994855763091797 ], [ -78.432026925795341, -7.001449113909293 ] ] ] } },
{ "type": "Feature", "properties": { "ubigeo": "060105", "nombre": "PABELLON", "categoria": "CASERIO", "provincia": "CAJAMARCA", "distrito": "ENCAÑADA", "altitud": 3730.0, "area_km2": 21.085, "densidad_hab_km2": 8.8, "poblacion": 185.0, "local_votacion": "IE 026", "electores_hab": 897, "total_votantes": 607, "mesas": 3, "participacion": 67.7, "ausentismo": 32.3, "partido_ganador": "Juntos por el Peru", "pct_ganador": 51.4, "margen_victoria": 35.2, "pct_an": 1.8, "pct_app": 0, "pct_fp": 10.8, "pct_jxp": 51.4, "pct_lp": 1.4, "pct_obra": 16.2, "pct_pbg": 3.2, "pct_pl": 0.4, "pct_pp": 0.6, "pct_ppt": 2.6, "pct_rp": 0, "pct_sp": 0.6, "pct_otros": 11.0 }, "geometry": { "type": "Polygon", "coordinates": [ [ [ -78.473128402358938, -6.962223894451589 ], [ -78.42929586404108, -6.968211467283343 ], [ -78.424309395937584, -6.976667917497155 ], [ -78.432026925795341, -7.001449113909293 ], [ -78.47012847792233, -6.994855763091797 ], [ -78.4761, -6.9901 ], [ -78.4845, -6.9868 ], [ -78.487687832786463, -6.987555013028376 ], [ -78.477438364862834, -6.965126763572868 ], [ -78.473128402358938, -6.962223894451589 ] ] ] } },
{ "type": "Feature", "properties": { "ubigeo": "060105", "nombre": "APALINA ALTA (ANEXO)", "categoria": null, "provincia": "CAJAMARCA", "distrito": "ENCAÑADA", "altitud": 3643.0, "area_km2": 11.966, "densidad_hab_km2": 4.5, "poblacion": 54.0, "local_votacion": "IE 821238 NEGRITOS ALTO", "electores_hab": 512, "total_votantes": 400, "mesas": 2, "participacion": 78.1, "ausentismo": 21.9, "partido_ganador": "Juntos por el Peru", "pct_ganador": 48.73, "margen_victoria": 34.49, "pct_an": 5.06, "pct_app": 0, "pct_fp": 13.61, "pct_jxp": 48.73, "pct_lp": 0.0, "pct_obra": 14.24, "pct_pbg": 2.53, "pct_pl": 1.58, "pct_pp": 3.16, "pct_ppt": 0.0, "pct_rp": 0, "pct_sp": 0.32, "pct_otros": 10.76 }, "geometry": { "type": "Polygon", "coordinates": [ [ [ -78.557056648349487, -6.8902596482325 ], [ -78.548717129637055, -6.893022813419362 ], [ -78.540187004192092, -6.925892422514781 ], [ -78.545494248920463, -6.92996254192609 ], [ -78.5626, -6.9314 ], [ -78.5679, -6.9297 ], [ -78.5702, -6.9216 ], [ -78.5749, -6.916 ], [ -78.575709225245362, -6.910155595450191 ], [ -78.557056648349487, -6.8902596482325 ] ] ] } },
{ "type": "Feature", "properties": { "ubigeo": "060105", "nombre": "APALINA", "categoria": "CASERIO", "provincia": "CAJAMARCA", "distrito": "ENCAÑADA", "altitud": 3636.0, "area_km2": 0.556, "densidad_hab_km2": 230.2, "poblacion": 128.0, "local_votacion": "IE 821238 NEGRITOS ALTO", "electores_hab": 512, "total_votantes": 400, "mesas": 2, "participacion": 78.1, "ausentismo": 21.9, "partido_ganador": "Juntos por el Peru", "pct_ganador": 48.73, "margen_victoria": 34.49, "pct_an": 5.06, "pct_app": 0, "pct_fp": 13.61, "pct_jxp": 48.73, "pct_lp": 0.0, "pct_obra": 14.24, "pct_pbg": 2.53, "pct_pl": 1.58, "pct_pp": 3.16, "pct_ppt": 0.0, "pct_rp": 0, "pct_sp": 0.32, "pct_otros": 10.76 }, "geometry": { "type": "Polygon", "coordinates": [ [ [ -78.523949135008877, -6.940667922926093 ], [ -78.519784490488505, -6.94683495065757 ], [ -78.526736294098697, -6.948736731192549 ], [ -78.5268, -6.9484 ], [ -78.529672034141029, -6.942655931717935 ], [ -78.523949135008877, -6.940667922926093 ] ] ] } },
{ "type": "Feature", "properties": { "ubigeo": "060105", "nombre": "ALTO CHAQUIL", "categoria": "CASERIO", "provincia": "CAJAMARCA", "distrito": "ENCAÑADA", "altitud": 3342.0, "area_km2": 2.056, "densidad_hab_km2": 65.7, "poblacion": 135.0, "local_votacion": "IE JOSE CARLOS MARIATEGUI", "electores_hab": 7807, "total_votantes": 5371, "mesas": 25, "participacion": 68.8, "ausentismo": 31.2, "partido_ganador": "Juntos por el Peru", "pct_ganador": 39.47, "margen_victoria": 22.67, "pct_an": 2.99, "pct_app": 0, "pct_fp": 16.8, "pct_jxp": 39.47, "pct_lp": 2.14, "pct_obra": 12.91, "pct_pbg": 2.76, "pct_pl": 0.9, "pct_pp": 3.69, "pct_ppt": 2.45, "pct_rp": 0, "pct_sp": 1.14, "pct_otros": 14.74 }, "geometry": { "type": "Polygon", "coordinates": [ [ [ -78.37312359242992, -7.095802064379613 ], [ -78.358788950296898, -7.097919681967451 ], [ -78.354681702141619, -7.101386635151504 ], [ -78.354670208804151, -7.101616378420812 ], [ -78.358819292902353, -7.111236256081584 ], [ -78.360280905348773, -7.111302162465678 ], [ -78.3596, -7.1105 ], [ -78.3622, -7.1062 ], [ -78.3713, -7.1048 ], [ -78.3737, -7.1016 ], [ -78.375635573550568, -7.100960011971183 ], [ -78.37312359242992, -7.095802064379613 ] ] ] } },
{ "type": "Feature", "properties": { "ubigeo": "060105", "nombre": "CORRAL PAMPA ENCAÑADA", "categoria": "CASERIO", "provincia": "CAJAMARCA", "distrito": "ENCAÑADA", "altitud": 3211.0, "area_km2": 2.813, "densidad_hab_km2": 28.4, "poblacion": 80.0, "local_votacion": "IE JOSE CARLOS MARIATEGUI", "electores_hab": 7807, "total_votantes": 5371, "mesas": 25, "participacion": 68.8, "ausentismo": 31.2, "partido_ganador": "Juntos por el Peru", "pct_ganador": 39.47, "margen_victoria": 22.67, "pct_an": 2.99, "pct_app": 0, "pct_fp": 16.8, "pct_jxp": 39.47, "pct_lp": 2.14, "pct_obra": 12.91, "pct_pbg": 2.76, "pct_pl": 0.9, "pct_pp": 3.69, "pct_ppt": 2.45, "pct_rp": 0, "pct_sp": 1.14, "pct_otros": 14.74 }, "geometry": { "type": "Polygon", "coordinates": [ [ [ -78.37513095095413, -7.090627461127886 ], [ -78.372593215457513, -7.083063532035512 ], [ -78.359197908099503, -7.079530212231582 ], [ -78.358788950296898, -7.097919681967451 ], [ -78.37312359242992, -7.095802064379613 ], [ -78.37513095095413, -7.090627461127886 ] ] ] } },
{ "type": "Feature", "properties": { "ubigeo": "060105", "nombre": "SANGAL BAJO", "categoria": "CASERIO", "provincia": "CAJAMARCA", "distrito": "ENCAÑADA", "altitud": 3089.0, "area_km2": 5.8, "densidad_hab_km2": 27.4, "poblacion": 159.0, "local_votacion": "IE 82048 INMACULADA CONCEPCION", "electores_hab": 5980, "total_votantes": 4525, "mesas": 20, "participacion": 75.7, "ausentismo": 24.3, "partido_ganador": "Juntos por el Peru", "pct_ganador": 44.24, "margen_victoria": 26.58, "pct_an": 2.8, "pct_app": 0, "pct_fp": 17.66, "pct_jxp": 44.24, "pct_lp": 1.99, "pct_obra": 12.31, "pct_pbg": 2.75, "pct_pl": 0.73, "pct_pp": 1.46, "pct_ppt": 2.8, "pct_rp": 0, "pct_sp": 0.62, "pct_otros": 12.64 }, "geometry": { "type": "Polygon", "coordinates": [ [ [ -78.387867660682176, -7.067911886896914 ], [ -78.381607581060209, -7.069030945468081 ], [ -78.372593215457513, -7.083063532035512 ], [ -78.37513095095413, -7.090627461127886 ], [ -78.400048406524007, -7.087869422834031 ], [ -78.3992, -7.0849 ], [ -78.4026, -7.0777 ], [ -78.404437479721778, -7.07708750675941 ], [ -78.387867660682176, -7.067911886896914 ] ] ] } },
{ "type": "Feature", "properties": { "ubigeo": "060105", "nombre": "SANTA ROSA DE VENTANILLAS", "categoria": "ANEXO", "provincia": "CAJAMARCA", "distrito": "ENCAÑADA", "altitud": 3069.0, "area_km2": 2.458, "densidad_hab_km2": 59.4, "poblacion": 146.0, "local_votacion": "IE LUIS ALBERTO SANCHEZ", "electores_hab": 1840, "total_votantes": 1498, "mesas": 7, "participacion": 81.4, "ausentismo": 18.6, "partido_ganador": "Juntos por el Peru", "pct_ganador": 62.41, "margen_victoria": 50.0, "pct_an": 1.11, "pct_app": 0, "pct_fp": 12.41, "pct_jxp": 62.41, "pct_lp": 2.21, "pct_obra": 7.74, "pct_pbg": 0.68, "pct_pl": 0.77, "pct_pp": 2.3, "pct_ppt": 0.94, "pct_rp": 0, "pct_sp": 0.6, "pct_otros": 8.84 }, "geometry": { "type": "Polygon", "coordinates": [ [ [ -78.411492512273, -7.039097425108284 ], [ -78.407517284014546, -7.037223039105296 ], [ -78.398117560105348, -7.04195402616374 ], [ -78.396946894361577, -7.043452122218578 ], [ -78.40859568683733, -7.058219508889334 ], [ -78.4123, -7.0522 ], [ -78.4128, -7.0458 ], [ -78.414902022854164, -7.042717033147229 ], [ -78.411492512273, -7.039097425108284 ] ] ] } },
{ "type": "Feature", "properties": { "ubigeo": "060105", "nombre": "SANGAL ALTO", "categoria": "CASERIO", "provincia": "CAJAMARCA", "distrito": "ENCAÑADA", "altitud": 3220.0, "area_km2": 3.741, "densidad_hab_km2": 23.3, "poblacion": 87.0, "local_votacion": "IE 82048 INMACULADA CONCEPCION", "electores_hab": 5980, "total_votantes": 4525, "mesas": 20, "participacion": 75.7, "ausentismo": 24.3, "partido_ganador": "Juntos por el Peru", "pct_ganador": 44.24, "margen_victoria": 26.58, "pct_an": 2.8, "pct_app": 0, "pct_fp": 17.66, "pct_jxp": 44.24, "pct_lp": 1.99, "pct_obra": 12.31, "pct_pbg": 2.75, "pct_pl": 0.73, "pct_pp": 1.46, "pct_ppt": 2.8, "pct_rp": 0, "pct_sp": 0.62, "pct_otros": 12.64 }, "geometry": { "type": "Polygon", "coordinates": [ [ [ -78.381607581060209, -7.069030945468081 ], [ -78.366716995908632, -7.06166210227813 ], [ -78.359441285595736, -7.070483014314944 ], [ -78.358573202944626, -7.077316971590051 ], [ -78.358948521458601, -7.0792729219903 ], [ -78.359197908099503, -7.079530212231582 ], [ -78.372593215457513, -7.083063532035512 ], [ -78.381607581060209, -7.069030945468081 ] ] ] } },
{ "type": "Feature", "properties": { "ubigeo": "060105", "nombre": "MOLINO DEL ARCO", "categoria": "CASERIO", "provincia": "CAJAMARCA", "distrito": "ENCAÑADA", "altitud": 3020.0, "area_km2": 6.277, "densidad_hab_km2": 14.5, "poblacion": 91.0, "local_votacion": "IE LUIS ALBERTO SANCHEZ", "electores_hab": 1840, "total_votantes": 1498, "mesas": 7, "participacion": 81.4, "ausentismo": 18.6, "partido_ganador": "Juntos por el Peru", "pct_ganador": 62.41, "margen_victoria": 50.0, "pct_an": 1.11, "pct_app": 0, "pct_fp": 12.41, "pct_jxp": 62.41, "pct_lp": 2.21, "pct_obra": 7.74, "pct_pbg": 0.68, "pct_pl": 0.77, "pct_pp": 2.3, "pct_ppt": 0.94, "pct_rp": 0, "pct_sp": 0.6, "pct_otros": 8.84 }, "geometry": { "type": "Polygon", "coordinates": [ [ [ -78.404437479721778, -7.07708750675941 ], [ -78.4089, -7.0756 ], [ -78.4089, -7.0699 ], [ -78.4068, -7.0661 ], [ -78.4083, -7.0587 ], [ -78.40859568683733, -7.058219508889334 ], [ -78.396946894361577, -7.043452122218578 ], [ -78.387595896291998, -7.046442500071102 ], [ -78.387867660682176, -7.067911886896914 ], [ -78.404437479721778, -7.07708750675941 ] ] ] } },
{ "type": "Feature", "properties": { "ubigeo": "060105", "nombre": "YANATOTORA", "categoria": "CASERIO", "provincia": "CAJAMARCA", "distrito": "ENCAÑADA", "altitud": 3268.0, "area_km2": 5.932, "densidad_hab_km2": 43.5, "poblacion": 258.0, "local_votacion": "IE LUIS ALBERTO SANCHEZ", "electores_hab": 1840, "total_votantes": 1498, "mesas": 7, "participacion": 81.4, "ausentismo": 18.6, "partido_ganador": "Juntos por el Peru", "pct_ganador": 62.41, "margen_victoria": 50.0, "pct_an": 1.11, "pct_app": 0, "pct_fp": 12.41, "pct_jxp": 62.41, "pct_lp": 2.21, "pct_obra": 7.74, "pct_pbg": 0.68, "pct_pl": 0.77, "pct_pp": 2.3, "pct_ppt": 0.94, "pct_rp": 0, "pct_sp": 0.6, "pct_otros": 8.84 }, "geometry": { "type": "Polygon", "coordinates": [ [ [ -78.387595896291998, -7.046442500071102 ], [ -78.378527902479675, -7.041157895020258 ], [ -78.372796486621993, -7.041588758316216 ], [ -78.364470422301906, -7.053640096446968 ], [ -78.366716995908632, -7.06166210227813 ], [ -78.381607581060209, -7.069030945468081 ], [ -78.387867660682176, -7.067911886896914 ], [ -78.387595896291998, -7.046442500071102 ] ] ] } },
{ "type": "Feature", "properties": { "ubigeo": "060105", "nombre": "CORRAL PAMPA VENTANILLAS", "categoria": "ANEXO", "provincia": "CAJAMARCA", "distrito": "ENCAÑADA", "altitud": 3316.0, "area_km2": 2.687, "densidad_hab_km2": 20.1, "poblacion": 54.0, "local_votacion": "IE LUIS ALBERTO SANCHEZ", "electores_hab": 1840, "total_votantes": 1498, "mesas": 7, "participacion": 81.4, "ausentismo": 18.6, "partido_ganador": "Juntos por el Peru", "pct_ganador": 62.41, "margen_victoria": 50.0, "pct_an": 1.11, "pct_app": 0, "pct_fp": 12.41, "pct_jxp": 62.41, "pct_lp": 2.21, "pct_obra": 7.74, "pct_pbg": 0.68, "pct_pl": 0.77, "pct_pp": 2.3, "pct_ppt": 0.94, "pct_rp": 0, "pct_sp": 0.6, "pct_otros": 8.84 }, "geometry": { "type": "Polygon", "coordinates": [ [ [ -78.398117560105348, -7.04195402616374 ], [ -78.393886308277473, -7.026308622200219 ], [ -78.379838616659342, -7.037981144138561 ], [ -78.378527902479675, -7.041157895020258 ], [ -78.387595896291998, -7.046442500071102 ], [ -78.396946894361577, -7.043452122218578 ], [ -78.398117560105348, -7.04195402616374 ] ] ] } },
{ "type": "Feature", "properties": { "ubigeo": "060105", "nombre": "EL TRIUNFO", "categoria": "OTROS", "provincia": "CAJAMARCA", "distrito": "ENCAÑADA", "altitud": 3182.0, "area_km2": 1.48, "densidad_hab_km2": 77.0, "poblacion": 114.0, "local_votacion": "IE LUIS ALBERTO SANCHEZ", "electores_hab": 1840, "total_votantes": 1498, "mesas": 7, "participacion": 81.4, "ausentismo": 18.6, "partido_ganador": "Juntos por el Peru", "pct_ganador": 62.41, "margen_victoria": 50.0, "pct_an": 1.11, "pct_app": 0, "pct_fp": 12.41, "pct_jxp": 62.41, "pct_lp": 2.21, "pct_obra": 7.74, "pct_pbg": 0.68, "pct_pl": 0.77, "pct_pp": 2.3, "pct_ppt": 0.94, "pct_rp": 0, "pct_sp": 0.6, "pct_otros": 8.84 }, "geometry": { "type": "Polygon", "coordinates": [ [ [ -78.416962316094313, -7.022365356981401 ], [ -78.415296519116509, -7.023560734216557 ], [ -78.420058959170007, -7.032033448123151 ], [ -78.425775078212638, -7.033663516745517 ], [ -78.435859763302574, -7.027075531510885 ], [ -78.416962316094313, -7.022365356981401 ] ] ] } },
{ "type": "Feature", "properties": { "ubigeo": "060105", "nombre": "COMBAYO", "categoria": "ANEXO", "provincia": "CAJAMARCA", "distrito": "ENCAÑADA", "altitud": 3252.0, "area_km2": 1.606, "densidad_hab_km2": 215.4, "poblacion": 346.0, "local_votacion": "IE LUIS ALBERTO SANCHEZ", "electores_hab": 1840, "total_votantes": 1498, "mesas": 7, "participacion": 81.4, "ausentismo": 18.6, "partido_ganador": "Juntos por el Peru", "pct_ganador": 62.41, "margen_victoria": 50.0, "pct_an": 1.11, "pct_app": 0, "pct_fp": 12.41, "pct_jxp": 62.41, "pct_lp": 2.21, "pct_obra": 7.74, "pct_pbg": 0.68, "pct_pl": 0.77, "pct_pp": 2.3, "pct_ppt": 0.94, "pct_rp": 0, "pct_sp": 0.6, "pct_otros": 8.84 }, "geometry": { "type": "Polygon", "coordinates": [ [ [ -78.415296519116509, -7.023560734216557 ], [ -78.4082802761734, -7.024639079235167 ], [ -78.407517284014546, -7.037223039105296 ], [ -78.411492512273, -7.039097425108284 ], [ -78.420058959170007, -7.032033448123151 ], [ -78.415296519116509, -7.023560734216557 ] ] ] } },
{ "type": "Feature", "properties": { "ubigeo": "060105", "nombre": "VENTANILLAS DE COMBAYO", "categoria": "CASERIO", "provincia": "CAJAMARCA", "distrito": "ENCAÑADA", "altitud": 3328.0, "area_km2": 2.834, "densidad_hab_km2": 148.6, "poblacion": 421.0, "local_votacion": "IE LUIS ALBERTO SANCHEZ", "electores_hab": 1840, "total_votantes": 1498, "mesas": 7, "participacion": 81.4, "ausentismo": 18.6, "partido_ganador": "Juntos por el Peru", "pct_ganador": 62.41, "margen_victoria": 50.0, "pct_an": 1.11, "pct_app": 0, "pct_fp": 12.41, "pct_jxp": 62.41, "pct_lp": 2.21, "pct_obra": 7.74, "pct_pbg": 0.68, "pct_pl": 0.77, "pct_pp": 2.3, "pct_ppt": 0.94, "pct_rp": 0, "pct_sp": 0.6, "pct_otros": 8.84 }, "geometry": { "type": "Polygon", "coordinates": [ [ [ -78.40465074759679, -7.021461873817862 ], [ -78.395091815307694, -7.019768207318606 ], [ -78.393886308277473, -7.026308622200219 ], [ -78.398117560105348, -7.04195402616374 ], [ -78.407517284014546, -7.037223039105296 ], [ -78.4082802761734, -7.024639079235167 ], [ -78.40465074759679, -7.021461873817862 ] ] ] } },
{ "type": "Feature", "properties": { "ubigeo": "060105", "nombre": "EL PROGRESO COMBAYO", "categoria": "CASERIO", "provincia": "CAJAMARCA", "distrito": "ENCAÑADA", "altitud": 3417.0, "area_km2": 4.184, "densidad_hab_km2": 33.2, "poblacion": 139.0, "local_votacion": "IE LUIS ALBERTO SANCHEZ", "electores_hab": 1840, "total_votantes": 1498, "mesas": 7, "participacion": 81.4, "ausentismo": 18.6, "partido_ganador": "Juntos por el Peru", "pct_ganador": 62.41, "margen_victoria": 50.0, "pct_an": 1.11, "pct_app": 0, "pct_fp": 12.41, "pct_jxp": 62.41, "pct_lp": 2.21, "pct_obra": 7.74, "pct_pbg": 0.68, "pct_pl": 0.77, "pct_pp": 2.3, "pct_ppt": 0.94, "pct_rp": 0, "pct_sp": 0.6, "pct_otros": 8.84 }, "geometry": { "type": "Polygon", "coordinates": [ [ [ -78.371603523273123, -7.017891745224842 ], [ -78.362603732333881, -7.02273271950931 ], [ -78.360408871519482, -7.027165760758229 ], [ -78.372796486621993, -7.041588758316216 ], [ -78.378527902479675, -7.041157895020258 ], [ -78.379838616659342, -7.037981144138561 ], [ -78.381836363454426, -7.019833790225209 ], [ -78.371603523273123, -7.017891745224842 ] ] ] } },
{ "type": "Feature", "properties": { "ubigeo": "060105", "nombre": "LA FLORIDA", "categoria": "CASERIO", "provincia": "CAJAMARCA", "distrito": "ENCAÑADA", "altitud": 3477.0, "area_km2": 2.284, "densidad_hab_km2": 49.5, "poblacion": 113.0, "local_votacion": "IE LUIS ALBERTO SANCHEZ", "electores_hab": 1840, "total_votantes": 1498, "mesas": 7, "participacion": 81.4, "ausentismo": 18.6, "partido_ganador": "Juntos por el Peru", "pct_ganador": 62.41, "margen_victoria": 50.0, "pct_an": 1.11, "pct_app": 0, "pct_fp": 12.41, "pct_jxp": 62.41, "pct_lp": 2.21, "pct_obra": 7.74, "pct_pbg": 0.68, "pct_pl": 0.77, "pct_pp": 2.3, "pct_ppt": 0.94, "pct_rp": 0, "pct_sp": 0.6, "pct_otros": 8.84 }, "geometry": { "type": "Polygon", "coordinates": [ [ [ -78.395091815307694, -7.019768207318606 ], [ -78.390988888877075, -7.015626097596431 ], [ -78.381836363454426, -7.019833790225209 ], [ -78.379838616659342, -7.037981144138561 ], [ -78.393886308277473, -7.026308622200219 ], [ -78.395091815307694, -7.019768207318606 ] ] ] } },
{ "type": "Feature", "properties": { "ubigeo": "060105", "nombre": "BELLAVISTA ALTA", "categoria": "CASERIO", "provincia": "CAJAMARCA", "distrito": "ENCAÑADA", "altitud": 3358.0, "area_km2": 2.988, "densidad_hab_km2": 127.2, "poblacion": 380.0, "local_votacion": "IE 026", "electores_hab": 897, "total_votantes": 607, "mesas": 3, "participacion": 67.7, "ausentismo": 32.3, "partido_ganador": "Juntos por el Peru", "pct_ganador": 51.4, "margen_victoria": 35.2, "pct_an": 1.8, "pct_app": 0, "pct_fp": 10.8, "pct_jxp": 51.4, "pct_lp": 1.4, "pct_obra": 16.2, "pct_pbg": 3.2, "pct_pl": 0.4, "pct_pp": 0.6, "pct_ppt": 2.6, "pct_rp": 0, "pct_sp": 0.6, "pct_otros": 11.0 }, "geometry": { "type": "Polygon", "coordinates": [ [ [ -78.420863482322247, -7.011629755304759 ], [ -78.416962316094313, -7.022365356981401 ], [ -78.435859763302574, -7.027075531510885 ], [ -78.4372, -7.0262 ], [ -78.441269996131012, -7.025234238206201 ], [ -78.427708049690224, -7.008593254799844 ], [ -78.426584988248592, -7.00862537383074 ], [ -78.420863482322247, -7.011629755304759 ] ] ] } },
{ "type": "Feature", "properties": { "ubigeo": "060105", "nombre": "SAN PEDRO DE COMBAYO", "categoria": "CASERIO", "provincia": "CAJAMARCA", "distrito": "ENCAÑADA", "altitud": 3481.0, "area_km2": 1.97, "densidad_hab_km2": 197.0, "poblacion": 388.0, "local_votacion": "IE LUIS ALBERTO SANCHEZ", "electores_hab": 1840, "total_votantes": 1498, "mesas": 7, "participacion": 81.4, "ausentismo": 18.6, "partido_ganador": "Juntos por el Peru", "pct_ganador": 62.41, "margen_victoria": 50.0, "pct_an": 1.11, "pct_app": 0, "pct_fp": 12.41, "pct_jxp": 62.41, "pct_lp": 2.21, "pct_obra": 7.74, "pct_pbg": 0.68, "pct_pl": 0.77, "pct_pp": 2.3, "pct_ppt": 0.94, "pct_rp": 0, "pct_sp": 0.6, "pct_otros": 8.84 }, "geometry": { "type": "Polygon", "coordinates": [ [ [ -78.416962316094313, -7.022365356981401 ], [ -78.420863482322247, -7.011629755304759 ], [ -78.410483271882796, -7.009043824145186 ], [ -78.40465074759679, -7.021461873817862 ], [ -78.4082802761734, -7.024639079235167 ], [ -78.415296519116509, -7.023560734216557 ], [ -78.416962316094313, -7.022365356981401 ] ] ] } },
{ "type": "Feature", "properties": { "ubigeo": "060105", "nombre": "EL VALLE", "categoria": "OTROS", "provincia": "CAJAMARCA", "distrito": "ENCAÑADA", "altitud": 3356.0, "area_km2": 2.488, "densidad_hab_km2": 138.3, "poblacion": 344.0, "local_votacion": "IE 82172", "electores_hab": 509, "total_votantes": 401, "mesas": 2, "participacion": 78.8, "ausentismo": 21.2, "partido_ganador": "Juntos por el Peru", "pct_ganador": 72.15, "margen_victoria": 61.07, "pct_an": 0.63, "pct_app": 0, "pct_fp": 11.08, "pct_jxp": 72.15, "pct_lp": 2.53, "pct_obra": 3.8, "pct_pbg": 1.27, "pct_pl": 0.63, "pct_pp": 1.9, "pct_ppt": 0.32, "pct_rp": 0, "pct_sp": 0.32, "pct_otros": 5.38 }, "geometry": { "type": "Polygon", "coordinates": [ [ [ -78.372864994987978, -7.005074839624672 ], [ -78.362123905457153, -7.004151627040763 ], [ -78.35690818496488, -7.007181183837334 ], [ -78.362603732333881, -7.02273271950931 ], [ -78.371603523273123, -7.017891745224842 ], [ -78.372864994987978, -7.005074839624672 ] ] ] } },
{ "type": "Feature", "properties": { "ubigeo": "060105", "nombre": "MARAYPATA", "categoria": "CASERIO", "provincia": "CAJAMARCA", "distrito": "ENCAÑADA", "altitud": 3550.0, "area_km2": 3.459, "densidad_hab_km2": 85.3, "poblacion": 295.0, "local_votacion": "IE 82163 YERBA BUENA GRANDE", "electores_hab": 387, "total_votantes": 305, "mesas": 2, "participacion": 78.8, "ausentismo": 21.2, "partido_ganador": "Juntos por el Peru", "pct_ganador": 43.59, "margen_victoria": 28.63, "pct_an": 4.27, "pct_app": 0, "pct_fp": 14.53, "pct_jxp": 43.59, "pct_lp": 14.96, "pct_obra": 11.54, "pct_pbg": 0.43, "pct_pl": 0.0, "pct_pp": 1.28, "pct_ppt": 0.85, "pct_rp": 0, "pct_sp": 0.0, "pct_otros": 8.55 }, "geometry": { "type": "Polygon", "coordinates": [ [ [ -78.388089601823978, -7.002675042957887 ], [ -78.374509037411514, -7.00342696990482 ], [ -78.372864994987978, -7.005074839624672 ], [ -78.371603523273123, -7.017891745224842 ], [ -78.381836363454426, -7.019833790225209 ], [ -78.390988888877075, -7.015626097596431 ], [ -78.391150659862419, -7.00472578991388 ], [ -78.388089601823978, -7.002675042957887 ] ] ] } },
{ "type": "Feature", "properties": { "ubigeo": "060105", "nombre": "EL MILAGRO", "categoria": "CASERIO", "provincia": "CAJAMARCA", "distrito": "ENCAÑADA", "altitud": 3676.0, "area_km2": 3.942, "densidad_hab_km2": 64.7, "poblacion": 255.0, "local_votacion": "IE LUIS ALBERTO SANCHEZ", "electores_hab": 1840, "total_votantes": 1498, "mesas": 7, "participacion": 81.4, "ausentismo": 18.6, "partido_ganador": "Juntos por el Peru", "pct_ganador": 62.41, "margen_victoria": 50.0, "pct_an": 1.11, "pct_app": 0, "pct_fp": 12.41, "pct_jxp": 62.41, "pct_lp": 2.21, "pct_obra": 7.74, "pct_pbg": 0.68, "pct_pl": 0.77, "pct_pp": 2.3, "pct_ppt": 0.94, "pct_rp": 0, "pct_sp": 0.6, "pct_otros": 8.84 }, "geometry": { "type": "Polygon", "coordinates": [ [ [ -78.404094490169655, -6.997447184984913 ], [ -78.391150659862419, -7.00472578991388 ], [ -78.390988888877075, -7.015626097596431 ], [ -78.395091815307694, -7.019768207318606 ], [ -78.40465074759679, -7.021461873817862 ], [ -78.410483271882796, -7.009043824145186 ], [ -78.404094490169655, -6.997447184984913 ] ] ] } },
{ "type": "Feature", "properties": { "ubigeo": "060105", "nombre": "LA LIBERTAD", "categoria": "OTROS", "provincia": "CAJAMARCA", "distrito": "ENCAÑADA", "altitud": 3625.0, "area_km2": 2.928, "densidad_hab_km2": 29.0, "poblacion": 85.0, "local_votacion": "IE 026", "electores_hab": 897, "total_votantes": 607, "mesas": 3, "participacion": 67.7, "ausentismo": 32.3, "partido_ganador": "Juntos por el Peru", "pct_ganador": 51.4, "margen_victoria": 35.2, "pct_an": 1.8, "pct_app": 0, "pct_fp": 10.8, "pct_jxp": 51.4, "pct_lp": 1.4, "pct_obra": 16.2, "pct_pbg": 3.2, "pct_pl": 0.4, "pct_pp": 0.6, "pct_ppt": 2.6, "pct_rp": 0, "pct_sp": 0.6, "pct_otros": 11.0 }, "geometry": { "type": "Polygon", "coordinates": [ [ [ -78.426584988248592, -7.00862537383074 ], [ -78.409169540596139, -6.989305717905897 ], [ -78.408596265371727, -6.989540798166186 ], [ -78.404094490169655, -6.997447184984913 ], [ -78.410483271882796, -7.009043824145186 ], [ -78.420863482322247, -7.011629755304759 ], [ -78.426584988248592, -7.00862537383074 ] ] ] } },
{ "type": "Feature", "properties": { "ubigeo": "060105", "nombre": "SANTA ROSA DE YERBA BUENA", "categoria": "CASERIO", "provincia": "CAJAMARCA", "distrito": "ENCAÑADA", "altitud": 3555.0, "area_km2": 1.341, "densidad_hab_km2": 15.7, "poblacion": 21.0, "local_votacion": "IE 82172", "electores_hab": 509, "total_votantes": 401, "mesas": 2, "participacion": 78.8, "ausentismo": 21.2, "partido_ganador": "Juntos por el Peru", "pct_ganador": 72.15, "margen_victoria": 61.07, "pct_an": 0.63, "pct_app": 0, "pct_fp": 11.08, "pct_jxp": 72.15, "pct_lp": 2.53, "pct_obra": 3.8, "pct_pbg": 1.27, "pct_pl": 0.63, "pct_pp": 1.9, "pct_ppt": 0.32, "pct_rp": 0, "pct_sp": 0.32, "pct_otros": 5.38 }, "geometry": { "type": "Polygon", "coordinates": [ [ [ -78.374509037411514, -7.00342696990482 ], [ -78.371788854510697, -6.995886791752623 ], [ -78.364676431754063, -6.991141335668396 ], [ -78.362123905457153, -7.004151627040763 ], [ -78.372864994987978, -7.005074839624672 ], [ -78.374509037411514, -7.00342696990482 ] ] ] } },
{ "type": "Feature", "properties": { "ubigeo": "060105", "nombre": "SAN CIRILO", "categoria": "OTROS", "provincia": "CAJAMARCA", "distrito": "ENCAÑADA", "altitud": 3752.0, "area_km2": 18.438, "densidad_hab_km2": 0.9, "poblacion": 16.0, "local_votacion": "IE SAN MARTIN DE PORRES", "electores_hab": 818, "total_votantes": 630, "mesas": 3, "participacion": 77.0, "ausentismo": 23.0, "partido_ganador": "Juntos por el Peru", "pct_ganador": 75.06, "margen_victoria": 66.45, "pct_an": 0.44, "pct_app": 0, "pct_fp": 8.61, "pct_jxp": 75.06, "pct_lp": 0.66, "pct_obra": 6.18, "pct_pbg": 0.44, "pct_pl": 1.32, "pct_pp": 1.99, "pct_ppt": 0.88, "pct_rp": 0, "pct_sp": 0.22, "pct_otros": 4.19 }, "geometry": { "type": "Polygon", "coordinates": [ [ [ -78.564948489724344, -6.86554885748756 ], [ -78.561819841189234, -6.869662488823918 ], [ -78.557056648349487, -6.8902596482325 ], [ -78.575709225245362, -6.910155595450191 ], [ -78.5758, -6.9095 ], [ -78.5828, -6.8973 ], [ -78.6003, -6.8873 ], [ -78.5986, -6.8855 ], [ -78.5979, -6.8799 ], [ -78.6019, -6.8707 ], [ -78.6009, -6.8674 ], [ -78.5956, -6.8672 ], [ -78.5958, -6.8621 ], [ -78.591391493751217, -6.851785758965095 ], [ -78.564948489724344, -6.86554885748756 ] ] ] } },
{ "type": "Feature", "properties": { "ubigeo": "060105", "nombre": "RIO COLORADO", "categoria": "OTROS", "provincia": "CAJAMARCA", "distrito": "ENCAÑADA", "altitud": 3736.0, "area_km2": 2.3, "densidad_hab_km2": 18.3, "poblacion": 42.0, "local_votacion": "IE 821238 NEGRITOS ALTO", "electores_hab": 512, "total_votantes": 400, "mesas": 2, "participacion": 78.1, "ausentismo": 21.9, "partido_ganador": "Juntos por el Peru", "pct_ganador": 48.73, "margen_victoria": 34.49, "pct_an": 5.06, "pct_app": 0, "pct_fp": 13.61, "pct_jxp": 48.73, "pct_lp": 0.0, "pct_obra": 14.24, "pct_pbg": 2.53, "pct_pl": 1.58, "pct_pp": 3.16, "pct_ppt": 0.0, "pct_rp": 0, "pct_sp": 0.32, "pct_otros": 10.76 }, "geometry": { "type": "Polygon", "coordinates": [ [ [ -78.527032641213708, -6.922471059464165 ], [ -78.523949135008877, -6.940667922926093 ], [ -78.529672034141029, -6.942655931717935 ], [ -78.5354, -6.9312 ], [ -78.5388, -6.9294 ], [ -78.545494248920463, -6.92996254192609 ], [ -78.540187004192092, -6.925892422514781 ], [ -78.527032641213708, -6.922471059464165 ] ] ] } },
{ "type": "Feature", "properties": { "ubigeo": "060105", "nombre": "LA QUINUA", "categoria": null, "provincia": "CAJAMARCA", "distrito": "ENCAÑADA", "altitud": 3775.0, "area_km2": 11.868, "densidad_hab_km2": 2.4, "poblacion": 28.0, "local_votacion": "IE 821238 NEGRITOS ALTO", "electores_hab": 512, "total_votantes": 400, "mesas": 2, "participacion": 78.1, "ausentismo": 21.9, "partido_ganador": "Juntos por el Peru", "pct_ganador": 48.73, "margen_victoria": 34.49, "pct_an": 5.06, "pct_app": 0, "pct_fp": 13.61, "pct_jxp": 48.73, "pct_lp": 0.0, "pct_obra": 14.24, "pct_pbg": 2.53, "pct_pl": 1.58, "pct_pp": 3.16, "pct_ppt": 0.0, "pct_rp": 0, "pct_sp": 0.32, "pct_otros": 10.76 }, "geometry": { "type": "Polygon", "coordinates": [ [ [ -78.527032641213708, -6.922471059464165 ], [ -78.513336930974262, -6.914169813901268 ], [ -78.477735054631225, -6.964823927110977 ], [ -78.519784490488505, -6.94683495065757 ], [ -78.523949135008877, -6.940667922926093 ], [ -78.527032641213708, -6.922471059464165 ] ] ] } },
{ "type": "Feature", "properties": { "ubigeo": "060105", "nombre": "CUSHUROBAMBA", "categoria": "CASERIO", "provincia": "CAJAMARCA", "distrito": "ENCAÑADA", "altitud": 3898.0, "area_km2": 26.285, "densidad_hab_km2": 2.5, "poblacion": 66.0, "local_votacion": "IE CESAR VALLEJO", "electores_hab": 735, "total_votantes": 561, "mesas": 3, "participacion": 76.3, "ausentismo": 23.7, "partido_ganador": "Juntos por el Peru", "pct_ganador": 69.68, "margen_victoria": 59.17, "pct_an": 1.22, "pct_app": 0, "pct_fp": 4.65, "pct_jxp": 69.68, "pct_lp": 0.24, "pct_obra": 6.11, "pct_pbg": 0.49, "pct_pl": 1.22, "pct_pp": 5.13, "pct_ppt": 0.73, "pct_rp": 0, "pct_sp": 0.0, "pct_otros": 10.51 }, "geometry": { "type": "Polygon", "coordinates": [ [ [ -78.513336930974262, -6.914169813901268 ], [ -78.511215580711365, -6.90244643625269 ], [ -78.510186220023328, -6.902192979203606 ], [ -78.483200083135742, -6.898146144353952 ], [ -78.455434545457152, -6.920508050445769 ], [ -78.473128402358938, -6.962223894451589 ], [ -78.477438364862834, -6.965126763572868 ], [ -78.477735054631225, -6.964823927110977 ], [ -78.513336930974262, -6.914169813901268 ] ] ] } },
{ "type": "Feature", "properties": { "ubigeo": "060105", "nombre": "LA EXTREMA", "categoria": "CASERIO", "provincia": "CAJAMARCA", "distrito": "ENCAÑADA", "altitud": 3515.0, "area_km2": 11.32, "densidad_hab_km2": 8.7, "poblacion": 99.0, "local_votacion": "IE SAN MARTIN DE PORRES", "electores_hab": 818, "total_votantes": 630, "mesas": 3, "participacion": 77.0, "ausentismo": 23.0, "partido_ganador": "Juntos por el Peru", "pct_ganador": 75.06, "margen_victoria": 66.45, "pct_an": 0.44, "pct_app": 0, "pct_fp": 8.61, "pct_jxp": 75.06, "pct_lp": 0.66, "pct_obra": 6.18, "pct_pbg": 0.44, "pct_pl": 1.32, "pct_pp": 1.99, "pct_ppt": 0.88, "pct_rp": 0, "pct_sp": 0.22, "pct_otros": 4.19 }, "geometry": { "type": "Polygon", "coordinates": [ [ [ -78.540187004192092, -6.925892422514781 ], [ -78.548717129637055, -6.893022813419362 ], [ -78.519461268981203, -6.891150544838523 ], [ -78.511215580711365, -6.90244643625269 ], [ -78.513336930974262, -6.914169813901268 ], [ -78.527032641213708, -6.922471059464165 ], [ -78.540187004192092, -6.925892422514781 ] ] ] } },
{ "type": "Feature", "properties": { "ubigeo": "060105", "nombre": "LA COLPA", "categoria": null, "provincia": "CAJAMARCA", "distrito": "ENCAÑADA", "altitud": 3643.0, "area_km2": 6.048, "densidad_hab_km2": 13.2, "poblacion": 80.0, "local_votacion": "IE CESAR VALLEJO", "electores_hab": 735, "total_votantes": 561, "mesas": 3, "participacion": 76.3, "ausentismo": 23.7, "partido_ganador": "Juntos por el Peru", "pct_ganador": 69.68, "margen_victoria": 59.17, "pct_an": 1.22, "pct_app": 0, "pct_fp": 4.65, "pct_jxp": 69.68, "pct_lp": 0.24, "pct_obra": 6.11, "pct_pbg": 0.49, "pct_pl": 1.22, "pct_pp": 5.13, "pct_ppt": 0.73, "pct_rp": 0, "pct_sp": 0.0, "pct_otros": 10.51 }, "geometry": { "type": "Polygon", "coordinates": [ [ [ -78.478569180247689, -6.880323033469327 ], [ -78.483200083135742, -6.898146144353952 ], [ -78.510186220023328, -6.902192979203606 ], [ -78.489989977527117, -6.871574602446717 ], [ -78.478569180247689, -6.880323033469327 ] ] ] } },
{ "type": "Feature", "properties": { "ubigeo": "060105", "nombre": "NUEVO TRIUNFO", "categoria": "CASERIO", "provincia": "CAJAMARCA", "distrito": "ENCAÑADA", "altitud": 3642.0, "area_km2": 7.205, "densidad_hab_km2": 16.4, "poblacion": 118.0, "local_votacion": "IE SAN MARTIN DE PORRES", "electores_hab": 818, "total_votantes": 630, "mesas": 3, "participacion": 77.0, "ausentismo": 23.0, "partido_ganador": "Juntos por el Peru", "pct_ganador": 75.06, "margen_victoria": 66.45, "pct_an": 0.44, "pct_app": 0, "pct_fp": 8.61, "pct_jxp": 75.06, "pct_lp": 0.66, "pct_obra": 6.18, "pct_pbg": 0.44, "pct_pl": 1.32, "pct_pp": 1.99, "pct_ppt": 0.88, "pct_rp": 0, "pct_sp": 0.22, "pct_otros": 4.19 }, "geometry": { "type": "Polygon", "coordinates": [ [ [ -78.519116534729605, -6.885102529638823 ], [ -78.509736682895252, -6.868169656729497 ], [ -78.495816090902892, -6.864538352213708 ], [ -78.489989977527117, -6.871574602446717 ], [ -78.510186220023328, -6.902192979203606 ], [ -78.511215580711365, -6.90244643625269 ], [ -78.519461268981203, -6.891150544838523 ], [ -78.519116534729605, -6.885102529638823 ] ] ] } },
{ "type": "Feature", "properties": { "ubigeo": "060105", "nombre": "CHAQUIL (ANEXO)", "categoria": null, "provincia": "CAJAMARCA", "distrito": "ENCAÑADA", "altitud": 3603.0, "area_km2": 10.181, "densidad_hab_km2": 4.1, "poblacion": 42.0, "local_votacion": "IE SAN MARTIN DE PORRES", "electores_hab": 818, "total_votantes": 630, "mesas": 3, "participacion": 77.0, "ausentismo": 23.0, "partido_ganador": "Juntos por el Peru", "pct_ganador": 75.06, "margen_victoria": 66.45, "pct_an": 0.44, "pct_app": 0, "pct_fp": 8.61, "pct_jxp": 75.06, "pct_lp": 0.66, "pct_obra": 6.18, "pct_pbg": 0.44, "pct_pl": 1.32, "pct_pp": 1.99, "pct_ppt": 0.88, "pct_rp": 0, "pct_sp": 0.22, "pct_otros": 4.19 }, "geometry": { "type": "Polygon", "coordinates": [ [ [ -78.561819841189234, -6.869662488823918 ], [ -78.535732115197405, -6.866587472949296 ], [ -78.519116534729605, -6.885102529638823 ], [ -78.519461268981203, -6.891150544838523 ], [ -78.548717129637055, -6.893022813419362 ], [ -78.557056648349487, -6.8902596482325 ], [ -78.561819841189234, -6.869662488823918 ] ] ] } },
{ "type": "Feature", "properties": { "ubigeo": "060105", "nombre": "YANACANCHA GRANDE", "categoria": "CASERIO", "provincia": "CAJAMARCA", "distrito": "ENCAÑADA", "altitud": 3433.0, "area_km2": 5.773, "densidad_hab_km2": 111.2, "poblacion": 642.0, "local_votacion": "IE SAN MARTIN DE PORRES", "electores_hab": 818, "total_votantes": 630, "mesas": 3, "participacion": 77.0, "ausentismo": 23.0, "partido_ganador": "Juntos por el Peru", "pct_ganador": 75.06, "margen_victoria": 66.45, "pct_an": 0.44, "pct_app": 0, "pct_fp": 8.61, "pct_jxp": 75.06, "pct_lp": 0.66, "pct_obra": 6.18, "pct_pbg": 0.44, "pct_pl": 1.32, "pct_pp": 1.99, "pct_ppt": 0.88, "pct_rp": 0, "pct_sp": 0.22, "pct_otros": 4.19 }, "geometry": { "type": "Polygon", "coordinates": [ [ [ -78.535732115197405, -6.866587472949296 ], [ -78.531961992683421, -6.856513843141611 ], [ -78.517096232579831, -6.854379280185877 ], [ -78.509736682895252, -6.868169656729497 ], [ -78.519116534729605, -6.885102529638823 ], [ -78.535732115197405, -6.866587472949296 ] ] ] } },
{ "type": "Feature", "properties": { "ubigeo": "060105", "nombre": "CERRO AZUL LA LIBERTAD", "categoria": "CASERIO", "provincia": "CAJAMARCA", "distrito": "ENCAÑADA", "altitud": 3543.0, "area_km2": 3.704, "densidad_hab_km2": 63.2, "poblacion": 234.0, "local_votacion": "IE CESAR VALLEJO", "electores_hab": 735, "total_votantes": 561, "mesas": 3, "participacion": 76.3, "ausentismo": 23.7, "partido_ganador": "Juntos por el Peru", "pct_ganador": 69.68, "margen_victoria": 59.17, "pct_an": 1.22, "pct_app": 0, "pct_fp": 4.65, "pct_jxp": 69.68, "pct_lp": 0.24, "pct_obra": 6.11, "pct_pbg": 0.49, "pct_pl": 1.22, "pct_pp": 5.13, "pct_ppt": 0.73, "pct_rp": 0, "pct_sp": 0.0, "pct_otros": 10.51 }, "geometry": { "type": "Polygon", "coordinates": [ [ [ -78.489989977527117, -6.871574602446717 ], [ -78.495816090902892, -6.864538352213708 ], [ -78.493191887269973, -6.859572128745707 ], [ -78.491719077918916, -6.858829882901796 ], [ -78.464954371472999, -6.871582354723334 ], [ -78.478569180247689, -6.880323033469327 ], [ -78.489989977527117, -6.871574602446717 ] ] ] } },
{ "type": "Feature", "properties": { "ubigeo": "060105", "nombre": "LA VECINDAD", "categoria": "OTROS", "provincia": "CAJAMARCA", "distrito": "ENCAÑADA", "altitud": 3468.0, "area_km2": 1.991, "densidad_hab_km2": 32.6, "poblacion": 65.0, "local_votacion": "IE 82163 YERBA BUENA GRANDE", "electores_hab": 387, "total_votantes": 305, "mesas": 2, "participacion": 78.8, "ausentismo": 21.2, "partido_ganador": "Juntos por el Peru", "pct_ganador": 43.59, "margen_victoria": 28.63, "pct_an": 4.27, "pct_app": 0, "pct_fp": 14.53, "pct_jxp": 43.59, "pct_lp": 14.96, "pct_obra": 11.54, "pct_pbg": 0.43, "pct_pl": 0.0, "pct_pp": 1.28, "pct_ppt": 0.85, "pct_rp": 0, "pct_sp": 0.0, "pct_otros": 8.55 }, "geometry": { "type": "Polygon", "coordinates": [ [ [ -78.38274025107404, -6.986887398258424 ], [ -78.371788854510697, -6.995886791752623 ], [ -78.374509037411514, -7.00342696990482 ], [ -78.388089601823978, -7.002675042957887 ], [ -78.38274025107404, -6.986887398258424 ] ] ] } },
{ "type": "Feature", "properties": { "ubigeo": "060105", "nombre": "SAN LUIS", "categoria": "CASERIO", "provincia": "CAJAMARCA", "distrito": "ENCAÑADA", "altitud": 3706.0, "area_km2": 4.348, "densidad_hab_km2": 41.9, "poblacion": 182.0, "local_votacion": "IE 026", "electores_hab": 897, "total_votantes": 607, "mesas": 3, "participacion": 67.7, "ausentismo": 32.3, "partido_ganador": "Juntos por el Peru", "pct_ganador": 51.4, "margen_victoria": 35.2, "pct_an": 1.8, "pct_app": 0, "pct_fp": 10.8, "pct_jxp": 51.4, "pct_lp": 1.4, "pct_obra": 16.2, "pct_pbg": 3.2, "pct_pl": 0.4, "pct_pp": 0.6, "pct_ppt": 2.6, "pct_rp": 0, "pct_sp": 0.6, "pct_otros": 11.0 }, "geometry": { "type": "Polygon", "coordinates": [ [ [ -78.424309395937584, -6.976667917497155 ], [ -78.409169540596139, -6.989305717905897 ], [ -78.426584988248592, -7.00862537383074 ], [ -78.427708049690224, -7.008593254799844 ], [ -78.432026925795341, -7.001449113909293 ], [ -78.424309395937584, -6.976667917497155 ] ] ] } },
{ "type": "Feature", "properties": { "ubigeo": "060105", "nombre": "YERBA BUENA CHICA", "categoria": "CASERIO", "provincia": "CAJAMARCA", "distrito": "ENCAÑADA", "altitud": 3759.0, "area_km2": 5.378, "densidad_hab_km2": 41.1, "poblacion": 221.0, "local_votacion": "IE 82163 YERBA BUENA GRANDE", "electores_hab": 387, "total_votantes": 305, "mesas": 2, "participacion": 78.8, "ausentismo": 21.2, "partido_ganador": "Juntos por el Peru", "pct_ganador": 43.59, "margen_victoria": 28.63, "pct_an": 4.27, "pct_app": 0, "pct_fp": 14.53, "pct_jxp": 43.59, "pct_lp": 14.96, "pct_obra": 11.54, "pct_pbg": 0.43, "pct_pl": 0.0, "pct_pp": 1.28, "pct_ppt": 0.85, "pct_rp": 0, "pct_sp": 0.0, "pct_otros": 8.55 }, "geometry": { "type": "Polygon", "coordinates": [ [ [ -78.404094490169655, -6.997447184984913 ], [ -78.408596265371727, -6.989540798166186 ], [ -78.387238490015392, -6.975149156374813 ], [ -78.382868939353642, -6.982578825566653 ], [ -78.38274025107404, -6.986887398258424 ], [ -78.388089601823978, -7.002675042957887 ], [ -78.391150659862419, -7.00472578991388 ], [ -78.404094490169655, -6.997447184984913 ] ] ] } },
{ "type": "Feature", "properties": { "ubigeo": "060105", "nombre": "SAN JUAN DE YERBA BUENA (YERBA BUENA GRANDE)", "categoria": "CASERIO", "provincia": "CAJAMARCA", "distrito": "ENCAÑADA", "altitud": 3555.0, "area_km2": 1.895, "densidad_hab_km2": 99.7, "poblacion": 189.0, "local_votacion": "IE 82163 YERBA BUENA GRANDE", "electores_hab": 387, "total_votantes": 305, "mesas": 2, "participacion": 78.8, "ausentismo": 21.2, "partido_ganador": "Juntos por el Peru", "pct_ganador": 43.59, "margen_victoria": 28.63, "pct_an": 4.27, "pct_app": 0, "pct_fp": 14.53, "pct_jxp": 43.59, "pct_lp": 14.96, "pct_obra": 11.54, "pct_pbg": 0.43, "pct_pl": 0.0, "pct_pp": 1.28, "pct_ppt": 0.85, "pct_rp": 0, "pct_sp": 0.0, "pct_otros": 8.55 }, "geometry": { "type": "Polygon", "coordinates": [ [ [ -78.382868939353642, -6.982578825566653 ], [ -78.36187913778403, -6.986066603566459 ], [ -78.361865383524872, -6.986104546926978 ], [ -78.364676431754063, -6.991141335668396 ], [ -78.371788854510697, -6.995886791752623 ], [ -78.38274025107404, -6.986887398258424 ], [ -78.382868939353642, -6.982578825566653 ] ] ] } },
{ "type": "Feature", "properties": { "ubigeo": "060105", "nombre": "PORVENIR DE YERBA BUENA", "categoria": "CASERIO", "provincia": "CAJAMARCA", "distrito": "ENCAÑADA", "altitud": 3768.0, "area_km2": 5.701, "densidad_hab_km2": 24.2, "poblacion": 138.0, "local_votacion": "IE 82163 YERBA BUENA GRANDE", "electores_hab": 387, "total_votantes": 305, "mesas": 2, "participacion": 78.8, "ausentismo": 21.2, "partido_ganador": "Juntos por el Peru", "pct_ganador": 43.59, "margen_victoria": 28.63, "pct_an": 4.27, "pct_app": 0, "pct_fp": 14.53, "pct_jxp": 43.59, "pct_lp": 14.96, "pct_obra": 11.54, "pct_pbg": 0.43, "pct_pl": 0.0, "pct_pp": 1.28, "pct_ppt": 0.85, "pct_rp": 0, "pct_sp": 0.0, "pct_otros": 8.55 }, "geometry": { "type": "Polygon", "coordinates": [ [ [ -78.387010508465409, -6.97361250964322 ], [ -78.357347433147837, -6.958482122761903 ], [ -78.36187913778403, -6.986066603566459 ], [ -78.382868939353642, -6.982578825566653 ], [ -78.387238490015392, -6.975149156374813 ], [ -78.387010508465409, -6.97361250964322 ] ] ] } },
{ "type": "Feature", "properties": { "ubigeo": "060105", "nombre": "QUINUAPAMPA", "categoria": "ANEXO", "provincia": "CAJAMARCA", "distrito": "ENCAÑADA", "altitud": 3782.0, "area_km2": 11.381, "densidad_hab_km2": 7.1, "poblacion": 81.0, "local_votacion": "IE 026", "electores_hab": 897, "total_votantes": 607, "mesas": 3, "participacion": 67.7, "ausentismo": 32.3, "partido_ganador": "Juntos por el Peru", "pct_ganador": 51.4, "margen_victoria": 35.2, "pct_an": 1.8, "pct_app": 0, "pct_fp": 10.8, "pct_jxp": 51.4, "pct_lp": 1.4, "pct_obra": 16.2, "pct_pbg": 3.2, "pct_pl": 0.4, "pct_pp": 0.6, "pct_ppt": 2.6, "pct_rp": 0, "pct_sp": 0.6, "pct_otros": 11.0 }, "geometry": { "type": "Polygon", "coordinates": [ [ [ -78.405308514070327, -6.948374282090326 ], [ -78.387010508465409, -6.97361250964322 ], [ -78.387238490015392, -6.975149156374813 ], [ -78.408596265371727, -6.989540798166186 ], [ -78.409169540596139, -6.989305717905897 ], [ -78.424309395937584, -6.976667917497155 ], [ -78.42929586404108, -6.968211467283343 ], [ -78.405308514070327, -6.948374282090326 ] ] ] } },
{ "type": "Feature", "properties": { "ubigeo": "060105", "nombre": "LAS LAGUNAS", "categoria": "CASERIO", "provincia": "CAJAMARCA", "distrito": "ENCAÑADA", "altitud": 4031.0, "area_km2": 29.882, "densidad_hab_km2": 2.1, "poblacion": 63.0, "local_votacion": "IE 026", "electores_hab": 897, "total_votantes": 607, "mesas": 3, "participacion": 67.7, "ausentismo": 32.3, "partido_ganador": "Juntos por el Peru", "pct_ganador": 51.4, "margen_victoria": 35.2, "pct_an": 1.8, "pct_app": 0, "pct_fp": 10.8, "pct_jxp": 51.4, "pct_lp": 1.4, "pct_obra": 16.2, "pct_pbg": 3.2, "pct_pl": 0.4, "pct_pp": 0.6, "pct_ppt": 2.6, "pct_rp": 0, "pct_sp": 0.6, "pct_otros": 11.0 }, "geometry": { "type": "Polygon", "coordinates": [ [ [ -78.405308514070327, -6.948374282090326 ], [ -78.42929586404108, -6.968211467283343 ], [ -78.473128402358938, -6.962223894451589 ], [ -78.455434545457152, -6.920508050445769 ], [ -78.429919969980944, -6.90309145013622 ], [ -78.4322, -6.9098 ], [ -78.4298, -6.9285 ], [ -78.4243, -6.9314 ], [ -78.4203, -6.93 ], [ -78.4151, -6.9353 ], [ -78.4083, -6.9386 ], [ -78.4047, -6.9304 ], [ -78.3997, -6.9277 ], [ -78.398256491588285, -6.927428571067883 ], [ -78.405308514070327, -6.948374282090326 ] ] ] } },
{ "type": "Feature", "properties": { "ubigeo": "060105", "nombre": "SAN ANTONIO DE PACHACHACA", "categoria": "CASERIO", "provincia": "CAJAMARCA", "distrito": "ENCAÑADA", "altitud": 3765.0, "area_km2": 23.639, "densidad_hab_km2": 9.8, "poblacion": 232.0, "local_votacion": "IE CESAR VALLEJO", "electores_hab": 735, "total_votantes": 561, "mesas": 3, "participacion": 76.3, "ausentismo": 23.7, "partido_ganador": "Juntos por el Peru", "pct_ganador": 69.68, "margen_victoria": 59.17, "pct_an": 1.22, "pct_app": 0, "pct_fp": 4.65, "pct_jxp": 69.68, "pct_lp": 0.24, "pct_obra": 6.11, "pct_pbg": 0.49, "pct_pl": 1.22, "pct_pp": 5.13, "pct_ppt": 0.73, "pct_rp": 0, "pct_sp": 0.0, "pct_otros": 10.51 }, "geometry": { "type": "Polygon", "coordinates": [ [ [ -78.464954371472999, -6.871582354723334 ], [ -78.443570817454756, -6.85997194523999 ], [ -78.442, -6.8649 ], [ -78.4432, -6.8785 ], [ -78.4333, -6.8855 ], [ -78.427, -6.8945 ], [ -78.429919969980944, -6.90309145013622 ], [ -78.455434545457152, -6.920508050445769 ], [ -78.483200083135742, -6.898146144353952 ], [ -78.478569180247689, -6.880323033469327 ], [ -78.464954371472999, -6.871582354723334 ] ] ] } },
{ "type": "Feature", "properties": { "ubigeo": "060105", "nombre": "NEGRITOS BAJO", "categoria": "CASERIO", "provincia": "CAJAMARCA", "distrito": "ENCAÑADA", "altitud": 3449.0, "area_km2": 5.207, "densidad_hab_km2": 26.5, "poblacion": 138.0, "local_votacion": "IE SAN MARTIN DE PORRES", "electores_hab": 818, "total_votantes": 630, "mesas": 3, "participacion": 77.0, "ausentismo": 23.0, "partido_ganador": "Juntos por el Peru", "pct_ganador": 75.06, "margen_victoria": 66.45, "pct_an": 0.44, "pct_app": 0, "pct_fp": 8.61, "pct_jxp": 75.06, "pct_lp": 0.66, "pct_obra": 6.18, "pct_pbg": 0.44, "pct_pl": 1.32, "pct_pp": 1.99, "pct_ppt": 0.88, "pct_rp": 0, "pct_sp": 0.22, "pct_otros": 4.19 }, "geometry": { "type": "Polygon", "coordinates": [ [ [ -78.564948489724344, -6.86554885748756 ], [ -78.553005943212085, -6.853987696146849 ], [ -78.537951693246285, -6.848070386741131 ], [ -78.531961992683421, -6.856513843141611 ], [ -78.535732115197405, -6.866587472949296 ], [ -78.561819841189234, -6.869662488823918 ], [ -78.564948489724344, -6.86554885748756 ] ] ] } },
{ "type": "Feature", "properties": { "ubigeo": "060105", "nombre": "YANACANCHA ALTA (LIRIOPAMPA)", "categoria": "CASERIO", "provincia": "CAJAMARCA", "distrito": "ENCAÑADA", "altitud": 3424.0, "area_km2": 5.464, "densidad_hab_km2": 34.4, "poblacion": 188.0, "local_votacion": "IE CRISTO REDENTOR", "electores_hab": 1460, "total_votantes": 1049, "mesas": 5, "participacion": 71.8, "ausentismo": 28.2, "partido_ganador": "Juntos por el Peru", "pct_ganador": 78.74, "margen_victoria": 71.98, "pct_an": 1.21, "pct_app": 0, "pct_fp": 4.11, "pct_jxp": 78.74, "pct_lp": 0.24, "pct_obra": 3.62, "pct_pbg": 0.48, "pct_pl": 0.36, "pct_pp": 2.9, "pct_ppt": 0.48, "pct_rp": 0, "pct_sp": 1.09, "pct_otros": 6.76 }, "geometry": { "type": "Polygon", "coordinates": [ [ [ -78.505762730638082, -6.837868767410833 ], [ -78.503495748735475, -6.83669444240178 ], [ -78.493191887269973, -6.859572128745707 ], [ -78.495816090902892, -6.864538352213708 ], [ -78.509736682895252, -6.868169656729497 ], [ -78.517096232579831, -6.854379280185877 ], [ -78.516350750261097, -6.851126652958652 ], [ -78.505762730638082, -6.837868767410833 ] ] ] } },
{ "type": "Feature", "properties": { "ubigeo": "060105", "nombre": "EL INGENIO", "categoria": "CASERIO", "provincia": "CAJAMARCA", "distrito": "ENCAÑADA", "altitud": 3238.0, "area_km2": 3.257, "densidad_hab_km2": 50.0, "poblacion": 163.0, "local_votacion": "IE CRISTO REDENTOR", "electores_hab": 1460, "total_votantes": 1049, "mesas": 5, "participacion": 71.8, "ausentismo": 28.2, "partido_ganador": "Juntos por el Peru", "pct_ganador": 78.74, "margen_victoria": 71.98, "pct_an": 1.21, "pct_app": 0, "pct_fp": 4.11, "pct_jxp": 78.74, "pct_lp": 0.24, "pct_obra": 3.62, "pct_pbg": 0.48, "pct_pl": 0.36, "pct_pp": 2.9, "pct_ppt": 0.48, "pct_rp": 0, "pct_sp": 1.09, "pct_otros": 6.76 }, "geometry": { "type": "Polygon", "coordinates": [ [ [ -78.537951693246285, -6.848070386741131 ], [ -78.535074276049414, -6.83359265366291 ], [ -78.516350750261097, -6.851126652958652 ], [ -78.517096232579831, -6.854379280185877 ], [ -78.531961992683421, -6.856513843141611 ], [ -78.537951693246285, -6.848070386741131 ] ] ] } },
{ "type": "Feature", "properties": { "ubigeo": "060105", "nombre": "YANACANCHA BAJA", "categoria": "CASERIO", "provincia": "CAJAMARCA", "distrito": "ENCAÑADA", "altitud": 3290.0, "area_km2": 3.346, "densidad_hab_km2": 207.1, "poblacion": 693.0, "local_votacion": "IE CRISTO REDENTOR", "electores_hab": 1460, "total_votantes": 1049, "mesas": 5, "participacion": 71.8, "ausentismo": 28.2, "partido_ganador": "Juntos por el Peru", "pct_ganador": 78.74, "margen_victoria": 71.98, "pct_an": 1.21, "pct_app": 0, "pct_fp": 4.11, "pct_jxp": 78.74, "pct_lp": 0.24, "pct_obra": 3.62, "pct_pbg": 0.48, "pct_pl": 0.36, "pct_pp": 2.9, "pct_ppt": 0.48, "pct_rp": 0, "pct_sp": 1.09, "pct_otros": 6.76 }, "geometry": { "type": "Polygon", "coordinates": [ [ [ -78.535074276049414, -6.83359265366291 ], [ -78.535529586690146, -6.830179422131873 ], [ -78.534710230611992, -6.829892849824778 ], [ -78.505762730638082, -6.837868767410833 ], [ -78.516350750261097, -6.851126652958652 ], [ -78.535074276049414, -6.83359265366291 ] ] ] } },
{ "type": "Feature", "properties": { "ubigeo": "060105", "nombre": "YANACANCHILLA BAJA", "categoria": "CASERIO", "provincia": "CAJAMARCA", "distrito": "ENCAÑADA", "altitud": 3194.0, "area_km2": 4.488, "densidad_hab_km2": 33.6, "poblacion": 151.0, "local_votacion": "IE CRISTO REDENTOR", "electores_hab": 1460, "total_votantes": 1049, "mesas": 5, "participacion": 71.8, "ausentismo": 28.2, "partido_ganador": "Juntos por el Peru", "pct_ganador": 78.74, "margen_victoria": 71.98, "pct_an": 1.21, "pct_app": 0, "pct_fp": 4.11, "pct_jxp": 78.74, "pct_lp": 0.24, "pct_obra": 3.62, "pct_pbg": 0.48, "pct_pl": 0.36, "pct_pp": 2.9, "pct_ppt": 0.48, "pct_rp": 0, "pct_sp": 1.09, "pct_otros": 6.76 }, "geometry": { "type": "Polygon", "coordinates": [ [ [ -78.550103530611167, -6.827597242785503 ], [ -78.5484, -6.8256 ], [ -78.549, -6.8233 ], [ -78.548722672092694, -6.822729937079422 ], [ -78.535529586690146, -6.830179422131873 ], [ -78.535074276049414, -6.83359265366291 ], [ -78.537951693246285, -6.848070386741131 ], [ -78.553005943212085, -6.853987696146849 ], [ -78.550103530611167, -6.827597242785503 ] ] ] } },
{ "type": "Feature", "properties": { "ubigeo": "060105", "nombre": "SANTIAGO DE CHANTA BAJA", "categoria": "CASERIO", "provincia": "CAJAMARCA", "distrito": "ENCAÑADA", "altitud": 3284.0, "area_km2": 8.239, "densidad_hab_km2": 52.6, "poblacion": 433.0, "local_votacion": "IE CRISTO REDENTOR", "electores_hab": 1460, "total_votantes": 1049, "mesas": 5, "participacion": 71.8, "ausentismo": 28.2, "partido_ganador": "Juntos por el Peru", "pct_ganador": 78.74, "margen_victoria": 71.98, "pct_an": 1.21, "pct_app": 0, "pct_fp": 4.11, "pct_jxp": 78.74, "pct_lp": 0.24, "pct_obra": 3.62, "pct_pbg": 0.48, "pct_pl": 0.36, "pct_pp": 2.9, "pct_ppt": 0.48, "pct_rp": 0, "pct_sp": 1.09, "pct_otros": 6.76 }, "geometry": { "type": "Polygon", "coordinates": [ [ [ -78.51744613944723, -6.815495392294808 ], [ -78.5105, -6.8192 ], [ -78.5013, -6.8187 ], [ -78.4936, -6.8109 ], [ -78.4876, -6.8018 ], [ -78.4793, -6.8008 ], [ -78.479136004144252, -6.800874543570794 ], [ -78.503495748735475, -6.83669444240178 ], [ -78.505762730638082, -6.837868767410833 ], [ -78.534710230611992, -6.829892849824778 ], [ -78.51744613944723, -6.815495392294808 ] ] ] } },
{ "type": "Feature", "properties": { "ubigeo": "060105", "nombre": "YANACANCHILLA ALTA", "categoria": "ANEXO", "provincia": "CAJAMARCA", "distrito": "ENCAÑADA", "altitud": 3512.0, "area_km2": 8.951, "densidad_hab_km2": 16.4, "poblacion": 147.0, "local_votacion": "IE SAN MARTIN DE PORRES", "electores_hab": 818, "total_votantes": 630, "mesas": 3, "participacion": 77.0, "ausentismo": 23.0, "partido_ganador": "Juntos por el Peru", "pct_ganador": 75.06, "margen_victoria": 66.45, "pct_an": 0.44, "pct_app": 0, "pct_fp": 8.61, "pct_jxp": 75.06, "pct_lp": 0.66, "pct_obra": 6.18, "pct_pbg": 0.44, "pct_pl": 1.32, "pct_pp": 1.99, "pct_ppt": 0.88, "pct_rp": 0, "pct_sp": 0.22, "pct_otros": 4.19 }, "geometry": { "type": "Polygon", "coordinates": [ [ [ -78.553005943212085, -6.853987696146849 ], [ -78.564948489724344, -6.86554885748756 ], [ -78.591391493751217, -6.851785758965095 ], [ -78.5905, -6.8497 ], [ -78.5728, -6.8437 ], [ -78.5675, -6.8395 ], [ -78.5614, -6.8312 ], [ -78.5572, -6.8315 ], [ -78.5513, -6.829 ], [ -78.550103530611167, -6.827597242785503 ], [ -78.553005943212085, -6.853987696146849 ] ] ] } },
{ "type": "Feature", "properties": { "ubigeo": "060105", "nombre": "BAÑOS CHANTA", "categoria": "CASERIO", "provincia": "CAJAMARCA", "distrito": "ENCAÑADA", "altitud": 3034.0, "area_km2": 5.306, "densidad_hab_km2": 26.4, "poblacion": 140.0, "local_votacion": "IE CRISTO REDENTOR", "electores_hab": 1460, "total_votantes": 1049, "mesas": 5, "participacion": 71.8, "ausentismo": 28.2, "partido_ganador": "Juntos por el Peru", "pct_ganador": 78.74, "margen_victoria": 71.98, "pct_an": 1.21, "pct_app": 0, "pct_fp": 4.11, "pct_jxp": 78.74, "pct_lp": 0.24, "pct_obra": 3.62, "pct_pbg": 0.48, "pct_pl": 0.36, "pct_pp": 2.9, "pct_ppt": 0.48, "pct_rp": 0, "pct_sp": 1.09, "pct_otros": 6.76 }, "geometry": { "type": "Polygon", "coordinates": [ [ [ -78.534710230611992, -6.829892849824778 ], [ -78.535529586690146, -6.830179422131873 ], [ -78.548722672092694, -6.822729937079422 ], [ -78.5472, -6.8196 ], [ -78.5399, -6.8148 ], [ -78.5308, -6.7996 ], [ -78.5261, -6.8036 ], [ -78.5225, -6.8128 ], [ -78.51744613944723, -6.815495392294808 ], [ -78.534710230611992, -6.829892849824778 ] ] ] } },
{ "type": "Feature", "properties": { "ubigeo": "060105", "nombre": "SAN LUIS DE POLLOQUITO", "categoria": "CASERIO", "provincia": "CAJAMARCA", "distrito": "ENCAÑADA", "altitud": 3038.0, "area_km2": 5.84, "densidad_hab_km2": 43.5, "poblacion": 254.0, "local_votacion": "IE 821136", "electores_hab": 5382, "total_votantes": 4111, "mesas": 18, "participacion": 76.4, "ausentismo": 23.6, "partido_ganador": "Juntos por el Peru", "pct_ganador": 51.88, "margen_victoria": 36.15, "pct_an": 2.32, "pct_app": 0, "pct_fp": 15.73, "pct_jxp": 51.88, "pct_lp": 1.63, "pct_obra": 11.9, "pct_pbg": 1.21, "pct_pl": 0.6, "pct_pp": 1.54, "pct_ppt": 2.86, "pct_rp": 0, "pct_sp": 0.87, "pct_otros": 9.46 }, "geometry": { "type": "Polygon", "coordinates": [ [ [ -78.310490167689906, -7.139189247073918 ], [ -78.303234585494181, -7.133045767874471 ], [ -78.27834287892496, -7.146193417015167 ], [ -78.2783, -7.1471 ], [ -78.2809, -7.1544 ], [ -78.289, -7.1528 ], [ -78.3068, -7.1543 ], [ -78.3105, -7.1559 ], [ -78.311091910669461, -7.156534699392555 ], [ -78.310490167689906, -7.139189247073918 ] ] ] } },
{ "type": "Feature", "properties": { "ubigeo": "060105", "nombre": "MAQUI MAQUI", "categoria": "CASERIO", "provincia": "CAJAMARCA", "distrito": "ENCAÑADA", "altitud": 3690.0, "area_km2": 20.669, "densidad_hab_km2": 4.1, "poblacion": 84.0, "local_votacion": "IE 821136", "electores_hab": 5382, "total_votantes": 4111, "mesas": 18, "participacion": 76.4, "ausentismo": 23.6, "partido_ganador": "Juntos por el Peru", "pct_ganador": 51.88, "margen_victoria": 36.15, "pct_an": 2.32, "pct_app": 0, "pct_fp": 15.73, "pct_jxp": 51.88, "pct_lp": 1.63, "pct_obra": 11.9, "pct_pbg": 1.21, "pct_pl": 0.6, "pct_pp": 1.54, "pct_ppt": 2.86, "pct_rp": 0, "pct_sp": 0.87, "pct_otros": 9.46 }, "geometry": { "type": "Polygon", "coordinates": [ [ [ -78.238026679822681, -7.089368592909969 ], [ -78.217178184987048, -7.082331646131041 ], [ -78.2174, -7.0915 ], [ -78.215, -7.0941 ], [ -78.2066, -7.0977 ], [ -78.2029, -7.1079 ], [ -78.1961, -7.1139 ], [ -78.1879, -7.125 ], [ -78.1871, -7.138 ], [ -78.1883, -7.144 ], [ -78.1862, -7.1488 ], [ -78.1874, -7.1511 ], [ -78.1917, -7.1568 ], [ -78.1962, -7.1562 ], [ -78.1976, -7.1516 ], [ -78.2042, -7.1454 ], [ -78.2018, -7.1381 ], [ -78.2088, -7.1351 ], [ -78.2166, -7.1261 ], [ -78.226312333830336, -7.124452371939496 ], [ -78.238026679822681, -7.089368592909969 ] ] ] } },
{ "type": "Feature", "properties": { "ubigeo": "060105", "nombre": "SAN MARTIN", "categoria": "CASERIO", "provincia": "CAJAMARCA", "distrito": "ENCAÑADA", "altitud": 3511.0, "area_km2": 17.583, "densidad_hab_km2": 10.2, "poblacion": 179.0, "local_votacion": "IE 821136", "electores_hab": 5382, "total_votantes": 4111, "mesas": 18, "participacion": 76.4, "ausentismo": 23.6, "partido_ganador": "Juntos por el Peru", "pct_ganador": 51.88, "margen_victoria": 36.15, "pct_an": 2.32, "pct_app": 0, "pct_fp": 15.73, "pct_jxp": 51.88, "pct_lp": 1.63, "pct_obra": 11.9, "pct_pbg": 1.21, "pct_pl": 0.6, "pct_pp": 1.54, "pct_ppt": 2.86, "pct_rp": 0, "pct_sp": 0.87, "pct_otros": 9.46 }, "geometry": { "type": "Polygon", "coordinates": [ [ [ -78.266905284811273, -7.127644889553498 ], [ -78.26795644351941, -7.105043067575182 ], [ -78.239763413216082, -7.088118080469697 ], [ -78.238026679822681, -7.089368592909969 ], [ -78.226312333830336, -7.124452371939496 ], [ -78.2278, -7.1242 ], [ -78.2304, -7.1325 ], [ -78.2365, -7.1367 ], [ -78.2425, -7.1349 ], [ -78.263413092449269, -7.135729884621003 ], [ -78.266905284811273, -7.127644889553498 ] ] ] } },
{ "type": "Feature", "properties": { "ubigeo": "060105", "nombre": "ALTO POLLOQUITO", "categoria": "CASERIO", "provincia": "CAJAMARCA", "distrito": "ENCAÑADA", "altitud": 3303.0, "area_km2": 6.772, "densidad_hab_km2": 19.2, "poblacion": 130.0, "local_votacion": "IE 821136", "electores_hab": 5382, "total_votantes": 4111, "mesas": 18, "participacion": 76.4, "ausentismo": 23.6, "partido_ganador": "Juntos por el Peru", "pct_ganador": 51.88, "margen_victoria": 36.15, "pct_an": 2.32, "pct_app": 0, "pct_fp": 15.73, "pct_jxp": 51.88, "pct_lp": 1.63, "pct_obra": 11.9, "pct_pbg": 1.21, "pct_pl": 0.6, "pct_pp": 1.54, "pct_ppt": 2.86, "pct_rp": 0, "pct_sp": 0.87, "pct_otros": 9.46 }, "geometry": { "type": "Polygon", "coordinates": [ [ [ -78.303623730686553, -7.129307233529473 ], [ -78.287420962567836, -7.117769181104497 ], [ -78.266905284811273, -7.127644889553498 ], [ -78.263413092449269, -7.135729884621003 ], [ -78.2677, -7.1359 ], [ -78.279, -7.1323 ], [ -78.27834287892496, -7.146193417015167 ], [ -78.303234585494181, -7.133045767874471 ], [ -78.303623730686553, -7.129307233529473 ] ] ] } },
{ "type": "Feature", "properties": { "ubigeo": "060105", "nombre": "SANTA DELIA", "categoria": "CASERIO", "provincia": "CAJAMARCA", "distrito": "ENCAÑADA", "altitud": 3144.0, "area_km2": 2.69, "densidad_hab_km2": 46.1, "poblacion": 124.0, "local_votacion": "IE 821136", "electores_hab": 5382, "total_votantes": 4111, "mesas": 18, "participacion": 76.4, "ausentismo": 23.6, "partido_ganador": "Juntos por el Peru", "pct_ganador": 51.88, "margen_victoria": 36.15, "pct_an": 2.32, "pct_app": 0, "pct_fp": 15.73, "pct_jxp": 51.88, "pct_lp": 1.63, "pct_obra": 11.9, "pct_pbg": 1.21, "pct_pl": 0.6, "pct_pp": 1.54, "pct_ppt": 2.86, "pct_rp": 0, "pct_sp": 0.87, "pct_otros": 9.46 }, "geometry": { "type": "Polygon", "coordinates": [ [ [ -78.307896378142345, -7.120994496958555 ], [ -78.300790832835517, -7.110794707160258 ], [ -78.290283814826907, -7.111051897353919 ], [ -78.287420962567836, -7.117769181104497 ], [ -78.303623730686553, -7.129307233529473 ], [ -78.307896378142345, -7.120994496958555 ] ] ] } },
{ "type": "Feature", "properties": { "ubigeo": "060105", "nombre": "SIERRA MORENA", "categoria": "OTROS", "provincia": "CAJAMARCA", "distrito": "ENCAÑADA", "altitud": 3181.0, "area_km2": 5.735, "densidad_hab_km2": 2.3, "poblacion": 13.0, "local_votacion": "IE 821136", "electores_hab": 5382, "total_votantes": 4111, "mesas": 18, "participacion": 76.4, "ausentismo": 23.6, "partido_ganador": "Juntos por el Peru", "pct_ganador": 51.88, "margen_victoria": 36.15, "pct_an": 2.32, "pct_app": 0, "pct_fp": 15.73, "pct_jxp": 51.88, "pct_lp": 1.63, "pct_obra": 11.9, "pct_pbg": 1.21, "pct_pl": 0.6, "pct_pp": 1.54, "pct_ppt": 2.86, "pct_rp": 0, "pct_sp": 0.87, "pct_otros": 9.46 }, "geometry": { "type": "Polygon", "coordinates": [ [ [ -78.290283814826907, -7.111051897353919 ], [ -78.283578547169739, -7.097762364895215 ], [ -78.280210044784553, -7.095452927528246 ], [ -78.26795644351941, -7.105043067575182 ], [ -78.266905284811273, -7.127644889553498 ], [ -78.287420962567836, -7.117769181104497 ], [ -78.290283814826907, -7.111051897353919 ] ] ] } },
{ "type": "Feature", "properties": { "ubigeo": "060105", "nombre": "EL MANGLE", "categoria": "CASERIO", "provincia": "CAJAMARCA", "distrito": "ENCAÑADA", "altitud": 3084.0, "area_km2": 2.336, "densidad_hab_km2": 73.6, "poblacion": 172.0, "local_votacion": "IE 821136", "electores_hab": 5382, "total_votantes": 4111, "mesas": 18, "participacion": 76.4, "ausentismo": 23.6, "partido_ganador": "Juntos por el Peru", "pct_ganador": 51.88, "margen_victoria": 36.15, "pct_an": 2.32, "pct_app": 0, "pct_fp": 15.73, "pct_jxp": 51.88, "pct_lp": 1.63, "pct_obra": 11.9, "pct_pbg": 1.21, "pct_pl": 0.6, "pct_pp": 1.54, "pct_ppt": 2.86, "pct_rp": 0, "pct_sp": 0.87, "pct_otros": 9.46 }, "geometry": { "type": "Polygon", "coordinates": [ [ [ -78.301830253508356, -7.098632927483759 ], [ -78.283578547169739, -7.097762364895215 ], [ -78.290283814826907, -7.111051897353919 ], [ -78.300790832835517, -7.110794707160258 ], [ -78.303087258936287, -7.100958387532946 ], [ -78.301830253508356, -7.098632927483759 ] ] ] } },
{ "type": "Feature", "properties": { "ubigeo": "060105", "nombre": "ROMERAL", "categoria": "CASERIO", "provincia": "CAJAMARCA", "distrito": "ENCAÑADA", "altitud": 3268.0, "area_km2": 3.68, "densidad_hab_km2": 12.8, "poblacion": 47.0, "local_votacion": "IE 821136", "electores_hab": 5382, "total_votantes": 4111, "mesas": 18, "participacion": 76.4, "ausentismo": 23.6, "partido_ganador": "Juntos por el Peru", "pct_ganador": 51.88, "margen_victoria": 36.15, "pct_an": 2.32, "pct_app": 0, "pct_fp": 15.73, "pct_jxp": 51.88, "pct_lp": 1.63, "pct_obra": 11.9, "pct_pbg": 1.21, "pct_pl": 0.6, "pct_pp": 1.54, "pct_ppt": 2.86, "pct_rp": 0, "pct_sp": 0.87, "pct_otros": 9.46 }, "geometry": { "type": "Polygon", "coordinates": [ [ [ -78.30542151617837, -7.087455232710737 ], [ -78.301838686710809, -7.083821861760448 ], [ -78.285635131536139, -7.084820711096218 ], [ -78.280563602076057, -7.09068341625157 ], [ -78.280210044784553, -7.095452927528246 ], [ -78.283578547169739, -7.097762364895215 ], [ -78.301830253508356, -7.098632927483759 ], [ -78.30542151617837, -7.087455232710737 ] ] ] } },
{ "type": "Feature", "properties": { "ubigeo": "060105", "nombre": "SAN JOSE", "categoria": "CASERIO", "provincia": "CAJAMARCA", "distrito": "ENCAÑADA", "altitud": 3483.0, "area_km2": 8.293, "densidad_hab_km2": 29.7, "poblacion": 246.0, "local_votacion": "IE 821136", "electores_hab": 5382, "total_votantes": 4111, "mesas": 18, "participacion": 76.4, "ausentismo": 23.6, "partido_ganador": "Juntos por el Peru", "pct_ganador": 51.88, "margen_victoria": 36.15, "pct_an": 2.32, "pct_app": 0, "pct_fp": 15.73, "pct_jxp": 51.88, "pct_lp": 1.63, "pct_obra": 11.9, "pct_pbg": 1.21, "pct_pl": 0.6, "pct_pp": 1.54, "pct_ppt": 2.86, "pct_rp": 0, "pct_sp": 0.87, "pct_otros": 9.46 }, "geometry": { "type": "Polygon", "coordinates": [ [ [ -78.267586856750441, -7.079379570429547 ], [ -78.250392918548883, -7.07698406109015 ], [ -78.243405365828977, -7.080769275262109 ], [ -78.239763413216082, -7.088118080469697 ], [ -78.26795644351941, -7.105043067575182 ], [ -78.280210044784553, -7.095452927528246 ], [ -78.280563602076057, -7.09068341625157 ], [ -78.267586856750441, -7.079379570429547 ] ] ] } },
{ "type": "Feature", "properties": { "ubigeo": "060105", "nombre": "SAN LUIS DE UÑIGAN", "categoria": "CASERIO", "provincia": "CAJAMARCA", "distrito": "ENCAÑADA", "altitud": 3585.0, "area_km2": 2.879, "densidad_hab_km2": 45.8, "poblacion": 132.0, "local_votacion": "IE 821136", "electores_hab": 5382, "total_votantes": 4111, "mesas": 18, "participacion": 76.4, "ausentismo": 23.6, "partido_ganador": "Juntos por el Peru", "pct_ganador": 51.88, "margen_victoria": 36.15, "pct_an": 2.32, "pct_app": 0, "pct_fp": 15.73, "pct_jxp": 51.88, "pct_lp": 1.63, "pct_obra": 11.9, "pct_pbg": 1.21, "pct_pl": 0.6, "pct_pp": 1.54, "pct_ppt": 2.86, "pct_rp": 0, "pct_sp": 0.87, "pct_otros": 9.46 }, "geometry": { "type": "Polygon", "coordinates": [ [ [ -78.285635131536139, -7.084820711096218 ], [ -78.286330977889079, -7.07204903116021 ], [ -78.285953449570641, -7.071784883315349 ], [ -78.273025930459781, -7.071948380617752 ], [ -78.267586856750441, -7.079379570429547 ], [ -78.280563602076057, -7.09068341625157 ], [ -78.285635131536139, -7.084820711096218 ] ] ] } },
{ "type": "Feature", "properties": { "ubigeo": "060105", "nombre": "SANTA MARGARITA", "categoria": "CASERIO", "provincia": "CAJAMARCA", "distrito": "ENCAÑADA", "altitud": 2997.0, "area_km2": 4.521, "densidad_hab_km2": 28.5, "poblacion": 129.0, "local_votacion": "IE 821136", "electores_hab": 5382, "total_votantes": 4111, "mesas": 18, "participacion": 76.4, "ausentismo": 23.6, "partido_ganador": "Juntos por el Peru", "pct_ganador": 51.88, "margen_victoria": 36.15, "pct_an": 2.32, "pct_app": 0, "pct_fp": 15.73, "pct_jxp": 51.88, "pct_lp": 1.63, "pct_obra": 11.9, "pct_pbg": 1.21, "pct_pl": 0.6, "pct_pp": 1.54, "pct_ppt": 2.86, "pct_rp": 0, "pct_sp": 0.87, "pct_otros": 9.46 }, "geometry": { "type": "Polygon", "coordinates": [ [ [ -78.332638580254724, -7.130192375319405 ], [ -78.314019799183555, -7.118043047588954 ], [ -78.307896378142345, -7.120994496958555 ], [ -78.303623730686553, -7.129307233529473 ], [ -78.303234585494181, -7.133045767874471 ], [ -78.310490167689906, -7.139189247073918 ], [ -78.31833427871203, -7.138471660745255 ], [ -78.332638580254724, -7.130192375319405 ] ] ] } },
{ "type": "Feature", "properties": { "ubigeo": "060105", "nombre": "LLOCTARAPAMPA", "categoria": "CASERIO", "provincia": "CAJAMARCA", "distrito": "ENCAÑADA", "altitud": 3222.0, "area_km2": 4.318, "densidad_hab_km2": 32.7, "poblacion": 141.0, "local_votacion": "IE JOSE CARLOS MARIATEGUI", "electores_hab": 7807, "total_votantes": 5371, "mesas": 25, "participacion": 68.8, "ausentismo": 31.2, "partido_ganador": "Juntos por el Peru", "pct_ganador": 39.47, "margen_victoria": 22.67, "pct_an": 2.99, "pct_app": 0, "pct_fp": 16.8, "pct_jxp": 39.47, "pct_lp": 2.14, "pct_obra": 12.91, "pct_pbg": 2.76, "pct_pl": 0.9, "pct_pp": 3.69, "pct_ppt": 2.45, "pct_rp": 0, "pct_sp": 1.14, "pct_otros": 14.74 }, "geometry": { "type": "Polygon", "coordinates": [ [ [ -78.354670208804151, -7.101616378420812 ], [ -78.336812110791954, -7.114133919233744 ], [ -78.339941686777692, -7.128516428130792 ], [ -78.3506, -7.1241 ], [ -78.354554410414991, -7.124695870062534 ], [ -78.358819292902353, -7.111236256081584 ], [ -78.354670208804151, -7.101616378420812 ] ] ] } },
{ "type": "Feature", "properties": { "ubigeo": "060105", "nombre": "ROSARIO DE POLLOC", "categoria": "CASERIO", "provincia": "CAJAMARCA", "distrito": "ENCAÑADA", "altitud": 3001.0, "area_km2": 4.093, "densidad_hab_km2": 235.3, "poblacion": 963.0, "local_votacion": "IE JAVIER PRADO", "electores_hab": 688, "total_votantes": 650, "mesas": 3, "participacion": 94.5, "ausentismo": 5.5, "partido_ganador": "Juntos por el Peru", "pct_ganador": 49.9, "margen_victoria": 29.26, "pct_an": 4.41, "pct_app": 0, "pct_fp": 20.64, "pct_jxp": 49.9, "pct_lp": 0.4, "pct_obra": 7.82, "pct_pbg": 1.0, "pct_pl": 0.6, "pct_pp": 1.4, "pct_ppt": 1.4, "pct_rp": 0, "pct_sp": 2.2, "pct_otros": 10.22 }, "geometry": { "type": "Polygon", "coordinates": [ [ [ -78.336812110791954, -7.114133919233744 ], [ -78.336267862114383, -7.113497374067365 ], [ -78.319456420632463, -7.108499046022153 ], [ -78.314019799183555, -7.118043047588954 ], [ -78.332638580254724, -7.130192375319405 ], [ -78.336345442327925, -7.130006584670745 ], [ -78.339941686777692, -7.128516428130792 ], [ -78.336812110791954, -7.114133919233744 ] ] ] } },
{ "type": "Feature", "properties": { "ubigeo": "060105", "nombre": "SANTA TERESITA DE LA QUISPA", "categoria": "CASERIO", "provincia": "CAJAMARCA", "distrito": "ENCAÑADA", "altitud": 3032.0, "area_km2": 3.019, "densidad_hab_km2": 69.2, "poblacion": 209.0, "local_votacion": "IE 821136", "electores_hab": 5382, "total_votantes": 4111, "mesas": 18, "participacion": 76.4, "ausentismo": 23.6, "partido_ganador": "Juntos por el Peru", "pct_ganador": 51.88, "margen_victoria": 36.15, "pct_an": 2.32, "pct_app": 0, "pct_fp": 15.73, "pct_jxp": 51.88, "pct_lp": 1.63, "pct_obra": 11.9, "pct_pbg": 1.21, "pct_pl": 0.6, "pct_pp": 1.54, "pct_ppt": 2.86, "pct_rp": 0, "pct_sp": 0.87, "pct_otros": 9.46 }, "geometry": { "type": "Polygon", "coordinates": [ [ [ -78.314019799183555, -7.118043047588954 ], [ -78.319456420632463, -7.108499046022153 ], [ -78.318645269398232, -7.104085398174196 ], [ -78.303087258936287, -7.100958387532946 ], [ -78.300790832835517, -7.110794707160258 ], [ -78.307896378142345, -7.120994496958555 ], [ -78.314019799183555, -7.118043047588954 ] ] ] } },
{ "type": "Feature", "properties": { "ubigeo": "060105", "nombre": "SAN FRANCISCO", "categoria": "ANEXO", "provincia": "CAJAMARCA", "distrito": "ENCAÑADA", "altitud": 3064.0, "area_km2": 2.23, "densidad_hab_km2": 98.7, "poblacion": 220.0, "local_votacion": "IE JOSE CARLOS MARIATEGUI", "electores_hab": 7807, "total_votantes": 5371, "mesas": 25, "participacion": 68.8, "ausentismo": 31.2, "partido_ganador": "Juntos por el Peru", "pct_ganador": 39.47, "margen_victoria": 22.67, "pct_an": 2.99, "pct_app": 0, "pct_fp": 16.8, "pct_jxp": 39.47, "pct_lp": 2.14, "pct_obra": 12.91, "pct_pbg": 2.76, "pct_pl": 0.9, "pct_pp": 3.69, "pct_ppt": 2.45, "pct_rp": 0, "pct_sp": 1.14, "pct_otros": 14.74 }, "geometry": { "type": "Polygon", "coordinates": [ [ [ -78.354681702141619, -7.101386635151504 ], [ -78.347316313732762, -7.095811956323028 ], [ -78.344673429457771, -7.095442173733498 ], [ -78.335820324731358, -7.102614538872961 ], [ -78.336267862114383, -7.113497374067365 ], [ -78.336812110791954, -7.114133919233744 ], [ -78.354670208804151, -7.101616378420812 ], [ -78.354681702141619, -7.101386635151504 ] ] ] } },
{ "type": "Feature", "properties": { "ubigeo": "060105", "nombre": "POTRERILLO", "categoria": "CASERIO", "provincia": "CAJAMARCA", "distrito": "ENCAÑADA", "altitud": 3026.0, "area_km2": 2.63, "densidad_hab_km2": 49.0, "poblacion": 129.0, "local_votacion": "IE 821136", "electores_hab": 5382, "total_votantes": 4111, "mesas": 18, "participacion": 76.4, "ausentismo": 23.6, "partido_ganador": "Juntos por el Peru", "pct_ganador": 51.88, "margen_victoria": 36.15, "pct_an": 2.32, "pct_app": 0, "pct_fp": 15.73, "pct_jxp": 51.88, "pct_lp": 1.63, "pct_obra": 11.9, "pct_pbg": 1.21, "pct_pl": 0.6, "pct_pp": 1.54, "pct_ppt": 2.86, "pct_rp": 0, "pct_sp": 0.87, "pct_otros": 9.46 }, "geometry": { "type": "Polygon", "coordinates": [ [ [ -78.335820324731358, -7.102614538872961 ], [ -78.326269153145148, -7.094580748161137 ], [ -78.320744619732224, -7.098823342198939 ], [ -78.318645269398232, -7.104085398174196 ], [ -78.319456420632463, -7.108499046022153 ], [ -78.336267862114383, -7.113497374067365 ], [ -78.335820324731358, -7.102614538872961 ] ] ] } },
{ "type": "Feature", "properties": { "ubigeo": "060105", "nombre": "TAMBOMAYO", "categoria": "CASERIO", "provincia": "CAJAMARCA", "distrito": "ENCAÑADA", "altitud": 3024.0, "area_km2": 2.343, "densidad_hab_km2": 81.9, "poblacion": 192.0, "local_votacion": "IE 821136", "electores_hab": 5382, "total_votantes": 4111, "mesas": 18, "participacion": 76.4, "ausentismo": 23.6, "partido_ganador": "Juntos por el Peru", "pct_ganador": 51.88, "margen_victoria": 36.15, "pct_an": 2.32, "pct_app": 0, "pct_fp": 15.73, "pct_jxp": 51.88, "pct_lp": 1.63, "pct_obra": 11.9, "pct_pbg": 1.21, "pct_pl": 0.6, "pct_pp": 1.54, "pct_ppt": 2.86, "pct_rp": 0, "pct_sp": 0.87, "pct_otros": 9.46 }, "geometry": { "type": "Polygon", "coordinates": [ [ [ -78.320744619732224, -7.098823342198939 ], [ -78.308637472433048, -7.087311109791161 ], [ -78.30542151617837, -7.087455232710737 ], [ -78.301830253508356, -7.098632927483759 ], [ -78.303087258936287, -7.100958387532946 ], [ -78.318645269398232, -7.104085398174196 ], [ -78.320744619732224, -7.098823342198939 ] ] ] } },
{ "type": "Feature", "properties": { "ubigeo": "060105", "nombre": "ROLLOPAMPA", "categoria": "CASERIO", "provincia": "CAJAMARCA", "distrito": "ENCAÑADA", "altitud": 3188.0, "area_km2": 2.056, "densidad_hab_km2": 50.1, "poblacion": 103.0, "local_votacion": "IE JOSE CARLOS MARIATEGUI", "electores_hab": 7807, "total_votantes": 5371, "mesas": 25, "participacion": 68.8, "ausentismo": 31.2, "partido_ganador": "Juntos por el Peru", "pct_ganador": 39.47, "margen_victoria": 22.67, "pct_an": 2.99, "pct_app": 0, "pct_fp": 16.8, "pct_jxp": 39.47, "pct_lp": 2.14, "pct_obra": 12.91, "pct_pbg": 2.76, "pct_pl": 0.9, "pct_pp": 3.69, "pct_ppt": 2.45, "pct_rp": 0, "pct_sp": 1.14, "pct_otros": 14.74 }, "geometry": { "type": "Polygon", "coordinates": [ [ [ -78.33363883754005, -7.08565332249117 ], [ -78.332150686225546, -7.085555442958068 ], [ -78.328396533432127, -7.089292246842488 ], [ -78.326269153145148, -7.094580748161137 ], [ -78.335820324731358, -7.102614538872961 ], [ -78.344673429457771, -7.095442173733498 ], [ -78.33363883754005, -7.08565332249117 ] ] ] } },
{ "type": "Feature", "properties": { "ubigeo": "060105", "nombre": "LA TORRE", "categoria": "CASERIO", "provincia": "CAJAMARCA", "distrito": "ENCAÑADA", "altitud": 3338.0, "area_km2": 1.985, "densidad_hab_km2": 57.9, "poblacion": 115.0, "local_votacion": "IE 82048 INMACULADA CONCEPCION", "electores_hab": 5980, "total_votantes": 4525, "mesas": 20, "participacion": 75.7, "ausentismo": 24.3, "partido_ganador": "Juntos por el Peru", "pct_ganador": 44.24, "margen_victoria": 26.58, "pct_an": 2.8, "pct_app": 0, "pct_fp": 17.66, "pct_jxp": 44.24, "pct_lp": 1.99, "pct_obra": 12.31, "pct_pbg": 2.75, "pct_pl": 0.73, "pct_pp": 1.46, "pct_ppt": 2.8, "pct_rp": 0, "pct_sp": 0.62, "pct_otros": 12.64 }, "geometry": { "type": "Polygon", "coordinates": [ [ [ -78.328396533432127, -7.089292246842488 ], [ -78.314728756821779, -7.082816264044459 ], [ -78.308637472433048, -7.087311109791161 ], [ -78.320744619732224, -7.098823342198939 ], [ -78.326269153145148, -7.094580748161137 ], [ -78.328396533432127, -7.089292246842488 ] ] ] } },
{ "type": "Feature", "properties": { "ubigeo": "060105", "nombre": "HUAYTORCO", "categoria": "CASERIO", "provincia": "CAJAMARCA", "distrito": "ENCAÑADA", "altitud": 3306.0, "area_km2": 2.246, "densidad_hab_km2": 82.8, "poblacion": 186.0, "local_votacion": "IE JOSE CARLOS MARIATEGUI", "electores_hab": 7807, "total_votantes": 5371, "mesas": 25, "participacion": 68.8, "ausentismo": 31.2, "partido_ganador": "Juntos por el Peru", "pct_ganador": 39.47, "margen_victoria": 22.67, "pct_an": 2.99, "pct_app": 0, "pct_fp": 16.8, "pct_jxp": 39.47, "pct_lp": 2.14, "pct_obra": 12.91, "pct_pbg": 2.76, "pct_pl": 0.9, "pct_pp": 3.69, "pct_ppt": 2.45, "pct_rp": 0, "pct_sp": 1.14, "pct_otros": 14.74 }, "geometry": { "type": "Polygon", "coordinates": [ [ [ -78.358948521458601, -7.0792729219903 ], [ -78.349717237191413, -7.08381229033703 ], [ -78.347316313732762, -7.095811956323028 ], [ -78.354681702141619, -7.101386635151504 ], [ -78.358788950296898, -7.097919681967451 ], [ -78.359197908099503, -7.079530212231582 ], [ -78.358948521458601, -7.0792729219903 ] ] ] } },
{ "type": "Feature", "properties": { "ubigeo": "060105", "nombre": "ENCAÑADA", "categoria": "PUEBLO", "provincia": "CAJAMARCA", "distrito": "ENCAÑADA", "altitud": 3087.0, "area_km2": 1.682, "densidad_hab_km2": 826.4, "poblacion": 1390.0, "local_votacion": "IE 82048 INMACULADA CONCEPCION", "electores_hab": 5980, "total_votantes": 4525, "mesas": 20, "participacion": 75.7, "ausentismo": 24.3, "partido_ganador": "Juntos por el Peru", "pct_ganador": 44.24, "margen_victoria": 26.58, "pct_an": 2.8, "pct_app": 0, "pct_fp": 17.66, "pct_jxp": 44.24, "pct_lp": 1.99, "pct_obra": 12.31, "pct_pbg": 2.75, "pct_pl": 0.73, "pct_pp": 1.46, "pct_ppt": 2.8, "pct_rp": 0, "pct_sp": 0.62, "pct_otros": 12.64 }, "geometry": { "type": "Polygon", "coordinates": [ [ [ -78.34189246869029, -7.080681335947159 ], [ -78.33363883754005, -7.08565332249117 ], [ -78.344673429457771, -7.095442173733498 ], [ -78.347316313732762, -7.095811956323028 ], [ -78.349717237191413, -7.08381229033703 ], [ -78.34189246869029, -7.080681335947159 ] ] ] } },
{ "type": "Feature", "properties": { "ubigeo": "060105", "nombre": "CHAGMAPAMPA", "categoria": "ANEXO", "provincia": "CAJAMARCA", "distrito": "ENCAÑADA", "altitud": 3362.0, "area_km2": 1.943, "densidad_hab_km2": 31.4, "poblacion": 61.0, "local_votacion": "IE 82048 INMACULADA CONCEPCION", "electores_hab": 5980, "total_votantes": 4525, "mesas": 20, "participacion": 75.7, "ausentismo": 24.3, "partido_ganador": "Juntos por el Peru", "pct_ganador": 44.24, "margen_victoria": 26.58, "pct_an": 2.8, "pct_app": 0, "pct_fp": 17.66, "pct_jxp": 44.24, "pct_lp": 1.99, "pct_obra": 12.31, "pct_pbg": 2.75, "pct_pl": 0.73, "pct_pp": 1.46, "pct_ppt": 2.8, "pct_rp": 0, "pct_sp": 0.62, "pct_otros": 12.64 }, "geometry": { "type": "Polygon", "coordinates": [ [ [ -78.328217210044031, -7.074952637861845 ], [ -78.316590263696597, -7.076666233741619 ], [ -78.314728756821779, -7.082816264044459 ], [ -78.328396533432127, -7.089292246842488 ], [ -78.332150686225546, -7.085555442958068 ], [ -78.328217210044031, -7.074952637861845 ] ] ] } },
{ "type": "Feature", "properties": { "ubigeo": "060105", "nombre": "LOS ALISOS", "categoria": "OTROS", "provincia": "CAJAMARCA", "distrito": "ENCAÑADA", "altitud": 3356.0, "area_km2": 1.313, "densidad_hab_km2": 26.7, "poblacion": 35.0, "local_votacion": "IE 82048 INMACULADA CONCEPCION", "electores_hab": 5980, "total_votantes": 4525, "mesas": 20, "participacion": 75.7, "ausentismo": 24.3, "partido_ganador": "Juntos por el Peru", "pct_ganador": 44.24, "margen_victoria": 26.58, "pct_an": 2.8, "pct_app": 0, "pct_fp": 17.66, "pct_jxp": 44.24, "pct_lp": 1.99, "pct_obra": 12.31, "pct_pbg": 2.75, "pct_pl": 0.73, "pct_pp": 1.46, "pct_ppt": 2.8, "pct_rp": 0, "pct_sp": 0.62, "pct_otros": 12.64 }, "geometry": { "type": "Polygon", "coordinates": [ [ [ -78.358948521458601, -7.0792729219903 ], [ -78.358573202944626, -7.077316971590051 ], [ -78.343590353108539, -7.073361025467347 ], [ -78.34189246869029, -7.080681335947159 ], [ -78.349717237191413, -7.08381229033703 ], [ -78.358948521458601, -7.0792729219903 ] ] ] } },
{ "type": "Feature", "properties": { "ubigeo": "060105", "nombre": "JUANCHOPUQUIO", "categoria": "ANEXO", "provincia": "CAJAMARCA", "distrito": "ENCAÑADA", "altitud": 3163.0, "area_km2": 2.071, "densidad_hab_km2": 35.7, "poblacion": 74.0, "local_votacion": "IE 82048 INMACULADA CONCEPCION", "electores_hab": 5980, "total_votantes": 4525, "mesas": 20, "participacion": 75.7, "ausentismo": 24.3, "partido_ganador": "Juntos por el Peru", "pct_ganador": 44.24, "margen_victoria": 26.58, "pct_an": 2.8, "pct_app": 0, "pct_fp": 17.66, "pct_jxp": 44.24, "pct_lp": 1.99, "pct_obra": 12.31, "pct_pbg": 2.75, "pct_pl": 0.73, "pct_pp": 1.46, "pct_ppt": 2.8, "pct_rp": 0, "pct_sp": 0.62, "pct_otros": 12.64 }, "geometry": { "type": "Polygon", "coordinates": [ [ [ -78.342808066521954, -7.070913949969415 ], [ -78.337511017976738, -7.068531388047464 ], [ -78.328324051903422, -7.074561019826146 ], [ -78.328217210044031, -7.074952637861845 ], [ -78.332150686225546, -7.085555442958068 ], [ -78.33363883754005, -7.08565332249117 ], [ -78.34189246869029, -7.080681335947159 ], [ -78.343590353108539, -7.073361025467347 ], [ -78.342808066521954, -7.070913949969415 ] ] ] } },
{ "type": "Feature", "properties": { "ubigeo": "060105", "nombre": "MAGMAMAYO", "categoria": "CASERIO", "provincia": "CAJAMARCA", "distrito": "ENCAÑADA", "altitud": 3332.0, "area_km2": 1.445, "densidad_hab_km2": 31.1, "poblacion": 45.0, "local_votacion": "IE 82048 INMACULADA CONCEPCION", "electores_hab": 5980, "total_votantes": 4525, "mesas": 20, "participacion": 75.7, "ausentismo": 24.3, "partido_ganador": "Juntos por el Peru", "pct_ganador": 44.24, "margen_victoria": 26.58, "pct_an": 2.8, "pct_app": 0, "pct_fp": 17.66, "pct_jxp": 44.24, "pct_lp": 1.99, "pct_obra": 12.31, "pct_pbg": 2.75, "pct_pl": 0.73, "pct_pp": 1.46, "pct_ppt": 2.8, "pct_rp": 0, "pct_sp": 0.62, "pct_otros": 12.64 }, "geometry": { "type": "Polygon", "coordinates": [ [ [ -78.348860735949799, -7.065387771734424 ], [ -78.342808066521954, -7.070913949969415 ], [ -78.343590353108539, -7.073361025467347 ], [ -78.358573202944626, -7.077316971590051 ], [ -78.359441285595736, -7.070483014314944 ], [ -78.348860735949799, -7.065387771734424 ] ] ] } },
{ "type": "Feature", "properties": { "ubigeo": "060105", "nombre": "USNIO", "categoria": "CASERIO", "provincia": "CAJAMARCA", "distrito": "ENCAÑADA", "altitud": 3447.0, "area_km2": 2.644, "densidad_hab_km2": 35.6, "poblacion": 94.0, "local_votacion": "IE 82048 INMACULADA CONCEPCION", "electores_hab": 5980, "total_votantes": 4525, "mesas": 20, "participacion": 75.7, "ausentismo": 24.3, "partido_ganador": "Juntos por el Peru", "pct_ganador": 44.24, "margen_victoria": 26.58, "pct_an": 2.8, "pct_app": 0, "pct_fp": 17.66, "pct_jxp": 44.24, "pct_lp": 1.99, "pct_obra": 12.31, "pct_pbg": 2.75, "pct_pl": 0.73, "pct_pp": 1.46, "pct_ppt": 2.8, "pct_rp": 0, "pct_sp": 0.62, "pct_otros": 12.64 }, "geometry": { "type": "Polygon", "coordinates": [ [ [ -78.328324051903422, -7.074561019826146 ], [ -78.320381514492496, -7.056517328438148 ], [ -78.313089454263547, -7.061524996511649 ], [ -78.309658292673262, -7.067106373437159 ], [ -78.316590263696597, -7.076666233741619 ], [ -78.328217210044031, -7.074952637861845 ], [ -78.328324051903422, -7.074561019826146 ] ] ] } },
{ "type": "Feature", "properties": { "ubigeo": "060105", "nombre": "PALPATA", "categoria": "CASERIO", "provincia": "CAJAMARCA", "distrito": "ENCAÑADA", "altitud": 3368.0, "area_km2": 2.934, "densidad_hab_km2": 12.6, "poblacion": 37.0, "local_votacion": "IE 82048 INMACULADA CONCEPCION", "electores_hab": 5980, "total_votantes": 4525, "mesas": 20, "participacion": 75.7, "ausentismo": 24.3, "partido_ganador": "Juntos por el Peru", "pct_ganador": 44.24, "margen_victoria": 26.58, "pct_an": 2.8, "pct_app": 0, "pct_fp": 17.66, "pct_jxp": 44.24, "pct_lp": 1.99, "pct_obra": 12.31, "pct_pbg": 2.75, "pct_pl": 0.73, "pct_pp": 1.46, "pct_ppt": 2.8, "pct_rp": 0, "pct_sp": 0.62, "pct_otros": 12.64 }, "geometry": { "type": "Polygon", "coordinates": [ [ [ -78.335279383327858, -7.05380259657276 ], [ -78.323553855101366, -7.053221292034565 ], [ -78.320398406537223, -7.056487810140002 ], [ -78.320381514492496, -7.056517328438148 ], [ -78.328324051903422, -7.074561019826146 ], [ -78.337511017976738, -7.068531388047464 ], [ -78.335279383327858, -7.05380259657276 ] ] ] } },
{ "type": "Feature", "properties": { "ubigeo": "060105", "nombre": "SOGORON BAJO", "categoria": "CASERIO", "provincia": "CAJAMARCA", "distrito": "ENCAÑADA", "altitud": 3444.0, "area_km2": 3.323, "densidad_hab_km2": 63.8, "poblacion": 212.0, "local_votacion": "IE 82048 INMACULADA CONCEPCION", "electores_hab": 5980, "total_votantes": 4525, "mesas": 20, "participacion": 75.7, "ausentismo": 24.3, "partido_ganador": "Juntos por el Peru", "pct_ganador": 44.24, "margen_victoria": 26.58, "pct_an": 2.8, "pct_app": 0, "pct_fp": 17.66, "pct_jxp": 44.24, "pct_lp": 1.99, "pct_obra": 12.31, "pct_pbg": 2.75, "pct_pl": 0.73, "pct_pp": 1.46, "pct_ppt": 2.8, "pct_rp": 0, "pct_sp": 0.62, "pct_otros": 12.64 }, "geometry": { "type": "Polygon", "coordinates": [ [ [ -78.364470422301906, -7.053640096446968 ], [ -78.346567935045655, -7.050381331770895 ], [ -78.348860735949799, -7.065387771734424 ], [ -78.359441285595736, -7.070483014314944 ], [ -78.366716995908632, -7.06166210227813 ], [ -78.364470422301906, -7.053640096446968 ] ] ] } },
{ "type": "Feature", "properties": { "ubigeo": "060105", "nombre": "HUALTIPATA", "categoria": "OTROS", "provincia": "CAJAMARCA", "distrito": "ENCAÑADA", "altitud": 3327.0, "area_km2": 2.525, "densidad_hab_km2": 13.5, "poblacion": 34.0, "local_votacion": "IE 82048 INMACULADA CONCEPCION", "electores_hab": 5980, "total_votantes": 4525, "mesas": 20, "participacion": 75.7, "ausentismo": 24.3, "partido_ganador": "Juntos por el Peru", "pct_ganador": 44.24, "margen_victoria": 26.58, "pct_an": 2.8, "pct_app": 0, "pct_fp": 17.66, "pct_jxp": 44.24, "pct_lp": 1.99, "pct_obra": 12.31, "pct_pbg": 2.75, "pct_pl": 0.73, "pct_pp": 1.46, "pct_ppt": 2.8, "pct_rp": 0, "pct_sp": 0.62, "pct_otros": 12.64 }, "geometry": { "type": "Polygon", "coordinates": [ [ [ -78.346567935045655, -7.050381331770895 ], [ -78.344994484118345, -7.049291807879142 ], [ -78.335279383327858, -7.05380259657276 ], [ -78.337511017976738, -7.068531388047464 ], [ -78.342808066521954, -7.070913949969415 ], [ -78.348860735949799, -7.065387771734424 ], [ -78.346567935045655, -7.050381331770895 ] ] ] } },
{ "type": "Feature", "properties": { "ubigeo": "060105", "nombre": "MICHIQUILLAY", "categoria": "CASERIO", "provincia": "CAJAMARCA", "distrito": "ENCAÑADA", "altitud": 3457.0, "area_km2": 5.055, "densidad_hab_km2": 48.3, "poblacion": 244.0, "local_votacion": "IE 82048 INMACULADA CONCEPCION", "electores_hab": 5980, "total_votantes": 4525, "mesas": 20, "participacion": 75.7, "ausentismo": 24.3, "partido_ganador": "Juntos por el Peru", "pct_ganador": 44.24, "margen_victoria": 26.58, "pct_an": 2.8, "pct_app": 0, "pct_fp": 17.66, "pct_jxp": 44.24, "pct_lp": 1.99, "pct_obra": 12.31, "pct_pbg": 2.75, "pct_pl": 0.73, "pct_pp": 1.46, "pct_ppt": 2.8, "pct_rp": 0, "pct_sp": 0.62, "pct_otros": 12.64 }, "geometry": { "type": "Polygon", "coordinates": [ [ [ -78.34517514584978, -7.039922415605462 ], [ -78.33827024940598, -7.0355698874371 ], [ -78.319204664487685, -7.032502918360291 ], [ -78.323553855101366, -7.053221292034565 ], [ -78.335279383327858, -7.05380259657276 ], [ -78.344994484118345, -7.049291807879142 ], [ -78.34517514584978, -7.039922415605462 ] ] ] } },
{ "type": "Feature", "properties": { "ubigeo": "060105", "nombre": "LA VICTORIA", "categoria": "CASERIO", "provincia": "CAJAMARCA", "distrito": "ENCAÑADA", "altitud": 3370.0, "area_km2": 2.565, "densidad_hab_km2": 51.1, "poblacion": 131.0, "local_votacion": "IE 82048 INMACULADA CONCEPCION", "electores_hab": 5980, "total_votantes": 4525, "mesas": 20, "participacion": 75.7, "ausentismo": 24.3, "partido_ganador": "Juntos por el Peru", "pct_ganador": 44.24, "margen_victoria": 26.58, "pct_an": 2.8, "pct_app": 0, "pct_fp": 17.66, "pct_jxp": 44.24, "pct_lp": 1.99, "pct_obra": 12.31, "pct_pbg": 2.75, "pct_pl": 0.73, "pct_pp": 1.46, "pct_ppt": 2.8, "pct_rp": 0, "pct_sp": 0.62, "pct_otros": 12.64 }, "geometry": { "type": "Polygon", "coordinates": [ [ [ -78.314728756821779, -7.082816264044459 ], [ -78.316590263696597, -7.076666233741619 ], [ -78.309658292673262, -7.067106373437159 ], [ -78.304722653918574, -7.069258265200596 ], [ -78.302938442022864, -7.070809054667413 ], [ -78.301838686710809, -7.083821861760448 ], [ -78.30542151617837, -7.087455232710737 ], [ -78.308637472433048, -7.087311109791161 ], [ -78.314728756821779, -7.082816264044459 ] ] ] } },
{ "type": "Feature", "properties": { "ubigeo": "060105", "nombre": "CARHUAQUERO", "categoria": "CASERIO", "provincia": "CAJAMARCA", "distrito": "ENCAÑADA", "altitud": 3360.0, "area_km2": 2.829, "densidad_hab_km2": 55.5, "poblacion": 157.0, "local_votacion": "IE 821136", "electores_hab": 5382, "total_votantes": 4111, "mesas": 18, "participacion": 76.4, "ausentismo": 23.6, "partido_ganador": "Juntos por el Peru", "pct_ganador": 51.88, "margen_victoria": 36.15, "pct_an": 2.32, "pct_app": 0, "pct_fp": 15.73, "pct_jxp": 51.88, "pct_lp": 1.63, "pct_obra": 11.9, "pct_pbg": 1.21, "pct_pl": 0.6, "pct_pp": 1.54, "pct_ppt": 2.86, "pct_rp": 0, "pct_sp": 0.87, "pct_otros": 9.46 }, "geometry": { "type": "Polygon", "coordinates": [ [ [ -78.301838686710809, -7.083821861760448 ], [ -78.302938442022864, -7.070809054667413 ], [ -78.291338692177931, -7.069179931536669 ], [ -78.286330977889079, -7.07204903116021 ], [ -78.285635131536139, -7.084820711096218 ], [ -78.301838686710809, -7.083821861760448 ] ] ] } },
{ "type": "Feature", "properties": { "ubigeo": "060105", "nombre": "NUEVO PERU(AGUA MALA)", "categoria": "CASERIO", "provincia": "CAJAMARCA", "distrito": "ENCAÑADA", "altitud": 3575.0, "area_km2": 4.926, "densidad_hab_km2": 7.1, "poblacion": 35.0, "local_votacion": "IE 821136", "electores_hab": 5382, "total_votantes": 4111, "mesas": 18, "participacion": 76.4, "ausentismo": 23.6, "partido_ganador": "Juntos por el Peru", "pct_ganador": 51.88, "margen_victoria": 36.15, "pct_an": 2.32, "pct_app": 0, "pct_fp": 15.73, "pct_jxp": 51.88, "pct_lp": 1.63, "pct_obra": 11.9, "pct_pbg": 1.21, "pct_pl": 0.6, "pct_pp": 1.54, "pct_ppt": 2.86, "pct_rp": 0, "pct_sp": 0.87, "pct_otros": 9.46 }, "geometry": { "type": "Polygon", "coordinates": [ [ [ -78.273025930459781, -7.071948380617752 ], [ -78.270599208266717, -7.048695502884195 ], [ -78.267201588389014, -7.047220198817459 ], [ -78.250392918548883, -7.07698406109015 ], [ -78.267586856750441, -7.079379570429547 ], [ -78.273025930459781, -7.071948380617752 ] ] ] } },
{ "type": "Feature", "properties": { "ubigeo": "060105", "nombre": "QUINUAMAYO ALTO", "categoria": "CASERIO", "provincia": "CAJAMARCA", "distrito": "ENCAÑADA", "altitud": 3546.0, "area_km2": 1.609, "densidad_hab_km2": 126.2, "poblacion": 203.0, "local_votacion": "IE 82048 INMACULADA CONCEPCION", "electores_hab": 5980, "total_votantes": 4525, "mesas": 20, "participacion": 75.7, "ausentismo": 24.3, "partido_ganador": "Juntos por el Peru", "pct_ganador": 44.24, "margen_victoria": 26.58, "pct_an": 2.8, "pct_app": 0, "pct_fp": 17.66, "pct_jxp": 44.24, "pct_lp": 1.99, "pct_obra": 12.31, "pct_pbg": 2.75, "pct_pl": 0.73, "pct_pp": 1.46, "pct_ppt": 2.8, "pct_rp": 0, "pct_sp": 0.62, "pct_otros": 12.64 }, "geometry": { "type": "Polygon", "coordinates": [ [ [ -78.304722653918574, -7.069258265200596 ], [ -78.29250465686836, -7.051091160669629 ], [ -78.291338692177931, -7.069179931536669 ], [ -78.302938442022864, -7.070809054667413 ], [ -78.304722653918574, -7.069258265200596 ] ] ] } },
{ "type": "Feature", "properties": { "ubigeo": "060105", "nombre": "GRAN CHIMU", "categoria": "CASERIO", "provincia": "CAJAMARCA", "distrito": "ENCAÑADA", "altitud": 3593.0, "area_km2": 2.023, "densidad_hab_km2": 17.3, "poblacion": 35.0, "local_votacion": "IE 82048 INMACULADA CONCEPCION", "electores_hab": 5980, "total_votantes": 4525, "mesas": 20, "participacion": 75.7, "ausentismo": 24.3, "partido_ganador": "Juntos por el Peru", "pct_ganador": 44.24, "margen_victoria": 26.58, "pct_an": 2.8, "pct_app": 0, "pct_fp": 17.66, "pct_jxp": 44.24, "pct_lp": 1.99, "pct_obra": 12.31, "pct_pbg": 2.75, "pct_pl": 0.73, "pct_pp": 1.46, "pct_ppt": 2.8, "pct_rp": 0, "pct_sp": 0.62, "pct_otros": 12.64 }, "geometry": { "type": "Polygon", "coordinates": [ [ [ -78.272070504821926, -7.048971458863626 ], [ -78.270599208266717, -7.048695502884195 ], [ -78.273025930459781, -7.071948380617752 ], [ -78.285953449570641, -7.071784883315349 ], [ -78.272070504821926, -7.048971458863626 ] ] ] } },
{ "type": "Feature", "properties": { "ubigeo": "060105", "nombre": "PROGRESO LA TOMA", "categoria": "CASERIO", "provincia": "CAJAMARCA", "distrito": "ENCAÑADA", "altitud": 3593.0, "area_km2": 3.764, "densidad_hab_km2": 56.1, "poblacion": 211.0, "local_votacion": "IE 82048 INMACULADA CONCEPCION", "electores_hab": 5980, "total_votantes": 4525, "mesas": 20, "participacion": 75.7, "ausentismo": 24.3, "partido_ganador": "Juntos por el Peru", "pct_ganador": 44.24, "margen_victoria": 26.58, "pct_an": 2.8, "pct_app": 0, "pct_fp": 17.66, "pct_jxp": 44.24, "pct_lp": 1.99, "pct_obra": 12.31, "pct_pbg": 2.75, "pct_pl": 0.73, "pct_pp": 1.46, "pct_ppt": 2.8, "pct_rp": 0, "pct_sp": 0.62, "pct_otros": 12.64 }, "geometry": { "type": "Polygon", "coordinates": [ [ [ -78.291828736882408, -7.047318930747979 ], [ -78.291677542384036, -7.047023827946271 ], [ -78.272070504821926, -7.048971458863626 ], [ -78.285953449570641, -7.071784883315349 ], [ -78.286330977889079, -7.07204903116021 ], [ -78.291338692177931, -7.069179931536669 ], [ -78.29250465686836, -7.051091160669629 ], [ -78.291828736882408, -7.047318930747979 ] ] ] } },
{ "type": "Feature", "properties": { "ubigeo": "060105", "nombre": "QUINUAMAYO BAJO", "categoria": "CASERIO", "provincia": "CAJAMARCA", "distrito": "ENCAÑADA", "altitud": 3509.0, "area_km2": 2.063, "densidad_hab_km2": 65.9, "poblacion": 136.0, "local_votacion": "IE 82048 INMACULADA CONCEPCION", "electores_hab": 5980, "total_votantes": 4525, "mesas": 20, "participacion": 75.7, "ausentismo": 24.3, "partido_ganador": "Juntos por el Peru", "pct_ganador": 44.24, "margen_victoria": 26.58, "pct_an": 2.8, "pct_app": 0, "pct_fp": 17.66, "pct_jxp": 44.24, "pct_lp": 1.99, "pct_obra": 12.31, "pct_pbg": 2.75, "pct_pl": 0.73, "pct_pp": 1.46, "pct_ppt": 2.8, "pct_rp": 0, "pct_sp": 0.62, "pct_otros": 12.64 }, "geometry": { "type": "Polygon", "coordinates": [ [ [ -78.313089454263547, -7.061524996511649 ], [ -78.291828736882408, -7.047318930747979 ], [ -78.29250465686836, -7.051091160669629 ], [ -78.304722653918574, -7.069258265200596 ], [ -78.309658292673262, -7.067106373437159 ], [ -78.313089454263547, -7.061524996511649 ] ] ] } },
{ "type": "Feature", "properties": { "ubigeo": "060105", "nombre": "TUYUPAMPA", "categoria": "ANEXO", "provincia": "CAJAMARCA", "distrito": "ENCAÑADA", "altitud": 3537.0, "area_km2": 2.687, "densidad_hab_km2": 38.0, "poblacion": 102.0, "local_votacion": "IE 82048 INMACULADA CONCEPCION", "electores_hab": 5980, "total_votantes": 4525, "mesas": 20, "participacion": 75.7, "ausentismo": 24.3, "partido_ganador": "Juntos por el Peru", "pct_ganador": 44.24, "margen_victoria": 26.58, "pct_an": 2.8, "pct_app": 0, "pct_fp": 17.66, "pct_jxp": 44.24, "pct_lp": 1.99, "pct_obra": 12.31, "pct_pbg": 2.75, "pct_pl": 0.73, "pct_pp": 1.46, "pct_ppt": 2.8, "pct_rp": 0, "pct_sp": 0.62, "pct_otros": 12.64 }, "geometry": { "type": "Polygon", "coordinates": [ [ [ -78.320398406537223, -7.056487810140002 ], [ -78.296611717836157, -7.040949618831716 ], [ -78.291677542384036, -7.047023827946271 ], [ -78.291828736882408, -7.047318930747979 ], [ -78.313089454263547, -7.061524996511649 ], [ -78.320381514492496, -7.056517328438148 ], [ -78.320398406537223, -7.056487810140002 ] ] ] } },
{ "type": "Feature", "properties": { "ubigeo": "060105", "nombre": "PAMPAGRANDE", "categoria": "CASERIO", "provincia": "CAJAMARCA", "distrito": "ENCAÑADA", "altitud": 3599.0, "area_km2": 5.569, "densidad_hab_km2": 16.0, "poblacion": 89.0, "local_votacion": "IE 82048 INMACULADA CONCEPCION", "electores_hab": 5980, "total_votantes": 4525, "mesas": 20, "participacion": 75.7, "ausentismo": 24.3, "partido_ganador": "Juntos por el Peru", "pct_ganador": 44.24, "margen_victoria": 26.58, "pct_an": 2.8, "pct_app": 0, "pct_fp": 17.66, "pct_jxp": 44.24, "pct_lp": 1.99, "pct_obra": 12.31, "pct_pbg": 2.75, "pct_pl": 0.73, "pct_pp": 1.46, "pct_ppt": 2.8, "pct_rp": 0, "pct_sp": 0.62, "pct_otros": 12.64 }, "geometry": { "type": "Polygon", "coordinates": [ [ [ -78.301668637815979, -7.030463293647776 ], [ -78.296611717836157, -7.040949618831716 ], [ -78.320398406537223, -7.056487810140002 ], [ -78.323553855101366, -7.053221292034565 ], [ -78.319204664487685, -7.032502918360291 ], [ -78.315185972260821, -7.027215400111961 ], [ -78.301668637815979, -7.030463293647776 ] ] ] } },
{ "type": "Feature", "properties": { "ubigeo": "060105", "nombre": "PARAISO DEL TRIUNFO", "categoria": "OTROS", "provincia": "CAJAMARCA", "distrito": "ENCAÑADA", "altitud": 3703.0, "area_km2": 8.532, "densidad_hab_km2": 3.6, "poblacion": 31.0, "local_votacion": "IE 821136", "electores_hab": 5382, "total_votantes": 4111, "mesas": 18, "participacion": 76.4, "ausentismo": 23.6, "partido_ganador": "Juntos por el Peru", "pct_ganador": 51.88, "margen_victoria": 36.15, "pct_an": 2.32, "pct_app": 0, "pct_fp": 15.73, "pct_jxp": 51.88, "pct_lp": 1.63, "pct_obra": 11.9, "pct_pbg": 1.21, "pct_pl": 0.6, "pct_pp": 1.54, "pct_ppt": 2.86, "pct_rp": 0, "pct_sp": 0.87, "pct_otros": 9.46 }, "geometry": { "type": "Polygon", "coordinates": [ [ [ -78.243405365828977, -7.080769275262109 ], [ -78.250392918548883, -7.07698406109015 ], [ -78.267201588389014, -7.047220198817459 ], [ -78.262257863344431, -7.040053857716675 ], [ -78.262, -7.0403 ], [ -78.2529, -7.0438 ], [ -78.2459, -7.0498 ], [ -78.2396, -7.0489 ], [ -78.2369, -7.0563 ], [ -78.234025088372022, -7.059529352787593 ], [ -78.243405365828977, -7.080769275262109 ] ] ] } },
{ "type": "Feature", "properties": { "ubigeo": "060105", "nombre": "ALTO SOGORON", "categoria": "CASERIO", "provincia": "CAJAMARCA", "distrito": "ENCAÑADA", "altitud": 3594.0, "area_km2": 5.944, "densidad_hab_km2": 97.9, "poblacion": 582.0, "local_votacion": "IE 82172", "electores_hab": 509, "total_votantes": 401, "mesas": 2, "participacion": 78.8, "ausentismo": 21.2, "partido_ganador": "Juntos por el Peru", "pct_ganador": 72.15, "margen_victoria": 61.07, "pct_an": 0.63, "pct_app": 0, "pct_fp": 11.08, "pct_jxp": 72.15, "pct_lp": 2.53, "pct_obra": 3.8, "pct_pbg": 1.27, "pct_pl": 0.63, "pct_pp": 1.9, "pct_ppt": 0.32, "pct_rp": 0, "pct_sp": 0.32, "pct_otros": 5.38 }, "geometry": { "type": "Polygon", "coordinates": [ [ [ -78.372796486621993, -7.041588758316216 ], [ -78.360408871519482, -7.027165760758229 ], [ -78.354957215832883, -7.028478832644972 ], [ -78.34517514584978, -7.039922415605462 ], [ -78.344994484118345, -7.049291807879142 ], [ -78.346567935045655, -7.050381331770895 ], [ -78.364470422301906, -7.053640096446968 ], [ -78.372796486621993, -7.041588758316216 ] ] ] } },
{ "type": "Feature", "properties": { "ubigeo": "060105", "nombre": "RODACOCHA", "categoria": "CASERIO", "provincia": "CAJAMARCA", "distrito": "ENCAÑADA", "altitud": 3525.0, "area_km2": 3.03, "densidad_hab_km2": 56.4, "poblacion": 171.0, "local_votacion": "IE 82172", "electores_hab": 509, "total_votantes": 401, "mesas": 2, "participacion": 78.8, "ausentismo": 21.2, "partido_ganador": "Juntos por el Peru", "pct_ganador": 72.15, "margen_victoria": 61.07, "pct_an": 0.63, "pct_app": 0, "pct_fp": 11.08, "pct_jxp": 72.15, "pct_lp": 2.53, "pct_obra": 3.8, "pct_pbg": 1.27, "pct_pl": 0.63, "pct_pp": 1.9, "pct_ppt": 0.32, "pct_rp": 0, "pct_sp": 0.32, "pct_otros": 5.38 }, "geometry": { "type": "Polygon", "coordinates": [ [ [ -78.354957215832883, -7.028478832644972 ], [ -78.336971075467673, -7.013727198665364 ], [ -78.33827024940598, -7.0355698874371 ], [ -78.34517514584978, -7.039922415605462 ], [ -78.354957215832883, -7.028478832644972 ] ] ] } },
{ "type": "Feature", "properties": { "ubigeo": "060105", "nombre": "QUINUAYOC", "categoria": "CASERIO", "provincia": "CAJAMARCA", "distrito": "ENCAÑADA", "altitud": 3603.0, "area_km2": 5.213, "densidad_hab_km2": 48.3, "poblacion": 252.0, "local_votacion": "IE 82172", "electores_hab": 509, "total_votantes": 401, "mesas": 2, "participacion": 78.8, "ausentismo": 21.2, "partido_ganador": "Juntos por el Peru", "pct_ganador": 72.15, "margen_victoria": 61.07, "pct_an": 0.63, "pct_app": 0, "pct_fp": 11.08, "pct_jxp": 72.15, "pct_lp": 2.53, "pct_obra": 3.8, "pct_pbg": 1.27, "pct_pl": 0.63, "pct_pp": 1.9, "pct_ppt": 0.32, "pct_rp": 0, "pct_sp": 0.32, "pct_otros": 5.38 }, "geometry": { "type": "Polygon", "coordinates": [ [ [ -78.336971075467673, -7.013727198665364 ], [ -78.336668769191178, -7.013333447854104 ], [ -78.323819879197416, -7.009647860814956 ], [ -78.315185972260821, -7.027215400111961 ], [ -78.319204664487685, -7.032502918360291 ], [ -78.33827024940598, -7.0355698874371 ], [ -78.336971075467673, -7.013727198665364 ] ] ] } },
{ "type": "Feature", "properties": { "ubigeo": "060105", "nombre": "EL PEDREGAL", "categoria": "CASERIO", "provincia": "CAJAMARCA", "distrito": "ENCAÑADA", "altitud": 3512.0, "area_km2": 4.137, "densidad_hab_km2": 17.9, "poblacion": 74.0, "local_votacion": "IE 82172", "electores_hab": 509, "total_votantes": 401, "mesas": 2, "participacion": 78.8, "ausentismo": 21.2, "partido_ganador": "Juntos por el Peru", "pct_ganador": 72.15, "margen_victoria": 61.07, "pct_an": 0.63, "pct_app": 0, "pct_fp": 11.08, "pct_jxp": 72.15, "pct_lp": 2.53, "pct_obra": 3.8, "pct_pbg": 1.27, "pct_pl": 0.63, "pct_pp": 1.9, "pct_ppt": 0.32, "pct_rp": 0, "pct_sp": 0.32, "pct_otros": 5.38 }, "geometry": { "type": "Polygon", "coordinates": [ [ [ -78.362603732333881, -7.02273271950931 ], [ -78.35690818496488, -7.007181183837334 ], [ -78.351639811167189, -7.00474950848974 ], [ -78.336668769191178, -7.013333447854104 ], [ -78.336971075467673, -7.013727198665364 ], [ -78.354957215832883, -7.028478832644972 ], [ -78.360408871519482, -7.027165760758229 ], [ -78.362603732333881, -7.02273271950931 ] ] ] } },
{ "type": "Feature", "properties": { "ubigeo": "060105", "nombre": "CHAMCAS", "categoria": "CASERIO", "provincia": "CAJAMARCA", "distrito": "ENCAÑADA", "altitud": 3622.0, "area_km2": 7.193, "densidad_hab_km2": 17.8, "poblacion": 128.0, "local_votacion": "IE 82172", "electores_hab": 509, "total_votantes": 401, "mesas": 2, "participacion": 78.8, "ausentismo": 21.2, "partido_ganador": "Juntos por el Peru", "pct_ganador": 72.15, "margen_victoria": 61.07, "pct_an": 0.63, "pct_app": 0, "pct_fp": 11.08, "pct_jxp": 72.15, "pct_lp": 2.53, "pct_obra": 3.8, "pct_pbg": 1.27, "pct_pl": 0.63, "pct_pp": 1.9, "pct_ppt": 0.32, "pct_rp": 0, "pct_sp": 0.32, "pct_otros": 5.38 }, "geometry": { "type": "Polygon", "coordinates": [ [ [ -78.351159056330474, -7.000324268553211 ], [ -78.317405845301977, -6.981794154698028 ], [ -78.315552752749667, -6.98364724725034 ], [ -78.323819879197416, -7.009647860814956 ], [ -78.336668769191178, -7.013333447854104 ], [ -78.351639811167189, -7.00474950848974 ], [ -78.351159056330474, -7.000324268553211 ] ] ] } },
{ "type": "Feature", "properties": { "ubigeo": "060105", "nombre": "BELLA UNION DE TOLDOPATA (TOLDOPATA)", "categoria": "CASERIO", "provincia": "CAJAMARCA", "distrito": "ENCAÑADA", "altitud": 3603.0, "area_km2": 2.339, "densidad_hab_km2": 81.2, "poblacion": 190.0, "local_votacion": "IE 82172", "electores_hab": 509, "total_votantes": 401, "mesas": 2, "participacion": 78.8, "ausentismo": 21.2, "partido_ganador": "Juntos por el Peru", "pct_ganador": 72.15, "margen_victoria": 61.07, "pct_an": 0.63, "pct_app": 0, "pct_fp": 11.08, "pct_jxp": 72.15, "pct_lp": 2.53, "pct_obra": 3.8, "pct_pbg": 1.27, "pct_pl": 0.63, "pct_pp": 1.9, "pct_ppt": 0.32, "pct_rp": 0, "pct_sp": 0.32, "pct_otros": 5.38 }, "geometry": { "type": "Polygon", "coordinates": [ [ [ -78.362123905457153, -7.004151627040763 ], [ -78.364676431754063, -6.991141335668396 ], [ -78.361865383524872, -6.986104546926978 ], [ -78.354575984101558, -6.990123451562784 ], [ -78.351159056330474, -7.000324268553211 ], [ -78.351639811167189, -7.00474950848974 ], [ -78.35690818496488, -7.007181183837334 ], [ -78.362123905457153, -7.004151627040763 ] ] ] } },
{ "type": "Feature", "properties": { "ubigeo": "060105", "nombre": "GUAGAYO", "categoria": "CASERIO", "provincia": "CAJAMARCA", "distrito": "ENCAÑADA", "altitud": 3732.0, "area_km2": 3.693, "densidad_hab_km2": 43.9, "poblacion": 162.0, "local_votacion": "IE 82172", "electores_hab": 509, "total_votantes": 401, "mesas": 2, "participacion": 78.8, "ausentismo": 21.2, "partido_ganador": "Juntos por el Peru", "pct_ganador": 72.15, "margen_victoria": 61.07, "pct_an": 0.63, "pct_app": 0, "pct_fp": 11.08, "pct_jxp": 72.15, "pct_lp": 2.53, "pct_obra": 3.8, "pct_pbg": 1.27, "pct_pl": 0.63, "pct_pp": 1.9, "pct_ppt": 0.32, "pct_rp": 0, "pct_sp": 0.32, "pct_otros": 5.38 }, "geometry": { "type": "Polygon", "coordinates": [ [ [ -78.354575984101558, -6.990123451562784 ], [ -78.322659452426691, -6.97776658013748 ], [ -78.3194, -6.9798 ], [ -78.317405845301977, -6.981794154698028 ], [ -78.351159056330474, -7.000324268553211 ], [ -78.354575984101558, -6.990123451562784 ] ] ] } },
{ "type": "Feature", "properties": { "ubigeo": "060105", "nombre": "SANTIAGO DE CHANTA ALTA", "categoria": "ANEXO", "provincia": "CAJAMARCA", "distrito": "ENCAÑADA", "altitud": 3526.0, "area_km2": 11.089, "densidad_hab_km2": 17.6, "poblacion": 195.0, "local_votacion": "IE CESAR VALLEJO", "electores_hab": 735, "total_votantes": 561, "mesas": 3, "participacion": 76.3, "ausentismo": 23.7, "partido_ganador": "Juntos por el Peru", "pct_ganador": 69.68, "margen_victoria": 59.17, "pct_an": 1.22, "pct_app": 0, "pct_fp": 4.65, "pct_jxp": 69.68, "pct_lp": 0.24, "pct_obra": 6.11, "pct_pbg": 0.49, "pct_pl": 1.22, "pct_pp": 5.13, "pct_ppt": 0.73, "pct_rp": 0, "pct_sp": 0.0, "pct_otros": 10.51 }, "geometry": { "type": "Polygon", "coordinates": [ [ [ -78.45381049989912, -6.834522063849309 ], [ -78.4537, -6.836 ], [ -78.4471, -6.8489 ], [ -78.443570817454756, -6.85997194523999 ], [ -78.464954371472999, -6.871582354723334 ], [ -78.491719077918916, -6.858829882901796 ], [ -78.45381049989912, -6.834522063849309 ] ] ] } },
{ "type": "Feature", "properties": { "ubigeo": "060105", "nombre": "CHIMCHIN", "categoria": "CASERIO", "provincia": "CAJAMARCA", "distrito": "ENCAÑADA", "altitud": 3533.0, "area_km2": 6.442, "densidad_hab_km2": 13.0, "poblacion": 84.0, "local_votacion": "IE 82048 INMACULADA CONCEPCION", "electores_hab": 5980, "total_votantes": 4525, "mesas": 20, "participacion": 75.7, "ausentismo": 24.3, "partido_ganador": "Juntos por el Peru", "pct_ganador": 44.24, "margen_victoria": 26.58, "pct_an": 2.8, "pct_app": 0, "pct_fp": 17.66, "pct_jxp": 44.24, "pct_lp": 1.99, "pct_obra": 12.31, "pct_pbg": 2.75, "pct_pl": 0.73, "pct_pp": 1.46, "pct_ppt": 2.8, "pct_rp": 0, "pct_sp": 0.62, "pct_otros": 12.64 }, "geometry": { "type": "Polygon", "coordinates": [ [ [ -78.301668637815979, -7.030463293647776 ], [ -78.289665770650259, -7.019428031649094 ], [ -78.288, -7.0199 ], [ -78.2944, -7.0256 ], [ -78.2957, -7.0302 ], [ -78.2775, -7.0346 ], [ -78.2656, -7.0322 ], [ -78.2642, -7.0382 ], [ -78.262257863344431, -7.040053857716675 ], [ -78.267201588389014, -7.047220198817459 ], [ -78.270599208266717, -7.048695502884195 ], [ -78.272070504821926, -7.048971458863626 ], [ -78.291677542384036, -7.047023827946271 ], [ -78.296611717836157, -7.040949618831716 ], [ -78.301668637815979, -7.030463293647776 ] ] ] } },
{ "type": "Feature", "properties": { "ubigeo": "060105", "nombre": "LA PURLA", "categoria": "ANEXO", "provincia": "CAJAMARCA", "distrito": "ENCAÑADA", "altitud": 3753.0, "area_km2": 5.431, "densidad_hab_km2": 6.8, "poblacion": 37.0, "local_votacion": "IE 821136", "electores_hab": 5382, "total_votantes": 4111, "mesas": 18, "participacion": 76.4, "ausentismo": 23.6, "partido_ganador": "Juntos por el Peru", "pct_ganador": 51.88, "margen_victoria": 36.15, "pct_an": 2.32, "pct_app": 0, "pct_fp": 15.73, "pct_jxp": 51.88, "pct_lp": 1.63, "pct_obra": 11.9, "pct_pbg": 1.21, "pct_pl": 0.6, "pct_pp": 1.54, "pct_ppt": 2.86, "pct_rp": 0, "pct_sp": 0.87, "pct_otros": 9.46 }, "geometry": { "type": "Polygon", "coordinates": [ [ [ -78.238026679822681, -7.089368592909969 ], [ -78.239763413216082, -7.088118080469697 ], [ -78.243405365828977, -7.080769275262109 ], [ -78.234025088372022, -7.059529352787593 ], [ -78.2296, -7.0645 ], [ -78.22, -7.0717 ], [ -78.2211, -7.0752 ], [ -78.2171, -7.0791 ], [ -78.217178184987048, -7.082331646131041 ], [ -78.238026679822681, -7.089368592909969 ] ] ] } },
{ "type": "Feature", "properties": { "ubigeo": "060105", "nombre": "YERBA BUENA ALTA", "categoria": "CASERIO", "provincia": "CAJAMARCA", "distrito": "ENCAÑADA", "altitud": 3831.0, "area_km2": 10.774, "densidad_hab_km2": 3.7, "poblacion": 40.0, "local_votacion": "IE 82172", "electores_hab": 509, "total_votantes": 401, "mesas": 2, "participacion": 78.8, "ausentismo": 21.2, "partido_ganador": "Juntos por el Peru", "pct_ganador": 72.15, "margen_victoria": 61.07, "pct_an": 0.63, "pct_app": 0, "pct_fp": 11.08, "pct_jxp": 72.15, "pct_lp": 2.53, "pct_obra": 3.8, "pct_pbg": 1.27, "pct_pl": 0.63, "pct_pp": 1.9, "pct_ppt": 0.32, "pct_rp": 0, "pct_sp": 0.32, "pct_otros": 5.38 }, "geometry": { "type": "Polygon", "coordinates": [ [ [ -78.357347433147837, -6.958482122761903 ], [ -78.350913052630148, -6.950085242621414 ], [ -78.35, -6.9518 ], [ -78.3421, -6.9538 ], [ -78.338, -6.9567 ], [ -78.3303, -6.973 ], [ -78.322659452426691, -6.97776658013748 ], [ -78.354575984101558, -6.990123451562784 ], [ -78.361865383524872, -6.986104546926978 ], [ -78.36187913778403, -6.986066603566459 ], [ -78.357347433147837, -6.958482122761903 ] ] ] } },
{ "type": "Feature", "properties": { "ubigeo": "060105", "nombre": "EL PUNRE", "categoria": "ANEXO", "provincia": "CAJAMARCA", "distrito": "ENCAÑADA", "altitud": 3494.0, "area_km2": 7.58, "densidad_hab_km2": 5.4, "poblacion": 41.0, "local_votacion": "IE 82172", "electores_hab": 509, "total_votantes": 401, "mesas": 2, "participacion": 78.8, "ausentismo": 21.2, "partido_ganador": "Juntos por el Peru", "pct_ganador": 72.15, "margen_victoria": 61.07, "pct_an": 0.63, "pct_app": 0, "pct_fp": 11.08, "pct_jxp": 72.15, "pct_lp": 2.53, "pct_obra": 3.8, "pct_pbg": 1.27, "pct_pl": 0.63, "pct_pp": 1.9, "pct_ppt": 0.32, "pct_rp": 0, "pct_sp": 0.32, "pct_otros": 5.38 }, "geometry": { "type": "Polygon", "coordinates": [ [ [ -78.301668637815979, -7.030463293647776 ], [ -78.315185972260821, -7.027215400111961 ], [ -78.323819879197416, -7.009647860814956 ], [ -78.315552752749667, -6.98364724725034 ], [ -78.3122, -6.987 ], [ -78.3118, -6.99 ], [ -78.3144, -6.9961 ], [ -78.3088, -7.0034 ], [ -78.3099, -7.0122 ], [ -78.3071, -7.0141 ], [ -78.301, -7.0118 ], [ -78.294, -7.0182 ], [ -78.289665770650259, -7.019428031649094 ], [ -78.301668637815979, -7.030463293647776 ] ] ] } },
{ "type": "Feature", "properties": { "ubigeo": "060105", "nombre": "SAN NICOLAS DE CHALLUAGON", "categoria": "CASERIO", "provincia": "CAJAMARCA", "distrito": "ENCAÑADA", "altitud": 3699.0, "area_km2": 19.476, "densidad_hab_km2": 5.1, "poblacion": 100.0, "local_votacion": "IE 82163 YERBA BUENA GRANDE", "electores_hab": 387, "total_votantes": 305, "mesas": 2, "participacion": 78.8, "ausentismo": 21.2, "partido_ganador": "Juntos por el Peru", "pct_ganador": 43.59, "margen_victoria": 28.63, "pct_an": 4.27, "pct_app": 0, "pct_fp": 14.53, "pct_jxp": 43.59, "pct_lp": 14.96, "pct_obra": 11.54, "pct_pbg": 0.43, "pct_pl": 0.0, "pct_pp": 1.28, "pct_ppt": 0.85, "pct_rp": 0, "pct_sp": 0.0, "pct_otros": 8.55 }, "geometry": { "type": "Polygon", "coordinates": [ [ [ -78.357347433147837, -6.958482122761903 ], [ -78.387010508465409, -6.97361250964322 ], [ -78.405308514070327, -6.948374282090326 ], [ -78.398256491588285, -6.927428571067883 ], [ -78.388, -6.9255 ], [ -78.3846, -6.9223 ], [ -78.3824, -6.9272 ], [ -78.3725, -6.9318 ], [ -78.3704, -6.9369 ], [ -78.361, -6.9391 ], [ -78.3541, -6.9441 ], [ -78.350913052630148, -6.950085242621414 ], [ -78.357347433147837, -6.958482122761903 ] ] ] } },
{ "type": "Feature", "properties": { "ubigeo": "060105", "nombre": "NUEVA UNION", "categoria": "CASERIO", "provincia": "CAJAMARCA", "distrito": "ENCAÑADA", "altitud": 3381.0, "area_km2": 19.318, "densidad_hab_km2": 5.2, "poblacion": 101.0, "local_votacion": "IE CESAR VALLEJO", "electores_hab": 735, "total_votantes": 561, "mesas": 3, "participacion": 76.3, "ausentismo": 23.7, "partido_ganador": "Juntos por el Peru", "pct_ganador": 69.68, "margen_victoria": 59.17, "pct_an": 1.22, "pct_app": 0, "pct_fp": 4.65, "pct_jxp": 69.68, "pct_lp": 0.24, "pct_obra": 6.11, "pct_pbg": 0.49, "pct_pl": 1.22, "pct_pp": 5.13, "pct_ppt": 0.73, "pct_rp": 0, "pct_sp": 0.0, "pct_otros": 10.51 }, "geometry": { "type": "Polygon", "coordinates": [ [ [ -78.491719077918916, -6.858829882901796 ], [ -78.493191887269973, -6.859572128745707 ], [ -78.503495748735475, -6.83669444240178 ], [ -78.479136004144252, -6.800874543570794 ], [ -78.4661, -6.8068 ], [ -78.4622, -6.8233 ], [ -78.4545, -6.8253 ], [ -78.45381049989912, -6.834522063849309 ], [ -78.491719077918916, -6.858829882901796 ] ] ] } }
]
}
