{
"type": "FeatureCollection",
"name": "distritos_pisco",
"crs": { "type": "name", "properties": { "name": "urn:ogc:def:crs:OGC:1.3:CRS84" } },
"features": [
{ "type": "Feature", "properties": { "depto": "Ica", "provincia": "Pisco", "distrito": "Paracas" }, "geometry": { "type": "Polygon", "coordinates": [ [ [ -76.230872, -13.754741999999851 ], [ -76.169732, -13.776954 ], [ -76.169381, -13.777523999999858 ], [ -76.169144, -13.779477 ], [ -76.159828999999888, -13.794810999999868 ], [ -76.142851999999891, -13.823549 ], [ -76.126441999999884, -13.870652 ], [ -76.124115, -13.87568 ], [ -76.12278, -13.877713 ], [ -76.120751, -13.879736999999864 ], [ -76.118531, -13.881275 ], [ -76.061393, -13.904983 ], [ -76.06099, -13.911128999999846 ], [ -76.060265, -13.916169 ], [ -76.058349, -13.924403 ], [ -76.057786, -13.926188 ], [ -76.056960999999887, -13.92774699999984 ], [ -76.055901, -13.929135 ], [ -76.05449, -13.930425 ], [ -76.052069, -13.931962999999882 ], [ -76.050652, -13.933414999999854 ], [ -76.044867, -13.937270999999896 ], [ -76.040212999999824, -13.94203 ], [ -76.034782, -13.946809 ], [ -76.030158, -13.951773 ], [ -76.027434, -13.95532 ], [ -76.025002, -13.959063999999898 ], [ -76.023163, -13.962968 ], [ -76.022393, -13.96638 ], [ -76.022666, -13.971214 ], [ -76.024727, -13.979579 ], [ -76.026757, -13.985582 ], [ -76.027397999999891, -13.989874 ], [ -76.027267999999879, -13.990786999999898 ], [ -76.026510999999857, -13.992201 ], [ -76.022376999999835, -13.997607 ], [ -76.021958, -13.999054 ], [ -76.022393, -14.000010999999859 ], [ -76.024369, -14.001187 ], [ -76.025413, -14.002204 ], [ -76.02575, -14.003314 ], [ -76.025406, -14.004860999999892 ], [ -76.024551, -14.005805 ], [ -76.020309999999881, -14.009052 ], [ -76.016244, -14.011835 ], [ -76.014145, -14.012838 ], [ -76.009649999999851, -14.014132999999845 ], [ -76.006494, -14.016522999999893 ], [ -76.003677, -14.017753999999854 ], [ -76.002074, -14.018818999999894 ], [ -76.000794, -14.02074 ], [ -76.000534, -14.023707 ], [ -76.000237, -14.024718999999891 ], [ -75.999183999999843, -14.026153 ], [ -75.997673, -14.027597999999898 ], [ -75.999687999999821, -14.028783 ], [ -76.002175, -14.029648999999893 ], [ -76.003091, -14.030703999999844 ], [ -76.003959, -14.033094999999889 ], [ -76.005103, -14.037420999999881 ], [ -76.005044, -14.039581 ], [ -76.002526, -14.046128999999894 ], [ -75.993546, -14.056969 ], [ -75.988899, -14.064627 ], [ -75.987748, -14.067234 ], [ -75.986503, -14.06932 ], [ -75.986054, -14.071583 ], [ -75.98635999999982, -14.07318999999984 ], [ -75.989587, -14.076089 ], [ -75.99134, -14.080041 ], [ -75.99337, -14.083883 ], [ -75.994406999999853, -14.085308 ], [ -75.996689, -14.087666999999897 ], [ -75.99926, -14.089709 ], [ -76.000579, -14.090454 ], [ -76.006416, -14.091489 ], [ -76.009087, -14.092191 ], [ -76.012526, -14.093902 ], [ -76.016289, -14.096166 ], [ -76.017304, -14.097435 ], [ -76.019064999999898, -14.100935999999876 ], [ -76.020836, -14.103333 ], [ -76.022331, -14.104728 ], [ -76.02591, -14.107019 ], [ -76.026298999999824, -14.10772999999989 ], [ -76.026534, -14.108035 ], [ -76.026465999999857, -14.109132 ], [ -76.022078, -14.113599 ], [ -76.020933999999841, -14.115898 ], [ -76.020661, -14.118015999999898 ], [ -76.021186999999884, -14.120381 ], [ -76.021362999999894, -14.122919999999851 ], [ -76.021798, -14.124349 ], [ -76.02345999999983, -14.127278 ], [ -76.028038, -14.133506999999895 ], [ -76.030882999999847, -14.139199999999846 ], [ -76.032754, -14.142156 ], [ -76.037795, -14.147846999999899 ], [ -76.044791999999859, -14.154615999999862 ], [ -76.048104, -14.158796 ], [ -76.050317, -14.163281999999867 ], [ -76.053947999999821, -14.172648999999865 ], [ -76.055267, -14.175174 ], [ -76.057831, -14.181998 ], [ -76.059951, -14.185476 ], [ -76.064217, -14.191443 ], [ -76.066192999999828, -14.195005 ], [ -76.068159999999864, -14.197772 ], [ -76.071091, -14.203526999999895 ], [ -76.071433, -14.204835 ], [ -76.071448999999859, -14.206723999999895 ], [ -76.069297, -14.217573 ], [ -76.068931, -14.220513 ], [ -76.069489, -14.224244 ], [ -76.071716, -14.229756999999893 ], [ -76.07166999999987, -14.232209 ], [ -76.071228, -14.233457999999871 ], [ -76.069398, -14.235852 ], [ -76.065475, -14.239053999999896 ], [ -76.061975, -14.242675 ], [ -76.059790999999848, -14.244320999999843 ], [ -76.054153, -14.250069 ], [ -76.051942, -14.253458 ], [ -76.046462999999846, -14.264831 ], [ -76.044861, -14.267005 ], [ -76.042214999999885, -14.269322999999872 ], [ -76.036277, -14.273561999999856 ], [ -76.033424, -14.275201 ], [ -76.031708, -14.276664 ], [ -76.031005999999877, -14.276912 ], [ -76.029152999999894, -14.27624 ], [ -76.027343, -14.274576 ], [ -76.02369, -14.272394999999847 ], [ -76.021354, -14.271935 ], [ -76.019745, -14.272021 ], [ -76.019166, -14.272605 ], [ -76.018448, -14.273945 ], [ -76.017778, -14.27724099999989 ], [ -76.016335, -14.279226 ], [ -76.015578, -14.279996 ], [ -76.01365, -14.2813 ], [ -76.008308, -14.285977 ], [ -76.00156399999986, -14.290282 ], [ -76.000046, -14.290657999999894 ], [ -75.995912, -14.290975 ], [ -75.993408999999872, -14.291769999999872 ], [ -75.990088, -14.293429 ], [ -75.98613, -14.296150999999895 ], [ -75.985259, -14.297183 ], [ -75.984092, -14.299487 ], [ -75.981482, -14.307018 ], [ -75.980902999999842, -14.310472999999888 ], [ -75.980812, -14.31533 ], [ -75.982207, -14.325174999999888 ], [ -75.987610999999845, -14.334954999999866 ], [ -75.988579999999899, -14.3373 ], [ -75.990592, -14.343684 ], [ -75.993363999999872, -14.348490999999854 ], [ -75.995437999999865, -14.353218 ], [ -75.998168, -14.357838 ], [ -76.000869, -14.361152 ], [ -76.003517, -14.362867999999878 ], [ -76.004281, -14.36440199999987 ], [ -76.004973, -14.369072 ], [ -76.005134999999825, -14.375129 ], [ -76.004882, -14.379143 ], [ -76.003784, -14.383441999999889 ], [ -76.00323399999985, -14.387846999999852 ], [ -76.003166, -14.389999 ], [ -76.00364699999983, -14.391544 ], [ -76.007583, -14.397403 ], [ -76.010384, -14.399598 ], [ -76.014496, -14.40339299999988 ], [ -76.01577, -14.403930999999886 ], [ -76.022126, -14.403992 ], [ -76.023293, -14.404476 ], [ -76.023927, -14.405630999999858 ], [ -76.025099999999895, -14.409396 ], [ -76.025985, -14.41137 ], [ -76.029319, -14.415662 ], [ -76.033059, -14.421782999999834 ], [ -76.036437, -14.425647 ], [ -76.037956999999835, -14.427081999999871 ], [ -76.038192, -14.427081999999871 ], [ -76.038192, -14.426807 ], [ -76.038473999999894, -14.426807 ], [ -76.038473999999894, -14.426526 ], [ -76.03875, -14.426529 ], [ -76.03875, -14.426250999999866 ], [ -76.039024, -14.426250999999866 ], [ -76.039024, -14.425969999999893 ], [ -76.039305999999897, -14.425972 ], [ -76.039305999999897, -14.425694 ], [ -76.039581999999825, -14.425694 ], [ -76.039581999999825, -14.425415999999871 ], [ -76.039862, -14.425415999999871 ], [ -76.039862, -14.425138 ], [ -76.040137999999899, -14.425138 ], [ -76.040137999999899, -14.42486 ], [ -76.040414, -14.42486 ], [ -76.040414, -14.424583999999868 ], [ -76.040694, -14.424583999999868 ], [ -76.040694, -14.424303999999893 ], [ -76.04097, -14.424303999999893 ], [ -76.04097, -14.423748 ], [ -76.041253, -14.42374999999987 ], [ -76.041253, -14.421528 ], [ -76.04097, -14.421528 ], [ -76.04097, -14.42014 ], [ -76.041253, -14.42014 ], [ -76.041253, -14.41875 ], [ -76.041526, -14.41875 ], [ -76.041526, -14.417084 ], [ -76.041253, -14.417084 ], [ -76.041253, -14.416528 ], [ -76.042358, -14.416528 ], [ -76.042358, -14.41625 ], [ -76.044029, -14.41625 ], [ -76.044029, -14.415971999999897 ], [ -76.044587, -14.415971999999897 ], [ -76.044587, -14.415691 ], [ -76.045136, -14.415694 ], [ -76.045136, -14.415418 ], [ -76.045692, -14.415418 ], [ -76.045692, -14.415137 ], [ -76.045975, -14.415139999999894 ], [ -76.045975, -14.414862 ], [ -76.046249, -14.414862 ], [ -76.046249, -14.414581 ], [ -76.045975, -14.414584 ], [ -76.045975, -14.414028 ], [ -76.046249, -14.414028 ], [ -76.046249, -14.413749 ], [ -76.046524, -14.413749 ], [ -76.046524, -14.413196 ], [ -76.046806999999887, -14.413196 ], [ -76.046806999999887, -14.412915 ], [ -76.04708, -14.412915 ], [ -76.04708, -14.412639999999897 ], [ -76.047363, -14.412639999999897 ], [ -76.047363, -14.412083 ], [ -76.047639, -14.412083 ], [ -76.047639, -14.411803 ], [ -76.047919, -14.411803 ], [ -76.047919, -14.410693 ], [ -76.048195, -14.410693 ], [ -76.048195, -14.410417 ], [ -76.048468, -14.410417 ], [ -76.048468, -14.410137 ], [ -76.048750999999868, -14.410139 ], [ -76.048750999999868, -14.409861 ], [ -76.049027, -14.409861 ], [ -76.049027, -14.409027 ], [ -76.049309, -14.409027 ], [ -76.049309, -14.408749 ], [ -76.049583, -14.408749 ], [ -76.049583, -14.408471 ], [ -76.049859, -14.408471 ], [ -76.049859, -14.408195 ], [ -76.050697, -14.408195 ], [ -76.050697, -14.408471 ], [ -76.050971, -14.408471 ], [ -76.050971, -14.408749 ], [ -76.051802999999893, -14.408749 ], [ -76.051802999999893, -14.408471 ], [ -76.052084999999863, -14.408471 ], [ -76.052084999999863, -14.407917 ], [ -76.052361, -14.407917 ], [ -76.052361, -14.407639 ], [ -76.052917, -14.407639 ], [ -76.052917, -14.407361 ], [ -76.053193, -14.407361 ], [ -76.053193, -14.407083 ], [ -76.053748999999868, -14.407083 ], [ -76.053748999999868, -14.405693 ], [ -76.054031999999836, -14.405693 ], [ -76.054031999999836, -14.404583 ], [ -76.054305, -14.404583 ], [ -76.054305, -14.404305 ], [ -76.054864, -14.404305 ], [ -76.054864, -14.404027 ], [ -76.055136999999888, -14.404029 ], [ -76.055136999999888, -14.403751 ], [ -76.055696, -14.403751 ], [ -76.055696, -14.403471 ], [ -76.055969, -14.403473 ], [ -76.055969, -14.403195 ], [ -76.056252, -14.403195 ], [ -76.056252, -14.402361 ], [ -76.056525, -14.402361 ], [ -76.056525, -14.401526 ], [ -76.056808, -14.401526 ], [ -76.056808, -14.400973 ], [ -76.057083999999861, -14.400973 ], [ -76.057083999999861, -14.400137999999856 ], [ -76.057357, -14.400137999999856 ], [ -76.057357, -14.399581999999896 ], [ -76.05764, -14.399581999999896 ], [ -76.05764, -14.399303999999859 ], [ -76.057915, -14.399303999999859 ], [ -76.057915, -14.399029 ], [ -76.058198, -14.399029 ], [ -76.058198, -14.398471999999856 ], [ -76.058472, -14.398471999999856 ], [ -76.058472, -14.397915999999896 ], [ -76.058746999999869, -14.397915999999896 ], [ -76.058746999999869, -14.39736 ], [ -76.059028, -14.39736 ], [ -76.059028, -14.396805999999856 ], [ -76.059586, -14.396805999999856 ], [ -76.059586, -14.396528 ], [ -76.05986, -14.396528 ], [ -76.05986, -14.395971999999858 ], [ -76.060142, -14.395971999999858 ], [ -76.060142, -14.395137999999861 ], [ -76.060417999999856, -14.395137999999861 ], [ -76.060417999999856, -14.394583999999895 ], [ -76.060974, -14.394583999999895 ], [ -76.060974, -14.394303999999863 ], [ -76.06153, -14.394305999999858 ], [ -76.06153, -14.394028 ], [ -76.062078999999869, -14.394028 ], [ -76.062078999999869, -14.393748 ], [ -76.062361999999837, -14.39375 ], [ -76.062361999999837, -14.393471999999861 ], [ -76.062638, -14.393471999999861 ], [ -76.062638, -14.392916 ], [ -76.06292, -14.392916 ], [ -76.06292, -14.39236 ], [ -76.063194, -14.39236 ], [ -76.063194, -14.39180599999986 ], [ -76.064026, -14.39180599999986 ], [ -76.064026, -14.391528 ], [ -76.064308, -14.391528 ], [ -76.064308, -14.39125 ], [ -76.064582, -14.39125 ], [ -76.064582, -14.390969 ], [ -76.064858, -14.390971999999863 ], [ -76.064858, -14.390694 ], [ -76.06514, -14.390694 ], [ -76.06514, -14.390416 ], [ -76.065413999999862, -14.390416 ], [ -76.065413999999862, -14.38986 ], [ -76.065695999999832, -14.389862 ], [ -76.065695999999832, -14.389584 ], [ -76.065972, -14.389584 ], [ -76.065972, -14.389303 ], [ -76.066253, -14.389305999999863 ], [ -76.066253, -14.389028 ], [ -76.066528, -14.389028 ], [ -76.066528, -14.38875 ], [ -76.066804, -14.38875 ], [ -76.066804, -14.388471999999865 ], [ -76.067083999999852, -14.388471999999865 ], [ -76.067083999999852, -14.388194 ], [ -76.067359999999837, -14.388194 ], [ -76.067359999999837, -14.387915 ], [ -76.067916, -14.387915 ], [ -76.067916, -14.387637 ], [ -76.068192, -14.387639999999863 ], [ -76.068192, -14.387362 ], [ -76.068475, -14.387362 ], [ -76.068475, -14.387081 ], [ -76.068747999999857, -14.387084 ], [ -76.068747999999857, -14.386805999999865 ], [ -76.069304, -14.386805999999865 ], [ -76.069304, -14.386526999999887 ], [ -76.06958, -14.386526999999887 ], [ -76.06958, -14.386249 ], [ -76.070136, -14.386249 ], [ -76.070136, -14.385971 ], [ -76.070419, -14.385971 ], [ -76.070419, -14.385696 ], [ -76.070968, -14.385696 ], [ -76.070968, -14.385415 ], [ -76.071251, -14.385418 ], [ -76.071251, -14.385139 ], [ -76.071807, -14.385139 ], [ -76.071807, -14.384858999999892 ], [ -76.07236499999982, -14.384860999999887 ], [ -76.07236499999982, -14.384583 ], [ -76.072914, -14.384583 ], [ -76.072914, -14.384305 ], [ -76.073471, -14.384305 ], [ -76.073471, -14.38402699999989 ], [ -76.073753, -14.38402699999989 ], [ -76.073753, -14.383749 ], [ -76.074302, -14.383749 ], [ -76.074302, -14.383473 ], [ -76.074859, -14.383473 ], [ -76.074859, -14.383192999999892 ], [ -76.075417, -14.383192999999892 ], [ -76.075417, -14.382917 ], [ -76.075689999999838, -14.382917 ], [ -76.075689999999838, -14.382360999999889 ], [ -76.076249, -14.382360999999889 ], [ -76.076249, -14.382081 ], [ -76.076805, -14.382083 ], [ -76.076805, -14.381805 ], [ -76.077360999999826, -14.381805 ], [ -76.077360999999826, -14.381526999999892 ], [ -76.077637, -14.381526999999892 ], [ -76.077637, -14.381251 ], [ -76.078193, -14.381251 ], [ -76.078193, -14.380971 ], [ -76.078751, -14.380971 ], [ -76.078751, -14.380694999999889 ], [ -76.079307, -14.380694999999889 ], [ -76.079307, -14.380417 ], [ -76.079863999999873, -14.380417 ], [ -76.079863999999873, -14.380139 ], [ -76.080139, -14.380139 ], [ -76.080139, -14.379860999999892 ], [ -76.080694999999821, -14.379860999999892 ], [ -76.080694999999821, -14.379583 ], [ -76.081253999999888, -14.379583 ], [ -76.081253999999888, -14.379305 ], [ -76.081803, -14.379305 ], [ -76.081803, -14.379026999999894 ], [ -76.082358999999826, -14.379026999999894 ], [ -76.082358999999826, -14.378749 ], [ -76.082915, -14.378749 ], [ -76.082915, -14.378473 ], [ -76.083191, -14.378473 ], [ -76.083191, -14.378194999999891 ], [ -76.083747, -14.378194999999891 ], [ -76.083747, -14.377917 ], [ -76.084306, -14.377917 ], [ -76.084306, -14.377639 ], [ -76.084861999999873, -14.377639 ], [ -76.084861999999873, -14.377360999999894 ], [ -76.085418, -14.377360999999894 ], [ -76.085418, -14.377083 ], [ -76.085976, -14.377083 ], [ -76.085976, -14.376805 ], [ -76.086524999999881, -14.376805 ], [ -76.086524999999881, -14.376528999999891 ], [ -76.087082, -14.376528999999891 ], [ -76.087082, -14.376251 ], [ -76.08764, -14.376251 ], [ -76.08764, -14.375973 ], [ -76.088195999999868, -14.375973 ], [ -76.088195999999868, -14.375694999999894 ], [ -76.088752, -14.375694999999894 ], [ -76.088752, -14.375417 ], [ -76.089301, -14.375417 ], [ -76.089301, -14.375136 ], [ -76.089859999999874, -14.375139 ], [ -76.089859999999874, -14.374860999999896 ], [ -76.090416, -14.374860999999896 ], [ -76.090416, -14.374583 ], [ -76.090972, -14.374583 ], [ -76.090972, -14.374307 ], [ -76.091529999999864, -14.374307 ], [ -76.091529999999864, -14.374026 ], [ -76.092087, -14.374028999999894 ], [ -76.092087, -14.373751 ], [ -76.092636, -14.373751 ], [ -76.092636, -14.373473 ], [ -76.092918, -14.373473 ], [ -76.092918, -14.373194999999896 ], [ -76.093474999999842, -14.373194999999896 ], [ -76.093474999999842, -14.372914 ], [ -76.094023999999877, -14.372916 ], [ -76.094023999999877, -14.372638 ], [ -76.094581999999889, -14.372638 ], [ -76.094581999999889, -14.37236 ], [ -76.095138, -14.37236 ], [ -76.095138, -14.372085 ], [ -76.095694, -14.372085 ], [ -76.095694, -14.371804 ], [ -76.096253, -14.371804 ], [ -76.096253, -14.371528 ], [ -76.096802, -14.371528 ], [ -76.096802, -14.371248 ], [ -76.097358, -14.37125 ], [ -76.097358, -14.370972 ], [ -76.097917, -14.370972 ], [ -76.097917, -14.370694 ], [ -76.098196999999857, -14.370694 ], [ -76.098196999999857, -14.370416 ], [ -76.098746, -14.370416 ], [ -76.098746, -14.370138 ], [ -76.099305, -14.370138 ], [ -76.099305, -14.36986 ], [ -76.099860999999862, -14.36986 ], [ -76.099860999999862, -14.369582 ], [ -76.100419, -14.369582 ], [ -76.100419, -14.369306 ], [ -76.100975, -14.369306 ], [ -76.100975, -14.369028 ], [ -76.101806999999837, -14.369028 ], [ -76.101806999999837, -14.36875 ], [ -76.102363, -14.36875 ], [ -76.102363, -14.368472 ], [ -76.103194999999857, -14.368472 ], [ -76.103194999999857, -14.368194 ], [ -76.103751, -14.368194 ], [ -76.103751, -14.367916 ], [ -76.104027, -14.367916 ], [ -76.104027, -14.367638 ], [ -76.104583, -14.367638 ], [ -76.104583, -14.36736 ], [ -76.104858999999863, -14.367362 ], [ -76.104858999999863, -14.367084 ], [ -76.107635, -14.367084 ], [ -76.107635, -14.366806 ], [ -76.108192999999858, -14.366806 ], [ -76.108192999999858, -14.366528 ], [ -76.109864, -14.366528 ], [ -76.109864, -14.36625 ], [ -76.110136999999838, -14.36625 ], [ -76.110136999999838, -14.365972 ], [ -76.110696, -14.365972 ], [ -76.110696, -14.365694 ], [ -76.111252, -14.365694 ], [ -76.111252, -14.365416 ], [ -76.111807999999826, -14.365416 ], [ -76.111807999999826, -14.365138 ], [ -76.112357, -14.36514 ], [ -76.112357, -14.364862 ], [ -76.112916, -14.364862 ], [ -76.112916, -14.364582 ], [ -76.113471999999831, -14.364584 ], [ -76.113471999999831, -14.364306 ], [ -76.114028, -14.364306 ], [ -76.114028, -14.364028 ], [ -76.11653, -14.364028 ], [ -76.11653, -14.36375 ], [ -76.118752, -14.36375 ], [ -76.118752, -14.363472 ], [ -76.119308999999873, -14.363472 ], [ -76.119308999999873, -14.363193999999851 ], [ -76.119858, -14.363193999999851 ], [ -76.119858, -14.362916 ], [ -76.120414, -14.362918 ], [ -76.120414, -14.362638 ], [ -76.120696999999893, -14.362638 ], [ -76.120696999999893, -14.362359999999853 ], [ -76.121246, -14.362362 ], [ -76.121246, -14.362084 ], [ -76.121803999999827, -14.362084 ], [ -76.121803999999827, -14.361806 ], [ -76.12236, -14.361806 ], [ -76.12236, -14.361527999999851 ], [ -76.123475, -14.361527999999851 ], [ -76.123475, -14.36125 ], [ -76.124306999999874, -14.36125 ], [ -76.124306999999874, -14.360972 ], [ -76.125419, -14.360972 ], [ -76.125419, -14.360696 ], [ -76.127083, -14.360696 ], [ -76.127083, -14.360415 ], [ -76.127358, -14.360415 ], [ -76.127358, -14.35986199999985 ], [ -76.127638999999874, -14.35986199999985 ], [ -76.127638999999874, -14.359305 ], [ -76.127915, -14.359305 ], [ -76.127915, -14.358749 ], [ -76.129302999999879, -14.358749 ], [ -76.129302999999879, -14.358471 ], [ -76.130417, -14.358471 ], [ -76.130417, -14.357639 ], [ -76.130690999999899, -14.357639 ], [ -76.130690999999899, -14.356805 ], [ -76.130417, -14.356805 ], [ -76.130417, -14.356249 ], [ -76.130141, -14.356249 ], [ -76.130141, -14.355139 ], [ -76.130690999999899, -14.355139 ], [ -76.130690999999899, -14.355417 ], [ -76.130972999999869, -14.355415 ], [ -76.130972999999869, -14.355694999999855 ], [ -76.132363, -14.355694999999855 ], [ -76.132363, -14.355139 ], [ -76.132636999999875, -14.355139 ], [ -76.132636999999875, -14.354583 ], [ -76.132919999999842, -14.354583 ], [ -76.132919999999842, -14.35402699999986 ], [ -76.133193, -14.35402699999986 ], [ -76.133193, -14.353749 ], [ -76.133468999999877, -14.353749 ], [ -76.133468999999877, -14.353193 ], [ -76.133751, -14.353194999999857 ], [ -76.133751, -14.352917 ], [ -76.134024999999895, -14.352917 ], [ -76.134024999999895, -14.35236099999986 ], [ -76.134307999999862, -14.35236099999986 ], [ -76.134307999999862, -14.352080999999885 ], [ -76.13458299999985, -14.352083 ], [ -76.13458299999985, -14.351528999999857 ], [ -76.134866, -14.351528999999857 ], [ -76.134866, -14.350138999999899 ], [ -76.137642, -14.350138999999899 ], [ -76.137642, -14.349582999999882 ], [ -76.137917999999843, -14.349582999999882 ], [ -76.137917999999843, -14.348192 ], [ -76.137642, -14.348195 ], [ -76.137642, -14.347916999999882 ], [ -76.136803, -14.347916999999882 ], [ -76.136803, -14.347639 ], [ -76.13642, -14.347639 ], [ -76.136253999999838, -14.347639 ], [ -76.136253999999838, -14.347522 ], [ -76.136253999999838, -14.346250999999882 ], [ -76.136527, -14.346250999999882 ], [ -76.136527, -14.34597 ], [ -76.136803, -14.345973 ], [ -76.136803, -14.345694 ], [ -76.137359, -14.345694 ], [ -76.137359, -14.345415999999886 ], [ -76.137642, -14.345415999999886 ], [ -76.137642, -14.345138 ], [ -76.137917999999843, -14.345138 ], [ -76.137917999999843, -14.34486 ], [ -76.137642, -14.34486 ], [ -76.137642, -14.342915999999889 ], [ -76.13903, -14.342915999999889 ], [ -76.13903, -14.342638 ], [ -76.139305999999863, -14.342638 ], [ -76.139305999999863, -14.342362 ], [ -76.139579, -14.342362 ], [ -76.139579, -14.342081999999891 ], [ -76.139305999999863, -14.342081999999891 ], [ -76.139305999999863, -14.341526 ], [ -76.13903, -14.341528 ], [ -76.13903, -14.340138 ], [ -76.139862, -14.340138 ], [ -76.139862, -14.340415999999891 ], [ -76.141526, -14.340415999999891 ], [ -76.141526, -14.33986 ], [ -76.141808, -14.33986 ], [ -76.141808, -14.338472 ], [ -76.142082, -14.338472 ], [ -76.142082, -14.337638 ], [ -76.142364, -14.337638 ], [ -76.142364, -14.337083999999891 ], [ -76.14264, -14.337083999999891 ], [ -76.14264, -14.336806 ], [ -76.142913999999848, -14.336806 ], [ -76.142913999999848, -14.33625 ], [ -76.143196, -14.33625 ], [ -76.143196, -14.335972 ], [ -76.14347, -14.335972 ], [ -76.14347, -14.335694 ], [ -76.143752, -14.335694 ], [ -76.143752, -14.33514 ], [ -76.144028, -14.33514 ], [ -76.144028, -14.334862 ], [ -76.144301999999868, -14.334862 ], [ -76.144301999999868, -14.334306 ], [ -76.144583999999838, -14.334306 ], [ -76.144583999999838, -14.334028 ], [ -76.14486, -14.334028 ], [ -76.14486, -14.33375 ], [ -76.145143, -14.33375 ], [ -76.145143, -14.333471 ], [ -76.145692, -14.333471 ], [ -76.145692, -14.333196 ], [ -76.145972, -14.333196 ], [ -76.145972, -14.332915 ], [ -76.146247999999844, -14.332915 ], [ -76.146247999999844, -14.33264 ], [ -76.146531, -14.33264 ], [ -76.146531, -14.332359 ], [ -76.146804, -14.332359 ], [ -76.146804, -14.331803 ], [ -76.147086999999885, -14.331803 ], [ -76.147086999999885, -14.330693 ], [ -76.146804, -14.330693 ], [ -76.146804, -14.330417 ], [ -76.146247999999844, -14.330417 ], [ -76.146247999999844, -14.330139 ], [ -76.145972, -14.330139 ], [ -76.145972, -14.329861 ], [ -76.145692, -14.329861 ], [ -76.145692, -14.329583 ], [ -76.145416, -14.329583 ], [ -76.145416, -14.329305 ], [ -76.145143, -14.329305 ], [ -76.145143, -14.329027 ], [ -76.144583999999838, -14.329027 ], [ -76.144583999999838, -14.328748999999846 ], [ -76.144301999999868, -14.328748999999846 ], [ -76.144301999999868, -14.328471 ], [ -76.144028, -14.328471 ], [ -76.144028, -14.328195 ], [ -76.143752, -14.328195 ], [ -76.143752, -14.327917 ], [ -76.143196, -14.327917 ], [ -76.143196, -14.327639 ], [ -76.142913999999848, -14.327639 ], [ -76.142913999999848, -14.327361 ], [ -76.14264, -14.327361 ], [ -76.14264, -14.327082999999845 ], [ -76.142082, -14.327082999999845 ], [ -76.142082, -14.326805 ], [ -76.141808, -14.326805 ], [ -76.141808, -14.326527 ], [ -76.140418, -14.326527 ], [ -76.140418, -14.326805 ], [ -76.139305999999863, -14.326805 ], [ -76.139305999999863, -14.327082999999845 ], [ -76.137359, -14.327082999999845 ], [ -76.137359, -14.326805 ], [ -76.136803, -14.326805 ], [ -76.136803, -14.326527 ], [ -76.136253999999838, -14.326527 ], [ -76.136253999999838, -14.326248999999848 ], [ -76.13458299999985, -14.326248999999848 ], [ -76.13458299999985, -14.326527 ], [ -76.134307999999862, -14.326527 ], [ -76.134307999999862, -14.326805 ], [ -76.132363, -14.326805 ], [ -76.132363, -14.326527 ], [ -76.131249, -14.326527 ], [ -76.131249, -14.326805 ], [ -76.130417, -14.326805 ], [ -76.130417, -14.327082999999845 ], [ -76.129630999999847, -14.327082999999845 ], [ -76.126809, -14.327082999999845 ], [ -76.125967999999887, -14.327082999999845 ], [ -76.125967999999887, -14.327361 ], [ -76.125793, -14.327361 ], [ -76.125135999999827, -14.327361 ], [ -76.125135999999827, -14.327539 ], [ -76.125135999999827, -14.327639 ], [ -76.124961, -14.327639 ], [ -76.12458, -14.327639 ], [ -76.12458, -14.327917 ], [ -76.124306999999874, -14.327917 ], [ -76.124306999999874, -14.328097 ], [ -76.124306999999874, -14.328195 ], [ -76.124154, -14.328195 ], [ -76.124031, -14.328195 ], [ -76.124031, -14.328471 ], [ -76.123763999999881, -14.328471 ], [ -76.122916, -14.328471 ], [ -76.122916, -14.328748999999846 ], [ -76.120696999999893, -14.328748999999846 ], [ -76.120696999999893, -14.329027 ], [ -76.119858, -14.329027 ], [ -76.119858, -14.329305 ], [ -76.119308999999873, -14.329305 ], [ -76.119308999999873, -14.329583 ], [ -76.116494, -14.329583 ], [ -76.115134999999839, -14.329583 ], [ -76.115134999999839, -14.329305 ], [ -76.112084, -14.329305 ], [ -76.112084, -14.329027 ], [ -76.111528, -14.329027 ], [ -76.111528, -14.328748999999846 ], [ -76.110969, -14.328748999999846 ], [ -76.110969, -14.328471 ], [ -76.11042, -14.328471 ], [ -76.11042, -14.328195 ], [ -76.110136999999838, -14.328195 ], [ -76.110136999999838, -14.327917 ], [ -76.109581, -14.327917 ], [ -76.109581, -14.327639 ], [ -76.109305, -14.327639 ], [ -76.109305, -14.327361 ], [ -76.109025, -14.327361 ], [ -76.109025, -14.326805 ], [ -76.108749, -14.326805 ], [ -76.108749, -14.326248999999848 ], [ -76.108475999999825, -14.326248999999848 ], [ -76.108475999999825, -14.325693 ], [ -76.108192999999858, -14.325695 ], [ -76.108192999999858, -14.324861 ], [ -76.107917, -14.324861 ], [ -76.107917, -14.323471 ], [ -76.107635, -14.323471 ], [ -76.107635, -14.322361 ], [ -76.107361, -14.322361 ], [ -76.107361, -14.321247999999855 ], [ -76.107086, -14.321247999999855 ], [ -76.107086, -14.320139 ], [ -76.106802999999843, -14.320139 ], [ -76.106802999999843, -14.317915999999855 ], [ -76.106529, -14.317915999999855 ], [ -76.106529, -14.311526 ], [ -76.106802999999843, -14.311526 ], [ -76.106802999999843, -14.309303999999884 ], [ -76.107086, -14.309305999999879 ], [ -76.107086, -14.306249 ], [ -76.107361, -14.306249 ], [ -76.107361, -14.303472999999883 ], [ -76.107635, -14.303472999999883 ], [ -76.107635, -14.301805 ], [ -76.107917, -14.301805 ], [ -76.107917, -14.300139 ], [ -76.108192999999858, -14.300139 ], [ -76.108192999999858, -14.299027 ], [ -76.108475999999825, -14.299027 ], [ -76.108475999999825, -14.298155999999892 ], [ -76.108475999999825, -14.297917 ], [ -76.108749, -14.297917 ], [ -76.108749, -14.297324 ], [ -76.108749, -14.297083 ], [ -76.109025, -14.297083 ], [ -76.109025, -14.296492 ], [ -76.109025, -14.295973 ], [ -76.109190999999896, -14.295973 ], [ -76.109305, -14.295973 ], [ -76.109305, -14.295636 ], [ -76.109305, -14.294861 ], [ -76.109581, -14.294861 ], [ -76.109581, -14.294307 ], [ -76.109741, -14.294307 ], [ -76.109864, -14.294307 ], [ -76.109864, -14.293943999999897 ], [ -76.109864, -14.293751 ], [ -76.110136999999838, -14.293751 ], [ -76.110136999999838, -14.293473 ], [ -76.11042, -14.293473 ], [ -76.11042, -14.292917 ], [ -76.110696, -14.292917 ], [ -76.110696, -14.29263799999984 ], [ -76.110969, -14.29263799999984 ], [ -76.110969, -14.292085 ], [ -76.111252, -14.292085 ], [ -76.111252, -14.291803999999843 ], [ -76.111528, -14.291803999999843 ], [ -76.111528, -14.291248 ], [ -76.111807999999826, -14.29125 ], [ -76.111807999999826, -14.29097199999984 ], [ -76.112084, -14.29097199999984 ], [ -76.112084, -14.290416 ], [ -76.112357, -14.290416 ], [ -76.112357, -14.290137999999843 ], [ -76.112639999999885, -14.290137999999843 ], [ -76.112639999999885, -14.289582 ], [ -76.112916, -14.289582 ], [ -76.112916, -14.28930599999984 ], [ -76.113198, -14.28930599999984 ], [ -76.113198, -14.289028 ], [ -76.113471999999831, -14.289028 ], [ -76.113471999999831, -14.288471999999842 ], [ -76.113747, -14.288471999999842 ], [ -76.113747, -14.288194 ], [ -76.114028, -14.288194 ], [ -76.114028, -14.287916 ], [ -76.114304, -14.287916 ], [ -76.114304, -14.287637999999845 ], [ -76.114586, -14.287637999999845 ], [ -76.114586, -14.28736 ], [ -76.11486, -14.28736 ], [ -76.11486, -14.286803999999847 ], [ -76.115134999999839, -14.286805999999842 ], [ -76.115134999999839, -14.286528 ], [ -76.115418, -14.286528 ], [ -76.115418, -14.28625 ], [ -76.115692, -14.28625 ], [ -76.115692, -14.285694 ], [ -76.115973999999881, -14.285694 ], [ -76.115973999999881, -14.285416 ], [ -76.11625, -14.285416 ], [ -76.11625, -14.285137999999847 ], [ -76.11653, -14.285137999999847 ], [ -76.11653, -14.284582 ], [ -76.116805999999826, -14.284584 ], [ -76.116805999999826, -14.284305999999845 ], [ -76.11708, -14.284305999999845 ], [ -76.11708, -14.28375 ], [ -76.117362, -14.28375 ], [ -76.117362, -14.283471999999847 ], [ -76.117637999999886, -14.283471999999847 ], [ -76.117637999999886, -14.282916 ], [ -76.117921, -14.282916 ], [ -76.117921, -14.28236 ], [ -76.118194, -14.28236 ], [ -76.118194, -14.281805999999847 ], [ -76.118469999999832, -14.281805999999847 ], [ -76.118469999999832, -14.281528 ], [ -76.118752, -14.281528 ], [ -76.118752, -14.280971999999849 ], [ -76.119026, -14.280971999999849 ], [ -76.119026, -14.280694 ], [ -76.119308999999873, -14.280694 ], [ -76.119308999999873, -14.280137 ], [ -76.119582, -14.280137 ], [ -76.119582, -14.279580999999894 ], [ -76.119858, -14.279580999999894 ], [ -76.119858, -14.279026999999871 ], [ -76.120139999999878, -14.279026999999871 ], [ -76.120139999999878, -14.278471 ], [ -76.120414, -14.278471 ], [ -76.120414, -14.277914999999894 ], [ -76.120696999999893, -14.277918 ], [ -76.120696999999893, -14.277639 ], [ -76.121246, -14.277639 ], [ -76.121246, -14.277358999999876 ], [ -76.121528, -14.277360999999871 ], [ -76.121528, -14.277082999999891 ], [ -76.121803999999827, -14.277082999999891 ], [ -76.121803999999827, -14.276805 ], [ -76.122085, -14.276805 ], [ -76.122085, -14.276248999999893 ], [ -76.122642999999869, -14.276248999999893 ], [ -76.122642999999869, -14.275973 ], [ -76.122916, -14.275973 ], [ -76.122916, -14.275694999999871 ], [ -76.123192, -14.275694999999871 ], [ -76.123192, -14.275417 ], [ -76.123475, -14.275417 ], [ -76.123475, -14.274860999999873 ], [ -76.123192, -14.274860999999873 ], [ -76.123192, -14.274305 ], [ -76.123475, -14.274305 ], [ -76.123475, -14.273751 ], [ -76.123748, -14.273751 ], [ -76.123748, -14.273194999999873 ], [ -76.124031, -14.273194999999873 ], [ -76.124031, -14.272639 ], [ -76.124306999999874, -14.272639 ], [ -76.124306999999874, -14.272360999999876 ], [ -76.12458, -14.272360999999876 ], [ -76.12458, -14.272082999999895 ], [ -76.124863, -14.272082999999895 ], [ -76.124863, -14.271805 ], [ -76.125135999999827, -14.271805 ], [ -76.125135999999827, -14.271526999999878 ], [ -76.125419, -14.271526999999878 ], [ -76.125419, -14.270971 ], [ -76.125694999999894, -14.270971 ], [ -76.125694999999894, -14.270415 ], [ -76.125967999999887, -14.270416999999895 ], [ -76.125967999999887, -14.270139 ], [ -76.126251, -14.270139 ], [ -76.126251, -14.269582999999898 ], [ -76.126527, -14.269582999999898 ], [ -76.126527, -14.269305 ], [ -76.126809, -14.269305 ], [ -76.126809, -14.26902699999988 ], [ -76.127083, -14.26902699999988 ], [ -76.127083, -14.268473 ], [ -76.127358, -14.268473 ], [ -76.127358, -14.268192 ], [ -76.128197, -14.268194999999878 ], [ -76.128197, -14.267639 ], [ -76.128470999999877, -14.267639 ], [ -76.128470999999877, -14.26736099999988 ], [ -76.128753, -14.26736099999988 ], [ -76.128753, -14.266807 ], [ -76.129029, -14.266807 ], [ -76.129029, -14.266250999999897 ], [ -76.129302999999879, -14.266250999999897 ], [ -76.129302999999879, -14.26569499999988 ], [ -76.12958499999985, -14.26569499999988 ], [ -76.12958499999985, -14.265416 ], [ -76.129861, -14.265416 ], [ -76.129861, -14.265138 ], [ -76.130141, -14.265138 ], [ -76.130141, -14.264584999999897 ], [ -76.130417, -14.264584999999897 ], [ -76.130417, -14.263472 ], [ -76.130690999999899, -14.263472 ], [ -76.130690999999899, -14.261526 ], [ -76.130417, -14.261528 ], [ -76.130417, -14.26125 ], [ -76.130690999999899, -14.26125 ], [ -76.130690999999899, -14.260972 ], [ -76.130972999999869, -14.260972 ], [ -76.130972999999869, -14.260416 ], [ -76.131249, -14.260416 ], [ -76.131249, -14.25986 ], [ -76.131532, -14.25986 ], [ -76.131532, -14.259306 ], [ -76.131805, -14.259306 ], [ -76.131805, -14.258472 ], [ -76.132081, -14.258472 ], [ -76.132081, -14.257362 ], [ -76.132363, -14.257362 ], [ -76.132363, -14.255972 ], [ -76.132081, -14.255972 ], [ -76.132081, -14.254862 ], [ -76.131805, -14.254862 ], [ -76.131805, -14.254306 ], [ -76.131532, -14.254306 ], [ -76.131532, -14.254027999999835 ], [ -76.131249, -14.254027999999835 ], [ -76.131249, -14.25375 ], [ -76.130972999999869, -14.25375 ], [ -76.130972999999869, -14.253472 ], [ -76.130690999999899, -14.253472 ], [ -76.130690999999899, -14.253196 ], [ -76.130492, -14.253196 ], [ -76.130141, -14.253196 ], [ -76.130141, -14.25264 ], [ -76.129861, -14.25264 ], [ -76.129861, -14.251843999999892 ], [ -76.129861, -14.251249 ], [ -76.130141, -14.251249 ], [ -76.130141, -14.250971 ], [ -76.130972999999869, -14.250971 ], [ -76.130972999999869, -14.250692999999842 ], [ -76.131249, -14.250692999999842 ], [ -76.131249, -14.249026999999842 ], [ -76.131532, -14.249026999999842 ], [ -76.131532, -14.248471 ], [ -76.131805, -14.248473 ], [ -76.131805, -14.247915 ], [ -76.132081, -14.247917 ], [ -76.132081, -14.247083 ], [ -76.132363, -14.247083 ], [ -76.132363, -14.246249 ], [ -76.132636999999875, -14.246249 ], [ -76.132636999999875, -14.245139 ], [ -76.132919999999842, -14.245139 ], [ -76.132919999999842, -14.244583 ], [ -76.133193, -14.244583 ], [ -76.133193, -14.244027 ], [ -76.133468999999877, -14.244027 ], [ -76.133468999999877, -14.243471 ], [ -76.133751, -14.243473 ], [ -76.133751, -14.243194999999844 ], [ -76.134024999999895, -14.243194999999844 ], [ -76.134024999999895, -14.242639 ], [ -76.134307999999862, -14.242639 ], [ -76.134307999999862, -14.242082999999866 ], [ -76.13458299999985, -14.242082999999866 ], [ -76.13458299999985, -14.241527 ], [ -76.134866, -14.241527 ], [ -76.134866, -14.241248999999868 ], [ -76.135139, -14.241248999999868 ], [ -76.135139, -14.240692 ], [ -76.135415, -14.240692 ], [ -76.135415, -14.240139 ], [ -76.135696, -14.240139 ], [ -76.135696, -14.239581999999871 ], [ -76.13597099999987, -14.239581999999871 ], [ -76.13597099999987, -14.239304 ], [ -76.136253999999838, -14.239304 ], [ -76.136253999999838, -14.238750999999866 ], [ -76.136527, -14.238750999999866 ], [ -76.136527, -14.238194 ], [ -76.136803, -14.238194 ], [ -76.136803, -14.237638 ], [ -76.137086, -14.237638 ], [ -76.137086, -14.23736 ], [ -76.137359, -14.23736 ], [ -76.137359, -14.236803999999893 ], [ -76.137642, -14.236803999999893 ], [ -76.137642, -14.236247999999875 ], [ -76.137917999999843, -14.23624999999987 ], [ -76.137917999999843, -14.235694 ], [ -76.138191, -14.235694 ], [ -76.138191, -14.235137999999893 ], [ -76.138474, -14.235137999999893 ], [ -76.138474, -14.234581999999875 ], [ -76.138747, -14.234581999999875 ], [ -76.138747, -14.234028 ], [ -76.13903, -14.234028 ], [ -76.13903, -14.233749999999873 ], [ -76.139305999999863, -14.233749999999873 ], [ -76.139305999999863, -14.233471999999892 ], [ -76.139579, -14.233471999999892 ], [ -76.139579, -14.233194 ], [ -76.139862, -14.233194 ], [ -76.139862, -14.23264 ], [ -76.140138, -14.23264 ], [ -76.140138, -14.23236 ], [ -76.140418, -14.23236 ], [ -76.140418, -14.232083999999873 ], [ -76.140694, -14.232083999999873 ], [ -76.140694, -14.231805999999892 ], [ -76.140976, -14.231805999999892 ], [ -76.140976, -14.231528 ], [ -76.141249999999843, -14.231528 ], [ -76.141249999999843, -14.230971999999895 ], [ -76.141526, -14.230971999999895 ], [ -76.141526, -14.230694 ], [ -76.141808, -14.230694 ], [ -76.141808, -14.230416 ], [ -76.142082, -14.230416 ], [ -76.142082, -14.230137999999897 ], [ -76.142364, -14.230137999999897 ], [ -76.142364, -14.22986 ], [ -76.14264, -14.229862 ], [ -76.14264, -14.229583999999875 ], [ -76.142913999999848, -14.229583999999875 ], [ -76.142913999999848, -14.229305999999895 ], [ -76.143196, -14.229305999999895 ], [ -76.143196, -14.229028 ], [ -76.143752, -14.229028 ], [ -76.143752, -14.22875 ], [ -76.144028, -14.22875 ], [ -76.144028, -14.228471999999897 ], [ -76.144301999999868, -14.228471999999897 ], [ -76.144301999999868, -14.228191 ], [ -76.144583999999838, -14.228194 ], [ -76.144583999999838, -14.227917999999875 ], [ -76.14486, -14.227917999999875 ], [ -76.14486, -14.227637999999899 ], [ -76.145143, -14.227639999999894 ], [ -76.145143, -14.227362 ], [ -76.145416, -14.227362 ], [ -76.145416, -14.227081 ], [ -76.145692, -14.227084 ], [ -76.145692, -14.226805999999897 ], [ -76.145972, -14.226805999999897 ], [ -76.145972, -14.226528 ], [ -76.146247999999844, -14.226528 ], [ -76.146247999999844, -14.22625 ], [ -76.146531, -14.22625 ], [ -76.146531, -14.225971 ], [ -76.146804, -14.225971 ], [ -76.146804, -14.225696 ], [ -76.147086999999885, -14.225696 ], [ -76.147086999999885, -14.225415 ], [ -76.147362, -14.225415 ], [ -76.147362, -14.225139999999897 ], [ -76.147635999999864, -14.225139999999897 ], [ -76.147635999999864, -14.224859 ], [ -76.147918999999831, -14.224862 ], [ -76.147918999999831, -14.224583 ], [ -76.148475, -14.224583 ], [ -76.148475, -14.224303 ], [ -76.14875, -14.224305 ], [ -76.14875, -14.224027 ], [ -76.149307, -14.224027 ], [ -76.149307, -14.223749 ], [ -76.149581999999839, -14.223749 ], [ -76.149581999999839, -14.223473999999896 ], [ -76.150138, -14.223473999999896 ], [ -76.150138, -14.223193 ], [ -76.150414, -14.223193 ], [ -76.150414, -14.222917 ], [ -76.15097, -14.222917 ], [ -76.15097, -14.222637 ], [ -76.151252999999883, -14.222639 ], [ -76.151252999999883, -14.222361 ], [ -76.151526, -14.222361 ], [ -76.151526, -14.222083 ], [ -76.152084999999886, -14.222083 ], [ -76.152084999999886, -14.221805 ], [ -76.152358, -14.221805 ], [ -76.152358, -14.221527 ], [ -76.152641, -14.221527 ], [ -76.152641, -14.220971 ], [ -76.152916999999832, -14.220971 ], [ -76.152916999999832, -14.220415 ], [ -76.15319, -14.220417 ], [ -76.15319, -14.220237 ], [ -76.153199, -14.219861 ], [ -76.153473, -14.219861 ], [ -76.153473, -14.219583 ], [ -76.154532999999844, -14.219583 ], [ -76.155137, -14.219583 ], [ -76.155137, -14.219305 ], [ -76.155418999999881, -14.219305 ], [ -76.155418999999881, -14.219027 ], [ -76.155974999999899, -14.219027 ], [ -76.155974999999899, -14.218749 ], [ -76.156250999999884, -14.218749 ], [ -76.156250999999884, -14.218473 ], [ -76.156525, -14.218473 ], [ -76.156525, -14.218193 ], [ -76.157080999999891, -14.218195 ], [ -76.157080999999891, -14.217917 ], [ -76.157363, -14.217917 ], [ -76.157363, -14.217639 ], [ -76.157639, -14.217639 ], [ -76.157639, -14.217361 ], [ -76.157912999999837, -14.217361 ], [ -76.157912999999837, -14.217087 ], [ -76.159582999999884, -14.217083 ], [ -76.159582999999884, -14.216805 ], [ -76.162085999999874, -14.216805 ], [ -76.162085999999874, -14.217361 ], [ -76.162361, -14.217361 ], [ -76.162361, -14.217639 ], [ -76.162635, -14.217639 ], [ -76.162635, -14.217917 ], [ -76.163193, -14.217917 ], [ -76.163193, -14.218195 ], [ -76.163476, -14.218195 ], [ -76.163476, -14.217917 ], [ -76.164025, -14.217917 ], [ -76.164025, -14.217639 ], [ -76.164580999999885, -14.217639 ], [ -76.164580999999885, -14.217083 ], [ -76.164864, -14.217083 ], [ -76.164864, -14.216251 ], [ -76.165023, -14.216251 ], [ -76.165137, -14.216251 ], [ -76.165137, -14.215139 ], [ -76.165412999999887, -14.215139 ], [ -76.165412999999887, -14.214582999999834 ], [ -76.165695999999855, -14.214582999999834 ], [ -76.165695999999855, -14.214307 ], [ -76.165969, -14.214307 ], [ -76.165969, -14.214027 ], [ -76.166252, -14.214027 ], [ -76.166252, -14.213751 ], [ -76.166528, -14.213751 ], [ -76.166528, -14.213473 ], [ -76.166808, -14.213473 ], [ -76.166808, -14.213195 ], [ -76.167083999999875, -14.213195 ], [ -76.167083999999875, -14.212639 ], [ -76.167357, -14.212639 ], [ -76.167357, -14.21236 ], [ -76.16764, -14.21236 ], [ -76.16764, -14.212081999999839 ], [ -76.167916, -14.212081999999839 ], [ -76.167916, -14.211804 ], [ -76.168198, -14.211804 ], [ -76.168198, -14.211529 ], [ -76.16874799999988, -14.211529 ], [ -76.16874799999988, -14.211251 ], [ -76.16902999999985, -14.211251 ], [ -76.16902999999985, -14.210972 ], [ -76.169304, -14.210972 ], [ -76.169304, -14.210694 ], [ -76.16986, -14.210694 ], [ -76.16986, -14.210415999999839 ], [ -76.170136, -14.210415999999839 ], [ -76.170136, -14.210138 ], [ -76.170692, -14.210138 ], [ -76.170692, -14.20986 ], [ -76.17125, -14.20986 ], [ -76.17125, -14.209582 ], [ -76.172081999999875, -14.209582 ], [ -76.172081999999875, -14.20986 ], [ -76.172921, -14.20986 ], [ -76.172921, -14.209582 ], [ -76.173194, -14.209582 ], [ -76.173194, -14.209306 ], [ -76.17347, -14.209306 ], [ -76.17347, -14.209028 ], [ -76.173753, -14.209028 ], [ -76.173753, -14.207637999999861 ], [ -76.174583999999868, -14.207637999999861 ], [ -76.174583999999868, -14.20736 ], [ -76.175972, -14.207362 ], [ -76.175972, -14.207083999999838 ], [ -76.176804, -14.207083999999838 ], [ -76.176804, -14.207637999999861 ], [ -76.177087, -14.207637999999861 ], [ -76.177087, -14.208194 ], [ -76.177359999999851, -14.208194 ], [ -76.177359999999851, -14.209028 ], [ -76.177636, -14.209028 ], [ -76.177636, -14.208749999999839 ], [ -76.177917, -14.208749999999839 ], [ -76.177917, -14.208472 ], [ -76.178192, -14.208472 ], [ -76.178192, -14.207916 ], [ -76.178475, -14.207916 ], [ -76.178475, -14.207637999999861 ], [ -76.179306999999824, -14.207637999999861 ], [ -76.179306999999824, -14.20736 ], [ -76.179863, -14.207362 ], [ -76.179863, -14.207083999999838 ], [ -76.180694999999844, -14.207083999999838 ], [ -76.180694999999844, -14.206803999999863 ], [ -76.180968, -14.206803999999863 ], [ -76.180968, -14.206248 ], [ -76.181251, -14.206248 ], [ -76.181251, -14.205694 ], [ -76.181527, -14.205694 ], [ -76.181527, -14.205416 ], [ -76.182915, -14.205416 ], [ -76.182915, -14.20486 ], [ -76.182641, -14.20486 ], [ -76.182641, -14.20430599999986 ], [ -76.182915, -14.20430599999986 ], [ -76.182915, -14.20375 ], [ -76.183196999999836, -14.20375 ], [ -76.183196999999836, -14.203469999999868 ], [ -76.184303, -14.203471999999863 ], [ -76.184303, -14.203194 ], [ -76.184861, -14.203194 ], [ -76.184861, -14.202916 ], [ -76.185417, -14.202918 ], [ -76.185417, -14.202637999999865 ], [ -76.185973, -14.202637999999865 ], [ -76.185973, -14.20236 ], [ -76.186249, -14.202362 ], [ -76.186249, -14.202084 ], [ -76.186805, -14.202084 ], [ -76.186805, -14.201803999999868 ], [ -76.187081, -14.201805999999863 ], [ -76.187081, -14.201528 ], [ -76.187363999999889, -14.201528 ], [ -76.187363999999889, -14.20125 ], [ -76.18792, -14.20125 ], [ -76.18792, -14.200971999999865 ], [ -76.188193, -14.200971999999865 ], [ -76.188193, -14.200416 ], [ -76.188469, -14.200416 ], [ -76.188469, -14.199862 ], [ -76.188752, -14.199862 ], [ -76.188752, -14.199305999999865 ], [ -76.191254, -14.199305999999865 ], [ -76.191254, -14.198749 ], [ -76.191527999999892, -14.198749 ], [ -76.191527999999892, -14.198196 ], [ -76.191803, -14.198196 ], [ -76.191803, -14.197639999999865 ], [ -76.192086, -14.197639999999865 ], [ -76.192086, -14.19680499999987 ], [ -76.19235899999984, -14.19680499999987 ], [ -76.19235899999984, -14.196249 ], [ -76.192642, -14.196249 ], [ -76.192642, -14.195417 ], [ -76.192918, -14.195417 ], [ -76.192918, -14.194581 ], [ -76.193191, -14.194581 ], [ -76.193191, -14.194026999999892 ], [ -76.193474, -14.194026999999892 ], [ -76.193474, -14.193471 ], [ -76.193747, -14.193471 ], [ -76.193747, -14.192917 ], [ -76.19403, -14.192917 ], [ -76.19403, -14.192083 ], [ -76.194306, -14.192083 ], [ -76.194306, -14.191526999999894 ], [ -76.194579, -14.191526999999894 ], [ -76.194579, -14.190973 ], [ -76.194861999999887, -14.190973 ], [ -76.194861999999887, -14.190694999999891 ], [ -76.194579, -14.190694999999891 ], [ -76.194579, -14.190417 ], [ -76.193474, -14.190417 ], [ -76.193474, -14.190139 ], [ -76.193253, -14.190139 ], [ -76.19235899999984, -14.190139 ], [ -76.19235899999984, -14.189860999999894 ], [ -76.191803, -14.189860999999894 ], [ -76.191803, -14.189305 ], [ -76.191527999999892, -14.189305 ], [ -76.191527999999892, -14.188751 ], [ -76.191254, -14.188751 ], [ -76.191254, -14.187917 ], [ -76.19097099999982, -14.187917 ], [ -76.19097099999982, -14.187360999999896 ], [ -76.191254, -14.187360999999896 ], [ -76.191254, -14.187083 ], [ -76.191527999999892, -14.187083 ], [ -76.191527999999892, -14.186526 ], [ -76.19168, -14.186526 ], [ -76.191803, -14.186528999999894 ], [ -76.191803, -14.186251 ], [ -76.192086, -14.186251 ], [ -76.192086, -14.185973 ], [ -76.19235899999984, -14.185973 ], [ -76.19235899999984, -14.185694999999896 ], [ -76.192918, -14.185694999999896 ], [ -76.192918, -14.185414 ], [ -76.193191, -14.185417 ], [ -76.193191, -14.185138 ], [ -76.193747, -14.185138 ], [ -76.193747, -14.18486 ], [ -76.19403, -14.18486 ], [ -76.19403, -14.184028999999896 ], [ -76.193747, -14.184028999999896 ], [ -76.193747, -14.183748 ], [ -76.193474, -14.18375 ], [ -76.193474, -14.183472 ], [ -76.193665, -14.183472 ], [ -76.194306, -14.183472 ], [ -76.194306, -14.182638 ], [ -76.194579, -14.182638 ], [ -76.194579, -14.182082 ], [ -76.195138, -14.182082 ], [ -76.195138, -14.181806 ], [ -76.195693999999889, -14.181806 ], [ -76.195693999999889, -14.181526 ], [ -76.19625, -14.181528 ], [ -76.19625, -14.18125 ], [ -76.196808, -14.18125 ], [ -76.196808, -14.180972 ], [ -76.197082, -14.180972 ], [ -76.197082, -14.180138 ], [ -76.196808, -14.180138 ], [ -76.196808, -14.17986 ], [ -76.196525999999892, -14.17986 ], [ -76.196525999999892, -14.179306 ], [ -76.196808, -14.179304 ], [ -76.196808, -14.17875 ], [ -76.197914, -14.17875 ], [ -76.197914, -14.179028 ], [ -76.198752, -14.179028 ], [ -76.198752, -14.179306 ], [ -76.199028, -14.179304 ], [ -76.199028, -14.17875 ], [ -76.198752, -14.17875 ], [ -76.198752, -14.178194 ], [ -76.198472, -14.178194 ], [ -76.198472, -14.176528 ], [ -76.198195999999882, -14.176528 ], [ -76.198195999999882, -14.175694 ], [ -76.198472, -14.175694 ], [ -76.198472, -14.17486 ], [ -76.199028, -14.174862 ], [ -76.199028, -14.174584 ], [ -76.199302, -14.174584 ], [ -76.199302, -14.174028 ], [ -76.199584, -14.174028 ], [ -76.199584, -14.17375 ], [ -76.200142999999855, -14.17375 ], [ -76.200142999999855, -14.173472 ], [ -76.200416, -14.173472 ], [ -76.200416, -14.173196 ], [ -76.201804, -14.173196 ], [ -76.201804, -14.17375 ], [ -76.20208, -14.17375 ], [ -76.20208, -14.174306 ], [ -76.202363, -14.174306 ], [ -76.202363, -14.17486 ], [ -76.20347699999985, -14.17486 ], [ -76.20347699999985, -14.175138 ], [ -76.204307, -14.175138 ], [ -76.204307, -14.175418 ], [ -76.204582, -14.175416 ], [ -76.204582, -14.17625 ], [ -76.204865, -14.17625 ], [ -76.204865, -14.176528 ], [ -76.205696999999873, -14.176528 ], [ -76.205696999999873, -14.175972 ], [ -76.20597, -14.175972 ], [ -76.20597, -14.175416 ], [ -76.206528999999875, -14.175418 ], [ -76.206528999999875, -14.174584 ], [ -76.206802, -14.174584 ], [ -76.206802, -14.17375 ], [ -76.206528999999875, -14.17375 ], [ -76.206528999999875, -14.173196 ], [ -76.206366999999887, -14.173196 ], [ -76.206253, -14.173196 ], [ -76.206253, -14.172915 ], [ -76.207641, -14.172915 ], [ -76.207641, -14.173196 ], [ -76.208749, -14.173196 ], [ -76.208749, -14.172915 ], [ -76.209028999999873, -14.172915 ], [ -76.209028999999873, -14.172362 ], [ -76.209587, -14.172362 ], [ -76.209587, -14.172081 ], [ -76.210136999999861, -14.172081 ], [ -76.210136999999861, -14.172362 ], [ -76.210975, -14.172362 ], [ -76.210975, -14.17264 ], [ -76.213753999999824, -14.17264 ], [ -76.213753999999824, -14.172362 ], [ -76.214026999999874, -14.172362 ], [ -76.214026999999874, -14.171806 ], [ -76.214303, -14.171806 ], [ -76.214303, -14.171249 ], [ -76.214858999999876, -14.171249 ], [ -76.214858999999876, -14.171526999999855 ], [ -76.215141999999844, -14.171526999999855 ], [ -76.215141999999844, -14.171806 ], [ -76.215415, -14.171806 ], [ -76.215415, -14.172084 ], [ -76.215691, -14.172084 ], [ -76.215698, -14.169026999999858 ], [ -76.215974, -14.169026999999858 ], [ -76.215974, -14.168749 ], [ -76.217635, -14.168749 ], [ -76.217635, -14.169026999999858 ], [ -76.217918, -14.169026999999858 ], [ -76.217918, -14.169304999999895 ], [ -76.218193, -14.169304999999895 ], [ -76.218193, -14.169583 ], [ -76.218475999999896, -14.169583 ], [ -76.218475999999896, -14.169860999999855 ], [ -76.219024999999874, -14.169860999999855 ], [ -76.219024999999874, -14.169583 ], [ -76.219307999999842, -14.169583 ], [ -76.219307999999842, -14.168471 ], [ -76.219581, -14.168471 ], [ -76.219581, -14.167917 ], [ -76.219307999999842, -14.167917 ], [ -76.219307999999842, -14.167638999999895 ], [ -76.219024999999874, -14.167638999999895 ], [ -76.219024999999874, -14.165971 ], [ -76.219581, -14.165971 ], [ -76.219581, -14.165692999999862 ], [ -76.219864, -14.165694999999857 ], [ -76.219864, -14.164583 ], [ -76.218749999999829, -14.164583 ], [ -76.218749999999829, -14.164305 ], [ -76.218475999999896, -14.164305 ], [ -76.218475999999896, -14.164028999999857 ], [ -76.217918, -14.164028999999857 ], [ -76.217918, -14.163749 ], [ -76.217635, -14.163749 ], [ -76.217635, -14.16319499999986 ], [ -76.217742, -14.16319499999986 ], [ -76.217918, -14.16319499999986 ], [ -76.217918, -14.162359 ], [ -76.217635, -14.162360999999862 ], [ -76.217635, -14.162083 ], [ -76.217414, -14.162083 ], [ -76.217362, -14.161802 ], [ -76.217085999999824, -14.161805 ], [ -76.217085999999824, -14.161413 ], [ -76.217085999999824, -14.161249 ], [ -76.216965, -14.161249 ], [ -76.216804999999852, -14.161251 ], [ -76.216804999999852, -14.160973 ], [ -76.21653, -14.160973 ], [ -76.21653, -14.160672 ], [ -76.21653, -14.160417 ], [ -76.216247, -14.160417 ], [ -76.216247, -14.160281999999881 ], [ -76.216247, -14.159583 ], [ -76.21653, -14.159583 ], [ -76.21653, -14.15847 ], [ -76.216804999999852, -14.158473 ], [ -76.216804999999852, -14.157638 ], [ -76.217085999999824, -14.157638 ], [ -76.217085999999824, -14.15736 ], [ -76.217362, -14.15736 ], [ -76.217362, -14.156247999999891 ], [ -76.217635, -14.156249999999886 ], [ -76.217635, -14.155841999999893 ], [ -76.217635, -14.155415999999889 ], [ -76.218017999999859, -14.155415999999889 ], [ -76.218749999999829, -14.155415999999889 ], [ -76.218749999999829, -14.155138 ], [ -76.219307999999842, -14.155138 ], [ -76.219307999999842, -14.154862 ], [ -76.219864, -14.154862 ], [ -76.219864, -14.154581999999891 ], [ -76.220413, -14.154581999999891 ], [ -76.220413, -14.154306 ], [ -76.220969, -14.154306 ], [ -76.220969, -14.154026 ], [ -76.221528, -14.154028 ], [ -76.221528, -14.153749999999889 ], [ -76.221800999999857, -14.153749999999889 ], [ -76.221800999999857, -14.15347 ], [ -76.22236, -14.153472 ], [ -76.22236, -14.153194 ], [ -76.222916, -14.153194 ], [ -76.222916, -14.152915999999891 ], [ -76.22374799999983, -14.152915999999891 ], [ -76.22374799999983, -14.152638 ], [ -76.224586, -14.152638 ], [ -76.224586, -14.15236 ], [ -76.22541799999982, -14.15236 ], [ -76.22541799999982, -14.152083999999888 ], [ -76.225973999999894, -14.152083999999888 ], [ -76.225973999999894, -14.151806 ], [ -76.226524, -14.151806 ], [ -76.226524, -14.151528 ], [ -76.227081999999825, -14.151528 ], [ -76.227081999999825, -14.151249999999891 ], [ -76.227365, -14.151249999999891 ], [ -76.227365, -14.150972 ], [ -76.228469999999845, -14.150972 ], [ -76.228469999999845, -14.150694 ], [ -76.229585, -14.150694 ], [ -76.229585, -14.150415999999893 ], [ -76.231803999999897, -14.150415999999893 ], [ -76.231803999999897, -14.150138 ], [ -76.232635999999843, -14.150138 ], [ -76.232635999999843, -14.149862 ], [ -76.233475, -14.149862 ], [ -76.233475, -14.149583999999891 ], [ -76.234863, -14.149583999999891 ], [ -76.234863, -14.149306 ], [ -76.240134999999896, -14.149306 ], [ -76.240134999999896, -14.149583999999891 ], [ -76.240417, -14.149583999999891 ], [ -76.240417, -14.149862 ], [ -76.240972999999883, -14.149862 ], [ -76.240972999999883, -14.150138 ], [ -76.241805, -14.150138 ], [ -76.241805, -14.150415999999893 ], [ -76.245139999999878, -14.150415999999893 ], [ -76.245139999999878, -14.150138 ], [ -76.245698, -14.150138 ], [ -76.245698, -14.150415999999893 ], [ -76.247642, -14.150415999999893 ], [ -76.247642, -14.150694 ], [ -76.247917999999856, -14.150694 ], [ -76.247917999999856, -14.150972 ], [ -76.248191, -14.150972 ], [ -76.248191, -14.151249999999891 ], [ -76.248474, -14.151249999999891 ], [ -76.248474, -14.151528 ], [ -76.24875, -14.151528 ], [ -76.24875, -14.151806 ], [ -76.249862, -14.151806 ], [ -76.249862, -14.152083999999888 ], [ -76.250137999999879, -14.152083999999888 ], [ -76.250137999999879, -14.15236 ], [ -76.25042, -14.15236 ], [ -76.25042, -14.152638 ], [ -76.250694, -14.152638 ], [ -76.250694, -14.152915999999891 ], [ -76.250969999999882, -14.152915999999891 ], [ -76.250969999999882, -14.153194 ], [ -76.251251999999852, -14.153194 ], [ -76.251251999999852, -14.153472 ], [ -76.251526, -14.15347 ], [ -76.251526, -14.154306 ], [ -76.251808, -14.154306 ], [ -76.251808, -14.154581999999891 ], [ -76.252358, -14.154581999999891 ], [ -76.252358, -14.154306 ], [ -76.253195999999832, -14.154306 ], [ -76.253195999999832, -14.153749999999889 ], [ -76.252913999999862, -14.153749999999889 ], [ -76.252913999999862, -14.153194 ], [ -76.25264, -14.153194 ], [ -76.25264, -14.151806 ], [ -76.252913999999862, -14.151806 ], [ -76.252913999999862, -14.151528 ], [ -76.253195999999832, -14.151528 ], [ -76.253195999999832, -14.151249999999891 ], [ -76.253472, -14.151249999999891 ], [ -76.253472, -14.149028 ], [ -76.253754999999899, -14.149028 ], [ -76.253754999999899, -14.148749999999893 ], [ -76.254304, -14.148749999999893 ], [ -76.254304, -14.148472 ], [ -76.254583999999852, -14.148472 ], [ -76.254583999999852, -14.148194 ], [ -76.25486, -14.148194 ], [ -76.25486, -14.14764 ], [ -76.255143, -14.14764 ], [ -76.255143, -14.147081 ], [ -76.255416, -14.147083999999893 ], [ -76.255416, -14.146528 ], [ -76.256247999999857, -14.146528 ], [ -76.256247999999857, -14.146249999999895 ], [ -76.25708, -14.146249999999895 ], [ -76.25708, -14.145972 ], [ -76.257363, -14.145972 ], [ -76.257363, -14.145696 ], [ -76.257919, -14.145696 ], [ -76.257919, -14.145415 ], [ -76.25819499999983, -14.145417999999893 ], [ -76.25819499999983, -14.144859 ], [ -76.25846799999988, -14.144862 ], [ -76.25846799999988, -14.144073 ], [ -76.25846799999988, -14.143474 ], [ -76.258948999999859, -14.143471 ], [ -76.259026, -14.143471 ], [ -76.259026, -14.143193 ], [ -76.259186, -14.143193 ], [ -76.259307, -14.143193 ], [ -76.259307, -14.143043 ], [ -76.259307, -14.142917 ], [ -76.25958299999985, -14.142917 ], [ -76.25958299999985, -14.142639 ], [ -76.25986499999982, -14.142639 ], [ -76.25986499999982, -14.142361 ], [ -76.260139, -14.142361 ], [ -76.260139, -14.142193 ], [ -76.260139, -14.142083 ], [ -76.260369, -14.142083 ], [ -76.262085, -14.142083 ], [ -76.262085, -14.141805 ], [ -76.263748999999848, -14.141805 ], [ -76.263748999999848, -14.141527 ], [ -76.264305, -14.141527 ], [ -76.264305, -14.141249 ], [ -76.264860999999826, -14.141249 ], [ -76.264860999999826, -14.140971 ], [ -76.265418999999895, -14.140971 ], [ -76.265418999999895, -14.140695 ], [ -76.265975, -14.140695 ], [ -76.265975, -14.140417 ], [ -76.267363, -14.140417 ], [ -76.267363, -14.140695 ], [ -76.268194999999821, -14.140695 ], [ -76.268194999999821, -14.140971 ], [ -76.268753999999888, -14.140971 ], [ -76.268753999999888, -14.141249 ], [ -76.269586, -14.141249 ], [ -76.269586, -14.141527 ], [ -76.270392, -14.141527 ], [ -76.270415, -14.141805 ], [ -76.270691, -14.141805 ], [ -76.270691, -14.142361 ], [ -76.270974, -14.142361 ], [ -76.270974, -14.142639 ], [ -76.271247, -14.142639 ], [ -76.271247, -14.142917 ], [ -76.27153, -14.142917 ], [ -76.27153, -14.143471 ], [ -76.271806, -14.143474 ], [ -76.271806, -14.144305 ], [ -76.27153, -14.144303 ], [ -76.27153, -14.14514 ], [ -76.271002999999894, -14.14514 ], [ -76.270691, -14.14514 ], [ -76.270691, -14.144859 ], [ -76.270415, -14.144862 ], [ -76.270415, -14.144583999999895 ], [ -76.270142, -14.144583999999895 ], [ -76.270142, -14.144303 ], [ -76.269858999999826, -14.144305 ], [ -76.269858999999826, -14.144027 ], [ -76.268471, -14.144027 ], [ -76.268471, -14.144862 ], [ -76.268194999999821, -14.144859 ], [ -76.268194999999821, -14.145696 ], [ -76.267912999999851, -14.145696 ], [ -76.267912999999851, -14.146806 ], [ -76.267639, -14.146806 ], [ -76.267639, -14.148194 ], [ -76.267363, -14.148194 ], [ -76.267363, -14.149028 ], [ -76.267083, -14.149028 ], [ -76.267083, -14.149583999999891 ], [ -76.266807, -14.149583999999891 ], [ -76.266807, -14.150138 ], [ -76.266524999999831, -14.150138 ], [ -76.266524999999831, -14.150415999999893 ], [ -76.266250999999897, -14.150415999999893 ], [ -76.266250999999897, -14.150972 ], [ -76.265975, -14.150972 ], [ -76.265975, -14.151528 ], [ -76.265693, -14.151528 ], [ -76.265693, -14.15236 ], [ -76.265418999999895, -14.15236 ], [ -76.265418999999895, -14.152915999999891 ], [ -76.265137, -14.152915999999891 ], [ -76.265137, -14.15347 ], [ -76.264860999999826, -14.15347 ], [ -76.264860999999826, -14.154026 ], [ -76.264580999999851, -14.154026 ], [ -76.264580999999851, -14.154581999999891 ], [ -76.264305, -14.154581999999891 ], [ -76.264305, -14.155138 ], [ -76.264031, -14.155138 ], [ -76.264031, -14.155692 ], [ -76.263748999999848, -14.155692 ], [ -76.263748999999848, -14.155972 ], [ -76.263473, -14.155972 ], [ -76.263473, -14.156528 ], [ -76.26319, -14.156528 ], [ -76.26319, -14.157085 ], [ -76.262917, -14.157085 ], [ -76.262917, -14.157638 ], [ -76.262641, -14.157638 ], [ -76.262641, -14.158194999999864 ], [ -76.262359, -14.158194999999864 ], [ -76.262359, -14.159028999999862 ], [ -76.262085, -14.159026 ], [ -76.262085, -14.159464 ], [ -76.262085, -14.159583 ], [ -76.261802, -14.159583 ], [ -76.261802, -14.159922 ], [ -76.261802, -14.160139 ], [ -76.261672, -14.160139 ], [ -76.261528999999825, -14.160139 ], [ -76.261528999999825, -14.160368999999889 ], [ -76.261252999999897, -14.160417 ], [ -76.261252999999897, -14.160694999999862 ], [ -76.260697, -14.160692 ], [ -76.260697, -14.160973 ], [ -76.260414, -14.160973 ], [ -76.260414, -14.161805 ], [ -76.260139, -14.161802 ], [ -76.260139, -14.162149 ], [ -76.260139, -14.162360999999862 ], [ -76.259918, -14.162359 ], [ -76.25986499999982, -14.162639 ], [ -76.25958299999985, -14.162639 ], [ -76.25958299999985, -14.162915 ], [ -76.259355, -14.162917 ], [ -76.259026, -14.162915 ], [ -76.259026, -14.16319499999986 ], [ -76.258750999999847, -14.16319499999986 ], [ -76.258750999999847, -14.163473 ], [ -76.25846799999988, -14.163473 ], [ -76.25846799999988, -14.163749 ], [ -76.25819499999983, -14.163749 ], [ -76.25819499999983, -14.164305 ], [ -76.257919, -14.164305 ], [ -76.257919, -14.164583 ], [ -76.257636, -14.164583 ], [ -76.257636, -14.165139 ], [ -76.257363, -14.165139 ], [ -76.257363, -14.165417 ], [ -76.25708, -14.165417 ], [ -76.25708, -14.165971 ], [ -76.256530999999825, -14.165971 ], [ -76.256530999999825, -14.165417 ], [ -76.256247999999857, -14.165417 ], [ -76.256247999999857, -14.164583 ], [ -76.255975, -14.164583 ], [ -76.255975, -14.164305 ], [ -76.255692, -14.164305 ], [ -76.255692, -14.162915 ], [ -76.255416, -14.162915 ], [ -76.255416, -14.161802 ], [ -76.255692, -14.161805 ], [ -76.255692, -14.160417 ], [ -76.255416, -14.160417 ], [ -76.255416, -14.159583 ], [ -76.255143, -14.159583 ], [ -76.255143, -14.159026 ], [ -76.25486, -14.159028999999862 ], [ -76.25486, -14.157638 ], [ -76.255143, -14.157638 ], [ -76.255143, -14.15736 ], [ -76.255348, -14.15736 ], [ -76.255416, -14.156804 ], [ -76.255692, -14.156807 ], [ -76.255692, -14.155972 ], [ -76.255393, -14.155972 ], [ -76.255143, -14.155972 ], [ -76.255143, -14.155415999999889 ], [ -76.25486, -14.155415999999889 ], [ -76.25486, -14.155138 ], [ -76.254304, -14.155138 ], [ -76.254304, -14.156616999999869 ], [ -76.254304, -14.157085 ], [ -76.25416499999983, -14.157085 ], [ -76.253754999999899, -14.157085 ], [ -76.253754999999899, -14.157638 ], [ -76.253472, -14.157638 ], [ -76.253472, -14.158751 ], [ -76.253195999999832, -14.158751 ], [ -76.253195999999832, -14.161805 ], [ -76.253472, -14.161802 ], [ -76.253472, -14.164028999999857 ], [ -76.253754999999899, -14.164028999999857 ], [ -76.253754999999899, -14.164583 ], [ -76.254028, -14.164583 ], [ -76.254028, -14.165139 ], [ -76.254304, -14.165139 ], [ -76.254304, -14.165692999999862 ], [ -76.254583999999852, -14.165692999999862 ], [ -76.254583999999852, -14.16652699999986 ], [ -76.25486, -14.16652699999986 ], [ -76.25486, -14.167083 ], [ -76.255143, -14.167083 ], [ -76.255143, -14.167638999999895 ], [ -76.255416, -14.167638999999895 ], [ -76.255416, -14.168471 ], [ -76.255692, -14.168471 ], [ -76.255692, -14.169026999999858 ], [ -76.255975, -14.169026999999858 ], [ -76.255975, -14.169583 ], [ -76.256247999999857, -14.169583 ], [ -76.256247999999857, -14.169860999999855 ], [ -76.256530999999825, -14.169860999999855 ], [ -76.256530999999825, -14.170418 ], [ -76.256807, -14.170418 ], [ -76.256807, -14.170970999999895 ], [ -76.25708, -14.170970999999895 ], [ -76.25708, -14.171806 ], [ -76.257363, -14.171806 ], [ -76.257363, -14.174584 ], [ -76.257636, -14.174584 ], [ -76.257636, -14.175138 ], [ -76.257919, -14.175138 ], [ -76.257919, -14.175418 ], [ -76.25819499999983, -14.175416 ], [ -76.25819499999983, -14.175972 ], [ -76.25846799999988, -14.175972 ], [ -76.25846799999988, -14.17625 ], [ -76.258750999999847, -14.17625 ], [ -76.258750999999847, -14.176528 ], [ -76.259026, -14.176528 ], [ -76.259026, -14.177082 ], [ -76.259307, -14.177082 ], [ -76.259307, -14.177362 ], [ -76.25958299999985, -14.177362 ], [ -76.25958299999985, -14.17764 ], [ -76.25986499999982, -14.177638 ], [ -76.25986499999982, -14.178194 ], [ -76.260139, -14.178194 ], [ -76.260139, -14.178472 ], [ -76.260414, -14.178472 ], [ -76.260414, -14.179028 ], [ -76.260697, -14.179028 ], [ -76.260697, -14.180416 ], [ -76.260971, -14.180416 ], [ -76.260971, -14.184028999999896 ], [ -76.261252999999897, -14.184028999999896 ], [ -76.261252999999897, -14.185138 ], [ -76.261528999999825, -14.185138 ], [ -76.261528999999825, -14.185973 ], [ -76.261802, -14.185973 ], [ -76.261802, -14.186528999999894 ], [ -76.262085, -14.186526 ], [ -76.262085, -14.186807 ], [ -76.262359, -14.186807 ], [ -76.262359, -14.187083 ], [ -76.262917, -14.187083 ], [ -76.262917, -14.187360999999896 ], [ -76.26319, -14.187360999999896 ], [ -76.26319, -14.187917 ], [ -76.263473, -14.187917 ], [ -76.263473, -14.188473 ], [ -76.263748999999848, -14.188473 ], [ -76.263748999999848, -14.188751 ], [ -76.264580999999851, -14.188751 ], [ -76.264580999999851, -14.189026999999896 ], [ -76.264860999999826, -14.189026999999896 ], [ -76.264860999999826, -14.189305 ], [ -76.265137, -14.189305 ], [ -76.265137, -14.189583 ], [ -76.265693, -14.189583 ], [ -76.265693, -14.189860999999894 ], [ -76.265975, -14.189860999999894 ], [ -76.265975, -14.190417 ], [ -76.266250999999897, -14.190417 ], [ -76.266250999999897, -14.190973 ], [ -76.266524999999831, -14.190973 ], [ -76.266524999999831, -14.191526999999894 ], [ -76.266807, -14.191526999999894 ], [ -76.266807, -14.192083 ], [ -76.267083, -14.192083 ], [ -76.267083, -14.192360999999892 ], [ -76.267363, -14.192360999999892 ], [ -76.267363, -14.192917 ], [ -76.267639, -14.192917 ], [ -76.267639, -14.193195 ], [ -76.267912999999851, -14.193195 ], [ -76.267912999999851, -14.193382 ], [ -76.267912999999851, -14.193471 ], [ -76.268194999999821, -14.193471 ], [ -76.268194999999821, -14.194026999999892 ], [ -76.268471, -14.194026999999892 ], [ -76.268471, -14.194709 ], [ -76.268471, -14.195972999999867 ], [ -76.268753999999888, -14.195972999999867 ], [ -76.268753999999888, -14.196249 ], [ -76.269027, -14.196249 ], [ -76.269027, -14.19680499999987 ], [ -76.269303, -14.19680499999987 ], [ -76.269303, -14.197083 ], [ -76.269586, -14.197083 ], [ -76.269586, -14.197361 ], [ -76.269858999999826, -14.197358999999892 ], [ -76.269858999999826, -14.197915 ], [ -76.270142, -14.197915 ], [ -76.270142, -14.19847099999987 ], [ -76.270415, -14.19847099999987 ], [ -76.270415, -14.198749 ], [ -76.270691, -14.198749 ], [ -76.270691, -14.199305999999865 ], [ -76.270974, -14.199305999999865 ], [ -76.270974, -14.199862 ], [ -76.271247, -14.199862 ], [ -76.271247, -14.200139999999863 ], [ -76.27153, -14.20013699999987 ], [ -76.27153, -14.200694 ], [ -76.271806, -14.200694 ], [ -76.271806, -14.200971999999865 ], [ -76.272918, -14.200971999999865 ], [ -76.272918, -14.200694 ], [ -76.273194, -14.200694 ], [ -76.273194, -14.20013699999987 ], [ -76.273476, -14.20013699999987 ], [ -76.273476, -14.199581 ], [ -76.273749999999893, -14.199584 ], [ -76.273749999999893, -14.199305999999865 ], [ -76.274308, -14.199305999999865 ], [ -76.274308, -14.199028 ], [ -76.274582, -14.199028 ], [ -76.274582, -14.198749 ], [ -76.274864, -14.198749 ], [ -76.274864, -14.19847099999987 ], [ -76.27514, -14.19847099999987 ], [ -76.27514, -14.197639999999865 ], [ -76.275413, -14.197639999999865 ], [ -76.275413, -14.197083 ], [ -76.275695999999868, -14.197083 ], [ -76.275695999999868, -14.196527 ], [ -76.27597, -14.196527 ], [ -76.27597, -14.195972999999867 ], [ -76.276252, -14.195972999999867 ], [ -76.276252, -14.195417 ], [ -76.276528, -14.195417 ], [ -76.276528, -14.194861 ], [ -76.276801, -14.194861 ], [ -76.276801, -14.194026999999892 ], [ -76.277083999999888, -14.194026999999892 ], [ -76.277083999999888, -14.193471 ], [ -76.27736, -14.193471 ], [ -76.27736, -14.192917 ], [ -76.277642, -14.192917 ], [ -76.277642, -14.192360999999892 ], [ -76.27736, -14.192360999999892 ], [ -76.27736, -14.191526999999894 ], [ -76.277083999999888, -14.191526999999894 ], [ -76.277083999999888, -14.189305 ], [ -76.276801, -14.189305 ], [ -76.276801, -14.187917 ], [ -76.276252, -14.187917 ], [ -76.276252, -14.187639 ], [ -76.27597, -14.187639 ], [ -76.27597, -14.187509 ], [ -76.27597, -14.184028999999896 ], [ -76.276252, -14.184028999999896 ], [ -76.276252, -14.183472 ], [ -76.276528, -14.183472 ], [ -76.276528, -14.183194 ], [ -76.276801, -14.183194 ], [ -76.276801, -14.182916 ], [ -76.277642, -14.182916 ], [ -76.277642, -14.182638 ], [ -76.278192, -14.182638 ], [ -76.278199, -14.182082 ], [ -76.278472, -14.182082 ], [ -76.278472, -14.181806 ], [ -76.279029999999864, -14.181806 ], [ -76.279029999999864, -14.18125 ], [ -76.279304, -14.18125 ], [ -76.279304, -14.180694 ], [ -76.279586, -14.180694 ], [ -76.279586, -14.180416 ], [ -76.279862, -14.180416 ], [ -76.279862, -14.179584 ], [ -76.280136, -14.179584 ], [ -76.280136, -14.178472 ], [ -76.280417999999884, -14.178472 ], [ -76.280417999999884, -14.178194 ], [ -76.280693999999869, -14.178194 ], [ -76.280693999999869, -14.177916 ], [ -76.280974, -14.177916 ], [ -76.280974, -14.177362 ], [ -76.28152399999982, -14.177362 ], [ -76.28152399999982, -14.177082 ], [ -76.281806, -14.177082 ], [ -76.281806, -14.176528 ], [ -76.282081999999889, -14.176528 ], [ -76.282081999999889, -14.175972 ], [ -76.282364999999857, -14.175972 ], [ -76.282364999999857, -14.175694 ], [ -76.282638, -14.175694 ], [ -76.282638, -14.175138 ], [ -76.282914, -14.175138 ], [ -76.282914, -14.174028 ], [ -76.283194, -14.174028 ], [ -76.283194, -14.17375 ], [ -76.28347, -14.17375 ], [ -76.28347, -14.173196 ], [ -76.285141, -14.173196 ], [ -76.285141, -14.172915 ], [ -76.285417, -14.172915 ], [ -76.285417, -14.172081 ], [ -76.285696999999857, -14.172084 ], [ -76.285696999999857, -14.171806 ], [ -76.285973, -14.171806 ], [ -76.285973, -14.171526999999855 ], [ -76.286246, -14.171526999999855 ], [ -76.286246, -14.170970999999895 ], [ -76.286529, -14.170970999999895 ], [ -76.286529, -14.170692999999858 ], [ -76.286805, -14.170692999999858 ], [ -76.286805, -14.170418 ], [ -76.287087, -14.170418 ], [ -76.287087, -14.169860999999855 ], [ -76.287360999999862, -14.169860999999855 ], [ -76.287360999999862, -14.168749 ], [ -76.287636, -14.168749 ], [ -76.287636, -14.167360999999858 ], [ -76.287919, -14.167360999999858 ], [ -76.287919, -14.16652699999986 ], [ -76.288193, -14.16652699999986 ], [ -76.288193, -14.165971 ], [ -76.288475, -14.165971 ], [ -76.288475, -14.165692999999862 ], [ -76.28902399999987, -14.165694999999857 ], [ -76.28902399999987, -14.165417 ], [ -76.289306999999837, -14.165417 ], [ -76.289306999999837, -14.165139 ], [ -76.289580999999885, -14.165139 ], [ -76.289580999999885, -14.16486099999986 ], [ -76.289863, -14.16486099999986 ], [ -76.289863, -14.164583 ], [ -76.290139, -14.164583 ], [ -76.290139, -14.164305 ], [ -76.291527, -14.164305 ], [ -76.291527, -14.164028999999857 ], [ -76.29181, -14.164028999999857 ], [ -76.29181, -14.164305 ], [ -76.292358999999863, -14.164305 ], [ -76.292358999999863, -14.164028999999857 ], [ -76.293197, -14.164028999999857 ], [ -76.293197, -14.163749 ], [ -76.293747, -14.163749 ], [ -76.293747, -14.163473 ], [ -76.294028999999853, -14.163473 ], [ -76.294028999999853, -14.16319499999986 ], [ -76.294585, -14.16319499999986 ], [ -76.294585, -14.162915 ], [ -76.294303, -14.162915 ], [ -76.294303, -14.162359 ], [ -76.294028999999853, -14.162360999999862 ], [ -76.294028999999853, -14.162083 ], [ -76.293807999999842, -14.162083 ], [ -76.293473, -14.162083 ], [ -76.293473, -14.161802 ], [ -76.293197, -14.161805 ], [ -76.293197, -14.161526999999865 ], [ -76.292640999999833, -14.161526999999865 ], [ -76.292640999999833, -14.161409999999876 ], [ -76.292640999999833, -14.161249 ], [ -76.291527, -14.161249 ], [ -76.291527, -14.161526999999865 ], [ -76.290305, -14.161526999999865 ], [ -76.290139, -14.161526999999865 ], [ -76.290139, -14.161417 ], [ -76.290139, -14.161249 ], [ -76.289879, -14.161249 ], [ -76.289306999999837, -14.161251 ], [ -76.289306999999837, -14.160973 ], [ -76.288475, -14.160973 ], [ -76.288475, -14.160692 ], [ -76.288193, -14.160694999999862 ], [ -76.288193, -14.160417 ], [ -76.287636, -14.160417 ], [ -76.287636, -14.160305 ], [ -76.287636, -14.160139 ], [ -76.287360999999862, -14.160139 ], [ -76.287360999999862, -14.159860999999864 ], [ -76.286805, -14.159860999999864 ], [ -76.286805, -14.159583 ], [ -76.286246, -14.159583 ], [ -76.286246, -14.159304 ], [ -76.285071999999843, -14.159304 ], [ -76.284858, -14.159304 ], [ -76.284858, -14.159028999999862 ], [ -76.284585, -14.159028999999862 ], [ -76.284585, -14.158751 ], [ -76.284025999999869, -14.158751 ], [ -76.284025999999869, -14.15847 ], [ -76.28347, -14.158473 ], [ -76.28347, -14.158194999999864 ], [ -76.283194, -14.158194999999864 ], [ -76.283194, -14.157915999999886 ], [ -76.282914, -14.157915999999886 ], [ -76.282914, -14.157638 ], [ -76.282638, -14.157638 ], [ -76.282638, -14.157085 ], [ -76.282364999999857, -14.157085 ], [ -76.282364999999857, -14.156804 ], [ -76.282081999999889, -14.156807 ], [ -76.282081999999889, -14.156528 ], [ -76.28125, -14.156528 ], [ -76.28125, -14.156247999999891 ], [ -76.280974, -14.156247999999891 ], [ -76.280974, -14.155692 ], [ -76.280136, -14.155692 ], [ -76.280136, -14.155138 ], [ -76.279862, -14.155138 ], [ -76.279862, -14.154801 ], [ -76.279862, -14.154581999999891 ], [ -76.279738999999836, -14.154581999999891 ], [ -76.279586, -14.154581999999891 ], [ -76.279586, -14.154313 ], [ -76.279586, -14.154026 ], [ -76.279427, -14.154028 ], [ -76.279304, -14.154028 ], [ -76.279304, -14.153809 ], [ -76.279304, -14.15347 ], [ -76.279029999999864, -14.153472 ], [ -76.279029999999864, -14.15331899999984 ], [ -76.279029999999864, -14.15264 ], [ -76.278885, -14.152638 ], [ -76.278747999999894, -14.152638 ], [ -76.278747999999894, -14.148472 ], [ -76.279029999999864, -14.148472 ], [ -76.279029999999864, -14.147917999999891 ], [ -76.279304, -14.147917999999891 ], [ -76.279304, -14.147081 ], [ -76.279586, -14.147081 ], [ -76.279586, -14.146528 ], [ -76.279862, -14.146528 ], [ -76.279862, -14.145972 ], [ -76.280136, -14.145972 ], [ -76.280136, -14.145696 ], [ -76.280417999999884, -14.145696 ], [ -76.280417999999884, -14.14552 ], [ -76.280417999999884, -14.145415 ], [ -76.280693999999869, -14.145417999999893 ], [ -76.280693999999869, -14.144859 ], [ -76.280974, -14.144862 ], [ -76.280974, -14.144583999999895 ], [ -76.28125, -14.144583999999895 ], [ -76.28125, -14.144303 ], [ -76.281806, -14.144305 ], [ -76.281806, -14.144027 ], [ -76.282081999999889, -14.144027 ], [ -76.282081999999889, -14.143749 ], [ -76.282364999999857, -14.143749 ], [ -76.282364999999857, -14.143474 ], [ -76.282914, -14.143471 ], [ -76.282914, -14.143193 ], [ -76.283194, -14.143193 ], [ -76.283194, -14.142917 ], [ -76.28347, -14.142917 ], [ -76.28347, -14.142639 ], [ -76.283753, -14.142639 ], [ -76.283753, -14.142361 ], [ -76.284025999999869, -14.142361 ], [ -76.284025999999869, -14.142083 ], [ -76.284858, -14.142083 ], [ -76.284858, -14.141805 ], [ -76.285141, -14.141805 ], [ -76.285141, -14.141527 ], [ -76.285417, -14.141527 ], [ -76.285417, -14.140971 ], [ -76.285696999999857, -14.140971 ], [ -76.285696999999857, -14.140139 ], [ -76.285973, -14.140139 ], [ -76.285973, -14.139861 ], [ -76.286529, -14.139861 ], [ -76.286529, -14.139583 ], [ -76.286805, -14.139583 ], [ -76.286805, -14.138473 ], [ -76.286529, -14.138473 ], [ -76.286529, -14.137639 ], [ -76.286246, -14.137639 ], [ -76.286246, -14.136527 ], [ -76.285973, -14.136527 ], [ -76.285973, -14.135971 ], [ -76.285696999999857, -14.135971 ], [ -76.285696999999857, -14.134861 ], [ -76.285973, -14.134861 ], [ -76.285973, -14.13458299999985 ], [ -76.286246, -14.13458299999985 ], [ -76.286246, -14.13291699999985 ], [ -76.286805, -14.13291699999985 ], [ -76.286805, -14.132361 ], [ -76.287360999999862, -14.132361 ], [ -76.287360999999862, -14.131804 ], [ -76.287087, -14.131804 ], [ -76.287087, -14.132081999999855 ], [ -76.286246, -14.132081999999855 ], [ -76.286246, -14.131804 ], [ -76.285973, -14.131804 ], [ -76.285973, -14.13125099999985 ], [ -76.285696999999857, -14.13125099999985 ], [ -76.285696999999857, -14.130694 ], [ -76.285417, -14.130694 ], [ -76.285417, -14.130415999999855 ], [ -76.285271, -14.130415999999855 ], [ -76.284858, -14.130415999999855 ], [ -76.284858, -14.130138 ], [ -76.284585, -14.130138 ], [ -76.284585, -14.12986 ], [ -76.283194, -14.12986 ], [ -76.283194, -14.130138 ], [ -76.282638, -14.130138 ], [ -76.282638, -14.130415999999855 ], [ -76.282364999999857, -14.130415999999855 ], [ -76.282364999999857, -14.130138 ], [ -76.28152399999982, -14.130138 ], [ -76.28152399999982, -14.12986 ], [ -76.28125, -14.12986 ], [ -76.28125, -14.129581999999857 ], [ -76.280974, -14.129581999999857 ], [ -76.280974, -14.129306 ], [ -76.280693999999869, -14.129306 ], [ -76.280693999999869, -14.128749999999854 ], [ -76.280136, -14.128749999999854 ], [ -76.280136, -14.126249999999857 ], [ -76.280242999999871, -14.126249999999857 ], [ -76.280417999999884, -14.126249999999857 ], [ -76.280417999999884, -14.125694 ], [ -76.280693999999869, -14.125694 ], [ -76.280693999999869, -14.124582 ], [ -76.280974, -14.124583999999857 ], [ -76.280974, -14.124306 ], [ -76.28125, -14.124306 ], [ -76.28125, -14.124028 ], [ -76.28152399999982, -14.12403 ], [ -76.28152399999982, -14.123469999999884 ], [ -76.281806, -14.123469999999884 ], [ -76.281806, -14.12236 ], [ -76.282081999999889, -14.122362 ], [ -76.282081999999889, -14.122083999999859 ], [ -76.282364999999857, -14.122083999999859 ], [ -76.282364999999857, -14.121803999999884 ], [ -76.282914, -14.121803999999884 ], [ -76.282914, -14.121247 ], [ -76.283194, -14.12125 ], [ -76.283194, -14.120694 ], [ -76.28347, -14.120694 ], [ -76.28347, -14.120137999999884 ], [ -76.283753, -14.12014 ], [ -76.283753, -14.119861999999898 ], [ -76.285141, -14.119861999999898 ], [ -76.285141, -14.119581 ], [ -76.285417, -14.119584 ], [ -76.285417, -14.119305999999881 ], [ -76.285696999999857, -14.119305999999881 ], [ -76.285696999999857, -14.11875 ], [ -76.285973, -14.11875 ], [ -76.285973, -14.117639999999881 ], [ -76.286246, -14.117639999999881 ], [ -76.286246, -14.115693 ], [ -76.286529, -14.115693 ], [ -76.286529, -14.115136999999891 ], [ -76.287360999999862, -14.115138999999886 ], [ -76.287360999999862, -14.114861 ], [ -76.287636, -14.114861 ], [ -76.287636, -14.114581 ], [ -76.287919, -14.114583 ], [ -76.287919, -14.113751 ], [ -76.287636, -14.113751 ], [ -76.287636, -14.112361 ], [ -76.287919, -14.112361 ], [ -76.287919, -14.111249 ], [ -76.288193, -14.111249 ], [ -76.288193, -14.111527 ], [ -76.288749, -14.111527 ], [ -76.288749, -14.111249 ], [ -76.28902399999987, -14.111249 ], [ -76.28902399999987, -14.110972999999888 ], [ -76.289306999999837, -14.110972999999888 ], [ -76.289306999999837, -14.110417 ], [ -76.289580999999885, -14.110417 ], [ -76.289580999999885, -14.109861 ], [ -76.28902399999987, -14.109861 ], [ -76.28902399999987, -14.109583 ], [ -76.288749, -14.109583 ], [ -76.288749, -14.109305 ], [ -76.288193, -14.109305 ], [ -76.288193, -14.109027 ], [ -76.287636, -14.109027 ], [ -76.287636, -14.109305 ], [ -76.287087, -14.109305 ], [ -76.287087, -14.108751 ], [ -76.286957, -14.108751 ], [ -76.286805, -14.108751 ], [ -76.286805, -14.10847299999989 ], [ -76.286529, -14.10847299999989 ], [ -76.286529, -14.107668 ], [ -76.286529, -14.107083 ], [ -76.286805, -14.107083 ], [ -76.286805, -14.106251 ], [ -76.287087, -14.106251 ], [ -76.287087, -14.105695 ], [ -76.287360999999862, -14.105695 ], [ -76.287360999999862, -14.105417 ], [ -76.287636, -14.105417 ], [ -76.287636, -14.105139 ], [ -76.287360999999862, -14.105139 ], [ -76.287360999999862, -14.10486 ], [ -76.287636, -14.104863 ], [ -76.287636, -14.103192 ], [ -76.287360999999862, -14.103192 ], [ -76.287360999999862, -14.102638 ], [ -76.287087, -14.102638 ], [ -76.287087, -14.102082 ], [ -76.286805, -14.102082 ], [ -76.286805, -14.101806 ], [ -76.286529, -14.101806 ], [ -76.286529, -14.101528 ], [ -76.287087, -14.101528 ], [ -76.287087, -14.10125 ], [ -76.287360999999862, -14.10125 ], [ -76.287360999999862, -14.100137999999845 ], [ -76.287636, -14.100137999999845 ], [ -76.287636, -14.09875 ], [ -76.287919, -14.09875 ], [ -76.287919, -14.098471999999845 ], [ -76.288193, -14.098471999999845 ], [ -76.288193, -14.097637999999847 ], [ -76.288475, -14.09764 ], [ -76.288475, -14.097362 ], [ -76.28902399999987, -14.09736 ], [ -76.28902399999987, -14.097082 ], [ -76.289306999999837, -14.097084 ], [ -76.289306999999837, -14.096805999999845 ], [ -76.289580999999885, -14.096805999999845 ], [ -76.289580999999885, -14.09625 ], [ -76.289863, -14.09625 ], [ -76.289863, -14.093471999999849 ], [ -76.290139, -14.093471999999849 ], [ -76.290139, -14.092636999999854 ], [ -76.292083, -14.092639999999847 ], [ -76.292083, -14.092362 ], [ -76.293197, -14.092362 ], [ -76.293197, -14.092080999999894 ], [ -76.292915, -14.092084 ], [ -76.292915, -14.091805999999849 ], [ -76.292640999999833, -14.091805999999849 ], [ -76.292640999999833, -14.091528 ], [ -76.292915, -14.091528 ], [ -76.292915, -14.091249 ], [ -76.293197, -14.091249 ], [ -76.293197, -14.090693 ], [ -76.293473, -14.090693 ], [ -76.293473, -14.090414999999894 ], [ -76.294303, -14.090418 ], [ -76.294303, -14.090139999999849 ], [ -76.294585, -14.090139999999849 ], [ -76.294585, -14.089583 ], [ -76.294861, -14.089583 ], [ -76.294861, -14.089304999999854 ], [ -76.294585, -14.089304999999854 ], [ -76.294585, -14.088748999999893 ], [ -76.292915, -14.088748999999893 ], [ -76.292915, -14.088472999999851 ], [ -76.292640999999833, -14.088472999999851 ], [ -76.292640999999833, -14.087917 ], [ -76.292358999999863, -14.087917 ], [ -76.292358999999863, -14.087638999999854 ], [ -76.291251, -14.087638999999854 ], [ -76.291251, -14.087361 ], [ -76.291527, -14.087361 ], [ -76.291527, -14.086526999999876 ], [ -76.289863, -14.086526999999876 ], [ -76.289863, -14.087361 ], [ -76.289580999999885, -14.087361 ], [ -76.289580999999885, -14.087917 ], [ -76.287919, -14.087917 ], [ -76.287919, -14.088748999999893 ], [ -76.285973, -14.088748999999893 ], [ -76.285973, -14.089027 ], [ -76.285232, -14.089027 ], [ -76.284858, -14.089027 ], [ -76.284858, -14.088748999999893 ], [ -76.284585, -14.088748999999893 ], [ -76.284585, -14.088472999999851 ], [ -76.284302, -14.088472999999851 ], [ -76.284302, -14.087917 ], [ -76.284025999999869, -14.087917 ], [ -76.284025999999869, -14.087703 ], [ -76.284025999999869, -14.087361 ], [ -76.283753, -14.087361 ], [ -76.283753, -14.087082999999893 ], [ -76.283463, -14.087082999999893 ], [ -76.283194, -14.087082999999893 ], [ -76.283194, -14.086805 ], [ -76.282914, -14.086805 ], [ -76.282914, -14.086526999999876 ], [ -76.282364999999857, -14.086526999999876 ], [ -76.282364999999857, -14.086251 ], [ -76.282081999999889, -14.086251 ], [ -76.282081999999889, -14.085971 ], [ -76.28152399999982, -14.085971 ], [ -76.28152399999982, -14.085695 ], [ -76.28125, -14.085695 ], [ -76.28125, -14.085416999999893 ], [ -76.280693999999869, -14.085416999999893 ], [ -76.280693999999869, -14.085139 ], [ -76.280136, -14.085139 ], [ -76.280136, -14.084860999999876 ], [ -76.279862, -14.084860999999876 ], [ -76.279862, -14.084582999999895 ], [ -76.279304, -14.084582999999895 ], [ -76.279304, -14.084305 ], [ -76.279029999999864, -14.084305 ], [ -76.279029999999864, -14.084026999999878 ], [ -76.278472, -14.084029 ], [ -76.278472, -14.083748999999898 ], [ -76.278199, -14.083748999999898 ], [ -76.278192, -14.083471 ], [ -76.277916, -14.083473 ], [ -76.277916, -14.083194999999876 ], [ -76.277687999999841, -14.083194999999876 ], [ -76.277642, -14.082915 ], [ -76.277083999999888, -14.082916999999895 ], [ -76.277083999999888, -14.082639 ], [ -76.276801, -14.082639 ], [ -76.276801, -14.080973 ], [ -76.276528, -14.080973 ], [ -76.276528, -14.080416999999898 ], [ -76.276801, -14.080416999999898 ], [ -76.276801, -14.07847 ], [ -76.276528, -14.078473 ], [ -76.276528, -14.075972 ], [ -76.276801, -14.075972 ], [ -76.276801, -14.075692 ], [ -76.276528, -14.075693999999885 ], [ -76.276528, -14.075416 ], [ -76.276801, -14.075416 ], [ -76.276801, -14.074582 ], [ -76.276528, -14.074582 ], [ -76.276528, -14.074306 ], [ -76.276801, -14.074306 ], [ -76.276801, -14.07375 ], [ -76.27736, -14.07375 ], [ -76.27736, -14.072638 ], [ -76.277642, -14.072638 ], [ -76.277642, -14.07236 ], [ -76.27736, -14.07236 ], [ -76.27736, -14.072084 ], [ -76.277642, -14.072084 ], [ -76.277642, -14.071528 ], [ -76.27736, -14.071528 ], [ -76.27736, -14.069306 ], [ -76.277083999999888, -14.069306 ], [ -76.277083999999888, -14.068472 ], [ -76.276801, -14.068472 ], [ -76.276801, -14.067362 ], [ -76.277083999999888, -14.067362 ], [ -76.277083999999888, -14.065415 ], [ -76.27736, -14.065415 ], [ -76.27736, -14.06514 ], [ -76.277083999999888, -14.06514 ], [ -76.277083999999888, -14.062918 ], [ -76.276801, -14.062918 ], [ -76.276801, -14.062360999999839 ], [ -76.276528, -14.062360999999839 ], [ -76.276528, -14.061805 ], [ -76.27597, -14.061805 ], [ -76.27597, -14.061526999999842 ], [ -76.275413, -14.061526999999842 ], [ -76.275413, -14.061249 ], [ -76.27514, -14.061249 ], [ -76.27514, -14.060694999999839 ], [ -76.274864, -14.060694999999839 ], [ -76.274864, -14.060139 ], [ -76.273476, -14.060139 ], [ -76.273476, -14.059858999999847 ], [ -76.273194, -14.059858999999847 ], [ -76.273194, -14.060139 ], [ -76.272637, -14.060139 ], [ -76.272637, -14.060417 ], [ -76.272362, -14.060415 ], [ -76.272362, -14.060694999999839 ], [ -76.271247, -14.060694999999839 ], [ -76.271247, -14.060971 ], [ -76.270974, -14.060971 ], [ -76.270974, -14.061249 ], [ -76.270691, -14.061249 ], [ -76.270691, -14.061526999999842 ], [ -76.270415, -14.061526999999842 ], [ -76.270415, -14.061805 ], [ -76.270142, -14.061805 ], [ -76.270142, -14.062083 ], [ -76.269875, -14.062083 ], [ -76.269858999999826, -14.062360999999839 ], [ -76.269586, -14.062360999999839 ], [ -76.269586, -14.062637 ], [ -76.269303, -14.062637 ], [ -76.269303, -14.063192999999842 ], [ -76.269027, -14.063192999999842 ], [ -76.269027, -14.063471 ], [ -76.268753999999888, -14.063471 ], [ -76.268753999999888, -14.063749 ], [ -76.268471, -14.063749 ], [ -76.268471, -14.06402699999984 ], [ -76.267083, -14.06402699999984 ], [ -76.267083, -14.063749 ], [ -76.266807, -14.063749 ], [ -76.266807, -14.063471 ], [ -76.266524999999831, -14.063471 ], [ -76.266524999999831, -14.062918 ], [ -76.266250999999897, -14.062918 ], [ -76.266250999999897, -14.062637 ], [ -76.265975, -14.062639 ], [ -76.265975, -14.062360999999839 ], [ -76.265418999999895, -14.062360999999839 ], [ -76.265418999999895, -14.062083 ], [ -76.264860999999826, -14.062083 ], [ -76.264860999999826, -14.061805 ], [ -76.264305, -14.061805 ], [ -76.264305, -14.061526999999842 ], [ -76.264031, -14.061526999999842 ], [ -76.264031, -14.061249 ], [ -76.263473, -14.061249 ], [ -76.263473, -14.060971 ], [ -76.26319, -14.060971 ], [ -76.26319, -14.060694999999839 ], [ -76.262641, -14.060694999999839 ], [ -76.262641, -14.060415 ], [ -76.262359, -14.060417 ], [ -76.262359, -14.060139 ], [ -76.261802, -14.060139 ], [ -76.261802, -14.058668999999895 ], [ -76.261802, -14.057917 ], [ -76.261528999999825, -14.057917 ], [ -76.261528999999825, -14.057360999999844 ], [ -76.261252999999897, -14.057360999999844 ], [ -76.261252999999897, -14.056249 ], [ -76.260971, -14.056249 ], [ -76.260971, -14.054471 ], [ -76.260971, -14.053749 ], [ -76.26123, -14.053749 ], [ -76.261252999999897, -14.050969999999893 ], [ -76.261528999999825, -14.050969999999893 ], [ -76.261528999999825, -14.04986 ], [ -76.261802, -14.04986 ], [ -76.261802, -14.049303999999893 ], [ -76.262085, -14.049303999999893 ], [ -76.262085, -14.048747999999875 ], [ -76.262359, -14.04874999999987 ], [ -76.262359, -14.048472 ], [ -76.262527, -14.048472 ], [ -76.262641, -14.048472 ], [ -76.262641, -14.048226 ], [ -76.262641, -14.047915999999873 ], [ -76.262786999999832, -14.047915999999873 ], [ -76.262917, -14.047915999999873 ], [ -76.262917, -14.047635999999898 ], [ -76.262917, -14.047362 ], [ -76.263047, -14.047362 ], [ -76.26319, -14.047362 ], [ -76.26319, -14.047081999999875 ], [ -76.264580999999851, -14.047081999999875 ], [ -76.264580999999851, -14.047915999999873 ], [ -76.264305, -14.047915999999873 ], [ -76.264305, -14.048472 ], [ -76.264580999999851, -14.048472 ], [ -76.264580999999851, -14.049028 ], [ -76.264860999999826, -14.049028 ], [ -76.264860999999826, -14.049307 ], [ -76.265975, -14.049303999999893 ], [ -76.265975, -14.048747999999875 ], [ -76.265693, -14.048747999999875 ], [ -76.265693, -14.047637999999893 ], [ -76.266524999999831, -14.047637999999893 ], [ -76.266524999999831, -14.047362 ], [ -76.266807, -14.047362 ], [ -76.266807, -14.046806 ], [ -76.267083, -14.046806 ], [ -76.267083, -14.046528 ], [ -76.267363, -14.046528 ], [ -76.267363, -14.045971999999892 ], [ -76.267639, -14.045971999999892 ], [ -76.267639, -14.045694 ], [ -76.268753999999888, -14.045694 ], [ -76.268753999999888, -14.045971999999892 ], [ -76.270415, -14.045971999999892 ], [ -76.270415, -14.045694 ], [ -76.270691, -14.045694 ], [ -76.270691, -14.04514 ], [ -76.270974, -14.04514 ], [ -76.270974, -14.04486 ], [ -76.272637, -14.04486 ], [ -76.272637, -14.043471999999895 ], [ -76.272362, -14.043471999999895 ], [ -76.272362, -14.043194 ], [ -76.271806, -14.043194 ], [ -76.271806, -14.043749999999875 ], [ -76.27153, -14.043749999999875 ], [ -76.27153, -14.044028 ], [ -76.270142, -14.044028 ], [ -76.270142, -14.043749999999875 ], [ -76.269858999999826, -14.043749999999875 ], [ -76.269858999999826, -14.043471999999895 ], [ -76.269738, -14.043471999999895 ], [ -76.269586, -14.043471999999895 ], [ -76.269586, -14.043194 ], [ -76.269303, -14.043194 ], [ -76.269303, -14.042915999999877 ], [ -76.269027, -14.042915999999877 ], [ -76.269027, -14.042083999999875 ], [ -76.269303, -14.042083999999875 ], [ -76.269303, -14.041249999999877 ], [ -76.269645, -14.041249999999877 ], [ -76.270142, -14.041249999999877 ], [ -76.270142, -14.040971999999897 ], [ -76.270415, -14.040971999999897 ], [ -76.270415, -14.04041599999988 ], [ -76.270974, -14.04041599999988 ], [ -76.270974, -14.038749999999879 ], [ -76.271247, -14.038749999999879 ], [ -76.271247, -14.037915 ], [ -76.27153, -14.037915 ], [ -76.27153, -14.037639999999897 ], [ -76.272362, -14.037639999999897 ], [ -76.272362, -14.037359 ], [ -76.272637, -14.037359 ], [ -76.272637, -14.036803 ], [ -76.272362, -14.036803 ], [ -76.272362, -14.036249 ], [ -76.271247, -14.036249 ], [ -76.271247, -14.034861 ], [ -76.270974, -14.034861 ], [ -76.270974, -14.032915 ], [ -76.270691, -14.032915 ], [ -76.270691, -14.032361 ], [ -76.270415, -14.032361 ], [ -76.270415, -14.031805 ], [ -76.270142, -14.031805 ], [ -76.270142, -14.031249 ], [ -76.267912999999851, -14.031249 ], [ -76.267912999999851, -14.031527 ], [ -76.267083, -14.031527 ], [ -76.267083, -14.031805 ], [ -76.266807, -14.031805 ], [ -76.266807, -14.032083 ], [ -76.266524999999831, -14.032083 ], [ -76.266524999999831, -14.032639 ], [ -76.266250999999897, -14.032639 ], [ -76.266250999999897, -14.032917 ], [ -76.265975, -14.032915 ], [ -76.265975, -14.033195 ], [ -76.264860999999826, -14.033195 ], [ -76.264860999999826, -14.032915 ], [ -76.264580999999851, -14.032915 ], [ -76.264580999999851, -14.032361 ], [ -76.264305, -14.032361 ], [ -76.264305, -14.031805 ], [ -76.264031, -14.031805 ], [ -76.264031, -14.031527 ], [ -76.263748999999848, -14.031527 ], [ -76.263748999999848, -14.031249 ], [ -76.263473, -14.031249 ], [ -76.263473, -14.030973 ], [ -76.26319, -14.030973 ], [ -76.26319, -14.030417 ], [ -76.262917, -14.030417 ], [ -76.262917, -14.030139 ], [ -76.262641, -14.030139 ], [ -76.262641, -14.029583 ], [ -76.262359, -14.029583 ], [ -76.262359, -14.027917 ], [ -76.262085, -14.027917 ], [ -76.262085, -14.026358 ], [ -76.262085, -14.025695 ], [ -76.262359, -14.025695 ], [ -76.262359, -14.023751 ], [ -76.262641, -14.023751 ], [ -76.262641, -14.022081999999841 ], [ -76.262917, -14.022081999999841 ], [ -76.262917, -14.020972 ], [ -76.26319, -14.020972 ], [ -76.26319, -14.020694 ], [ -76.263473, -14.020694 ], [ -76.263473, -14.020138 ], [ -76.263748999999848, -14.020138 ], [ -76.263748999999848, -14.01986 ], [ -76.264031, -14.01986 ], [ -76.264031, -14.019583999999838 ], [ -76.264305, -14.019583999999838 ], [ -76.264305, -14.019028 ], [ -76.264580999999851, -14.019028 ], [ -76.264580999999851, -14.018748 ], [ -76.264860999999826, -14.018748 ], [ -76.264860999999826, -14.018194 ], [ -76.265137, -14.018194 ], [ -76.265137, -14.01764 ], [ -76.265418999999895, -14.01764 ], [ -76.265418999999895, -14.01736 ], [ -76.265975, -14.01736 ], [ -76.265975, -14.016806 ], [ -76.266250999999897, -14.016806 ], [ -76.266250999999897, -14.016528 ], [ -76.266524999999831, -14.016528 ], [ -76.266524999999831, -14.016249999999843 ], [ -76.267083, -14.016249999999843 ], [ -76.267083, -14.015969999999868 ], [ -76.267363, -14.015969999999868 ], [ -76.267363, -14.015416 ], [ -76.267639, -14.015416 ], [ -76.267639, -14.01486 ], [ -76.268194999999821, -14.014862 ], [ -76.268194999999821, -14.014583999999843 ], [ -76.268471, -14.014583999999843 ], [ -76.268471, -14.014303999999868 ], [ -76.269027, -14.014306 ], [ -76.269027, -14.014028 ], [ -76.269303, -14.014028 ], [ -76.269303, -14.01375 ], [ -76.269858999999826, -14.01375 ], [ -76.269858999999826, -14.013471999999865 ], [ -76.270691, -14.013471999999865 ], [ -76.270691, -14.013194 ], [ -76.27153, -14.013194 ], [ -76.27153, -14.012916 ], [ -76.272362, -14.012916 ], [ -76.272362, -14.013471999999865 ], [ -76.272918, -14.013471999999865 ], [ -76.272918, -14.013194 ], [ -76.274025, -14.013194 ], [ -76.274025, -14.012362 ], [ -76.274582, -14.012362 ], [ -76.274582, -14.012081 ], [ -76.274864, -14.012081 ], [ -76.274864, -14.009858999999892 ], [ -76.275695999999868, -14.009862 ], [ -76.275695999999868, -14.009583 ], [ -76.276528, -14.009583 ], [ -76.276528, -14.00930499999987 ], [ -76.27736, -14.00930499999987 ], [ -76.27736, -14.009027 ], [ -76.278472, -14.009027 ], [ -76.278472, -14.008749 ], [ -76.279304, -14.008749 ], [ -76.279304, -14.008473999999865 ], [ -76.279586, -14.008473999999865 ], [ -76.279586, -14.007917 ], [ -76.279862, -14.007917 ], [ -76.279862, -14.006804999999872 ], [ -76.280136, -14.006804999999872 ], [ -76.280136, -14.006526999999892 ], [ -76.280693999999869, -14.006526999999892 ], [ -76.280693999999869, -14.006251 ], [ -76.280974, -14.006251 ], [ -76.280974, -14.004860999999892 ], [ -76.28152399999982, -14.004860999999892 ], [ -76.28152399999982, -14.004583 ], [ -76.281806, -14.004583 ], [ -76.281806, -14.004304999999874 ], [ -76.282081999999889, -14.004304999999874 ], [ -76.282081999999889, -14.004026999999894 ], [ -76.282364999999857, -14.004026999999894 ], [ -76.282364999999857, -14.003749 ], [ -76.282638, -14.003749 ], [ -76.282638, -14.003472999999872 ], [ -76.282914, -14.003472999999872 ], [ -76.282914, -14.002917 ], [ -76.283194, -14.002917 ], [ -76.283194, -14.002360999999894 ], [ -76.28347, -14.002360999999894 ], [ -76.28347, -14.001805 ], [ -76.283753, -14.001805 ], [ -76.283753, -14.001249 ], [ -76.284025999999869, -14.001251 ], [ -76.284025999999869, -14.000972999999874 ], [ -76.284302, -14.000972999999874 ], [ -76.284302, -14.000694999999894 ], [ -76.284585, -14.000694999999894 ], [ -76.284585, -14.000417 ], [ -76.284858, -14.000417 ], [ -76.284858, -14.000136 ], [ -76.285141, -14.000139 ], [ -76.285141, -13.999860999999896 ], [ -76.285417, -13.999860999999896 ], [ -76.285417, -13.999026999999899 ], [ -76.285696999999857, -13.999028999999894 ], [ -76.285696999999857, -13.998473 ], [ -76.285973, -13.998473 ], [ -76.285973, -13.996528999999896 ], [ -76.286246, -13.996528999999896 ], [ -76.286246, -13.995972 ], [ -76.285973, -13.995972 ], [ -76.285973, -13.995416 ], [ -76.285696999999857, -13.995416 ], [ -76.285696999999857, -13.995138 ], [ -76.285583, -13.995138 ], [ -76.285417, -13.995138 ], [ -76.285417, -13.99486 ], [ -76.285141, -13.99486 ], [ -76.285141, -13.994582 ], [ -76.284858, -13.994582 ], [ -76.284858, -13.994306 ], [ -76.284585, -13.994306 ], [ -76.284585, -13.994026 ], [ -76.284302, -13.994028 ], [ -76.284302, -13.99375 ], [ -76.284025999999869, -13.99375 ], [ -76.284025999999869, -13.993472 ], [ -76.280136, -13.993472 ], [ -76.280136, -13.99375 ], [ -76.278472, -13.99375 ], [ -76.278472, -13.993472 ], [ -76.277274999999861, -13.993472 ], [ -76.276252, -13.993472 ], [ -76.276252, -13.993194 ], [ -76.275695999999868, -13.993194 ], [ -76.275695999999868, -13.992916 ], [ -76.275413, -13.992916 ], [ -76.275413, -13.992638 ], [ -76.27514, -13.992638 ], [ -76.27514, -13.99236 ], [ -76.274864, -13.99236 ], [ -76.274864, -13.991806 ], [ -76.274582, -13.991806 ], [ -76.274582, -13.991528 ], [ -76.274308, -13.991528 ], [ -76.274308, -13.990972 ], [ -76.274025, -13.990972 ], [ -76.274025, -13.990416 ], [ -76.273749999999893, -13.990416 ], [ -76.273749999999893, -13.990138 ], [ -76.273476, -13.990138 ], [ -76.273476, -13.989609 ], [ -76.273476, -13.98875 ], [ -76.273194, -13.98875 ], [ -76.273194, -13.988472 ], [ -76.272918, -13.988472 ], [ -76.272918, -13.988194 ], [ -76.272637, -13.988194 ], [ -76.272637, -13.987974999999835 ], [ -76.272637, -13.987638 ], [ -76.272485, -13.987638 ], [ -76.272362, -13.987638 ], [ -76.272362, -13.987362 ], [ -76.272087999999883, -13.987362 ], [ -76.272087999999883, -13.986768999999867 ], [ -76.272087999999883, -13.986528 ], [ -76.271981, -13.986528 ], [ -76.271806, -13.986528 ], [ -76.271806, -13.98615199999989 ], [ -76.271806, -13.985972 ], [ -76.27153, -13.985972 ], [ -76.27153, -13.985416 ], [ -76.271247, -13.985416 ], [ -76.271247, -13.984581 ], [ -76.270974, -13.984584 ], [ -76.270974, -13.983193 ], [ -76.270691, -13.983193 ], [ -76.270691, -13.982918 ], [ -76.270974, -13.982918 ], [ -76.270974, -13.98264 ], [ -76.270844, -13.98264 ], [ -76.270691, -13.98264 ], [ -76.270691, -13.982015 ], [ -76.270691, -13.981527 ], [ -76.270567999999855, -13.981527 ], [ -76.270415, -13.981527 ], [ -76.270415, -13.980971 ], [ -76.270142, -13.980971 ], [ -76.270142, -13.980695 ], [ -76.270415, -13.980695 ], [ -76.270415, -13.977917 ], [ -76.270691, -13.977917 ], [ -76.270691, -13.975415 ], [ -76.270415, -13.975417 ], [ -76.270415, -13.972917 ], [ -76.270691, -13.972917 ], [ -76.270691, -13.972083 ], [ -76.270415, -13.972083 ], [ -76.270415, -13.970526 ], [ -76.270415, -13.970208999999898 ], [ -76.270415, -13.969582 ], [ -76.270691, -13.969582 ], [ -76.270691, -13.969304 ], [ -76.270974, -13.969304 ], [ -76.270974, -13.968747999999891 ], [ -76.270691, -13.968747999999891 ], [ -76.270691, -13.968192 ], [ -76.270974, -13.968193999999869 ], [ -76.270974, -13.967916 ], [ -76.271247, -13.967916 ], [ -76.271247, -13.967362999999864 ], [ -76.27153, -13.967362999999864 ], [ -76.27153, -13.966806 ], [ -76.271247, -13.966806 ], [ -76.271247, -13.966526 ], [ -76.271806, -13.966527999999869 ], [ -76.271806, -13.96625 ], [ -76.27153, -13.96625 ], [ -76.27153, -13.965415999999891 ], [ -76.271806, -13.965415999999891 ], [ -76.271806, -13.964306 ], [ -76.272087999999883, -13.964306 ], [ -76.272087999999883, -13.964028 ], [ -76.271806, -13.964028 ], [ -76.271806, -13.963749999999891 ], [ -76.272087999999883, -13.963749999999891 ], [ -76.272087999999883, -13.963472 ], [ -76.272362, -13.963472 ], [ -76.272362, -13.963194 ], [ -76.272637, -13.963194 ], [ -76.272637, -13.962081999999896 ], [ -76.272918, -13.962081999999896 ], [ -76.272918, -13.960972 ], [ -76.273194, -13.960972 ], [ -76.273194, -13.959306 ], [ -76.273476, -13.959306 ], [ -76.273476, -13.958196 ], [ -76.273246, -13.958196 ], [ -76.273194, -13.957915 ], [ -76.273011, -13.957915 ], [ -76.272637, -13.957915 ], [ -76.272637, -13.95764 ], [ -76.272362, -13.95764 ], [ -76.272362, -13.957157 ], [ -76.272362, -13.955139 ], [ -76.272637, -13.955139 ], [ -76.272637, -13.953195 ], [ -76.272918, -13.953195 ], [ -76.272918, -13.952361 ], [ -76.273194, -13.952361 ], [ -76.273194, -13.951527 ], [ -76.273476, -13.951527 ], [ -76.273476, -13.950693 ], [ -76.273749999999893, -13.950693 ], [ -76.273749999999893, -13.950139 ], [ -76.274025, -13.950139 ], [ -76.274025, -13.948749 ], [ -76.274308, -13.948749 ], [ -76.274308, -13.948471 ], [ -76.274582, -13.948473 ], [ -76.274582, -13.948195 ], [ -76.274864, -13.948195 ], [ -76.274864, -13.947639 ], [ -76.27514, -13.947639 ], [ -76.27514, -13.947361 ], [ -76.275413, -13.947361 ], [ -76.275413, -13.947083 ], [ -76.275695999999868, -13.947083 ], [ -76.275695999999868, -13.946527 ], [ -76.27597, -13.946527 ], [ -76.27597, -13.946258 ], [ -76.276252, -13.946251 ], [ -76.276252, -13.945925 ], [ -76.276252, -13.945417 ], [ -76.276528, -13.945417 ], [ -76.276528, -13.944583 ], [ -76.276801, -13.944583 ], [ -76.276801, -13.944304 ], [ -76.277083999999888, -13.944304 ], [ -76.277083999999888, -13.944025999999894 ], [ -76.27736, -13.944029 ], [ -76.27736, -13.943751 ], [ -76.277642, -13.943751 ], [ -76.277642, -13.94347 ], [ -76.277916, -13.943473 ], [ -76.277916, -13.943195 ], [ -76.278199, -13.943195 ], [ -76.278199, -13.942915999999855 ], [ -76.278472, -13.942915999999855 ], [ -76.278472, -13.942081999999857 ], [ -76.278747999999894, -13.942081999999857 ], [ -76.278747999999894, -13.941807 ], [ -76.279304, -13.941807 ], [ -76.279304, -13.941528 ], [ -76.279586, -13.941528 ], [ -76.279586, -13.941249999999854 ], [ -76.279862, -13.941249999999854 ], [ -76.279862, -13.940972 ], [ -76.280136, -13.940972 ], [ -76.280136, -13.940693999999894 ], [ -76.280417999999884, -13.940693999999894 ], [ -76.280417999999884, -13.940415999999857 ], [ -76.280700999999851, -13.940415999999857 ], [ -76.281806, -13.940415999999857 ], [ -76.281806, -13.940693999999894 ], [ -76.282081999999889, -13.940693999999894 ], [ -76.282081999999889, -13.940972 ], [ -76.282364999999857, -13.940972 ], [ -76.282364999999857, -13.940693999999894 ], [ -76.282638, -13.940693999999894 ], [ -76.282638, -13.940415999999857 ], [ -76.282914, -13.940415999999857 ], [ -76.282914, -13.940138 ], [ -76.283194, -13.940138 ], [ -76.283194, -13.93986 ], [ -76.28347, -13.93986 ], [ -76.28347, -13.939583999999854 ], [ -76.283753, -13.939583999999854 ], [ -76.283753, -13.939306 ], [ -76.284025999999869, -13.939306 ], [ -76.284025999999869, -13.939027999999894 ], [ -76.284302, -13.939027999999894 ], [ -76.284302, -13.938749999999857 ], [ -76.284585, -13.938749999999857 ], [ -76.284585, -13.938472 ], [ -76.284858, -13.938472 ], [ -76.284858, -13.937915999999859 ], [ -76.285141, -13.937915999999859 ], [ -76.285141, -13.93736 ], [ -76.285417, -13.93736 ], [ -76.285417, -13.937083999999857 ], [ -76.285696999999857, -13.937083999999857 ], [ -76.285696999999857, -13.93736 ], [ -76.286246, -13.93736 ], [ -76.286246, -13.937083999999857 ], [ -76.286529, -13.937083999999857 ], [ -76.286529, -13.936806 ], [ -76.286805, -13.936806 ], [ -76.286805, -13.936528 ], [ -76.287360999999862, -13.936528 ], [ -76.287360999999862, -13.936249999999859 ], [ -76.287919, -13.936249999999859 ], [ -76.287919, -13.93597 ], [ -76.288193, -13.935972 ], [ -76.288193, -13.935694 ], [ -76.288475, -13.935694 ], [ -76.288475, -13.935138 ], [ -76.288749, -13.935138 ], [ -76.288749, -13.93486 ], [ -76.28902399999987, -13.934862 ], [ -76.28902399999987, -13.934583999999859 ], [ -76.288749, -13.934583999999859 ], [ -76.288749, -13.934304 ], [ -76.28902399999987, -13.934306 ], [ -76.28902399999987, -13.93391599999984 ], [ -76.28902399999987, -13.933748 ], [ -76.289207, -13.933749999999861 ], [ -76.289306999999837, -13.933749999999861 ], [ -76.289306999999837, -13.933472 ], [ -76.289580999999885, -13.933472 ], [ -76.289580999999885, -13.932915999999864 ], [ -76.289863, -13.932915999999864 ], [ -76.289863, -13.932638 ], [ -76.290139, -13.93264 ], [ -76.290139, -13.93236 ], [ -76.29041199999989, -13.93236 ], [ -76.29041199999989, -13.932081 ], [ -76.291068999999879, -13.932083999999861 ], [ -76.291251, -13.932081 ], [ -76.291251, -13.93236 ], [ -76.291527, -13.93236 ], [ -76.291527, -13.932915999999864 ], [ -76.293473, -13.932915999999864 ], [ -76.293473, -13.932638 ], [ -76.293747, -13.932638 ], [ -76.293747, -13.932081 ], [ -76.294303, -13.932081 ], [ -76.294303, -13.931528 ], [ -76.294585, -13.931528 ], [ -76.294585, -13.931026 ], [ -76.294861, -13.930972 ], [ -76.294861, -13.930298999999877 ], [ -76.294861, -13.929583999999863 ], [ -76.295027999999888, -13.929583999999863 ], [ -76.295135, -13.929583999999863 ], [ -76.295135, -13.929027 ], [ -76.295417, -13.929027 ], [ -76.295417, -13.928193 ], [ -76.295135, -13.928193 ], [ -76.295135, -13.927917 ], [ -76.295417, -13.927917 ], [ -76.295417, -13.927636999999891 ], [ -76.29493, -13.927638999999886 ], [ -76.294585, -13.927638999999886 ], [ -76.294585, -13.927361 ], [ -76.294303, -13.927361 ], [ -76.294303, -13.927083 ], [ -76.294028999999853, -13.927083 ], [ -76.294028999999853, -13.926804999999888 ], [ -76.293884, -13.926804999999888 ], [ -76.293747, -13.926804999999888 ], [ -76.293747, -13.926527 ], [ -76.293473, -13.926527 ], [ -76.292915, -13.926527 ], [ -76.292915, -13.926251 ], [ -76.292358999999863, -13.926251 ], [ -76.292358999999863, -13.925695 ], [ -76.292245, -13.925695 ], [ -76.292083, -13.925695 ], [ -76.292083, -13.925583999999844 ], [ -76.292083, -13.925415 ], [ -76.291839, -13.925415 ], [ -76.291251, -13.925417 ], [ -76.291251, -13.925018 ], [ -76.291251, -13.924859 ], [ -76.290971, -13.924861 ], [ -76.290971, -13.924583 ], [ -76.290694999999857, -13.924583 ], [ -76.290694999999857, -13.92430499999989 ], [ -76.29041199999989, -13.92430499999989 ], [ -76.29041199999989, -13.92413 ], [ -76.29041199999989, -13.924027 ], [ -76.290139, -13.924027 ], [ -76.290139, -13.923749 ], [ -76.289863, -13.923749 ], [ -76.289863, -13.923472999999888 ], [ -76.289580999999885, -13.923472999999888 ], [ -76.289580999999885, -13.923195 ], [ -76.289306999999837, -13.923195 ], [ -76.289306999999837, -13.922361 ], [ -76.28902399999987, -13.922361 ], [ -76.28902399999987, -13.921896 ], [ -76.28902399999987, -13.92097299999989 ], [ -76.288749, -13.92097299999989 ], [ -76.288749, -13.920417 ], [ -76.288475, -13.920417 ], [ -76.288475, -13.920138999999892 ], [ -76.288193, -13.920138999999892 ], [ -76.288193, -13.919861 ], [ -76.288024, -13.919861 ], [ -76.287919, -13.919861 ], [ -76.287919, -13.919715 ], [ -76.287919, -13.919583 ], [ -76.287360999999862, -13.919583 ], [ -76.287360999999862, -13.91930699999989 ], [ -76.287087, -13.91930699999989 ], [ -76.287087, -13.919027 ], [ -76.286805, -13.919027 ], [ -76.286805, -13.918751 ], [ -76.286529, -13.918751 ], [ -76.286529, -13.919027 ], [ -76.286246, -13.919027 ], [ -76.286246, -13.918751 ], [ -76.285696999999857, -13.918751 ], [ -76.285696999999857, -13.919027 ], [ -76.285417, -13.919027 ], [ -76.285417, -13.91930699999989 ], [ -76.284858, -13.91930699999989 ], [ -76.284858, -13.919027 ], [ -76.284025999999869, -13.919027 ], [ -76.284025999999869, -13.91930699999989 ], [ -76.283883, -13.91930699999989 ], [ -76.28347, -13.91930699999989 ], [ -76.28347, -13.919027 ], [ -76.283194, -13.919027 ], [ -76.283194, -13.918751 ], [ -76.28347, -13.918751 ], [ -76.28347, -13.918472999999892 ], [ -76.283194, -13.918472999999892 ], [ -76.283194, -13.918195 ], [ -76.282914, -13.918195 ], [ -76.282914, -13.917917 ], [ -76.282638, -13.917917 ], [ -76.282638, -13.917638999999895 ], [ -76.282485999999892, -13.917638999999895 ], [ -76.282364999999857, -13.917638999999895 ], [ -76.282364999999857, -13.917085 ], [ -76.282081999999889, -13.917085 ], [ -76.282081999999889, -13.915694 ], [ -76.281806, -13.915694 ], [ -76.281806, -13.914742 ], [ -76.281806, -13.914582 ], [ -76.282081999999889, -13.914582 ], [ -76.282081999999889, -13.91375 ], [ -76.281806, -13.91375 ], [ -76.281806, -13.912084 ], [ -76.282081999999889, -13.912084 ], [ -76.282081999999889, -13.91125 ], [ -76.282364999999857, -13.91125 ], [ -76.282364999999857, -13.910694 ], [ -76.282638, -13.910694 ], [ -76.282638, -13.910138 ], [ -76.282914, -13.910138 ], [ -76.282914, -13.909862 ], [ -76.283194, -13.909862 ], [ -76.283194, -13.909582 ], [ -76.283753, -13.909584 ], [ -76.283753, -13.909306 ], [ -76.284025999999869, -13.909306 ], [ -76.284025999999869, -13.909028 ], [ -76.284858, -13.909028 ], [ -76.284858, -13.90875 ], [ -76.285417, -13.90875 ], [ -76.285417, -13.908472 ], [ -76.285696999999857, -13.908472 ], [ -76.285696999999857, -13.908194 ], [ -76.286073, -13.908194 ], [ -76.286246, -13.908194 ], [ -76.286246, -13.908472 ], [ -76.286805, -13.908472 ], [ -76.286805, -13.908194 ], [ -76.287919, -13.908194 ], [ -76.287919, -13.907916 ], [ -76.288749, -13.907918 ], [ -76.288749, -13.907637999999849 ], [ -76.28902399999987, -13.907637999999849 ], [ -76.28902399999987, -13.90736 ], [ -76.289306999999837, -13.907362 ], [ -76.289306999999837, -13.907084 ], [ -76.290139, -13.907084 ], [ -76.290139, -13.906806 ], [ -76.290971, -13.906806 ], [ -76.290971, -13.906528 ], [ -76.29116, -13.906528 ], [ -76.29181, -13.906528 ], [ -76.29181, -13.906806 ], [ -76.292083, -13.906806 ], [ -76.292083, -13.906528 ], [ -76.292358999999863, -13.906528 ], [ -76.292358999999863, -13.90625 ], [ -76.293197, -13.90625 ], [ -76.293197, -13.905971999999849 ], [ -76.293473, -13.905971999999849 ], [ -76.293473, -13.905703 ], [ -76.294028999999853, -13.905694 ], [ -76.294028999999853, -13.905416 ], [ -76.294303, -13.905416 ], [ -76.294303, -13.905137999999852 ], [ -76.294861, -13.90514 ], [ -76.294861, -13.904862 ], [ -76.295417, -13.904862 ], [ -76.295417, -13.904581 ], [ -76.295692999999858, -13.904581 ], [ -76.295692999999858, -13.904862 ], [ -76.295975999999825, -13.904862 ], [ -76.295975999999825, -13.904305999999849 ], [ -76.296249, -13.904305999999849 ], [ -76.296249, -13.904028 ], [ -76.296525, -13.904028 ], [ -76.296525, -13.903470999999854 ], [ -76.296805, -13.903470999999854 ], [ -76.296805, -13.903193 ], [ -76.296525, -13.903193 ], [ -76.296525, -13.902636999999856 ], [ -76.296805, -13.902636999999856 ], [ -76.296805, -13.902359 ], [ -76.297081, -13.902362 ], [ -76.297081, -13.902083 ], [ -76.296805, -13.902083 ], [ -76.296805, -13.901527 ], [ -76.297081, -13.901527 ], [ -76.297081, -13.901249 ], [ -76.297364, -13.901249 ], [ -76.297364, -13.900696 ], [ -76.297636999999838, -13.900696 ], [ -76.297636999999838, -13.900138999999854 ], [ -76.29792, -13.900138999999854 ], [ -76.29792, -13.899304999999856 ], [ -76.298196, -13.899304999999856 ], [ -76.298196, -13.897361 ], [ -76.29792, -13.897361 ], [ -76.29792, -13.896248999999898 ], [ -76.297636999999838, -13.896248999999898 ], [ -76.297636999999838, -13.895415 ], [ -76.29792, -13.895415 ], [ -76.29792, -13.894861 ], [ -76.297636999999838, -13.894861 ], [ -76.297636999999838, -13.894582999999898 ], [ -76.29792, -13.894582999999898 ], [ -76.29792, -13.894305 ], [ -76.298196, -13.894305 ], [ -76.298196, -13.89402699999988 ], [ -76.298469, -13.89402699999988 ], [ -76.298469, -13.893749 ], [ -76.298752, -13.893751 ], [ -76.298752, -13.893472999999858 ], [ -76.299307999999826, -13.893472999999858 ], [ -76.299307999999826, -13.893192999999883 ], [ -76.305969999999832, -13.893192999999883 ], [ -76.305969999999832, -13.893472999999858 ], [ -76.306252, -13.893472999999858 ], [ -76.306252, -13.893751 ], [ -76.306807999999876, -13.893751 ], [ -76.306807999999876, -13.893472999999858 ], [ -76.308195999999896, -13.893472999999858 ], [ -76.308195999999896, -13.893751 ], [ -76.309303999999827, -13.893749 ], [ -76.309303999999827, -13.89402699999988 ], [ -76.310692, -13.89402699999988 ], [ -76.310692, -13.894305 ], [ -76.310975, -13.894305 ], [ -76.310975, -13.89402699999988 ], [ -76.311530999999889, -13.89402699999988 ], [ -76.311530999999889, -13.894305 ], [ -76.311806999999874, -13.894305 ], [ -76.311806999999874, -13.894861 ], [ -76.311530999999889, -13.894861 ], [ -76.311530999999889, -13.895415 ], [ -76.310142999999869, -13.895415 ], [ -76.310142999999869, -13.895695 ], [ -76.309584, -13.895695 ], [ -76.309584, -13.896529 ], [ -76.309303999999827, -13.896527 ], [ -76.309303999999827, -13.896804999999858 ], [ -76.309028, -13.896804999999858 ], [ -76.309028, -13.897083 ], [ -76.309584, -13.897083 ], [ -76.309584, -13.897361 ], [ -76.30986, -13.897361 ], [ -76.30986, -13.897638999999856 ], [ -76.310081, -13.897638999999856 ], [ -76.310142999999869, -13.898195 ], [ -76.310416, -13.898195 ], [ -76.310416, -13.898478 ], [ -76.310416, -13.899027 ], [ -76.310692, -13.899027 ], [ -76.310692, -13.899304999999856 ], [ -76.310975, -13.899304999999856 ], [ -76.310975, -13.899027 ], [ -76.311806999999874, -13.899027 ], [ -76.311806999999874, -13.898751 ], [ -76.31208, -13.898751 ], [ -76.31208, -13.898470999999859 ], [ -76.312363, -13.898470999999859 ], [ -76.312363, -13.898195 ], [ -76.314309, -13.898195 ], [ -76.314309, -13.898470999999859 ], [ -76.314583, -13.898470999999859 ], [ -76.314583, -13.898751 ], [ -76.314858, -13.898751 ], [ -76.314858, -13.899027 ], [ -76.315138999999874, -13.899027 ], [ -76.315138999999874, -13.899304999999856 ], [ -76.315415, -13.899304999999856 ], [ -76.315415, -13.900138999999854 ], [ -76.314858, -13.900138999999854 ], [ -76.314858, -13.900696 ], [ -76.315138999999874, -13.900696 ], [ -76.315138999999874, -13.900970999999856 ], [ -76.315415, -13.900970999999856 ], [ -76.315415, -13.901527 ], [ -76.315697, -13.901527 ], [ -76.315697, -13.901671 ], [ -76.315697, -13.902636999999856 ], [ -76.315574, -13.902636999999856 ], [ -76.315138999999874, -13.902636999999856 ], [ -76.315138999999874, -13.902359 ], [ -76.314858, -13.902359 ], [ -76.314858, -13.902636999999856 ], [ -76.314583, -13.902636999999856 ], [ -76.314583, -13.902918 ], [ -76.314309, -13.902915 ], [ -76.314309, -13.903470999999854 ], [ -76.314583, -13.903470999999854 ], [ -76.314583, -13.904028 ], [ -76.314858, -13.904028 ], [ -76.314858, -13.904305999999849 ], [ -76.315138999999874, -13.904305999999849 ], [ -76.315138999999874, -13.904584 ], [ -76.315415, -13.904581 ], [ -76.315415, -13.904862 ], [ -76.316528999999889, -13.904862 ], [ -76.316528999999889, -13.90514 ], [ -76.31688, -13.905137999999852 ], [ -76.317085, -13.905137999999852 ], [ -76.317085, -13.905404 ], [ -76.317085, -13.909028 ], [ -76.316802999999823, -13.909028 ], [ -76.316802999999823, -13.909306 ], [ -76.316528999999889, -13.909306 ], [ -76.316528999999889, -13.909862 ], [ -76.316253, -13.909862 ], [ -76.316253, -13.910138 ], [ -76.316528999999889, -13.910138 ], [ -76.316528999999889, -13.910694 ], [ -76.316802999999823, -13.910694 ], [ -76.316802999999823, -13.910972 ], [ -76.317085, -13.910972 ], [ -76.317085, -13.91125 ], [ -76.317361, -13.91125 ], [ -76.317361, -13.91236 ], [ -76.317085, -13.91236 ], [ -76.317085, -13.912923 ], [ -76.317085, -13.913194 ], [ -76.316802999999823, -13.913194 ], [ -76.316802999999823, -13.913472 ], [ -76.316627, -13.913472 ], [ -76.316253, -13.913472 ], [ -76.316253, -13.913194 ], [ -76.315697, -13.913194 ], [ -76.315697, -13.91375 ], [ -76.315415, -13.91375 ], [ -76.315415, -13.914582 ], [ -76.315138999999874, -13.914582 ], [ -76.315138999999874, -13.915416 ], [ -76.315415, -13.915416 ], [ -76.315415, -13.916251 ], [ -76.315697, -13.916248 ], [ -76.315697, -13.916529 ], [ -76.315415, -13.916529 ], [ -76.315415, -13.916804 ], [ -76.315697, -13.916804 ], [ -76.315697, -13.917361 ], [ -76.315970999999877, -13.917361 ], [ -76.315970999999877, -13.917638999999895 ], [ -76.316802999999823, -13.917638999999895 ], [ -76.316802999999823, -13.917917 ], [ -76.317085, -13.917917 ], [ -76.317085, -13.917638999999895 ], [ -76.317641, -13.917638999999895 ], [ -76.317641, -13.917361 ], [ -76.318472999999869, -13.917361 ], [ -76.318472999999869, -13.917085 ], [ -76.319031, -13.917085 ], [ -76.319031, -13.917361 ], [ -76.319581, -13.917361 ], [ -76.319581, -13.917638999999895 ], [ -76.319863, -13.917638999999895 ], [ -76.319863, -13.918195 ], [ -76.320136999999875, -13.918195 ], [ -76.320136999999875, -13.918472999999892 ], [ -76.320418999999845, -13.918472999999892 ], [ -76.320418999999845, -13.918751 ], [ -76.320693, -13.918751 ], [ -76.320693, -13.919583 ], [ -76.320968999999877, -13.919583 ], [ -76.320968999999877, -13.920138999999892 ], [ -76.321524999999895, -13.920138999999892 ], [ -76.321524999999895, -13.920417 ], [ -76.322083, -13.920417 ], [ -76.322083, -13.920138999999892 ], [ -76.322366, -13.920138999999892 ], [ -76.322366, -13.919861 ], [ -76.32347099999987, -13.919861 ], [ -76.32347099999987, -13.920138999999892 ], [ -76.323753999999838, -13.920138999999892 ], [ -76.323753999999838, -13.920695 ], [ -76.324027, -13.920695 ], [ -76.324027, -13.92097299999989 ], [ -76.324303, -13.92097299999989 ], [ -76.324303, -13.921251 ], [ -76.324586, -13.921251 ], [ -76.324586, -13.921527 ], [ -76.32485899999989, -13.921527 ], [ -76.32485899999989, -13.921804999999893 ], [ -76.325141999999857, -13.921804999999893 ], [ -76.325141999999857, -13.922083 ], [ -76.325417999999843, -13.922083 ], [ -76.325417999999843, -13.92263899999989 ], [ -76.325141999999857, -13.92263899999989 ], [ -76.325141999999857, -13.922917 ], [ -76.325691, -13.922917 ], [ -76.325691, -13.923472999999888 ], [ -76.326247, -13.923472999999888 ], [ -76.326247, -13.923749 ], [ -76.32653, -13.923749 ], [ -76.32653, -13.924027 ], [ -76.326805999999863, -13.924027 ], [ -76.326805999999863, -13.92430499999989 ], [ -76.327079, -13.92430499999989 ], [ -76.327079, -13.925138999999888 ], [ -76.328194, -13.925138999999888 ], [ -76.328194, -13.925417 ], [ -76.329026, -13.925415 ], [ -76.329026, -13.925695 ], [ -76.328749999999843, -13.925695 ], [ -76.328749999999843, -13.92597099999989 ], [ -76.329026, -13.92597099999989 ], [ -76.329026, -13.926804999999888 ], [ -76.329308, -13.926804999999888 ], [ -76.329308, -13.927083 ], [ -76.329582, -13.927083 ], [ -76.329582, -13.926804999999888 ], [ -76.330696, -13.926804999999888 ], [ -76.330696, -13.926527 ], [ -76.330972, -13.926527 ], [ -76.330972, -13.926251 ], [ -76.331252, -13.926251 ], [ -76.331252, -13.925138999999888 ], [ -76.331528, -13.925138999999888 ], [ -76.331528, -13.92430499999989 ], [ -76.331800999999871, -13.92430499999989 ], [ -76.331800999999871, -13.923195 ], [ -76.33236, -13.923195 ], [ -76.33236, -13.922917 ], [ -76.332916, -13.922917 ], [ -76.332916, -13.921804999999893 ], [ -76.333192, -13.921804999999893 ], [ -76.333192, -13.921527 ], [ -76.333471999999858, -13.921527 ], [ -76.333471999999858, -13.920695 ], [ -76.333747999999844, -13.920695 ], [ -76.333747999999844, -13.919861 ], [ -76.33403, -13.919861 ], [ -76.33403, -13.918751 ], [ -76.334304, -13.918751 ], [ -76.334304, -13.918195 ], [ -76.334586999999885, -13.918195 ], [ -76.334586999999885, -13.917917 ], [ -76.334862, -13.917917 ], [ -76.334862, -13.917361 ], [ -76.335135999999864, -13.917361 ], [ -76.335135999999864, -13.917085 ], [ -76.335417999999834, -13.917085 ], [ -76.335417999999834, -13.916804 ], [ -76.33625, -13.916804 ], [ -76.33625, -13.916529 ], [ -76.336806, -13.916529 ], [ -76.336806, -13.916248 ], [ -76.337081999999839, -13.916248 ], [ -76.337081999999839, -13.916529 ], [ -76.338752999999826, -13.916529 ], [ -76.338752999999826, -13.916248 ], [ -76.339302, -13.916251 ], [ -76.339302, -13.915972999999894 ], [ -76.341249, -13.915972999999894 ], [ -76.341249, -13.915694 ], [ -76.342361, -13.915694 ], [ -76.342361, -13.915416 ], [ -76.342918999999881, -13.915416 ], [ -76.342918999999881, -13.915694 ], [ -76.345139, -13.915694 ], [ -76.345139, -13.915972999999894 ], [ -76.34541199999984, -13.915972999999894 ], [ -76.34541199999984, -13.916529 ], [ -76.345971, -13.916529 ], [ -76.345971, -13.916804 ], [ -76.346527, -13.916804 ], [ -76.346527, -13.917361 ], [ -76.346803, -13.917361 ], [ -76.346803, -13.917917 ], [ -76.347082999999827, -13.917917 ], [ -76.347082999999827, -13.918195 ], [ -76.347359, -13.918195 ], [ -76.347359, -13.918751 ], [ -76.347640999999896, -13.918751 ], [ -76.347640999999896, -13.919027 ], [ -76.347914999999887, -13.919027 ], [ -76.347914999999887, -13.919583 ], [ -76.348198, -13.919583 ], [ -76.348198, -13.919861 ], [ -76.348473, -13.919861 ], [ -76.348473, -13.920417 ], [ -76.348746999999832, -13.920417 ], [ -76.348746999999832, -13.920695 ], [ -76.349029, -13.920695 ], [ -76.349029, -13.92097299999989 ], [ -76.349305, -13.92097299999989 ], [ -76.349305, -13.921251 ], [ -76.349585999999874, -13.921251 ], [ -76.349585999999874, -13.921527 ], [ -76.350135, -13.921527 ], [ -76.350135, -13.921804999999893 ], [ -76.350693, -13.921804999999893 ], [ -76.350693, -13.921527 ], [ -76.350976, -13.921527 ], [ -76.350976, -13.921804999999893 ], [ -76.351248999999882, -13.921804999999893 ], [ -76.351248999999882, -13.922361 ], [ -76.351525, -13.922361 ], [ -76.351525, -13.921804999999893 ], [ -76.351808, -13.921804999999893 ], [ -76.351808, -13.921527 ], [ -76.352364, -13.921527 ], [ -76.352364, -13.921251 ], [ -76.352637, -13.921251 ], [ -76.352637, -13.92097299999989 ], [ -76.352759999999876, -13.92097299999989 ], [ -76.353196, -13.92097299999989 ], [ -76.353196, -13.920695 ], [ -76.353394, -13.920695 ], [ -76.353752, -13.920695 ], [ -76.353752, -13.920535 ], [ -76.353752, -13.920417 ], [ -76.354028, -13.920417 ], [ -76.354028, -13.920695 ], [ -76.354308, -13.920695 ], [ -76.354308, -13.921804999999893 ], [ -76.35486, -13.921804999999893 ], [ -76.35486, -13.922083 ], [ -76.355071, -13.922083 ], [ -76.35514, -13.922361 ], [ -76.35624799999988, -13.922361 ], [ -76.35624799999988, -13.922242 ], [ -76.35624799999988, -13.922083 ], [ -76.357086, -13.922083 ], [ -76.357086, -13.921804999999893 ], [ -76.35736, -13.921804999999893 ], [ -76.35736, -13.921251 ], [ -76.35791799999987, -13.921251 ], [ -76.35791799999987, -13.92097299999989 ], [ -76.358192, -13.92097299999989 ], [ -76.358192, -13.920695 ], [ -76.35875, -13.920695 ], [ -76.35875, -13.920417 ], [ -76.359023, -13.920417 ], [ -76.359023, -13.920138999999892 ], [ -76.359581999999875, -13.920138999999892 ], [ -76.359581999999875, -13.920417 ], [ -76.359741, -13.920417 ], [ -76.35986199999985, -13.920417 ], [ -76.35986199999985, -13.920282 ], [ -76.35986199999985, -13.917638999999895 ], [ -76.359581999999875, -13.917638999999895 ], [ -76.359581999999875, -13.917085 ], [ -76.359306, -13.917085 ], [ -76.359306, -13.916529 ], [ -76.359023, -13.916529 ], [ -76.359023, -13.916248 ], [ -76.359306, -13.916251 ], [ -76.359306, -13.915972999999894 ], [ -76.359787, -13.915972999999894 ], [ -76.360421, -13.915972999999894 ], [ -76.360421, -13.916251 ], [ -76.360969999999895, -13.916251 ], [ -76.360969999999895, -13.915972999999894 ], [ -76.361251999999865, -13.915972999999894 ], [ -76.361251999999865, -13.915694 ], [ -76.361526, -13.915694 ], [ -76.361526, -13.915416 ], [ -76.362358, -13.915416 ], [ -76.362358, -13.915138 ], [ -76.36264, -13.915138 ], [ -76.36264, -13.91486 ], [ -76.363472, -13.91486 ], [ -76.363472, -13.914582 ], [ -76.364028, -13.914582 ], [ -76.364028, -13.914306999999894 ], [ -76.364587, -13.914306999999894 ], [ -76.364587, -13.914028 ], [ -76.365136, -13.914028 ], [ -76.365136, -13.91375 ], [ -76.365692, -13.91375 ], [ -76.365692, -13.913472 ], [ -76.365975, -13.913472 ], [ -76.365975, -13.913194 ], [ -76.368194999999844, -13.913194 ], [ -76.368194999999844, -13.912916 ], [ -76.368468, -13.912916 ], [ -76.368468, -13.912638 ], [ -76.368751, -13.912638 ], [ -76.368751, -13.91236 ], [ -76.370141, -13.91236 ], [ -76.370141, -13.912084 ], [ -76.370415, -13.912084 ], [ -76.370415, -13.911804 ], [ -76.371245999999871, -13.911804 ], [ -76.371245999999871, -13.912084 ], [ -76.371803, -13.912084 ], [ -76.371803, -13.911528 ], [ -76.372085, -13.911528 ], [ -76.372085, -13.91125 ], [ -76.373192999999844, -13.91125 ], [ -76.373192999999844, -13.910972 ], [ -76.373473, -13.910972 ], [ -76.373473, -13.910694 ], [ -76.373192999999844, -13.910694 ], [ -76.373192999999844, -13.910163 ], [ -76.373473, -13.910138 ], [ -76.373473, -13.909862 ], [ -76.374862999999834, -13.909862 ], [ -76.374862999999834, -13.910694 ], [ -76.375137, -13.910694 ], [ -76.375137, -13.910972 ], [ -76.37542, -13.910972 ], [ -76.37542, -13.910694 ], [ -76.375695, -13.910694 ], [ -76.375695, -13.910972 ], [ -76.375969, -13.910972 ], [ -76.375969, -13.910694 ], [ -76.376251, -13.910694 ], [ -76.376251, -13.910519 ], [ -76.376251, -13.910416 ], [ -76.376083, -13.910416 ], [ -76.375969, -13.910416 ], [ -76.375969, -13.910138 ], [ -76.376251, -13.910138 ], [ -76.376251, -13.909862 ], [ -76.376808, -13.909862 ], [ -76.376808, -13.910024 ], [ -76.376808, -13.910416 ], [ -76.377083, -13.910416 ], [ -76.377083, -13.910694 ], [ -76.377357, -13.910694 ], [ -76.377357, -13.910972 ], [ -76.377639, -13.910972 ], [ -76.377639, -13.91125 ], [ -76.378195999999832, -13.91125 ], [ -76.378195999999832, -13.910972 ], [ -76.378754, -13.910972 ], [ -76.378784, -13.910750999999834 ], [ -76.378884, -13.910694 ], [ -76.379303, -13.910694 ], [ -76.379303, -13.910416 ], [ -76.380418, -13.910416 ], [ -76.380418, -13.910694 ], [ -76.381529999999884, -13.910694 ], [ -76.381529999999884, -13.910416 ], [ -76.381806, -13.910416 ], [ -76.381806, -13.910138 ], [ -76.382079, -13.910138 ], [ -76.382079, -13.909862 ], [ -76.382361999999887, -13.909862 ], [ -76.382361999999887, -13.909582 ], [ -76.382638, -13.909584 ], [ -76.382638, -13.909306 ], [ -76.384582, -13.909306 ], [ -76.384582, -13.909584 ], [ -76.386251999999899, -13.909584 ], [ -76.386251999999899, -13.909306 ], [ -76.388474, -13.909306 ], [ -76.388474, -13.909028 ], [ -76.38958, -13.909028 ], [ -76.38958, -13.909582 ], [ -76.390419, -13.909582 ], [ -76.390419, -13.909862 ], [ -76.39097699999985, -13.909862 ], [ -76.39097699999985, -13.910138 ], [ -76.392082, -13.910138 ], [ -76.392082, -13.909862 ], [ -76.392638, -13.909862 ], [ -76.392638, -13.909582 ], [ -76.393197, -13.909584 ], [ -76.393197, -13.909306 ], [ -76.393753, -13.909306 ], [ -76.393753, -13.909028 ], [ -76.394857999999886, -13.909028 ], [ -76.394857999999886, -13.909306 ], [ -76.395417, -13.909306 ], [ -76.395417, -13.90875 ], [ -76.395689999999888, -13.90875 ], [ -76.395689999999888, -13.908463 ], [ -76.395689999999888, -13.908194 ], [ -76.395417, -13.908194 ], [ -76.395417, -13.907637999999849 ], [ -76.395689999999888, -13.907637999999849 ], [ -76.395689999999888, -13.906528 ], [ -76.395972999999856, -13.906528 ], [ -76.395972999999856, -13.90625 ], [ -76.396102999999869, -13.90625 ], [ -76.396249, -13.90625 ], [ -76.396249, -13.905694 ], [ -76.396118999999885, -13.905694 ], [ -76.395972999999856, -13.905694 ], [ -76.395972999999856, -13.905416 ], [ -76.395689999999888, -13.905416 ], [ -76.395689999999888, -13.905137999999852 ], [ -76.395972999999856, -13.90514 ], [ -76.395972999999856, -13.904305999999849 ], [ -76.395689999999888, -13.904305999999849 ], [ -76.395689999999888, -13.903470999999854 ], [ -76.394857999999886, -13.903470999999854 ], [ -76.394857999999886, -13.902915 ], [ -76.395141, -13.902915 ], [ -76.395141, -13.902359 ], [ -76.394857999999886, -13.902362 ], [ -76.394857999999886, -13.899304999999856 ], [ -76.394585, -13.899304999999856 ], [ -76.394585, -13.897638999999856 ], [ -76.394302, -13.897638999999856 ], [ -76.394302, -13.897083 ], [ -76.394028999999875, -13.897083 ], [ -76.394028999999875, -13.896804999999858 ], [ -76.394302, -13.896804999999858 ], [ -76.394302, -13.896248999999898 ], [ -76.394455, -13.896248999999898 ], [ -76.394585, -13.896248999999898 ], [ -76.394585, -13.895138999999858 ], [ -76.394857999999886, -13.895138999999858 ], [ -76.394857999999886, -13.894582999999898 ], [ -76.395141, -13.894582999999898 ], [ -76.395141, -13.893749 ], [ -76.395417, -13.893749 ], [ -76.395417, -13.893192999999883 ], [ -76.397087, -13.893195 ], [ -76.397087, -13.892916999999898 ], [ -76.397360999999876, -13.892916999999898 ], [ -76.397360999999876, -13.892639 ], [ -76.398475, -13.892639 ], [ -76.398475, -13.89236099999988 ], [ -76.398193, -13.89236099999988 ], [ -76.398193, -13.891805 ], [ -76.397637, -13.891805 ], [ -76.397637, -13.891526999999883 ], [ -76.397360999999876, -13.891529 ], [ -76.397360999999876, -13.891250999999897 ], [ -76.396805, -13.891250999999897 ], [ -76.396805, -13.89069499999988 ], [ -76.395972999999856, -13.89069499999988 ], [ -76.395972999999856, -13.890417 ], [ -76.395141, -13.890417 ], [ -76.395141, -13.889859999999885 ], [ -76.394857999999886, -13.889859999999885 ], [ -76.394857999999886, -13.88902899999988 ], [ -76.394585, -13.88902899999988 ], [ -76.394585, -13.888748 ], [ -76.394302, -13.888748 ], [ -76.394302, -13.88819199999989 ], [ -76.394028999999875, -13.888193999999885 ], [ -76.394028999999875, -13.887916 ], [ -76.393753, -13.887916 ], [ -76.393753, -13.88736299999988 ], [ -76.393197, -13.88736299999988 ], [ -76.393197, -13.88652599999989 ], [ -76.39236499999987, -13.88652599999989 ], [ -76.39236499999987, -13.88597 ], [ -76.392082, -13.885972 ], [ -76.392082, -13.884999 ], [ -76.392082, -13.88485999999989 ], [ -76.39236499999987, -13.88485999999989 ], [ -76.39236499999987, -13.884304 ], [ -76.392065999999886, -13.884306 ], [ -76.391807, -13.884306 ], [ -76.391807, -13.884027999999887 ], [ -76.391525999999885, -13.884027999999887 ], [ -76.391525999999885, -13.883472 ], [ -76.391807, -13.883472 ], [ -76.391807, -13.883193999999889 ], [ -76.39125, -13.883193999999889 ], [ -76.39125, -13.882916 ], [ -76.39097699999985, -13.882916 ], [ -76.39097699999985, -13.881527999999889 ], [ -76.39125, -13.881527999999889 ], [ -76.39125, -13.880694 ], [ -76.39097699999985, -13.880694 ], [ -76.39097699999985, -13.880416 ], [ -76.390693999999883, -13.880416 ], [ -76.390693999999883, -13.878195999999889 ], [ -76.390419, -13.878195999999889 ], [ -76.390419, -13.877362 ], [ -76.389862, -13.877362 ], [ -76.389862, -13.875575 ], [ -76.389862, -13.875418 ], [ -76.38958, -13.875418 ], [ -76.38958, -13.874862 ], [ -76.389694, -13.874862 ], [ -76.389862, -13.874862 ], [ -76.389862, -13.872358999999847 ], [ -76.390136, -13.872358999999847 ], [ -76.390136, -13.871803 ], [ -76.389862, -13.871805 ], [ -76.389862, -13.871101 ], [ -76.389862, -13.870417 ], [ -76.38958, -13.870417 ], [ -76.38958, -13.869026999999846 ], [ -76.389862, -13.869029 ], [ -76.389862, -13.868749 ], [ -76.390419, -13.868749 ], [ -76.390419, -13.868471 ], [ -76.390136, -13.868471 ], [ -76.390136, -13.867917 ], [ -76.390419, -13.867917 ], [ -76.390419, -13.866526999999849 ], [ -76.390693999999883, -13.866526999999849 ], [ -76.390693999999883, -13.865973 ], [ -76.390419, -13.865973 ], [ -76.390419, -13.865417 ], [ -76.390252, -13.865417 ], [ -76.390136, -13.865417 ], [ -76.390136, -13.864583 ], [ -76.390242999999884, -13.864583 ], [ -76.390419, -13.864583 ], [ -76.390419, -13.864229 ], [ -76.390419, -13.862359999999853 ], [ -76.390587, -13.862359999999853 ], [ -76.390693999999883, -13.862359999999853 ], [ -76.390693999999883, -13.862082 ], [ -76.390419, -13.862082 ], [ -76.390419, -13.861803999999893 ], [ -76.390136, -13.861807 ], [ -76.390136, -13.861528999999848 ], [ -76.389862, -13.861528999999848 ], [ -76.389862, -13.861247999999875 ], [ -76.38958, -13.861251 ], [ -76.38958, -13.860972 ], [ -76.389304, -13.860972 ], [ -76.389304, -13.860416 ], [ -76.389030999999875, -13.860416 ], [ -76.389030999999875, -13.859581999999875 ], [ -76.388748, -13.859581999999875 ], [ -76.388748, -13.858471999999892 ], [ -76.388474, -13.858471999999892 ], [ -76.388474, -13.856805999999892 ], [ -76.388191999999833, -13.856805999999892 ], [ -76.388191999999833, -13.855971999999895 ], [ -76.387916, -13.855971999999895 ], [ -76.387916, -13.855137999999897 ], [ -76.387359999999887, -13.855137999999897 ], [ -76.387359999999887, -13.85486 ], [ -76.387084, -13.854862 ], [ -76.387084, -13.854305999999895 ], [ -76.387359999999887, -13.854305999999895 ], [ -76.387359999999887, -13.85305 ], [ -76.387359999999887, -13.852637999999899 ], [ -76.387467, -13.852639999999894 ], [ -76.387642999999855, -13.852637999999899 ], [ -76.387642999999855, -13.852081999999882 ], [ -76.387496999999883, -13.852081999999882 ], [ -76.387359999999887, -13.852083999999877 ], [ -76.387359999999887, -13.851805999999897 ], [ -76.387359999999887, -13.851528 ], [ -76.387223, -13.851528 ], [ -76.386802, -13.851528 ], [ -76.386802, -13.850689 ], [ -76.386802, -13.849583999999879 ], [ -76.387084, -13.849583999999879 ], [ -76.387084, -13.849303 ], [ -76.386802, -13.849305999999899 ], [ -76.386802, -13.848473999999896 ], [ -76.386527999999885, -13.848473999999896 ], [ -76.386527999999885, -13.847953999999845 ], [ -76.386527999999885, -13.846527 ], [ -76.386251999999899, -13.846527 ], [ -76.386251999999899, -13.846249 ], [ -76.385972, -13.846249 ], [ -76.385972, -13.844305 ], [ -76.385695999999882, -13.844305 ], [ -76.385695999999882, -13.844027 ], [ -76.385414, -13.844027 ], [ -76.385414, -13.843749 ], [ -76.38514, -13.843749 ], [ -76.38514, -13.843473 ], [ -76.384864, -13.843473 ], [ -76.384864, -13.843193 ], [ -76.384582, -13.843193 ], [ -76.384582, -13.842917 ], [ -76.384308, -13.842917 ], [ -76.384308, -13.842361 ], [ -76.38375, -13.842361 ], [ -76.38375, -13.842083 ], [ -76.382919999999899, -13.842083 ], [ -76.382919999999899, -13.841527 ], [ -76.382638, -13.841527 ], [ -76.382638, -13.840695 ], [ -76.382361999999887, -13.840695 ], [ -76.382361999999887, -13.840417 ], [ -76.382079, -13.840417 ], [ -76.382079, -13.840139 ], [ -76.381806, -13.840139 ], [ -76.381806, -13.839583 ], [ -76.381529999999884, -13.839583 ], [ -76.381529999999884, -13.839307 ], [ -76.380974, -13.839307 ], [ -76.380974, -13.839027 ], [ -76.380691, -13.839027 ], [ -76.380691, -13.838473 ], [ -76.380142, -13.838473 ], [ -76.380142, -13.838195 ], [ -76.380418, -13.838195 ], [ -76.380418, -13.837639 ], [ -76.380142, -13.837639 ], [ -76.380142, -13.837361 ], [ -76.380418, -13.837361 ], [ -76.380418, -13.836424 ], [ -76.380418, -13.836251 ], [ -76.380142, -13.836251 ], [ -76.380142, -13.835973 ], [ -76.37985899999984, -13.835973 ], [ -76.37985899999984, -13.835695 ], [ -76.379586, -13.835695 ], [ -76.379586, -13.835417 ], [ -76.378754, -13.835417 ], [ -76.378754, -13.83486 ], [ -76.37847099999982, -13.83486 ], [ -76.37847099999982, -13.834581999999841 ], [ -76.378754, -13.834581999999841 ], [ -76.378754, -13.834398 ], [ -76.378754, -13.834026 ], [ -76.379027, -13.834029 ], [ -76.379027, -13.833472 ], [ -76.378754, -13.833472 ], [ -76.378754, -13.833194 ], [ -76.378195999999832, -13.833194 ], [ -76.378195999999832, -13.832915999999841 ], [ -76.377083, -13.832915999999841 ], [ -76.377083, -13.833194 ], [ -76.376808, -13.833194 ], [ -76.376808, -13.833472 ], [ -76.376524999999845, -13.833472 ], [ -76.376524999999845, -13.833194 ], [ -76.375969, -13.833194 ], [ -76.375969, -13.832915999999841 ], [ -76.374862999999834, -13.832915999999841 ], [ -76.374862999999834, -13.832638 ], [ -76.374031999999886, -13.832638 ], [ -76.374031999999886, -13.83236 ], [ -76.373192999999844, -13.83236 ], [ -76.373192999999844, -13.832638 ], [ -76.372644, -13.832638 ], [ -76.372644, -13.83236 ], [ -76.371528999999839, -13.83236 ], [ -76.371528999999839, -13.832083999999838 ], [ -76.371245999999871, -13.832083999999838 ], [ -76.371245999999871, -13.831804 ], [ -76.370971, -13.831806 ], [ -76.370971, -13.831528 ], [ -76.370697, -13.831528 ], [ -76.370697, -13.831247999999846 ], [ -76.370415, -13.831249999999841 ], [ -76.370415, -13.82986 ], [ -76.370141, -13.82986 ], [ -76.370141, -13.829583999999841 ], [ -76.369858999999849, -13.829583999999841 ], [ -76.369858999999849, -13.829028 ], [ -76.369582999999864, -13.829028 ], [ -76.369582999999864, -13.828749999999843 ], [ -76.369309, -13.828749999999843 ], [ -76.369309, -13.82847 ], [ -76.369027, -13.82847 ], [ -76.369027, -13.827915999999846 ], [ -76.368751, -13.827917999999841 ], [ -76.368751, -13.827638 ], [ -76.368468, -13.827638 ], [ -76.368468, -13.826249999999845 ], [ -76.368751, -13.826249999999845 ], [ -76.368751, -13.825694 ], [ -76.368468, -13.825694 ], [ -76.368468, -13.824862 ], [ -76.368751, -13.824862 ], [ -76.368751, -13.824028 ], [ -76.369858999999849, -13.824028 ], [ -76.369858999999849, -13.822358999999892 ], [ -76.370141, -13.822358999999892 ], [ -76.370141, -13.821249 ], [ -76.370415, -13.821249 ], [ -76.370415, -13.820692999999892 ], [ -76.370697, -13.820692999999892 ], [ -76.370697, -13.817917 ], [ -76.370971, -13.817917 ], [ -76.370971, -13.816804999999874 ], [ -76.371245999999871, -13.816804999999874 ], [ -76.371245999999871, -13.816249 ], [ -76.371528999999839, -13.816249 ], [ -76.371528999999839, -13.814304999999877 ], [ -76.370971, -13.814304999999877 ], [ -76.370971, -13.812638999999876 ], [ -76.371245999999871, -13.812638999999876 ], [ -76.371245999999871, -13.812083 ], [ -76.371528999999839, -13.812083 ], [ -76.371528999999839, -13.811804999999879 ], [ -76.371803, -13.811804999999879 ], [ -76.371803, -13.811251 ], [ -76.372085, -13.811251 ], [ -76.372085, -13.808472999999879 ], [ -76.371528999999839, -13.808472999999879 ], [ -76.371528999999839, -13.808194999999898 ], [ -76.371245999999871, -13.808194999999898 ], [ -76.371245999999871, -13.807638 ], [ -76.371528999999839, -13.807638 ], [ -76.371528999999839, -13.80736 ], [ -76.371803, -13.80736 ], [ -76.371803, -13.807638 ], [ -76.372085, -13.807638 ], [ -76.372085, -13.80736 ], [ -76.372361, -13.80736 ], [ -76.372361, -13.807082 ], [ -76.372644, -13.807082 ], [ -76.372644, -13.80597 ], [ -76.371528999999839, -13.80597 ], [ -76.371528999999839, -13.80625 ], [ -76.371245999999871, -13.80625 ], [ -76.371245999999871, -13.805694 ], [ -76.370971, -13.805694 ], [ -76.370971, -13.80486 ], [ -76.370697, -13.80486 ], [ -76.370697, -13.80375 ], [ -76.370141, -13.80375 ], [ -76.370141, -13.803472 ], [ -76.369027, -13.803472 ], [ -76.369027, -13.804306 ], [ -76.368751, -13.804306 ], [ -76.368751, -13.804028 ], [ -76.368194999999844, -13.804028 ], [ -76.368194999999844, -13.80375 ], [ -76.367919, -13.80375 ], [ -76.367919, -13.802638 ], [ -76.367639, -13.802638 ], [ -76.367639, -13.802082 ], [ -76.365692, -13.802082 ], [ -76.365692, -13.802362 ], [ -76.363745999999878, -13.802362 ], [ -76.363745999999878, -13.802082 ], [ -76.362913999999876, -13.802084 ], [ -76.362913999999876, -13.801806 ], [ -76.362358, -13.801806 ], [ -76.362358, -13.801528 ], [ -76.361809, -13.801528 ], [ -76.361809, -13.80125 ], [ -76.361526, -13.80125 ], [ -76.361526, -13.800972 ], [ -76.360969999999895, -13.800972 ], [ -76.360969999999895, -13.800694 ], [ -76.360694, -13.800694 ], [ -76.360694, -13.800416 ], [ -76.359306, -13.800416 ], [ -76.359306, -13.800138 ], [ -76.359023, -13.800138 ], [ -76.359023, -13.79986 ], [ -76.35791799999987, -13.79986 ], [ -76.35791799999987, -13.800138 ], [ -76.35624799999988, -13.800138 ], [ -76.35624799999988, -13.800416 ], [ -76.355415999999877, -13.800416 ], [ -76.355415999999877, -13.800694 ], [ -76.354583999999875, -13.800694 ], [ -76.354583999999875, -13.800972 ], [ -76.353752, -13.800972 ], [ -76.353752, -13.80125 ], [ -76.352912999999887, -13.80125 ], [ -76.352912999999887, -13.801528 ], [ -76.351525, -13.801528 ], [ -76.351525, -13.801806 ], [ -76.350135, -13.801806 ], [ -76.350135, -13.802084 ], [ -76.349861, -13.802082 ], [ -76.349861, -13.802362 ], [ -76.349305, -13.802362 ], [ -76.349305, -13.802638 ], [ -76.349029, -13.802638 ], [ -76.349029, -13.802916 ], [ -76.348473, -13.802916 ], [ -76.348473, -13.803194 ], [ -76.348198, -13.803194 ], [ -76.348198, -13.803472 ], [ -76.347640999999896, -13.803472 ], [ -76.347640999999896, -13.80375 ], [ -76.347359, -13.80375 ], [ -76.347359, -13.804028 ], [ -76.346252999999876, -13.804028 ], [ -76.346252999999876, -13.80375 ], [ -76.345139, -13.80375 ], [ -76.345139, -13.803472 ], [ -76.344307, -13.803472 ], [ -76.344307, -13.803194 ], [ -76.343475, -13.803194 ], [ -76.343475, -13.802916 ], [ -76.342918999999881, -13.802916 ], [ -76.342918999999881, -13.802638 ], [ -76.342361, -13.802638 ], [ -76.342361, -13.802362 ], [ -76.342086999999879, -13.802362 ], [ -76.342086999999879, -13.802082 ], [ -76.341529, -13.802084 ], [ -76.341529, -13.801806 ], [ -76.340973, -13.801806 ], [ -76.340973, -13.80125 ], [ -76.339858, -13.80125 ], [ -76.339858, -13.801528 ], [ -76.339302, -13.801528 ], [ -76.339302, -13.80125 ], [ -76.338752999999826, -13.80125 ], [ -76.338752999999826, -13.800972 ], [ -76.338197, -13.800972 ], [ -76.338197, -13.800694 ], [ -76.337638, -13.800694 ], [ -76.337638, -13.800416 ], [ -76.337365, -13.800416 ], [ -76.337365, -13.800138 ], [ -76.336806, -13.800138 ], [ -76.336806, -13.79986 ], [ -76.33625, -13.799862 ], [ -76.33625, -13.799584 ], [ -76.335694, -13.799584 ], [ -76.335694, -13.799306 ], [ -76.335417999999834, -13.799306 ], [ -76.335417999999834, -13.799028 ], [ -76.334862, -13.799028 ], [ -76.334862, -13.79875 ], [ -76.334586999999885, -13.79875 ], [ -76.334586999999885, -13.798472 ], [ -76.334304, -13.798472 ], [ -76.334304, -13.798196 ], [ -76.33403, -13.798196 ], [ -76.33403, -13.797916 ], [ -76.333747999999844, -13.797916 ], [ -76.333747999999844, -13.797637999999836 ], [ -76.333471999999858, -13.79764 ], [ -76.333471999999858, -13.797362 ], [ -76.333192, -13.797362 ], [ -76.333192, -13.797081 ], [ -76.332916, -13.797084 ], [ -76.332916, -13.796806 ], [ -76.332642, -13.796806 ], [ -76.332642, -13.79625 ], [ -76.33236, -13.79625 ], [ -76.33236, -13.795970999999838 ], [ -76.332083999999838, -13.795970999999838 ], [ -76.332083999999838, -13.795693 ], [ -76.331800999999871, -13.795693 ], [ -76.331800999999871, -13.795418 ], [ -76.331528, -13.795418 ], [ -76.331528, -13.794862 ], [ -76.331252, -13.794862 ], [ -76.331252, -13.794584 ], [ -76.330972, -13.794584 ], [ -76.330972, -13.794304999999838 ], [ -76.330139999999858, -13.794304999999838 ], [ -76.330139999999858, -13.794027 ], [ -76.329582, -13.794027 ], [ -76.329582, -13.793749 ], [ -76.328749999999843, -13.793749 ], [ -76.328749999999843, -13.79347099999984 ], [ -76.328194, -13.79347099999984 ], [ -76.328194, -13.793196 ], [ -76.327362, -13.793196 ], [ -76.327362, -13.792915 ], [ -76.326805999999863, -13.792915 ], [ -76.326805999999863, -13.792638999999838 ], [ -76.324027, -13.792638999999838 ], [ -76.324027, -13.792361 ], [ -76.322083, -13.792361 ], [ -76.322083, -13.792083 ], [ -76.320693, -13.792083 ], [ -76.320693, -13.79180499999984 ], [ -76.320136999999875, -13.79180499999984 ], [ -76.320136999999875, -13.791527 ], [ -76.319581, -13.791527 ], [ -76.319581, -13.791249 ], [ -76.318472999999869, -13.791249 ], [ -76.318472999999869, -13.790970999999843 ], [ -76.31819, -13.790970999999843 ], [ -76.31819, -13.790693 ], [ -76.315970999999877, -13.790693 ], [ -76.315970999999877, -13.790970999999843 ], [ -76.315138999999874, -13.790970999999843 ], [ -76.315138999999874, -13.791249 ], [ -76.314583, -13.791249 ], [ -76.314583, -13.791527 ], [ -76.313751, -13.791527 ], [ -76.313751, -13.79180499999984 ], [ -76.310416, -13.79180499999984 ], [ -76.310416, -13.792083 ], [ -76.309028, -13.792083 ], [ -76.309028, -13.792361 ], [ -76.307358, -13.792361 ], [ -76.307358, -13.792638999999838 ], [ -76.306252, -13.792638999999838 ], [ -76.306252, -13.792361 ], [ -76.305694, -13.792361 ], [ -76.305694, -13.792083 ], [ -76.305138, -13.792083 ], [ -76.305138, -13.79180499999984 ], [ -76.302634999999839, -13.79180499999984 ], [ -76.302634999999839, -13.792083 ], [ -76.30236, -13.792083 ], [ -76.30236, -13.792361 ], [ -76.302086, -13.792361 ], [ -76.302086, -13.792083 ], [ -76.301804, -13.792083 ], [ -76.301804, -13.79180499999984 ], [ -76.30014, -13.79180499999984 ], [ -76.30014, -13.791527 ], [ -76.299584, -13.791527 ], [ -76.299584, -13.79180499999984 ], [ -76.296525, -13.79180499999984 ], [ -76.296525, -13.792361 ], [ -76.296249, -13.792361 ], [ -76.296249, -13.793196 ], [ -76.296805, -13.793196 ], [ -76.296805, -13.79347099999984 ], [ -76.297081, -13.79347099999984 ], [ -76.297081, -13.793624 ], [ -76.297081, -13.794304999999838 ], [ -76.296805, -13.794304999999838 ], [ -76.296805, -13.794862 ], [ -76.296525, -13.794862 ], [ -76.296525, -13.79514 ], [ -76.296249, -13.79514 ], [ -76.296249, -13.795418 ], [ -76.295846, -13.795418 ], [ -76.295692999999858, -13.795418 ], [ -76.295692999999858, -13.795970999999838 ], [ -76.295417, -13.795970999999838 ], [ -76.295417, -13.79625 ], [ -76.295135, -13.79625 ], [ -76.295135, -13.796528 ], [ -76.294585, -13.796528 ], [ -76.294585, -13.79625 ], [ -76.294303, -13.79625 ], [ -76.294303, -13.795970999999838 ], [ -76.290139, -13.795970999999838 ], [ -76.290139, -13.79625 ], [ -76.288749, -13.79625 ], [ -76.288749, -13.796528 ], [ -76.288193, -13.796528 ], [ -76.288193, -13.796806 ], [ -76.287919, -13.796806 ], [ -76.287919, -13.797362 ], [ -76.288475, -13.797362 ], [ -76.288475, -13.79764 ], [ -76.28902399999987, -13.797637999999836 ], [ -76.28902399999987, -13.797916 ], [ -76.289863, -13.797916 ], [ -76.289863, -13.798196 ], [ -76.29041199999989, -13.798196 ], [ -76.29041199999989, -13.799306 ], [ -76.290139, -13.799306 ], [ -76.290139, -13.799509 ], [ -76.290139, -13.800138 ], [ -76.289863, -13.800138 ], [ -76.289863, -13.800972 ], [ -76.290139, -13.800972 ], [ -76.290139, -13.80125 ], [ -76.290694999999857, -13.80125 ], [ -76.290694999999857, -13.802084 ], [ -76.290971, -13.802082 ], [ -76.290971, -13.80375 ], [ -76.291251, -13.80375 ], [ -76.291251, -13.805416 ], [ -76.290971, -13.805416 ], [ -76.290971, -13.80625 ], [ -76.291251, -13.80625 ], [ -76.291251, -13.806528 ], [ -76.291527, -13.806526 ], [ -76.291527, -13.806806999999878 ], [ -76.29203699999988, -13.806806999999878 ], [ -76.292640999999833, -13.806806999999878 ], [ -76.292640999999833, -13.807916 ], [ -76.293197, -13.807916 ], [ -76.293197, -13.808194999999898 ], [ -76.293473, -13.808194999999898 ], [ -76.293473, -13.810972999999876 ], [ -76.293747, -13.810972999999876 ], [ -76.293747, -13.811251 ], [ -76.295975999999825, -13.811251 ], [ -76.295975999999825, -13.811528999999894 ], [ -76.296249, -13.811526999999899 ], [ -76.296249, -13.812083 ], [ -76.296525, -13.812083 ], [ -76.296525, -13.812638999999876 ], [ -76.296805, -13.812638999999876 ], [ -76.296805, -13.812917 ], [ -76.297081, -13.812917 ], [ -76.297081, -13.813470999999879 ], [ -76.297364, -13.813470999999879 ], [ -76.297364, -13.814026999999896 ], [ -76.297636999999838, -13.814026999999896 ], [ -76.297636999999838, -13.815972999999872 ], [ -76.297364, -13.815972999999872 ], [ -76.297364, -13.817360999999892 ], [ -76.298164, -13.817360999999892 ], [ -76.298469, -13.817360999999892 ], [ -76.298469, -13.816804999999874 ], [ -76.298752, -13.816804999999874 ], [ -76.298752, -13.816526999999894 ], [ -76.299028, -13.816526999999894 ], [ -76.299028, -13.817360999999892 ], [ -76.299307999999826, -13.817360999999892 ], [ -76.299307999999826, -13.818195 ], [ -76.299857, -13.818195 ], [ -76.299857, -13.818470999999874 ], [ -76.300416, -13.818470999999874 ], [ -76.300416, -13.819861 ], [ -76.300698, -13.819861 ], [ -76.300698, -13.820417999999847 ], [ -76.300971999999831, -13.820417999999847 ], [ -76.300971999999831, -13.820970999999872 ], [ -76.301247, -13.820970999999872 ], [ -76.301247, -13.821527 ], [ -76.30153, -13.821527 ], [ -76.30153, -13.821806 ], [ -76.301804, -13.821806 ], [ -76.301804, -13.822083999999847 ], [ -76.30236, -13.822083999999847 ], [ -76.30236, -13.822362 ], [ -76.302634999999839, -13.822358999999892 ], [ -76.302634999999839, -13.822636999999872 ], [ -76.303191999999854, -13.822636999999872 ], [ -76.303191999999854, -13.822917999999845 ], [ -76.303473999999881, -13.822915 ], [ -76.303473999999881, -13.823472 ], [ -76.30375, -13.823472 ], [ -76.30375, -13.824581 ], [ -76.304033, -13.824581 ], [ -76.304033, -13.825974 ], [ -76.304033, -13.826537 ], [ -76.304033, -13.826806 ], [ -76.30375, -13.826804 ], [ -76.30375, -13.828431 ], [ -76.30375, -13.829028 ], [ -76.304033, -13.829028 ], [ -76.304033, -13.829583999999841 ], [ -76.30375, -13.829583999999841 ], [ -76.30375, -13.82986 ], [ -76.303473999999881, -13.82986 ], [ -76.303191999999854, -13.82986 ], [ -76.303191999999854, -13.830415999999843 ], [ -76.302918, -13.830415999999843 ], [ -76.302918, -13.831249999999841 ], [ -76.302634999999839, -13.831247999999846 ], [ -76.302634999999839, -13.831528 ], [ -76.302918, -13.831528 ], [ -76.302918, -13.832083999999838 ], [ -76.303191999999854, -13.832083999999838 ], [ -76.303191999999854, -13.833194 ], [ -76.304033, -13.833194 ], [ -76.304033, -13.833472 ], [ -76.304305999999826, -13.833472 ], [ -76.304305999999826, -13.834029 ], [ -76.304582, -13.834026 ], [ -76.304582, -13.834307 ], [ -76.304862, -13.834307 ], [ -76.304862, -13.834581999999841 ], [ -76.305138, -13.834581999999841 ], [ -76.305138, -13.83486 ], [ -76.305694, -13.83486 ], [ -76.305694, -13.835138 ], [ -76.305969999999832, -13.835138 ], [ -76.305969999999832, -13.835695 ], [ -76.306252, -13.835695 ], [ -76.306252, -13.836251 ], [ -76.306526, -13.836251 ], [ -76.306526, -13.836804 ], [ -76.306807999999876, -13.836804 ], [ -76.306807999999876, -13.837361 ], [ -76.307084, -13.837361 ], [ -76.307084, -13.837917 ], [ -76.307358, -13.837917 ], [ -76.307358, -13.838473 ], [ -76.307639999999822, -13.838473 ], [ -76.307639999999822, -13.839027 ], [ -76.307914, -13.839027 ], [ -76.307914, -13.839583 ], [ -76.308195999999896, -13.839583 ], [ -76.308195999999896, -13.839861 ], [ -76.308746, -13.839861 ], [ -76.308746, -13.840139 ], [ -76.309028, -13.840139 ], [ -76.309028, -13.840469 ], [ -76.309028, -13.840695 ], [ -76.309303999999827, -13.840695 ], [ -76.309303999999827, -13.840973 ], [ -76.309493, -13.840971 ], [ -76.309584, -13.840973 ], [ -76.309584, -13.841527 ], [ -76.309815, -13.841527 ], [ -76.309821999999883, -13.841648 ], [ -76.30986, -13.842083 ], [ -76.310029, -13.842083 ], [ -76.310142999999869, -13.842083 ], [ -76.310142999999869, -13.842375 ], [ -76.310142999999869, -13.842639 ], [ -76.31025, -13.842639 ], [ -76.310416, -13.842639 ], [ -76.310416, -13.842917 ], [ -76.310692, -13.842917 ], [ -76.310692, -13.843193 ], [ -76.310975, -13.843193 ], [ -76.310975, -13.843473 ], [ -76.311248, -13.843473 ], [ -76.311248, -13.844059 ], [ -76.311248, -13.845971 ], [ -76.309303999999827, -13.845971 ], [ -76.309303999999827, -13.845695 ], [ -76.309028, -13.845695 ], [ -76.309028, -13.845139 ], [ -76.308746, -13.845139 ], [ -76.308746, -13.844859 ], [ -76.308471999999881, -13.844859 ], [ -76.308471999999881, -13.844305 ], [ -76.308195999999896, -13.844305 ], [ -76.308195999999896, -13.844027 ], [ -76.307914, -13.844027 ], [ -76.307914, -13.843749 ], [ -76.307639999999822, -13.843749 ], [ -76.307639999999822, -13.843473 ], [ -76.306526, -13.843473 ], [ -76.306526, -13.843193 ], [ -76.304033, -13.843193 ], [ -76.304033, -13.842361 ], [ -76.30375, -13.842361 ], [ -76.30375, -13.841251 ], [ -76.303473999999881, -13.841251 ], [ -76.303473999999881, -13.840695 ], [ -76.303191999999854, -13.840695 ], [ -76.303191999999854, -13.840417 ], [ -76.30236, -13.840417 ], [ -76.30236, -13.839861 ], [ -76.302086, -13.839861 ], [ -76.302086, -13.839583 ], [ -76.301804, -13.839583 ], [ -76.301804, -13.839027 ], [ -76.30153, -13.839027 ], [ -76.30153, -13.838751 ], [ -76.301247, -13.838751 ], [ -76.301247, -13.838473 ], [ -76.300971999999831, -13.838473 ], [ -76.300971999999831, -13.838195 ], [ -76.300698, -13.838195 ], [ -76.300698, -13.837917 ], [ -76.300416, -13.837917 ], [ -76.300416, -13.837778 ], [ -76.300416, -13.837639 ], [ -76.30014, -13.837639 ], [ -76.30014, -13.837361 ], [ -76.299028, -13.837361 ], [ -76.299028, -13.837639 ], [ -76.298469, -13.837639 ], [ -76.298469, -13.837917 ], [ -76.298196, -13.837917 ], [ -76.298196, -13.838195 ], [ -76.297636999999838, -13.838195 ], [ -76.297636999999838, -13.838473 ], [ -76.297081, -13.838473 ], [ -76.297081, -13.838751 ], [ -76.296805, -13.838751 ], [ -76.296805, -13.839307 ], [ -76.296525, -13.839307 ], [ -76.296525, -13.839861 ], [ -76.296249, -13.839861 ], [ -76.296249, -13.840417 ], [ -76.295975999999825, -13.840417 ], [ -76.295975999999825, -13.840971 ], [ -76.295692999999858, -13.840971 ], [ -76.295692999999858, -13.841308 ], [ -76.295692999999858, -13.841527 ], [ -76.295426, -13.841527 ], [ -76.295417, -13.842083 ], [ -76.295135, -13.842083 ], [ -76.295135, -13.842639 ], [ -76.294585, -13.842639 ], [ -76.294585, -13.842917 ], [ -76.294028999999853, -13.842917 ], [ -76.294028999999853, -13.843193 ], [ -76.293473, -13.843193 ], [ -76.293473, -13.843473 ], [ -76.29309, -13.843473 ], [ -76.292915, -13.843473 ], [ -76.292915, -13.843619 ], [ -76.292915, -13.843749 ], [ -76.292762, -13.843749 ], [ -76.292640999999833, -13.843749 ], [ -76.292640999999833, -13.844027 ], [ -76.292427, -13.844027 ], [ -76.292083, -13.844027 ], [ -76.292083, -13.844305 ], [ -76.29181, -13.844305 ], [ -76.29181, -13.844541999999876 ], [ -76.291527, -13.844583 ], [ -76.291527, -13.844861 ], [ -76.291426999999828, -13.844861 ], [ -76.291251, -13.844859 ], [ -76.291251, -13.845005 ], [ -76.291251, -13.845139 ], [ -76.291092, -13.845139 ], [ -76.290694999999857, -13.845139 ], [ -76.290694999999857, -13.845416999999884 ], [ -76.29041199999989, -13.845415 ], [ -76.29041199999989, -13.845695 ], [ -76.290139, -13.845695 ], [ -76.290139, -13.845971 ], [ -76.289863, -13.845971 ], [ -76.289863, -13.846126 ], [ -76.289863, -13.846249 ], [ -76.289688, -13.846249 ], [ -76.289306999999837, -13.846249 ], [ -76.289306999999837, -13.846527 ], [ -76.28902399999987, -13.846527 ], [ -76.28902399999987, -13.846718999999894 ], [ -76.28902399999987, -13.846805 ], [ -76.288888, -13.846805 ], [ -76.288749, -13.846805 ], [ -76.288749, -13.846911999999861 ], [ -76.288749, -13.847082999999884 ], [ -76.288505, -13.847081 ], [ -76.288475, -13.847361 ], [ -76.288193, -13.847361 ], [ -76.288193, -13.847639999999899 ], [ -76.287919, -13.847637 ], [ -76.287919, -13.847917999999879 ], [ -76.287636, -13.847917999999879 ], [ -76.287636, -13.848193 ], [ -76.287360999999862, -13.848193 ], [ -76.287360999999862, -13.848473999999896 ], [ -76.287087, -13.848473999999896 ], [ -76.287087, -13.848748999999884 ], [ -76.286805, -13.848748999999884 ], [ -76.286805, -13.849027 ], [ -76.286529, -13.849027 ], [ -76.286529, -13.849303 ], [ -76.286385, -13.849303 ], [ -76.286246, -13.849303 ], [ -76.28623199999987, -13.849513 ], [ -76.285973, -13.849583999999879 ], [ -76.285973, -13.849862 ], [ -76.285696999999857, -13.849859 ], [ -76.285696999999857, -13.850139999999897 ], [ -76.285417, -13.850139999999897 ], [ -76.285417, -13.850417999999877 ], [ -76.285141, -13.850414999999884 ], [ -76.285141, -13.850694 ], [ -76.284858, -13.850694 ], [ -76.284858, -13.850971999999899 ], [ -76.284585, -13.850971999999899 ], [ -76.284585, -13.851249999999879 ], [ -76.284302, -13.851249999999879 ], [ -76.284302, -13.851805999999897 ], [ -76.284025999999869, -13.851805999999897 ], [ -76.284025999999869, -13.852083999999877 ], [ -76.283753, -13.852081999999882 ], [ -76.283753, -13.85236 ], [ -76.28347, -13.85236 ], [ -76.28347, -13.852639999999894 ], [ -76.283194, -13.852637999999899 ], [ -76.283194, -13.85291599999988 ], [ -76.282914, -13.85291599999988 ], [ -76.282914, -13.853194 ], [ -76.282638, -13.853194 ], [ -76.282638, -13.853374 ], [ -76.282638, -13.853471999999897 ], [ -76.282433, -13.853471999999897 ], [ -76.282364999999857, -13.853749999999877 ], [ -76.281493999999896, -13.853749999999877 ], [ -76.278472, -13.853749999999877 ], [ -76.278472, -13.854028 ], [ -76.27736, -13.854028 ], [ -76.27736, -13.854305999999895 ], [ -76.276528, -13.854305999999895 ], [ -76.276528, -13.854583999999875 ], [ -76.276381999999899, -13.854583999999875 ], [ -76.275413, -13.854583999999875 ], [ -76.275413, -13.854862 ], [ -76.274308, -13.85486 ], [ -76.274308, -13.855137999999897 ], [ -76.272918, -13.855137999999897 ], [ -76.272918, -13.855415999999877 ], [ -76.271806, -13.855415999999877 ], [ -76.271806, -13.855694 ], [ -76.270415, -13.855694 ], [ -76.270415, -13.855971999999895 ], [ -76.269858999999826, -13.855971999999895 ], [ -76.269858999999826, -13.856249999999875 ], [ -76.269303, -13.856249999999875 ], [ -76.269303, -13.856528 ], [ -76.268753999999888, -13.856528 ], [ -76.268753999999888, -13.856888 ], [ -76.268753999999888, -13.858194 ], [ -76.26905, -13.858194 ], [ -76.269303, -13.858194 ], [ -76.269303, -13.858471999999892 ], [ -76.269586, -13.858471999999892 ], [ -76.269586, -13.859027999999853 ], [ -76.269858999999826, -13.859027999999853 ], [ -76.269858999999826, -13.860137999999893 ], [ -76.269586, -13.860137999999893 ], [ -76.269586, -13.860416 ], [ -76.268753999999888, -13.860416 ], [ -76.268753999999888, -13.860693999999853 ], [ -76.268471, -13.860693999999853 ], [ -76.268471, -13.861346 ], [ -76.268471, -13.861528999999848 ], [ -76.268194999999821, -13.861528999999848 ], [ -76.268194999999821, -13.861807 ], [ -76.267639, -13.861803999999893 ], [ -76.267639, -13.862082 ], [ -76.266778, -13.862082 ], [ -76.266524999999831, -13.862082 ], [ -76.266524999999831, -13.862359999999853 ], [ -76.266250999999897, -13.862359999999853 ], [ -76.266250999999897, -13.86255 ], [ -76.266250999999897, -13.862917 ], [ -76.265975, -13.862917 ], [ -76.265975, -13.863194999999848 ], [ -76.26552699999985, -13.863194999999848 ], [ -76.264305, -13.863194999999848 ], [ -76.264305, -13.863473 ], [ -76.263473, -13.863469999999893 ], [ -76.263473, -13.863751 ], [ -76.262641, -13.863751 ], [ -76.262641, -13.864028999999846 ], [ -76.262359, -13.864025999999853 ], [ -76.262359, -13.864860999999848 ], [ -76.262085, -13.864860999999848 ], [ -76.262085, -13.865139 ], [ -76.261802, -13.865139 ], [ -76.261802, -13.865417 ], [ -76.260971, -13.865417 ], [ -76.260971, -13.86526 ], [ -76.260971, -13.865139 ], [ -76.260697, -13.865139 ], [ -76.260697, -13.864583 ], [ -76.260414, -13.864583 ], [ -76.260414, -13.863723 ], [ -76.260414, -13.862917 ], [ -76.260139, -13.862917 ], [ -76.260139, -13.862638 ], [ -76.25986499999982, -13.862638 ], [ -76.25986499999982, -13.862359999999853 ], [ -76.25969, -13.862359999999853 ], [ -76.25958299999985, -13.862359999999853 ], [ -76.25958299999985, -13.862200999999857 ], [ -76.25958299999985, -13.862082 ], [ -76.259307, -13.862082 ], [ -76.259307, -13.861803999999893 ], [ -76.259026, -13.861807 ], [ -76.259026, -13.861472 ], [ -76.259026, -13.861247999999875 ], [ -76.258750999999847, -13.861251 ], [ -76.258750999999847, -13.860972 ], [ -76.25846799999988, -13.860972 ], [ -76.25846799999988, -13.860693999999853 ], [ -76.25819499999983, -13.860693999999853 ], [ -76.25819499999983, -13.860416 ], [ -76.257919, -13.860416 ], [ -76.257919, -13.860137999999893 ], [ -76.257363, -13.860137999999893 ], [ -76.257363, -13.859862999999848 ], [ -76.25708, -13.859862999999848 ], [ -76.25708, -13.859306 ], [ -76.256530999999825, -13.859306 ], [ -76.256530999999825, -13.859027999999853 ], [ -76.256247999999857, -13.859027999999853 ], [ -76.256247999999857, -13.85875 ], [ -76.255692, -13.85875 ], [ -76.255692, -13.858643 ], [ -76.255692, -13.858471999999892 ], [ -76.25553, -13.858471999999892 ], [ -76.255416, -13.858471999999892 ], [ -76.255416, -13.858354 ], [ -76.255416, -13.858194 ], [ -76.255264, -13.858194 ], [ -76.25486, -13.858194 ], [ -76.25486, -13.857915999999875 ], [ -76.254583999999852, -13.857915999999875 ], [ -76.254583999999852, -13.857779 ], [ -76.254583999999852, -13.85764 ], [ -76.254304, -13.85764 ], [ -76.254304, -13.85736 ], [ -76.254028, -13.85736 ], [ -76.254028, -13.857084 ], [ -76.253754999999899, -13.857084 ], [ -76.253754999999899, -13.856805999999892 ], [ -76.253472, -13.856805999999892 ], [ -76.253472, -13.856528 ], [ -76.253195999999832, -13.856528 ], [ -76.253195999999832, -13.856249999999875 ], [ -76.252913999999862, -13.856249999999875 ], [ -76.252913999999862, -13.855971999999895 ], [ -76.25264, -13.855971999999895 ], [ -76.25264, -13.855694 ], [ -76.252358, -13.855694 ], [ -76.252358, -13.855415999999877 ], [ -76.252082, -13.855415999999877 ], [ -76.252082, -13.855137999999897 ], [ -76.251808, -13.855137999999897 ], [ -76.251808, -13.85486 ], [ -76.251526, -13.854862 ], [ -76.251526, -13.854305999999895 ], [ -76.251251999999852, -13.854305999999895 ], [ -76.251251999999852, -13.854028 ], [ -76.250969999999882, -13.854028 ], [ -76.250969999999882, -13.853471999999897 ], [ -76.250694, -13.853471999999897 ], [ -76.250694, -13.851249999999879 ], [ -76.250969999999882, -13.851249999999879 ], [ -76.250969999999882, -13.850694 ], [ -76.251251999999852, -13.850694 ], [ -76.251251999999852, -13.850139999999897 ], [ -76.251526, -13.850139999999897 ], [ -76.251526, -13.849583999999879 ], [ -76.251808, -13.849583999999879 ], [ -76.251808, -13.849027 ], [ -76.252082, -13.849027 ], [ -76.252082, -13.848473999999896 ], [ -76.252358, -13.848473999999896 ], [ -76.252358, -13.847917999999879 ], [ -76.25264, -13.847917999999879 ], [ -76.25264, -13.847637 ], [ -76.252913999999862, -13.847637 ], [ -76.252913999999862, -13.847081 ], [ -76.253195999999832, -13.847082999999884 ], [ -76.253195999999832, -13.846805 ], [ -76.253472, -13.846805 ], [ -76.253472, -13.846527 ], [ -76.253754999999899, -13.846527 ], [ -76.253754999999899, -13.845971 ], [ -76.254028, -13.845971 ], [ -76.254028, -13.845695 ], [ -76.254304, -13.845695 ], [ -76.254304, -13.845139 ], [ -76.254583999999852, -13.845139 ], [ -76.254583999999852, -13.844859 ], [ -76.25486, -13.844859 ], [ -76.25486, -13.844305 ], [ -76.255143, -13.844305 ], [ -76.255143, -13.843749 ], [ -76.255416, -13.843749 ], [ -76.255416, -13.843473 ], [ -76.255692, -13.843473 ], [ -76.255692, -13.842917 ], [ -76.255975, -13.842917 ], [ -76.255975, -13.842639 ], [ -76.256247999999857, -13.842639 ], [ -76.256247999999857, -13.842361 ], [ -76.256530999999825, -13.842361 ], [ -76.256530999999825, -13.842083 ], [ -76.256807, -13.842083 ], [ -76.256807, -13.841805 ], [ -76.25708, -13.841805 ], [ -76.25708, -13.841251 ], [ -76.257363, -13.841251 ], [ -76.257363, -13.840971 ], [ -76.257636, -13.840973 ], [ -76.257636, -13.840695 ], [ -76.257919, -13.840695 ], [ -76.257919, -13.840417 ], [ -76.25819499999983, -13.840417 ], [ -76.25819499999983, -13.839861 ], [ -76.25846799999988, -13.839861 ], [ -76.25846799999988, -13.839307 ], [ -76.258750999999847, -13.839307 ], [ -76.258750999999847, -13.838473 ], [ -76.25846799999988, -13.838473 ], [ -76.25846799999988, -13.837361 ], [ -76.25819499999983, -13.837361 ], [ -76.25819499999983, -13.837083 ], [ -76.257919, -13.837083 ], [ -76.257919, -13.836804 ], [ -76.257636, -13.836804 ], [ -76.257636, -13.836529 ], [ -76.257363, -13.836529 ], [ -76.257363, -13.836251 ], [ -76.256807, -13.836251 ], [ -76.256807, -13.835973 ], [ -76.256247999999857, -13.835973 ], [ -76.256247999999857, -13.835695 ], [ -76.255692, -13.835695 ], [ -76.255692, -13.835417 ], [ -76.255416, -13.835417 ], [ -76.255416, -13.835138 ], [ -76.255143, -13.835138 ], [ -76.255143, -13.83486 ], [ -76.255006, -13.83486 ], [ -76.254304, -13.83486 ], [ -76.254304, -13.834581999999841 ], [ -76.253195999999832, -13.834581999999841 ], [ -76.253195999999832, -13.834307 ], [ -76.252358, -13.834307 ], [ -76.252358, -13.834026 ], [ -76.251876999999865, -13.834026 ], [ -76.251724, -13.834026 ], [ -76.251251999999852, -13.834029 ], [ -76.251251999999852, -13.833749999999839 ], [ -76.25042, -13.833749999999839 ], [ -76.25042, -13.833472 ], [ -76.249862, -13.833472 ], [ -76.249862, -13.833194 ], [ -76.249579, -13.833194 ], [ -76.249579, -13.832915999999841 ], [ -76.249306, -13.832915999999841 ], [ -76.249306, -13.832638 ], [ -76.24875, -13.832638 ], [ -76.24875, -13.83236 ], [ -76.248474, -13.83236 ], [ -76.248474, -13.832083999999838 ], [ -76.248191, -13.832083999999838 ], [ -76.248191, -13.831804 ], [ -76.247917999999856, -13.831806 ], [ -76.247917999999856, -13.831617 ], [ -76.247917999999856, -13.829028 ], [ -76.248191, -13.829028 ], [ -76.248191, -13.82847 ], [ -76.248474, -13.828472 ], [ -76.248474, -13.828194 ], [ -76.24875, -13.828194 ], [ -76.24875, -13.827915999999846 ], [ -76.24903, -13.827917999999841 ], [ -76.24903, -13.827638 ], [ -76.249306, -13.827638 ], [ -76.249306, -13.82736 ], [ -76.25042, -13.82736 ], [ -76.25042, -13.826249999999845 ], [ -76.250694, -13.826249999999845 ], [ -76.250694, -13.825694 ], [ -76.250969999999882, -13.825694 ], [ -76.250969999999882, -13.825138 ], [ -76.251251999999852, -13.825138 ], [ -76.251251999999852, -13.824581 ], [ -76.251526, -13.824581 ], [ -76.251526, -13.824028 ], [ -76.251808, -13.824028 ], [ -76.251808, -13.822636999999872 ], [ -76.251526, -13.822636999999872 ], [ -76.251526, -13.822358999999892 ], [ -76.251251999999852, -13.822362 ], [ -76.251251999999852, -13.821527 ], [ -76.250969999999882, -13.821527 ], [ -76.250969999999882, -13.820136999999875 ], [ -76.250694, -13.82013899999987 ], [ -76.250694, -13.818751 ], [ -76.250969999999882, -13.818751 ], [ -76.250969999999882, -13.817083 ], [ -76.250694, -13.817083 ], [ -76.250694, -13.813749 ], [ -76.25042, -13.813751 ], [ -76.25042, -13.813194999999894 ], [ -76.250137999999879, -13.813194999999894 ], [ -76.250137999999879, -13.812360999999896 ], [ -76.249862, -13.812360999999896 ], [ -76.249862, -13.810694999999896 ], [ -76.249579, -13.810694999999896 ], [ -76.249579, -13.810414 ], [ -76.249306, -13.810414 ], [ -76.249306, -13.809860999999898 ], [ -76.24903, -13.809860999999898 ], [ -76.24903, -13.809028999999896 ], [ -76.24875, -13.809028999999896 ], [ -76.24875, -13.808748 ], [ -76.248191, -13.808748 ], [ -76.248191, -13.807638 ], [ -76.247642, -13.807638 ], [ -76.247642, -13.807082 ], [ -76.24736, -13.807082 ], [ -76.24736, -13.806526 ], [ -76.247086, -13.806526 ], [ -76.247086, -13.80597 ], [ -76.246803, -13.80597 ], [ -76.246803, -13.805416 ], [ -76.246528, -13.805416 ], [ -76.246528, -13.80486 ], [ -76.246247, -13.80486 ], [ -76.246247, -13.804028 ], [ -76.245971999999881, -13.804028 ], [ -76.245971999999881, -13.803194 ], [ -76.245698, -13.803194 ], [ -76.245698, -13.802362 ], [ -76.245415, -13.802362 ], [ -76.245415, -13.800416 ], [ -76.245139999999878, -13.800416 ], [ -76.245139999999878, -13.79986 ], [ -76.244857, -13.79986 ], [ -76.244857, -13.799306 ], [ -76.244583999999861, -13.799306 ], [ -76.244583999999861, -13.798196 ], [ -76.244308, -13.798196 ], [ -76.244308, -13.797637999999836 ], [ -76.244025, -13.79764 ], [ -76.244025, -13.796806 ], [ -76.243752, -13.796806 ], [ -76.243752, -13.796528 ], [ -76.243469, -13.796528 ], [ -76.243469, -13.79625 ], [ -76.243196, -13.79625 ], [ -76.243196, -13.795693 ], [ -76.242919999999856, -13.795693 ], [ -76.242919999999856, -13.793749 ], [ -76.242812999999899, -13.793749 ], [ -76.242636999999888, -13.793749 ], [ -76.242636999999888, -13.793196 ], [ -76.242364, -13.793196 ], [ -76.242364, -13.792915 ], [ -76.242562, -13.792915 ], [ -76.242636999999888, -13.792915 ], [ -76.242636999999888, -13.792361 ], [ -76.242919999999856, -13.792361 ], [ -76.242919999999856, -13.791527 ], [ -76.242636999999888, -13.791527 ], [ -76.242636999999888, -13.791249 ], [ -76.242364, -13.791249 ], [ -76.242364, -13.790970999999843 ], [ -76.242081, -13.790970999999843 ], [ -76.242081, -13.790693 ], [ -76.241805, -13.790695 ], [ -76.241805, -13.790417 ], [ -76.241532, -13.790417 ], [ -76.241532, -13.789861 ], [ -76.241249, -13.789861 ], [ -76.241249, -13.789583 ], [ -76.240972999999883, -13.789583 ], [ -76.240972999999883, -13.789029 ], [ -76.240693, -13.789029 ], [ -76.240693, -13.785972999999842 ], [ -76.240972999999883, -13.785972999999842 ], [ -76.240972999999883, -13.784583 ], [ -76.240693, -13.784583 ], [ -76.240693, -13.783194999999864 ], [ -76.240417, -13.783194999999864 ], [ -76.240417, -13.782360999999867 ], [ -76.240134999999896, -13.782360999999867 ], [ -76.240134999999896, -13.781247999999891 ], [ -76.240417, -13.781247999999891 ], [ -76.240417, -13.780138 ], [ -76.240134999999896, -13.780138 ], [ -76.240134999999896, -13.779025999999874 ], [ -76.239861, -13.779027999999869 ], [ -76.239861, -13.778193999999871 ], [ -76.239584999999863, -13.778193999999871 ], [ -76.239584999999863, -13.777915999999891 ], [ -76.239029, -13.777915999999891 ], [ -76.239029, -13.777359999999874 ], [ -76.239302999999893, -13.777359999999874 ], [ -76.239302999999893, -13.776806 ], [ -76.239029, -13.776806 ], [ -76.239029, -13.77625 ], [ -76.238747, -13.77625 ], [ -76.238747, -13.775693999999874 ], [ -76.238471, -13.775693999999874 ], [ -76.238471, -13.774581999999896 ], [ -76.238747, -13.774581999999896 ], [ -76.238747, -13.774306 ], [ -76.238471, -13.774306 ], [ -76.238471, -13.773194 ], [ -76.238197, -13.773194 ], [ -76.238197, -13.771249999999895 ], [ -76.238471, -13.771249999999895 ], [ -76.238471, -13.77014 ], [ -76.238197, -13.77014 ], [ -76.238197, -13.769583999999895 ], [ -76.237915, -13.769583999999895 ], [ -76.237915, -13.768934 ], [ -76.237915, -13.767083 ], [ -76.237640999999883, -13.767083 ], [ -76.237640999999883, -13.765695 ], [ -76.237359, -13.765695 ], [ -76.237359, -13.764859 ], [ -76.237083, -13.764861 ], [ -76.237083, -13.764027 ], [ -76.236809, -13.764027 ], [ -76.236809, -13.763473 ], [ -76.236527, -13.763473 ], [ -76.236527, -13.763193 ], [ -76.236251, -13.763193 ], [ -76.236251, -13.762639 ], [ -76.235970999999893, -13.762639 ], [ -76.235970999999893, -13.761805 ], [ -76.235419, -13.761805 ], [ -76.235419, -13.761249 ], [ -76.234863, -13.761249 ], [ -76.234863, -13.760971 ], [ -76.23458, -13.760971 ], [ -76.23458, -13.760417 ], [ -76.234306999999887, -13.760417 ], [ -76.234306999999887, -13.759583 ], [ -76.234024, -13.759583 ], [ -76.234024, -13.759305 ], [ -76.233749, -13.759307 ], [ -76.233749, -13.759027 ], [ -76.233192, -13.759027 ], [ -76.233192, -13.758749 ], [ -76.232919, -13.758751 ], [ -76.232919, -13.757917 ], [ -76.232635999999843, -13.757917 ], [ -76.232635999999843, -13.756525999999837 ], [ -76.232361, -13.756525999999837 ], [ -76.232361, -13.75597 ], [ -76.232087, -13.755973 ], [ -76.232087, -13.755417 ], [ -76.231803999999897, -13.755417 ], [ -76.231803999999897, -13.755139 ], [ -76.231529, -13.755139 ], [ -76.231529, -13.754582 ], [ -76.231246, -13.754582 ], [ -76.230872, -13.754741999999851 ] ] ] } },
{ "type": "Feature", "properties": { "depto": "Ica", "provincia": "Pisco", "distrito": "San Clemente" }, "geometry": { "type": "Polygon", "coordinates": [ [ [ -76.096443999999849, -13.584183 ], [ -76.098105999999859, -13.586734999999862 ], [ -76.101676999999825, -13.671964 ], [ -76.101202999999884, -13.672301 ], [ -76.099792, -13.672414999999887 ], [ -76.099440999999899, -13.672759 ], [ -76.099204, -13.672527 ], [ -76.098387999999829, -13.67252 ], [ -76.095918, -13.672747999999899 ], [ -76.095680999999843, -13.672976 ], [ -76.094979, -13.674694 ], [ -76.09262, -13.677898999999854 ], [ -76.091789999999889, -13.679613 ], [ -76.090377, -13.681561 ], [ -76.08943099999982, -13.683732999999847 ], [ -76.087433, -13.68717 ], [ -76.085785, -13.687168 ], [ -76.084962, -13.687505 ], [ -76.083549, -13.687387 ], [ -76.082375, -13.688528 ], [ -76.08132199999983, -13.688523999999859 ], [ -76.079551, -13.689326 ], [ -76.078378, -13.690122 ], [ -76.07544, -13.69138 ], [ -76.07249499999989, -13.693426 ], [ -76.069205999999895, -13.693530999999894 ], [ -76.065329999999847, -13.694787 ], [ -76.062621999999863, -13.696382 ], [ -76.060623, -13.69649 ], [ -76.058387, -13.698659 ], [ -76.055215, -13.699803 ], [ -76.053450999999825, -13.700940999999887 ], [ -76.050155, -13.702194 ], [ -76.046226, -13.706846 ], [ -76.045676999999898, -13.709291 ], [ -76.050765999999896, -13.709125 ], [ -76.052581999999859, -13.708466 ], [ -76.055121, -13.707117 ], [ -76.05761, -13.706322 ], [ -76.062790999999891, -13.705565 ], [ -76.067178, -13.704407 ], [ -76.069382, -13.704298 ], [ -76.073945, -13.703284 ], [ -76.076158, -13.703211 ], [ -76.079759, -13.701887 ], [ -76.085403999999869, -13.699202 ], [ -76.089729999999861, -13.696173 ], [ -76.091216, -13.695471 ], [ -76.096718, -13.695066999999881 ], [ -76.099570999999855, -13.694618 ], [ -76.103332, -13.693761 ], [ -76.108993, -13.692057 ], [ -76.113082, -13.691477999999847 ], [ -76.11805, -13.690315 ], [ -76.120094999999822, -13.690206 ], [ -76.123956, -13.690486 ], [ -76.130394, -13.692013 ], [ -76.13301099999984, -13.692109 ], [ -76.135162, -13.692579 ], [ -76.137092999999879, -13.692633 ], [ -76.139366999999822, -13.692107 ], [ -76.142731, -13.690273999999874 ], [ -76.146507999999869, -13.689515 ], [ -76.148292, -13.68825 ], [ -76.150878999999861, -13.687325 ], [ -76.153489, -13.687134 ], [ -76.157906, -13.688168 ], [ -76.162179, -13.689268999999854 ], [ -76.166281999999853, -13.68983 ], [ -76.1679, -13.689625 ], [ -76.17324, -13.688269 ], [ -76.177932, -13.688219 ], [ -76.186967, -13.687209 ], [ -76.195365999999865, -13.687216 ], [ -76.196952, -13.686752999999896 ], [ -76.201117999999894, -13.684962 ], [ -76.205849999999884, -13.684055 ], [ -76.207351999999844, -13.683377999999891 ], [ -76.210175, -13.682766999999842 ], [ -76.213088, -13.681559 ], [ -76.215951, -13.681094 ], [ -76.217315999999869, -13.6809 ], [ -76.220969, -13.680139 ], [ -76.220969, -13.679026999999849 ], [ -76.221252, -13.679026999999849 ], [ -76.221252, -13.678749 ], [ -76.221528, -13.678751 ], [ -76.221528, -13.678473 ], [ -76.221800999999857, -13.678473 ], [ -76.221800999999857, -13.677917 ], [ -76.222083999999825, -13.677917 ], [ -76.222083999999825, -13.677639 ], [ -76.22236, -13.677639 ], [ -76.22236, -13.676251 ], [ -76.222083999999825, -13.676251 ], [ -76.222083999999825, -13.675694999999848 ], [ -76.221800999999857, -13.675694999999848 ], [ -76.221800999999857, -13.675139 ], [ -76.221528, -13.675139 ], [ -76.221528, -13.674304 ], [ -76.221252, -13.674307 ], [ -76.221252, -13.674025999999856 ], [ -76.220969, -13.674025999999856 ], [ -76.220969, -13.673193999999853 ], [ -76.220696, -13.673193999999853 ], [ -76.220696, -13.672638 ], [ -76.220137999999849, -13.672638 ], [ -76.220137999999849, -13.672082 ], [ -76.219864, -13.672082 ], [ -76.219864, -13.671806 ], [ -76.219307999999842, -13.671806 ], [ -76.219307999999842, -13.672638 ], [ -76.218475999999896, -13.672638 ], [ -76.218475999999896, -13.672359999999856 ], [ -76.218193, -13.672359999999856 ], [ -76.218193, -13.672082 ], [ -76.217918, -13.672082 ], [ -76.217918, -13.671806 ], [ -76.217635, -13.671806 ], [ -76.217635, -13.67125 ], [ -76.217362, -13.67125 ], [ -76.217362, -13.670972 ], [ -76.217085999999824, -13.670972 ], [ -76.217085999999824, -13.670693999999855 ], [ -76.216804999999852, -13.670693999999855 ], [ -76.216804999999852, -13.67014 ], [ -76.21653, -13.67014 ], [ -76.21653, -13.669584 ], [ -76.216247, -13.669584 ], [ -76.216247, -13.669027999999855 ], [ -76.215974, -13.669027999999855 ], [ -76.215974, -13.66875 ], [ -76.215698, -13.66875 ], [ -76.215698, -13.668472 ], [ -76.215415, -13.668472 ], [ -76.215415, -13.668193999999858 ], [ -76.215141999999844, -13.668193999999858 ], [ -76.215141999999844, -13.667916 ], [ -76.214858999999876, -13.667916 ], [ -76.214858999999876, -13.667637999999897 ], [ -76.214583, -13.667637999999897 ], [ -76.214583, -13.666806 ], [ -76.214303, -13.666806 ], [ -76.214303, -13.66625 ], [ -76.214026999999874, -13.66625 ], [ -76.214026999999874, -13.665971999999897 ], [ -76.213470999999856, -13.665971999999897 ], [ -76.213470999999856, -13.665694 ], [ -76.213195, -13.665694 ], [ -76.213195, -13.66541599999988 ], [ -76.212639, -13.66541599999988 ], [ -76.212639, -13.665137999999899 ], [ -76.212363, -13.66514 ], [ -76.212363, -13.66486 ], [ -76.212081, -13.66486 ], [ -76.212081, -13.664305999999897 ], [ -76.211806999999851, -13.664305999999897 ], [ -76.211806999999851, -13.663749999999879 ], [ -76.211524999999881, -13.663749999999879 ], [ -76.211524999999881, -13.663194 ], [ -76.211251, -13.663194 ], [ -76.211251, -13.662639999999897 ], [ -76.210975, -13.662639999999897 ], [ -76.210975, -13.662359 ], [ -76.210693, -13.662359 ], [ -76.210693, -13.661803 ], [ -76.210419, -13.661803 ], [ -76.210419, -13.661249999999882 ], [ -76.209860999999876, -13.661249999999882 ], [ -76.209860999999876, -13.660971 ], [ -76.209587, -13.660971 ], [ -76.209587, -13.660693 ], [ -76.209305, -13.660693 ], [ -76.209305, -13.659862 ], [ -76.209028999999873, -13.659862 ], [ -76.209028999999873, -13.659305 ], [ -76.208749, -13.659305 ], [ -76.208749, -13.659027 ], [ -76.208472999999856, -13.659027 ], [ -76.208472999999856, -13.658471 ], [ -76.208189999999888, -13.658471 ], [ -76.208189999999888, -13.657914999999889 ], [ -76.207917, -13.657916999999884 ], [ -76.207917, -13.657639 ], [ -76.207641, -13.657639 ], [ -76.207641, -13.657082999999886 ], [ -76.207358, -13.657082999999886 ], [ -76.207358, -13.656805 ], [ -76.207107999999891, -13.656805 ], [ -76.207085, -13.656248999999889 ], [ -76.206802, -13.656248999999889 ], [ -76.206802, -13.655693 ], [ -76.206528999999875, -13.655693 ], [ -76.206528999999875, -13.655139 ], [ -76.206253, -13.655139 ], [ -76.206253, -13.654861 ], [ -76.20597, -13.654861 ], [ -76.20597, -13.654027 ], [ -76.205696999999873, -13.654027 ], [ -76.205696999999873, -13.653750999999886 ], [ -76.205414, -13.653750999999886 ], [ -76.205414, -13.653195 ], [ -76.205138999999861, -13.653195 ], [ -76.205138999999861, -13.652639 ], [ -76.204865, -13.652639 ], [ -76.204865, -13.651805 ], [ -76.204582, -13.651805 ], [ -76.204582, -13.651527 ], [ -76.204307, -13.651527 ], [ -76.204307, -13.650973 ], [ -76.204026, -13.650973 ], [ -76.204026, -13.650695 ], [ -76.203751, -13.650695 ], [ -76.203751, -13.650139 ], [ -76.20347699999985, -13.650139 ], [ -76.20347699999985, -13.649861 ], [ -76.203193999999883, -13.649861 ], [ -76.203193999999883, -13.648751 ], [ -76.20347699999985, -13.648751 ], [ -76.20347699999985, -13.647917 ], [ -76.203193999999883, -13.647917 ], [ -76.203193999999883, -13.647639 ], [ -76.202919, -13.647639 ], [ -76.202919, -13.646807 ], [ -76.202636, -13.646807 ], [ -76.202636, -13.646526 ], [ -76.202363, -13.646529 ], [ -76.202363, -13.645694 ], [ -76.20208, -13.645694 ], [ -76.20208, -13.645138 ], [ -76.201804, -13.645138 ], [ -76.201804, -13.644584 ], [ -76.201530999999875, -13.644584 ], [ -76.201530999999875, -13.642084 ], [ -76.201248, -13.642084 ], [ -76.201248, -13.640694 ], [ -76.200975, -13.640694 ], [ -76.200975, -13.639583999999843 ], [ -76.201248, -13.639583999999843 ], [ -76.201248, -13.639028 ], [ -76.200975, -13.639028 ], [ -76.200975, -13.637638 ], [ -76.20069199999989, -13.637638 ], [ -76.20069199999989, -13.63708199999985 ], [ -76.200416, -13.637083999999845 ], [ -76.200416, -13.636249999999848 ], [ -76.200142999999855, -13.636249999999848 ], [ -76.200142999999855, -13.635137 ], [ -76.199859999999887, -13.635137 ], [ -76.199859999999887, -13.633748999999852 ], [ -76.199584, -13.633748999999852 ], [ -76.199584, -13.633471 ], [ -76.199302, -13.633471 ], [ -76.199302, -13.632081 ], [ -76.199028, -13.632081 ], [ -76.199028, -13.630970999999874 ], [ -76.197914, -13.630970999999874 ], [ -76.197914, -13.632081 ], [ -76.198195999999882, -13.632081 ], [ -76.198195999999882, -13.632917999999847 ], [ -76.198472, -13.632917999999847 ], [ -76.198472, -13.634028 ], [ -76.198752, -13.634028 ], [ -76.198752, -13.635137 ], [ -76.199028, -13.635137 ], [ -76.199028, -13.636249999999848 ], [ -76.199302, -13.636249999999848 ], [ -76.199302, -13.637362 ], [ -76.199584, -13.637362 ], [ -76.199584, -13.638472 ], [ -76.199302, -13.638472 ], [ -76.199302, -13.639306 ], [ -76.198472, -13.639304 ], [ -76.198472, -13.637638 ], [ -76.198195999999882, -13.637638 ], [ -76.198195999999882, -13.63541599999985 ], [ -76.197914, -13.635417999999845 ], [ -76.197914, -13.634028 ], [ -76.19764, -13.634028 ], [ -76.19764, -13.632636999999875 ], [ -76.197364, -13.632636999999875 ], [ -76.197364, -13.630970999999874 ], [ -76.197082, -13.630970999999874 ], [ -76.197082, -13.629583 ], [ -76.196808, -13.629583 ], [ -76.196808, -13.628194999999891 ], [ -76.196525999999892, -13.628194999999891 ], [ -76.196525999999892, -13.627360999999894 ], [ -76.19625, -13.627360999999894 ], [ -76.19625, -13.626251 ], [ -76.19597, -13.626251 ], [ -76.19597, -13.625417 ], [ -76.195693999999889, -13.625417 ], [ -76.195693999999889, -13.624860999999896 ], [ -76.19542, -13.624860999999896 ], [ -76.19542, -13.624583 ], [ -76.194579, -13.624583 ], [ -76.194579, -13.625417 ], [ -76.194861999999887, -13.625417 ], [ -76.194861999999887, -13.626804999999877 ], [ -76.195138, -13.626804999999877 ], [ -76.195138, -13.628079 ], [ -76.195138, -13.628473 ], [ -76.195245, -13.628473 ], [ -76.19542, -13.628473 ], [ -76.19542, -13.62908 ], [ -76.19542, -13.630139 ], [ -76.195693999999889, -13.630139 ], [ -76.195693999999889, -13.631805 ], [ -76.19597, -13.631805 ], [ -76.19597, -13.631930999999895 ], [ -76.19597, -13.633471 ], [ -76.19625, -13.633471 ], [ -76.19625, -13.634328 ], [ -76.19625, -13.635137 ], [ -76.196395999999822, -13.635137 ], [ -76.196525999999892, -13.635137 ], [ -76.196525999999892, -13.635620999999844 ], [ -76.196525999999892, -13.636806 ], [ -76.196808, -13.636806 ], [ -76.196808, -13.638472 ], [ -76.197082, -13.638472 ], [ -76.197082, -13.639306 ], [ -76.196808, -13.639304 ], [ -76.196808, -13.639583999999843 ], [ -76.196525999999892, -13.639583999999843 ], [ -76.196525999999892, -13.639862 ], [ -76.19625, -13.63986 ], [ -76.19625, -13.640694 ], [ -76.19542, -13.640694 ], [ -76.19542, -13.640415999999846 ], [ -76.195138, -13.640415999999846 ], [ -76.195138, -13.63986 ], [ -76.194861999999887, -13.639862 ], [ -76.194861999999887, -13.638472 ], [ -76.193747, -13.638472 ], [ -76.193747, -13.638194 ], [ -76.193474, -13.638194 ], [ -76.193474, -13.637638 ], [ -76.193191, -13.63764 ], [ -76.193191, -13.637362 ], [ -76.192642, -13.637362 ], [ -76.192642, -13.63764 ], [ -76.19235899999984, -13.637638 ], [ -76.19235899999984, -13.637915999999848 ], [ -76.192086, -13.637915999999848 ], [ -76.192086, -13.636249999999848 ], [ -76.191803, -13.636249999999848 ], [ -76.191803, -13.63541599999985 ], [ -76.19097099999982, -13.63541599999985 ], [ -76.19097099999982, -13.634858999999892 ], [ -76.190695999999889, -13.634858999999892 ], [ -76.190695999999889, -13.633748999999852 ], [ -76.19097099999982, -13.633748999999852 ], [ -76.19097099999982, -13.633471 ], [ -76.191254, -13.633471 ], [ -76.191254, -13.631526999999892 ], [ -76.19097099999982, -13.631526999999892 ], [ -76.19097099999982, -13.628473 ], [ -76.190695999999889, -13.628473 ], [ -76.190695999999889, -13.627917 ], [ -76.19014, -13.627917 ], [ -76.19014, -13.627638999999874 ], [ -76.190415, -13.627638999999874 ], [ -76.190415, -13.627360999999894 ], [ -76.190695999999889, -13.627360999999894 ], [ -76.190695999999889, -13.626804999999877 ], [ -76.19097099999982, -13.626804999999877 ], [ -76.19097099999982, -13.626526999999896 ], [ -76.191254, -13.626526999999896 ], [ -76.191254, -13.624026999999899 ], [ -76.19097099999982, -13.624028999999894 ], [ -76.19097099999982, -13.623749 ], [ -76.190695999999889, -13.623749 ], [ -76.190695999999889, -13.623194999999896 ], [ -76.190415, -13.623194999999896 ], [ -76.190415, -13.622638999999879 ], [ -76.19014, -13.622638999999879 ], [ -76.19014, -13.621248 ], [ -76.189857, -13.621251 ], [ -76.189857, -13.618194 ], [ -76.189583, -13.618194 ], [ -76.189583, -13.616248 ], [ -76.189308, -13.616248 ], [ -76.189308, -13.614028 ], [ -76.189024999999845, -13.614028 ], [ -76.189024999999845, -13.611806 ], [ -76.188752, -13.611806 ], [ -76.188752, -13.609306 ], [ -76.188469, -13.609306 ], [ -76.188469, -13.606527 ], [ -76.188193, -13.606527 ], [ -76.188193, -13.603193 ], [ -76.18792, -13.603195 ], [ -76.18792, -13.601527 ], [ -76.187636999999825, -13.601527 ], [ -76.187636999999825, -13.598472999999842 ], [ -76.18792, -13.598472999999842 ], [ -76.18792, -13.598193 ], [ -76.188193, -13.598193 ], [ -76.188193, -13.597083 ], [ -76.18792, -13.597083 ], [ -76.18792, -13.595138999999847 ], [ -76.187636999999825, -13.595138999999847 ], [ -76.187636999999825, -13.594577999999899 ], [ -76.183731, -13.593828 ], [ -76.182106, -13.594097 ], [ -76.174263, -13.594306999999844 ], [ -76.171006, -13.594865 ], [ -76.169089, -13.59463 ], [ -76.168182, -13.594952 ], [ -76.166259, -13.595004 ], [ -76.164062, -13.59479 ], [ -76.159355, -13.593247 ], [ -76.152412999999854, -13.592258 ], [ -76.151032, -13.591622 ], [ -76.146003999999834, -13.587024999999869 ], [ -76.144333, -13.586056 ], [ -76.142471, -13.585574999999892 ], [ -76.140817, -13.585504999999898 ], [ -76.139471999999898, -13.585825999999884 ], [ -76.138656, -13.586309 ], [ -76.13755099999986, -13.586286 ], [ -76.13408, -13.585047 ], [ -76.129172999999867, -13.580719 ], [ -76.127616, -13.578845 ], [ -76.12613, -13.577867 ], [ -76.119811999999854, -13.575554 ], [ -76.117514999999855, -13.575075 ], [ -76.115464, -13.574986999999851 ], [ -76.111343, -13.573901999999862 ], [ -76.102081, -13.570481 ], [ -76.096643, -13.569013 ], [ -76.092269, -13.56706 ], [ -76.088531, -13.564326999999878 ], [ -76.087182, -13.564053 ], [ -76.087082, -13.565665 ], [ -76.087264, -13.566567 ], [ -76.089896, -13.571120999999891 ], [ -76.090210999999897, -13.57312 ], [ -76.094338, -13.578795 ], [ -76.096443999999849, -13.584183 ] ] ] } },
{ "type": "Feature", "properties": { "depto": "Ica", "provincia": "Pisco", "distrito": "Tupac Amaru Inca" }, "geometry": { "type": "Polygon", "coordinates": [ [ [ -76.139366999999822, -13.692107 ], [ -76.137092999999879, -13.692633 ], [ -76.135162, -13.692579 ], [ -76.13301099999984, -13.692109 ], [ -76.130394, -13.692013 ], [ -76.123956, -13.690486 ], [ -76.120094999999822, -13.690206 ], [ -76.11805, -13.690315 ], [ -76.113082, -13.691477999999847 ], [ -76.108993, -13.692057 ], [ -76.103332, -13.693761 ], [ -76.099570999999855, -13.694618 ], [ -76.096718, -13.695066999999881 ], [ -76.091216, -13.695471 ], [ -76.089729999999861, -13.696173 ], [ -76.085403999999869, -13.699202 ], [ -76.085381, -13.700812999999869 ], [ -76.079583, -13.732098999999891 ], [ -76.044587, -13.774641 ], [ -76.045792999999833, -13.774511 ], [ -76.157820999999842, -13.734729 ], [ -76.158065, -13.734419 ], [ -76.157966999999871, -13.733342999999877 ], [ -76.153518, -13.713503 ], [ -76.152961999999889, -13.712341 ], [ -76.151536, -13.70668 ], [ -76.150748999999848, -13.701565 ], [ -76.157906, -13.688168 ], [ -76.153489, -13.687134 ], [ -76.150878999999861, -13.687325 ], [ -76.148292, -13.68825 ], [ -76.146507999999869, -13.689515 ], [ -76.142731, -13.690273999999874 ], [ -76.139366999999822, -13.692107 ] ] ] } }
]
}
