{
  "type": "FeatureCollection",
  "features": [
    {
      "type": "Feature",
      "properties": {
        "adm3_name": "Bellavista",
        "adm3_name1": null,
        "adm3_name2": null,
        "adm3_name3": null,
        "adm3_pcode": "PE070102",
        "adm2_name": "Callao",
        "adm2_name1": null,
        "adm2_name2": null,
        "adm2_name3": null,
        "adm2_pcode": "PE0701",
        "adm1_name": "Callao",
        "adm1_name1": null,
        "adm1_name2": null,
        "adm1_name3": null,
        "adm1_pcode": "PE07",
        "adm0_name": "Perú",
        "adm0_name1": null,
        "adm0_name2": null,
        "adm0_name3": null,
        "adm0_pcode": "PE",
        "valid_on": "2020-07-14",
        "valid_to": null,
        "area_sqkm": 4.55506493,
        "version": "v01",
        "lang": "es",
        "lang1": null,
        "lang2": null,
        "lang3": null,
        "adm0_en": "Peru",
        "adm3_ref_name": "Bellavista",
        "center_lat": -12.06000585,
        "center_lon": -77.11118627
      },
      "geometry": {
        "type": "Polygon",
        "coordinates": [
          [
            [
              -77.08725736099996,
              -12.06151135499988
            ],
            [
              -77.08727936099996,
              -12.06142385399994
            ],
            [
              -77.08761323599998,
              -12.061066354999923
            ],
            [
              -77.08776761199988,
              -12.060999978999916
            ],
            [
              -77.08788286099991,
              -12.06091597999989
            ],
            [
              -77.08803323699993,
              -12.060716853999963
            ],
            [
              -77.08811723599996,
              -12.06051172999986
            ],
            [
              -77.08816798599997,
              -12.060142604999953
            ],
            [
              -77.08820311099993,
              -12.059869104999962
            ],
            [
              -77.08825586199987,
              -12.059507854999936
            ],
            [
              -77.0883711109999,
              -12.058734354999956
            ],
            [
              -77.08826761099994,
              -12.057818354999938
            ],
            [
              -77.08821873599999,
              -12.057409979999818
            ],
            [
              -77.08805273599995,
              -12.055964979999885
            ],
            [
              -77.08785548599997,
              -12.054316354999912
            ],
            [
              -77.08772261099989,
              -12.053144479999958
            ],
            [
              -77.08757611099992,
              -12.051974604999941
            ],
            [
              -77.08760073599984,
              -12.051865729999918
            ],
            [
              -77.09793548599998,
              -12.053562479999869
            ],
            [
              -77.10584173599989,
              -12.055048854999939
            ],
            [
              -77.11313673599989,
              -12.056626979999976
            ],
            [
              -77.11949223599993,
              -12.057935604999955
            ],
            [
              -77.12780073599993,
              -12.05902935499995
            ],
            [
              -77.13423636199997,
              -12.059693354999979
            ],
            [
              -77.13293948699987,
              -12.067902354999944
            ],
            [
              -77.1198769859999,
              -12.06549022999991
            ],
            [
              -77.11835548599987,
              -12.065183604999959
            ],
            [
              -77.11298836099996,
              -12.064167104999967
            ],
            [
              -77.10862886099994,
              -12.063368979999836
            ],
            [
              -77.10688648599995,
              -12.063227229999939
            ],
            [
              -77.10561911099995,
              -12.063121104999937
            ],
            [
              -77.10536723599989,
              -12.06316797999989
            ],
            [
              -77.10482611099997,
              -12.063308604999975
            ],
            [
              -77.10457111199992,
              -12.063350604999926
            ],
            [
              -77.10436523599998,
              -12.063374979999878
            ],
            [
              -77.10411911099993,
              -12.063376979999873
            ],
            [
              -77.10316623599988,
              -12.063309229999959
            ],
            [
              -77.10086048699998,
              -12.063072479999903
            ],
            [
              -77.09790636099996,
              -12.06269135499997
            ],
            [
              -77.09704098599997,
              -12.062466854999968
            ],
            [
              -77.08817186199991,
              -12.061673854999981
            ],
            [
              -77.08725736099996,
              -12.06151135499988
            ]
          ]
        ]
      }
    },
    {
      "type": "Feature",
      "properties": {
        "adm3_name": "Callao",
        "adm3_name1": null,
        "adm3_name2": null,
        "adm3_name3": null,
        "adm3_pcode": "PE070101",
        "adm2_name": "Callao",
        "adm2_name1": null,
        "adm2_name2": null,
        "adm2_name3": null,
        "adm2_pcode": "PE0701",
        "adm1_name": "Callao",
        "adm1_name1": null,
        "adm1_name2": null,
        "adm1_name3": null,
        "adm1_pcode": "PE07",
        "adm0_name": "Perú",
        "adm0_name1": null,
        "adm0_name2": null,
        "adm0_name3": null,
        "adm0_pcode": "PE",
        "valid_on": "2020-07-14",
        "valid_to": null,
        "area_sqkm": 48.95461742,
        "version": "v01",
        "lang": "es",
        "lang1": null,
        "lang2": null,
        "lang3": null,
        "adm0_en": "Peru",
        "adm3_ref_name": "Callao",
        "center_lat": -12.00367679,
        "center_lon": -77.11826553
      },
      "geometry": {
        "type": "Polygon",
        "coordinates": [
          [
            [
              -77.12866136199995,
              -11.937477729999841
            ],
            [
              -77.12876586099998,
              -11.937427853999964
            ],
            [
              -77.12892011099984,
              -11.937331479999898
            ],
            [
              -77.12905511199989,
              -11.937232354999878
            ],
            [
              -77.12919286099992,
              -11.93714147899982
            ],
            [
              -77.12933511099999,
              -11.937055228999952
            ],
            [
              -77.12965511199991,
              -11.93688735499984
            ],
            [
              -77.12984486099998,
              -11.93683397999996
            ],
            [
              -77.13011373599994,
              -11.936794104999933
            ],
            [
              -77.13030798699992,
              -11.936809104999952
            ],
            [
              -77.13045736099991,
              -11.936838979999834
            ],
            [
              -77.13062173699996,
              -11.93692360499989
            ],
            [
              -77.13075123699991,
              -11.936993229999871
            ],
            [
              -77.13092048599998,
              -11.937117729999898
            ],
            [
              -77.13105498599998,
              -11.937232354999878
            ],
            [
              -77.13124411099994,
              -11.937401604999934
            ],
            [
              -77.13136861099991,
              -11.937526103999915
            ],
            [
              -77.13148811199994,
              -11.937620728999946
            ],
            [
              -77.13163261099999,
              -11.937755228999947
            ],
            [
              -77.13185173599993,
              -11.937919479999948
            ],
            [
              -77.13202098599999,
              -11.938043979999975
            ],
            [
              -77.13222511099991,
              -11.938193354999896
            ],
            [
              -77.1323944859999,
              -11.938268104999963
            ],
            [
              -77.1326683609999,
              -11.93830297999989
            ],
            [
              -77.13297711099995,
              -11.93837260399988
            ],
            [
              -77.13300698599994,
              -11.938383104999957
            ],
            [
              -77.13334561199997,
              -11.938502104999941
            ],
            [
              -77.13364073599996,
              -11.938591103999954
            ],
            [
              -77.13365923599991,
              -11.938596729999972
            ],
            [
              -77.13397798599993,
              -11.93869135499989
            ],
            [
              -77.13424686199994,
              -11.938780978999944
            ],
            [
              -77.13469498599989,
              -11.938890479999941
            ],
            [
              -77.13471198699989,
              -11.93890147999997
            ],
            [
              -77.13520311099995,
              -11.938978479999946
            ],
            [
              -77.13530473599991,
              -11.9390234789999
            ],
            [
              -77.13544536199998,
              -11.9390586049999
            ],
            [
              -77.13568161099994,
              -11.939101479999977
            ],
            [
              -77.13576373599994,
              -11.939109354999914
            ],
            [
              -77.13777936199995,
              -11.939199229999815
            ],
            [
              -77.13811136099997,
              -11.939257853999948
            ],
            [
              -77.13808986199996,
              -11.939371103999974
            ],
            [
              -77.13807423599991,
              -11.939425729999812
            ],
            [
              -77.1380644859999,
              -11.939480479999816
            ],
            [
              -77.13805073599991,
              -11.93955072999995
            ],
            [
              -77.13803711199995,
              -11.939650354999912
            ],
            [
              -77.13801361099996,
              -11.939765604999934
            ],
            [
              -77.13795511199999,
              -11.939988229999813
            ],
            [
              -77.13786911199998,
              -11.940279354999916
            ],
            [
              -77.13784761099998,
              -11.940341854999929
            ],
            [
              -77.1378457369999,
              -11.940412103999961
            ],
            [
              -77.13780486199983,
              -11.940601604999927
            ],
            [
              -77.1377832359999,
              -11.940714854999896
            ],
            [
              -77.1377284859999,
              -11.94093160499989
            ],
            [
              -77.13767573699988,
              -11.941206979999947
            ],
            [
              -77.13757811099998,
              -11.941664104999916
            ],
            [
              -77.13754486199997,
              -11.941753854999888
            ],
            [
              -77.13750973599991,
              -11.941837854999903
            ],
            [
              -77.13747461199995,
              -11.942013604999886
            ],
            [
              -77.1374354859999,
              -11.942185604999906
            ],
            [
              -77.13739648599994,
              -11.942343729999948
            ],
            [
              -77.13738673599994,
              -11.942417978999856
            ],
            [
              -77.13735548599993,
              -11.94257035399994
            ],
            [
              -77.13731448699991,
              -11.942703104999907
            ],
            [
              -77.13725786199996,
              -11.942974603999971
            ],
            [
              -77.1372069869999,
              -11.943195353999954
            ],
            [
              -77.13711911099995,
              -11.943576229999962
            ],
            [
              -77.13709373699987,
              -11.9437402289999
            ],
            [
              -77.13703323699991,
              -11.94401935399992
            ],
            [
              -77.13695311199996,
              -11.944439479999971
            ],
            [
              -77.13689448699989,
              -11.94474997999987
            ],
            [
              -77.13684761199994,
              -11.944921854999905
            ],
            [
              -77.13683011199998,
              -11.945025354999927
            ],
            [
              -77.13677348599992,
              -11.945277354999916
            ],
            [
              -77.13674611199997,
              -11.945412104999946
            ],
            [
              -77.13669536099997,
              -11.945642603999943
            ],
            [
              -77.1366347359999,
              -11.945806603999927
            ],
            [
              -77.13659761099996,
              -11.945921854999938
            ],
            [
              -77.13657811099995,
              -11.945998104999944
            ],
            [
              -77.13657811099995,
              -11.946107479999966
            ],
            [
              -77.13652923599989,
              -11.946361354999908
            ],
            [
              -77.13650786199997,
              -11.946546854999951
            ],
            [
              -77.13646286099998,
              -11.94671285499993
            ],
            [
              -77.13640823599991,
              -11.94714847999984
            ],
            [
              -77.1363984869999,
              -11.947273478999875
            ],
            [
              -77.13638286199995,
              -11.94735760499998
            ],
            [
              -77.13631836099995,
              -11.947591854999928
            ],
            [
              -77.13624223599993,
              -11.947988229999964
            ],
            [
              -77.13618948599992,
              -11.94819922999983
            ],
            [
              -77.1361269869999,
              -11.948374854999884
            ],
            [
              -77.13604486099996,
              -11.94870510499993
            ],
            [
              -77.13600386099995,
              -11.948849604999907
            ],
            [
              -77.13596686099999,
              -11.949013729999876
            ],
            [
              -77.13594136199998,
              -11.949089853999965
            ],
            [
              -77.13590623599993,
              -11.949189479999973
            ],
            [
              -77.13586323699991,
              -11.949378854999907
            ],
            [
              -77.13580273699989,
              -11.949595729999885
            ],
            [
              -77.13572848599989,
              -11.949900354999954
            ],
            [
              -77.13564848699991,
              -11.950228479999964
            ],
            [
              -77.13556836199996,
              -11.950496104999957
            ],
            [
              -77.13552348599995,
              -11.950691353999957
            ],
            [
              -77.13547661099983,
              -11.95079885499996
            ],
            [
              -77.13542761099995,
              -11.951029354999946
            ],
            [
              -77.13537886099994,
              -11.951240229999883
            ],
            [
              -77.13531836099997,
              -11.951519479999831
            ],
            [
              -77.13525386099997,
              -11.9518457289999
            ],
            [
              -77.13521098599995,
              -11.952144479999959
            ],
            [
              -77.13517386199999,
              -11.952369104999946
            ],
            [
              -77.13516211199999,
              -11.952496104999966
            ],
            [
              -77.13515236099983,
              -11.95272072999984
            ],
            [
              -77.13514261099982,
              -11.952931604999947
            ],
            [
              -77.13512111099999,
              -11.95313672999987
            ],
            [
              -77.13511136199998,
              -11.95326547999997
            ],
            [
              -77.13510348699987,
              -11.953382854999973
            ],
            [
              -77.13509173699998,
              -11.953443354999933
            ],
            [
              -77.13506836099998,
              -11.953494104999947
            ],
            [
              -77.13503711099997,
              -11.953640604999919
            ],
            [
              -77.13502348599991,
              -11.953783229999885
            ],
            [
              -77.1350019869999,
              -11.953865229999963
            ],
            [
              -77.13497461199995,
              -11.954029353999942
            ],
            [
              -77.13494711199996,
              -11.954187479999973
            ],
            [
              -77.13491798599995,
              -11.954322229999832
            ],
            [
              -77.13488861099995,
              -11.954404354999951
            ],
            [
              -77.13486723599993,
              -11.954539104999924
            ],
            [
              -77.13483986099999,
              -11.954671854999958
            ],
            [
              -77.13480661099999,
              -11.9548847289999
            ],
            [
              -77.13478123699991,
              -11.955054854999958
            ],
            [
              -77.13476761199996,
              -11.955179728999894
            ],
            [
              -77.13474223599991,
              -11.955302729999971
            ],
            [
              -77.13471286099997,
              -11.95547460399996
            ],
            [
              -77.13469136199996,
              -11.95558785499992
            ],
            [
              -77.1346562359999,
              -11.955748104999941
            ],
            [
              -77.13463861199995,
              -11.955865229999972
            ],
            [
              -77.13462511099988,
              -11.956019479999838
            ],
            [
              -77.13460348699988,
              -11.956140604999916
            ],
            [
              -77.13458198599989,
              -11.956308604999947
            ],
            [
              -77.13455661099994,
              -11.956539103999944
            ],
            [
              -77.13453123599993,
              -11.956769479999878
            ],
            [
              -77.13451561099998,
              -11.956914104999953
            ],
            [
              -77.13450198599992,
              -11.957066354999938
            ],
            [
              -77.13448236099998,
              -11.957208979999848
            ],
            [
              -77.13446686099996,
              -11.957544979999852
            ],
            [
              -77.13445698599992,
              -11.957871104999924
            ],
            [
              -77.1344257369999,
              -11.958156104999944
            ],
            [
              -77.13438861099996,
              -11.958292979999896
            ],
            [
              -77.1343632359999,
              -11.958343604999925
            ],
            [
              -77.13432811099995,
              -11.95847660399994
            ],
            [
              -77.13429686099994,
              -11.958560604999946
            ],
            [
              -77.13424023599993,
              -11.958755854999936
            ],
            [
              -77.13418161099997,
              -11.958949229999973
            ],
            [
              -77.1341464869999,
              -11.959126979999894
            ],
            [
              -77.13411136099995,
              -11.959248104999972
            ],
            [
              -77.13409961099995,
              -11.95932422999988
            ],
            [
              -77.13408598599995,
              -11.959443353999973
            ],
            [
              -77.13402736099982,
              -11.959958979999897
            ],
            [
              -77.13401561199998,
              -11.96012697999987
            ],
            [
              -77.13397261099993,
              -11.960482478999893
            ],
            [
              -77.13392773599992,
              -11.96093360499998
            ],
            [
              -77.13389448599992,
              -11.961285104999945
            ],
            [
              -77.13383598699988,
              -11.96169722999997
            ],
            [
              -77.13376948599989,
              -11.961988229999974
            ],
            [
              -77.13371686099998,
              -11.96218360499995
            ],
            [
              -77.13362111099997,
              -11.962673854999935
            ],
            [
              -77.1335527359999,
              -11.963134729999979
            ],
            [
              -77.13354498699988,
              -11.963498103999939
            ],
            [
              -77.13353511199995,
              -11.963664104999964
            ],
            [
              -77.13354098699989,
              -11.963880854999957
            ],
            [
              -77.13352923699989,
              -11.96400385499993
            ],
            [
              -77.13349411099995,
              -11.96468947999989
            ],
            [
              -77.13342973699991,
              -11.966025354999942
            ],
            [
              -77.13341998599992,
              -11.966152353999973
            ],
            [
              -77.13339261099998,
              -11.966349603999959
            ],
            [
              -77.13337698599992,
              -11.96664847999989
            ],
            [
              -77.13334761199997,
              -11.96698247899991
            ],
            [
              -77.13336323599992,
              -11.967382853999823
            ],
            [
              -77.13334961099997,
              -11.967746104999947
            ],
            [
              -77.1333359859999,
              -11.968093729999907
            ],
            [
              -77.13333011199995,
              -11.96817572999987
            ],
            [
              -77.13332611199996,
              -11.968248103999827
            ],
            [
              -77.13331048599991,
              -11.968374978999918
            ],
            [
              -77.13327348599995,
              -11.9686367299999
            ],
            [
              -77.13325386099996,
              -11.968773479999868
            ],
            [
              -77.13324223599994,
              -11.968949229999907
            ],
            [
              -77.13321098599994,
              -11.969236354999964
            ],
            [
              -77.13315611099995,
              -11.969685603999949
            ],
            [
              -77.13315036099993,
              -11.970380854999974
            ],
            [
              -77.13315448599997,
              -11.970587853999973
            ],
            [
              -77.13310936199997,
              -11.97106447899995
            ],
            [
              -77.13305073599992,
              -11.971601604999933
            ],
            [
              -77.13303511099997,
              -11.972119104999933
            ],
            [
              -77.13302936099996,
              -11.972218729999895
            ],
            [
              -77.13301361099997,
              -11.97234560499993
            ],
            [
              -77.13299998699989,
              -11.972451229999876
            ],
            [
              -77.13293548699988,
              -11.972677729999873
            ],
            [
              -77.13290036099994,
              -11.972767604999945
            ],
            [
              -77.13285736099994,
              -11.972849604999965
            ],
            [
              -77.13281048699986,
              -11.972956978999889
            ],
            [
              -77.13276761199995,
              -11.973033229999885
            ],
            [
              -77.13274611099996,
              -11.973083979999899
            ],
            [
              -77.1326874859999,
              -11.973294979999878
            ],
            [
              -77.13266598699988,
              -11.973460979999913
            ],
            [
              -77.13270111099996,
              -11.973564478999947
            ],
            [
              -77.13272261099996,
              -11.97349222999992
            ],
            [
              -77.13275786099996,
              -11.973355479999896
            ],
            [
              -77.13282423599992,
              -11.973164104999967
            ],
            [
              -77.13287698599993,
              -11.973212854999929
            ],
            [
              -77.13287886099994,
              -11.973292979999883
            ],
            [
              -77.13288873699992,
              -11.97335747999989
            ],
            [
              -77.13289261199998,
              -11.973539103999826
            ],
            [
              -77.13288473699998,
              -11.973644479999905
            ],
            [
              -77.13288473599994,
              -11.973830104999934
            ],
            [
              -77.13285736099994,
              -11.974066354999934
            ],
            [
              -77.13283986199997,
              -11.974169979999886
            ],
            [
              -77.13282036099997,
              -11.97429885399987
            ],
            [
              -77.13277536099997,
              -11.974427728999899
            ],
            [
              -77.13276561099997,
              -11.97454297999991
            ],
            [
              -77.13278511099998,
              -11.97465622999988
            ],
            [
              -77.13281248599992,
              -11.9747949799999
            ],
            [
              -77.13283011099998,
              -11.974914104999982
            ],
            [
              -77.13281836199997,
              -11.97503122899991
            ],
            [
              -77.13280848599987,
              -11.975273479999885
            ],
            [
              -77.13282036099997,
              -11.97537310399997
            ],
            [
              -77.13283598599992,
              -11.97552735499994
            ],
            [
              -77.13284961099998,
              -11.975626979999902
            ],
            [
              -77.13281448599992,
              -11.975787104999938
            ],
            [
              -77.13279886199996,
              -11.975982479999914
            ],
            [
              -77.13277536099997,
              -11.976201229999901
            ],
            [
              -77.1327617369999,
              -11.97631060499998
            ],
            [
              -77.1327422359999,
              -11.976492229999906
            ],
            [
              -77.13276761099996,
              -11.976607479999927
            ],
            [
              -77.13280661099998,
              -11.976734353999973
            ],
            [
              -77.1328144869999,
              -11.976831979999872
            ],
            [
              -77.13282423699991,
              -11.976939479999885
            ],
            [
              -77.13278136099996,
              -11.977009729999907
            ],
            [
              -77.13270111099996,
              -11.977062478999926
            ],
            [
              -77.13262498599994,
              -11.977126979999923
            ],
            [
              -77.13261323599988,
              -11.97719335499994
            ],
            [
              -77.13266798699988,
              -11.977248103999841
            ],
            [
              -77.13276373699989,
              -11.97731635499997
            ],
            [
              -77.13277736099997,
              -11.977490229999887
            ],
            [
              -77.13277736199996,
              -11.9775527299999
            ],
            [
              -77.13279098699991,
              -11.977615229999913
            ],
            [
              -77.13279886099997,
              -11.977736354999934
            ],
            [
              -77.13283598699991,
              -11.977900354999974
            ],
            [
              -77.13284573599992,
              -11.978039104999937
            ],
            [
              -77.13284186099997,
              -11.978287104999936
            ],
            [
              -77.13284573599992,
              -11.97857810499994
            ],
            [
              -77.13285548599993,
              -11.978707104999955
            ],
            [
              -77.13287111099999,
              -11.97888472999989
            ],
            [
              -77.13290036099994,
              -11.979134604999956
            ],
            [
              -77.13290036099994,
              -11.97933197999987
            ],
            [
              -77.13291986099995,
              -11.979490228999907
            ],
            [
              -77.13292773599994,
              -11.979693354999938
            ],
            [
              -77.13293361099994,
              -11.979951229999926
            ],
            [
              -77.13293161199994,
              -11.980058604999954
            ],
            [
              -77.13295311099995,
              -11.980292978999955
            ],
            [
              -77.13296698599993,
              -11.980415979999918
            ],
            [
              -77.13297661099995,
              -11.980513729999927
            ],
            [
              -77.1329882359999,
              -11.980587854999953
            ],
            [
              -77.13298636099995,
              -11.980759729999875
            ],
            [
              -77.13298236199995,
              -11.980949229999908
            ],
            [
              -77.1330019859999,
              -11.981165854999972
            ],
            [
              -77.13300786199994,
              -11.98132035499998
            ],
            [
              -77.1330117359999,
              -11.98143360499995
            ],
            [
              -77.1329902359999,
              -11.981574229999921
            ],
            [
              -77.13299223599995,
              -11.981734354999958
            ],
            [
              -77.1329979859999,
              -11.981806729999903
            ],
            [
              -77.13303511099997,
              -11.982050729999912
            ],
            [
              -77.13304486099997,
              -11.982261729999891
            ],
            [
              -77.13306836099997,
              -11.982513729999937
            ],
            [
              -77.13307811099997,
              -11.982808604999946
            ],
            [
              -77.13309961099998,
              -11.983044979999931
            ],
            [
              -77.13314261099998,
              -11.983335978999946
            ],
            [
              -77.13317386099999,
              -11.983599604999938
            ],
            [
              -77.13318548599989,
              -11.983689479999896
            ],
            [
              -77.13321873599989,
              -11.983865229999935
            ],
            [
              -77.13322661099983,
              -11.983976604999953
            ],
            [
              -77.13325386099996,
              -11.984130979999918
            ],
            [
              -77.13327148699989,
              -11.984464854999942
            ],
            [
              -77.13328898599991,
              -11.984574228999918
            ],
            [
              -77.13331836099997,
              -11.984732478999945
            ],
            [
              -77.13333011099996,
              -11.98481060499995
            ],
            [
              -77.1333319869999,
              -11.984906354999964
            ],
            [
              -77.13335548599991,
              -11.985101604999954
            ],
            [
              -77.13338286199996,
              -11.985320354999942
            ],
            [
              -77.13339061099998,
              -11.98542185499997
            ],
            [
              -77.13342573699998,
              -11.985550729999886
            ],
            [
              -77.13341798599993,
              -11.985736354999972
            ],
            [
              -77.13343948699992,
              -11.985898479999946
            ],
            [
              -77.13346098599993,
              -11.985998104999965
            ],
            [
              -77.133490237,
              -11.986117229999934
            ],
            [
              -77.1335312359999,
              -11.98626172999991
            ],
            [
              -77.13355861099996,
              -11.986501978999968
            ],
            [
              -77.13356248699989,
              -11.986701229999937
            ],
            [
              -77.13358786099997,
              -11.986910103999833
            ],
            [
              -77.13357811199995,
              -11.987095729999908
            ],
            [
              -77.13359961199995,
              -11.987218729999938
            ],
            [
              -77.1336054869999,
              -11.987437478999937
            ],
            [
              -77.13359761099997,
              -11.987503854999943
            ],
            [
              -77.13360736099997,
              -11.987623104999955
            ],
            [
              -77.13366011099998,
              -11.98794335499997
            ],
            [
              -77.13368961099997,
              -11.988181603999976
            ],
            [
              -77.13369336199997,
              -11.988273354999933
            ],
            [
              -77.13376561099994,
              -11.988669978999951
            ],
            [
              -77.13380661199994,
              -11.988808479999875
            ],
            [
              -77.13382611099996,
              -11.98887697999993
            ],
            [
              -77.1338339859999,
              -11.98893747999989
            ],
            [
              -77.13386911099997,
              -11.989017604999958
            ],
            [
              -77.13389061099997,
              -11.98918360399989
            ],
            [
              -77.13392773599992,
              -11.989314479999905
            ],
            [
              -77.13394723599993,
              -11.989449353999873
            ],
            [
              -77.13394923599992,
              -11.989535104999959
            ],
            [
              -77.13395511099998,
              -11.98967972999992
            ],
            [
              -77.13397848599993,
              -11.989765604999945
            ],
            [
              -77.13399611199998,
              -11.990060603999893
            ],
            [
              -77.13402348599993,
              -11.990349604999949
            ],
            [
              -77.13405273599994,
              -11.990533229999926
            ],
            [
              -77.13405273599994,
              -11.990593729999944
            ],
            [
              -77.13407423699988,
              -11.990736354999967
            ],
            [
              -77.13410161099995,
              -11.990888729999938
            ],
            [
              -77.13414461099995,
              -11.991134729999942
            ],
            [
              -77.13414848699989,
              -11.991251979999902
            ],
            [
              -77.13416411099996,
              -11.991341854999973
            ],
            [
              -77.1341679869999,
              -11.991503853999973
            ],
            [
              -77.13417573699991,
              -11.99156835499997
            ],
            [
              -77.13421286199997,
              -11.991910104999818
            ],
            [
              -77.13424023599993,
              -11.992164104999972
            ],
            [
              -77.13426561099999,
              -11.992281228999957
            ],
            [
              -77.13427536099994,
              -11.992353479999906
            ],
            [
              -77.134300737,
              -11.992431604999979
            ],
            [
              -77.13432223599989,
              -11.992546854999944
            ],
            [
              -77.1343867359999,
              -11.9928847299999
            ],
            [
              -77.13440436099995,
              -11.993027354999981
            ],
            [
              -77.13444136099997,
              -11.993228479999914
            ],
            [
              -77.13450198599992,
              -11.993435604999831
            ],
            [
              -77.13450586099998,
              -11.993636729999935
            ],
            [
              -77.13451773599996,
              -11.993843729999924
            ],
            [
              -77.13454098599993,
              -11.993978478999963
            ],
            [
              -77.13458198699988,
              -11.994158229999925
            ],
            [
              -77.13465036199995,
              -11.994419854999819
            ],
            [
              -77.1346757359999,
              -11.994601604999957
            ],
            [
              -77.1346777359999,
              -11.994708978999938
            ],
            [
              -77.1346874859999,
              -11.994906229999913
            ],
            [
              -77.13470111099997,
              -11.995015604999821
            ],
            [
              -77.13474023599991,
              -11.99517772999991
            ],
            [
              -77.13477148599992,
              -11.995281229999932
            ],
            [
              -77.13482036099998,
              -11.995533229999921
            ],
            [
              -77.13482423699992,
              -11.995673854999836
            ],
            [
              -77.13483598699992,
              -11.995728478999979
            ],
            [
              -77.13484173599988,
              -11.995847603999891
            ],
            [
              -77.13486136099982,
              -11.995990229999904
            ],
            [
              -77.13486911099994,
              -11.996101604999978
            ],
            [
              -77.13486536099998,
              -11.996236479999936
            ],
            [
              -77.13487886199994,
              -11.996406229999934
            ],
            [
              -77.1348924859999,
              -11.996533229999955
            ],
            [
              -77.13492773699988,
              -11.996703104999824
            ],
            [
              -77.13493748699989,
              -11.996839854999962
            ],
            [
              -77.13496486099996,
              -11.9970389799999
            ],
            [
              -77.1350117369999,
              -11.997285104999946
            ],
            [
              -77.13508398599993,
              -11.997501979999925
            ],
            [
              -77.13514261199998,
              -11.997888729999943
            ],
            [
              -77.13516023599993,
              -11.99799610499997
            ],
            [
              -77.13516411199998,
              -11.99820122999995
            ],
            [
              -77.1352089859999,
              -11.998410104999948
            ],
            [
              -77.1351972359999,
              -11.998755854999956
            ],
            [
              -77.13522661099995,
              -11.998826229999963
            ],
            [
              -77.13524011099997,
              -11.998906229999932
            ],
            [
              -77.1352617359999,
              -11.99909772999996
            ],
            [
              -77.1352382359999,
              -11.999314479999953
            ],
            [
              -77.13526561199996,
              -11.999376979999965
            ],
            [
              -77.13543361099983,
              -11.999665979999918
            ],
            [
              -77.13545323599993,
              -11.999765479999894
            ],
            [
              -77.13542973599994,
              -11.99985160499989
            ],
            [
              -77.13545898599995,
              -11.99994335499997
            ],
            [
              -77.13550586199995,
              -12.000052729999936
            ],
            [
              -77.13554486199996,
              -12.000142604999837
            ],
            [
              -77.13556636099997,
              -12.000197229999912
            ],
            [
              -77.1369237369999,
              -12.00015622999996
            ],
            [
              -77.13743948599995,
              -12.000154354999893
            ],
            [
              -77.13742386199993,
              -12.0002188549999
            ],
            [
              -77.13560936099998,
              -12.000296854999874
            ],
            [
              -77.13564648599993,
              -12.0003808539999
            ],
            [
              -77.13564261099998,
              -12.000458979999962
            ],
            [
              -77.13561136099997,
              -12.000511729999914
            ],
            [
              -77.13556636099997,
              -12.000593854999977
            ],
            [
              -77.13553336099989,
              -12.00069335499984
            ],
            [
              -77.13552923599991,
              -12.000767604999965
            ],
            [
              -77.13553498699997,
              -12.000939479999943
            ],
            [
              -77.1355507369999,
              -12.001019479999911
            ],
            [
              -77.1355722369999,
              -12.00108785499998
            ],
            [
              -77.13564848599992,
              -12.001187479999942
            ],
            [
              -77.13572061199994,
              -12.001294979999955
            ],
            [
              -77.1357714859999,
              -12.001552729999958
            ],
            [
              -77.13579486199995,
              -12.00172847999994
            ],
            [
              -77.13581448699989,
              -12.001857478999966
            ],
            [
              -77.13584961099997,
              -12.001984354999877
            ],
            [
              -77.13587111099997,
              -12.002046854999833
            ],
            [
              -77.13590036099998,
              -12.002205104999973
            ],
            [
              -77.13595698699999,
              -12.002605479999943
            ],
            [
              -77.13595311199998,
              -12.002695354999844
            ],
            [
              -77.13598048599994,
              -12.002867229999936
            ],
            [
              -77.13602936199999,
              -12.002941354999962
            ],
            [
              -77.13607811099996,
              -12.003050729999927
            ],
            [
              -77.13606636099996,
              -12.00318360499989
            ],
            [
              -77.13604486099996,
              -12.003320354999971
            ],
            [
              -77.13603711199994,
              -12.003396479999935
            ],
            [
              -77.13603711099995,
              -12.003519479999909
            ],
            [
              -77.13607611199996,
              -12.003572229999918
            ],
            [
              -77.13609761099997,
              -12.003636729999926
            ],
            [
              -77.13609761099997,
              -12.00371685499988
            ],
            [
              -77.13608598599996,
              -12.003841853999916
            ],
            [
              -77.1361034869999,
              -12.004120979999925
            ],
            [
              -77.13614448599992,
              -12.004330104999895
            ],
            [
              -77.13622861099998,
              -12.004562479999947
            ],
            [
              -77.13625198599993,
              -12.004695354999853
            ],
            [
              -77.13628323699987,
              -12.004800729999943
            ],
            [
              -77.13631448599995,
              -12.004998104999856
            ],
            [
              -77.1363769859999,
              -12.00531247999993
            ],
            [
              -77.1364179869999,
              -12.005531229999917
            ],
            [
              -77.13642573599992,
              -12.005703104999839
            ],
            [
              -77.13640036099997,
              -12.005792979999967
            ],
            [
              -77.1363437359999,
              -12.005867229999978
            ],
            [
              -77.13627148599994,
              -12.005919978999941
            ],
            [
              -77.13614648599992,
              -12.006037104999848
            ],
            [
              -77.13634961099996,
              -12.005976604999887
            ],
            [
              -77.1364297369999,
              -12.005980479999948
            ],
            [
              -77.13649998599993,
              -12.00600972899997
            ],
            [
              -77.13655273599994,
              -12.00604485499997
            ],
            [
              -77.13656836099995,
              -12.00613085499998
            ],
            [
              -77.13662311199994,
              -12.006406229999925
            ],
            [
              -77.13662698699989,
              -12.006498229999977
            ],
            [
              -77.13667386099996,
              -12.006830103999903
            ],
            [
              -77.13671286099998,
              -12.006984354999872
            ],
            [
              -77.13674811199996,
              -12.007210979999968
            ],
            [
              -77.13679486199999,
              -12.007531229999927
            ],
            [
              -77.1368632359999,
              -12.00787497999994
            ],
            [
              -77.13695698599992,
              -12.00829885499985
            ],
            [
              -77.13707423599993,
              -12.008867229999964
            ],
            [
              -77.13714261199993,
              -12.009240229999932
            ],
            [
              -77.13723636099996,
              -12.009572229999947
            ],
            [
              -77.13728711099998,
              -12.009953104999852
            ],
            [
              -77.13738473599994,
              -12.01032422999998
            ],
            [
              -77.13744336199994,
              -12.01058010499986
            ],
            [
              -77.13745111199995,
              -12.010656229999938
            ],
            [
              -77.13750586199995,
              -12.010853479999923
            ],
            [
              -77.13751161099998,
              -12.010949229999937
            ],
            [
              -77.13753323599991,
              -12.011027353999907
            ],
            [
              -77.13759573699991,
              -12.011216854999873
            ],
            [
              -77.13766598699988,
              -12.011398479999968
            ],
            [
              -77.13771486099995,
              -12.01152535499989
            ],
            [
              -77.13778123599991,
              -12.011792979999939
            ],
            [
              -77.13782611199997,
              -12.011953104999975
            ],
            [
              -77.13786323699986,
              -12.012130854999896
            ],
            [
              -77.13789261199997,
              -12.012181604999853
            ],
            [
              -77.13793548599989,
              -12.012328103999891
            ],
            [
              -77.1379784859999,
              -12.012486353999918
            ],
            [
              -77.13805661099997,
              -12.012681604999898
            ],
            [
              -77.13807036099996,
              -12.012781229999973
            ],
            [
              -77.13813086099998,
              -12.012956979999956
            ],
            [
              -77.13817573699987,
              -12.013058604999856
            ],
            [
              -77.13827148599995,
              -12.013345729999969
            ],
            [
              -77.1382909859999,
              -12.013398479999978
            ],
            [
              -77.13833011199995,
              -12.013460979999934
            ],
            [
              -77.13838086099997,
              -12.013583979999964
            ],
            [
              -77.13841598599993,
              -12.013691353999889
            ],
            [
              -77.13849223599993,
              -12.0138516049999
            ],
            [
              -77.13855661099996,
              -12.014007979999974
            ],
            [
              -77.13859173599991,
              -12.014136728999972
            ],
            [
              -77.1386679869999,
              -12.014326229999938
            ],
            [
              -77.13872848699987,
              -12.014451229999963
            ],
            [
              -77.13883986099995,
              -12.01468160499985
            ],
            [
              -77.13894136199997,
              -12.014886729999944
            ],
            [
              -77.13901561099982,
              -12.015027354999859
            ],
            [
              -77.13907223599995,
              -12.01521085499985
            ],
            [
              -77.1391562359999,
              -12.015380854999876
            ],
            [
              -77.13918748599991,
              -12.01544722899996
            ],
            [
              -77.13923636099997,
              -12.015621104999866
            ],
            [
              -77.13931248599994,
              -12.015744104999897
            ],
            [
              -77.13936523599995,
              -12.015865229999974
            ],
            [
              -77.1394257369999,
              -12.015966853999942
            ],
            [
              -77.13950198599991,
              -12.016154353999923
            ],
            [
              -77.13955073599993,
              -12.016289104999885
            ],
            [
              -77.1397714869999,
              -12.016757854999867
            ],
            [
              -77.13995311099995,
              -12.017089854999881
            ],
            [
              -77.14020311099995,
              -12.01767572999995
            ],
            [
              -77.1405097359999,
              -12.018351604999907
            ],
            [
              -77.14070698599994,
              -12.018755854999881
            ],
            [
              -77.1412537359999,
              -12.020035104999863
            ],
            [
              -77.14148236099999,
              -12.020540979999964
            ],
            [
              -77.14163086099995,
              -12.020855479999966
            ],
            [
              -77.14172848599992,
              -12.021117103999927
            ],
            [
              -77.14183998599998,
              -12.02138672999996
            ],
            [
              -77.14196286099997,
              -12.021665979999966
            ],
            [
              -77.14213086199999,
              -12.021972729999959
            ],
            [
              -77.1421619859999,
              -12.022035104999873
            ],
            [
              -77.14215036199994,
              -12.022097604999885
            ],
            [
              -77.14208986199998,
              -12.022134729999948
            ],
            [
              -77.14199611099997,
              -12.022128854999892
            ],
            [
              -77.1416562359999,
              -12.022066354999879
            ],
            [
              -77.14157811099983,
              -12.022031229999982
            ],
            [
              -77.1414512369999,
              -12.021949229999962
            ],
            [
              -77.14128123599994,
              -12.021861353999952
            ],
            [
              -77.14117773599992,
              -12.021781229999931
            ],
            [
              -77.14105273599995,
              -12.02169135499986
            ],
            [
              -77.14101948599995,
              -12.021636729999955
            ],
            [
              -77.14098636099999,
              -12.021515604999877
            ],
            [
              -77.14094923599993,
              -12.021411979999925
            ],
            [
              -77.14089448599992,
              -12.021267604999878
            ],
            [
              -77.14085748599996,
              -12.021212854999874
            ],
            [
              -77.14079686099996,
              -12.021134729999972
            ],
            [
              -77.14071098599993,
              -12.021060604999889
            ],
            [
              -77.14070511099999,
              -12.020988229999944
            ],
            [
              -77.14072461099983,
              -12.020912104999866
            ],
            [
              -77.14073636099988,
              -12.020843729999967
            ],
            [
              -77.14073636199998,
              -12.02077147999995
            ],
            [
              -77.14073048599994,
              -12.020472604999895
            ],
            [
              -77.14071486099988,
              -12.020255854999903
            ],
            [
              -77.14063086099998,
              -12.020148479999932
            ],
            [
              -77.14052736199994,
              -12.020058604999917
            ],
            [
              -77.14048048599994,
              -12.019972604999907
            ],
            [
              -77.14044923599994,
              -12.019851604999872
            ],
            [
              -77.14042186099982,
              -12.01980072899994
            ],
            [
              -77.14031823599993,
              -12.019689479999954
            ],
            [
              -77.14028911099996,
              -12.01961910499989
            ],
            [
              -77.1402929869999,
              -12.01953710499987
            ],
            [
              -77.14033198699991,
              -12.019327979999957
            ],
            [
              -77.1403359869999,
              -12.01926560399994
            ],
            [
              -77.14030861199996,
              -12.019121104999897
            ],
            [
              -77.1402812369999,
              -12.019048853999948
            ],
            [
              -77.14023436099995,
              -12.019001979999928
            ],
            [
              -77.14014648699992,
              -12.018886729999963
            ],
            [
              -77.14010361099997,
              -12.018833979999954
            ],
            [
              -77.13999411099996,
              -12.018761729999937
            ],
            [
              -77.13992573699988,
              -12.018736354999874
            ],
            [
              -77.13978511099998,
              -12.018701229999976
            ],
            [
              -77.1397187359999,
              -12.018701229999976
            ],
            [
              -77.13957811099982,
              -12.018720729999927
            ],
            [
              -77.1394472369999,
              -12.018765729999927
            ],
            [
              -77.1393847359999,
              -12.018812479999951
            ],
            [
              -77.13930661099982,
              -12.018912104999913
            ],
            [
              -77.13926561199997,
              -12.018966854999917
            ],
            [
              -77.13921286099998,
              -12.019011729999932
            ],
            [
              -77.1391464859999,
              -12.01904885499988
            ],
            [
              -77.13892386099997,
              -12.019078104999892
            ],
            [
              -77.1388632359999,
              -12.019113353999956
            ],
            [
              -77.13881448699988,
              -12.019177728999978
            ],
            [
              -77.13874411099982,
              -12.019289103999938
            ],
            [
              -77.13871873699992,
              -12.019349604999888
            ],
            [
              -77.13876361099994,
              -12.019404354999892
            ],
            [
              -77.13896686099997,
              -12.019456979999973
            ],
            [
              -77.13909761099995,
              -12.019499979999978
            ],
            [
              -77.13915823699989,
              -12.019482479999965
            ],
            [
              -77.13919923599991,
              -12.019427729999961
            ],
            [
              -77.13926361199998,
              -12.019435604999899
            ],
            [
              -77.13932036099999,
              -12.01947260399993
            ],
            [
              -77.13938673699988,
              -12.01948047999997
            ],
            [
              -77.13944723599991,
              -12.019453104999911
            ],
            [
              -77.1394784869999,
              -12.019388729999946
            ],
            [
              -77.1394667369999,
              -12.019228479999981
            ],
            [
              -77.1394492369999,
              -12.019037104999882
            ],
            [
              -77.1394707369999,
              -12.01897660499992
            ],
            [
              -77.13950786199996,
              -12.018919979999964
            ],
            [
              -77.13956448599993,
              -12.018892604999905
            ],
            [
              -77.13962886099995,
              -12.018873104999898
            ],
            [
              -77.1396874859999,
              -12.018908229999965
            ],
            [
              -77.13972461099996,
              -12.018962853999938
            ],
            [
              -77.13975198599991,
              -12.019025354999883
            ],
            [
              -77.13979886099997,
              -12.019169979999958
            ],
            [
              -77.13984761199998,
              -12.01929685499988
            ],
            [
              -77.13987111199998,
              -12.019427729999961
            ],
            [
              -77.13990036099995,
              -12.01952147999998
            ],
            [
              -77.13994136099996,
              -12.019583979999936
            ],
            [
              -77.14001948599991,
              -12.019667979999952
            ],
            [
              -77.14008398599992,
              -12.01974610499991
            ],
            [
              -77.14013673699992,
              -12.019800729999929
            ],
            [
              -77.14022461099995,
              -12.019917979999946
            ],
            [
              -77.14027348599996,
              -12.019968603999871
            ],
            [
              -77.14035936099998,
              -12.020087854999872
            ],
            [
              -77.14041011099982,
              -12.02017385399995
            ],
            [
              -77.14043948699992,
              -12.020267604999901
            ],
            [
              -77.14045123599993,
              -12.020349603999932
            ],
            [
              -77.14043548599994,
              -12.020456979999949
            ],
            [
              -77.14043748599994,
              -12.020548854999902
            ],
            [
              -77.14044536099988,
              -12.020660104999877
            ],
            [
              -77.14040623599993,
              -12.020746104999887
            ],
            [
              -77.14036136099998,
              -12.020792979999953
            ],
            [
              -77.14032811199996,
              -12.020855479999966
            ],
            [
              -77.14031448599991,
              -12.020919979999974
            ],
            [
              -77.14032223599992,
              -12.020982604999915
            ],
            [
              -77.14037498699992,
              -12.021078103999912
            ],
            [
              -77.14041211199998,
              -12.021162104999917
            ],
            [
              -77.14044336099983,
              -12.021251979999931
            ],
            [
              -77.14047261199994,
              -12.021316354999897
            ],
            [
              -77.14048636099983,
              -12.02137885499991
            ],
            [
              -77.14047836199995,
              -12.021451229999968
            ],
            [
              -77.14039261099998,
              -12.021523479999928
            ],
            [
              -77.14032611099998,
              -12.021605479999948
            ],
            [
              -77.14032811099997,
              -12.021669979999956
            ],
            [
              -77.14045123599993,
              -12.021632854999893
            ],
            [
              -77.14050786099983,
              -12.021595729999945
            ],
            [
              -77.1405742359999,
              -12.02157810499989
            ],
            [
              -77.14065236099998,
              -12.021613229999957
            ],
            [
              -77.14072261099994,
              -12.021671854999909
            ],
            [
              -77.14077736199994,
              -12.021749979999981
            ],
            [
              -77.14082811199995,
              -12.021822229999941
            ],
            [
              -77.14087898599996,
              -12.0219003549999
            ],
            [
              -77.14091598699991,
              -12.021972729999959
            ],
            [
              -77.14095511199997,
              -12.022025353999936
            ],
            [
              -77.14106461099988,
              -12.022132729999953
            ],
            [
              -77.14112111099996,
              -12.022177729999953
            ],
            [
              -77.14126561099982,
              -12.02224010499998
            ],
            [
              -77.14141798599991,
              -12.022257854999907
            ],
            [
              -77.14155473699992,
              -12.022248104999903
            ],
            [
              -77.14163086099995,
              -12.02223822999997
            ],
            [
              -77.14176948699992,
              -12.022236354999905
            ],
            [
              -77.14183398599994,
              -12.022244104999913
            ],
            [
              -77.14189648599995,
              -12.022236354999905
            ],
            [
              -77.1419589859999,
              -12.022199228999966
            ],
            [
              -77.14202748599996,
              -12.022199229999956
            ],
            [
              -77.14211136199998,
              -12.022218729999963
            ],
            [
              -77.14216411199999,
              -12.022242228999971
            ],
            [
              -77.14223248599995,
              -12.022224604999906
            ],
            [
              -77.14230473599991,
              -12.022177729999953
            ],
            [
              -77.14241411099988,
              -12.022068354999874
            ],
            [
              -77.14247661099984,
              -12.022050728999943
            ],
            [
              -77.14254686099997,
              -12.022050729999933
            ],
            [
              -77.14260736099999,
              -12.022040979999929
            ],
            [
              -77.14268948599994,
              -12.022048854999923
            ],
            [
              -77.1427382359999,
              -12.02212110399995
            ],
            [
              -77.1427382359999,
              -12.0221933549999
            ],
            [
              -77.14277736099996,
              -12.022255854999912
            ],
            [
              -77.14286911199997,
              -12.022372979999943
            ],
            [
              -77.14291986099983,
              -12.02249022999996
            ],
            [
              -77.14296098699992,
              -12.022634729999936
            ],
            [
              -77.14297461099983,
              -12.022859354999866
            ],
            [
              -77.14298236099995,
              -12.023031229999958
            ],
            [
              -77.14302736099984,
              -12.023185604999924
            ],
            [
              -77.14311323599992,
              -12.023347604999913
            ],
            [
              -77.14315823699991,
              -12.023472603999892
            ],
            [
              -77.143214861,
              -12.023617228999967
            ],
            [
              -77.14335161099984,
              -12.024158229999955
            ],
            [
              -77.14341411099997,
              -12.024357479999935
            ],
            [
              -77.14346873599993,
              -12.024482478999971
            ],
            [
              -77.14351761099988,
              -12.024626979999937
            ],
            [
              -77.14362111099996,
              -12.024943354999891
            ],
            [
              -77.14368161099998,
              -12.025144479999938
            ],
            [
              -77.14376761199998,
              -12.025486354999884
            ],
            [
              -77.14381636199994,
              -12.025691354999879
            ],
            [
              -77.14387311099989,
              -12.025935604999916
            ],
            [
              -77.14392586099984,
              -12.026171854999916
            ],
            [
              -77.14399023599992,
              -12.026367229999948
            ],
            [
              -77.14402536099988,
              -12.026521479999928
            ],
            [
              -77.14407811099983,
              -12.026728478999871
            ],
            [
              -77.14413473699989,
              -12.026845728999831
            ],
            [
              -77.14418948699989,
              -12.027134729999943
            ],
            [
              -77.14429298699991,
              -12.027513729999953
            ],
            [
              -77.14433198599994,
              -12.027748104999887
            ],
            [
              -77.14439061199994,
              -12.02796485499988
            ],
            [
              -77.14441986199995,
              -12.028037104999896
            ],
            [
              -77.14449223599996,
              -12.028234354999881
            ],
            [
              -77.14453123699991,
              -12.028386604999866
            ],
            [
              -77.14455273599992,
              -12.028540979999946
            ],
            [
              -77.14465823599994,
              -12.029228478999869
            ],
            [
              -77.14478323599997,
              -12.029705104999891
            ],
            [
              -77.14482223699991,
              -12.029849604999924
            ],
            [
              -77.14487298699987,
              -12.029984354999897
            ],
            [
              -77.14490036099983,
              -12.030058604999908
            ],
            [
              -77.14491986099995,
              -12.030128854999873
            ],
            [
              -77.14495111199994,
              -12.030210979999936
            ],
            [
              -77.1449882369999,
              -12.030336104999947
            ],
            [
              -77.14501948599991,
              -12.030400354999927
            ],
            [
              -77.14504886199995,
              -12.030480479999937
            ],
            [
              -77.14505861099997,
              -12.030544979999945
            ],
            [
              -77.14518748599994,
              -12.030562479999958
            ],
            [
              -77.14525786099989,
              -12.030556604999902
            ],
            [
              -77.14530861099996,
              -12.030580104999899
            ],
            [
              -77.14536523699991,
              -12.030617229999962
            ],
            [
              -77.14543748699992,
              -12.030712729999948
            ],
            [
              -77.14548636099988,
              -12.030769479999947
            ],
            [
              -77.14561723599996,
              -12.030878854999912
            ],
            [
              -77.14561136199995,
              -12.030964853999933
            ],
            [
              -77.14564061099998,
              -12.031037104999882
            ],
            [
              -77.14574611099988,
              -12.031046854999886
            ],
            [
              -77.14586136099985,
              -12.031107479999946
            ],
            [
              -77.14594536099997,
              -12.031154354999899
            ],
            [
              -77.14601761099988,
              -12.031195354999909
            ],
            [
              -77.14609573699994,
              -12.03124022999998
            ],
            [
              -77.14771873599994,
              -12.030800729999953
            ],
            [
              -77.14818948599992,
              -12.030671854999923
            ],
            [
              -77.14828323699993,
              -12.030673854999918
            ],
            [
              -77.14838473599991,
              -12.030705104999925
            ],
            [
              -77.14848048699992,
              -12.03077535499989
            ],
            [
              -77.14854298699993,
              -12.030892604999906
            ],
            [
              -77.14855473599994,
              -12.030978603999927
            ],
            [
              -77.14851561099988,
              -12.03127147999993
            ],
            [
              -77.14846098599998,
              -12.031623104999937
            ],
            [
              -77.14834761099996,
              -12.032326229999967
            ],
            [
              -77.14783011199995,
              -12.032882854999912
            ],
            [
              -77.14794336199998,
              -12.033992228999978
            ],
            [
              -77.14792573599993,
              -12.036406229999955
            ],
            [
              -77.14788861199997,
              -12.036857354999881
            ],
            [
              -77.1478437369999,
              -12.037101604999918
            ],
            [
              -77.14780861099985,
              -12.03728510499991
            ],
            [
              -77.14777336099996,
              -12.03754097999996
            ],
            [
              -77.14772661199999,
              -12.037769479999952
            ],
            [
              -77.14771286199993,
              -12.037853479999967
            ],
            [
              -77.14822073699992,
              -12.038158229999965
            ],
            [
              -77.14849998599993,
              -12.038337854999895
            ],
            [
              -77.14871673599993,
              -12.03852347999998
            ],
            [
              -77.14883398599994,
              -12.038640604999898
            ],
            [
              -77.14913473599995,
              -12.038978479999969
            ],
            [
              -77.14946098599995,
              -12.039369104999935
            ],
            [
              -77.14985936099998,
              -12.03980660499991
            ],
            [
              -77.15036136099985,
              -12.04038085499991
            ],
            [
              -77.15101361099988,
              -12.041140604999896
            ],
            [
              -77.1517304869999,
              -12.041955104999943
            ],
            [
              -77.15331048599995,
              -12.043792979999978
            ],
            [
              -77.15432023699992,
              -12.044958979999876
            ],
            [
              -77.15481836199996,
              -12.045535104999942
            ],
            [
              -77.15514448599993,
              -12.045902354999953
            ],
            [
              -77.15575586199998,
              -12.046642604999931
            ],
            [
              -77.15586911099984,
              -12.046726604999947
            ],
            [
              -77.15628323699991,
              -12.046841854999968
            ],
            [
              -77.15628711099998,
              -12.046921854999937
            ],
            [
              -77.15607811099989,
              -12.046871104999923
            ],
            [
              -77.15582423599994,
              -12.046787104999908
            ],
            [
              -77.15574023599993,
              -12.04673822999996
            ],
            [
              -77.15568373599996,
              -12.046685603999947
            ],
            [
              -77.15550386099989,
              -12.046476604999953
            ],
            [
              -77.15522461199998,
              -12.04613285499994
            ],
            [
              -77.15401173599997,
              -12.04473822999995
            ],
            [
              -77.15324411199998,
              -12.043849604999934
            ],
            [
              -77.15264648599992,
              -12.043146478999859
            ],
            [
              -77.15179298599998,
              -12.042162104999932
            ],
            [
              -77.15108198699988,
              -12.04133397999982
            ],
            [
              -77.15048823599994,
              -12.04066210499991
            ],
            [
              -77.14998048699994,
              -12.040078104999907
            ],
            [
              -77.14992573599994,
              -12.040123104999907
            ],
            [
              -77.14974223699994,
              -12.03993360499993
            ],
            [
              -77.14978711099997,
              -12.039861354999914
            ],
            [
              -77.14958398599993,
              -12.039628854999933
            ],
            [
              -77.14958998699996,
              -12.039701229999878
            ],
            [
              -77.14960936099999,
              -12.039765603999967
            ],
            [
              -77.14955273699991,
              -12.03978122999996
            ],
            [
              -77.14942573699989,
              -12.039683603999947
            ],
            [
              -77.14927348599997,
              -12.039521479999962
            ],
            [
              -77.14919123599992,
              -12.039404353999942
            ],
            [
              -77.14914848699993,
              -12.039324229999977
            ],
            [
              -77.1492499869999,
              -12.039242229999957
            ],
            [
              -77.14896286099997,
              -12.038912104999895
            ],
            [
              -77.14902923699992,
              -12.039046854999924
            ],
            [
              -77.14905861099999,
              -12.039154354999937
            ],
            [
              -77.14896873599992,
              -12.039060604999918
            ],
            [
              -77.14886923599994,
              -12.038937479999959
            ],
            [
              -77.14871873699991,
              -12.038775354999927
            ],
            [
              -77.14858011099989,
              -12.038660104999906
            ],
            [
              -77.14846861199999,
              -12.03856847999998
            ],
            [
              -77.14834373599996,
              -12.03849022999998
            ],
            [
              -77.14819723699992,
              -12.038400354999908
            ],
            [
              -77.14798648599998,
              -12.038339854999947
            ],
            [
              -77.14782611099997,
              -12.038249978999886
            ],
            [
              -77.14768548699988,
              -12.038132854999901
            ],
            [
              -77.14761911199997,
              -12.038097604999905
            ],
            [
              -77.14755073599991,
              -12.038080104999949
            ],
            [
              -77.14742386199998,
              -12.038072229999955
            ],
            [
              -77.14670111199996,
              -12.039333978999878
            ],
            [
              -77.14628123699993,
              -12.03913085499994
            ],
            [
              -77.14578711099983,
              -12.038867229999823
            ],
            [
              -77.14295311199999,
              -12.037437479999937
            ],
            [
              -77.14118561099997,
              -12.038005854999938
            ],
            [
              -77.14109761199995,
              -12.03819335399993
            ],
            [
              -77.14262698599993,
              -12.038929728999904
            ],
            [
              -77.14255661099997,
              -12.039068354999927
            ],
            [
              -77.14103511099995,
              -12.038302729999941
            ],
            [
              -77.14070698599994,
              -12.038892604999944
            ],
            [
              -77.14368361099997,
              -12.040378854999915
            ],
            [
              -77.14363473599991,
              -12.04047847999982
            ],
            [
              -77.14066586099995,
              -12.038999979999971
            ],
            [
              -77.14038086099998,
              -12.0395176049999
            ],
            [
              -77.14058011099996,
              -12.039679729999875
            ],
            [
              -77.1410819859999,
              -12.039951229999872
            ],
            [
              -77.14235748699991,
              -12.04059572999995
            ],
            [
              -77.14229486199997,
              -12.04071485499992
            ],
            [
              -77.13919523599992,
              -12.039148479999824
            ],
            [
              -77.13876561099983,
              -12.039105478999886
            ],
            [
              -77.13908011199999,
              -12.03937497999982
            ],
            [
              -77.13955861099998,
              -12.039615229999981
            ],
            [
              -77.14039261099998,
              -12.04004297899985
            ],
            [
              -77.14049411099995,
              -12.04018560499992
            ],
            [
              -77.14050586099995,
              -12.040384729999971
            ],
            [
              -77.14034186099997,
              -12.040753854999934
            ],
            [
              -77.14015436199998,
              -12.041119104999893
            ],
            [
              -77.14264248599994,
              -12.042402354999922
            ],
            [
              -77.14256261199995,
              -12.042537104999951
            ],
            [
              -77.14168148599992,
              -12.042093729999976
            ],
            [
              -77.14109761099996,
              -12.04179885499991
            ],
            [
              -77.14105473599994,
              -12.041845729999977
            ],
            [
              -77.14100973599994,
              -12.041900354999939
            ],
            [
              -77.14097073699992,
              -12.041972604999899
            ],
            [
              -77.14094336099998,
              -12.042035104999911
            ],
            [
              -77.14090423699992,
              -12.042117229999974
            ],
            [
              -77.14085936099997,
              -12.042205103999947
            ],
            [
              -77.14080473599995,
              -12.042326229999958
            ],
            [
              -77.14077161199998,
              -12.042378854999924
            ],
            [
              -77.14074998599995,
              -12.042460979999873
            ],
            [
              -77.14074998699988,
              -12.042539103999957
            ],
            [
              -77.14077536099995,
              -12.042615229999967
            ],
            [
              -77.1408007359999,
              -12.042695354999921
            ],
            [
              -77.14083198599991,
              -12.042839854999954
            ],
            [
              -77.1408339859999,
              -12.042921854999918
            ],
            [
              -77.14082811099996,
              -12.042994103999945
            ],
            [
              -77.1408222359999,
              -12.043074229999831
            ],
            [
              -77.14082811099996,
              -12.04313872999984
            ],
            [
              -77.14073823599995,
              -12.04331447899989
            ],
            [
              -77.14084761099997,
              -12.043310603999942
            ],
            [
              -77.1408632369999,
              -12.0433906049999
            ],
            [
              -77.14087111099997,
              -12.043455104999907
            ],
            [
              -77.14089648599992,
              -12.043544978999876
            ],
            [
              -77.14090611199998,
              -12.043626979999829
            ],
            [
              -77.14091598699991,
              -12.043693354999903
            ],
            [
              -77.14091598599992,
              -12.043779229999814
            ],
            [
              -77.14092573599993,
              -12.04385160499993
            ],
            [
              -77.14114261099996,
              -12.043742229999964
            ],
            [
              -77.14098636099999,
              -12.043878854999946
            ],
            [
              -77.14102536199994,
              -12.043951229999834
            ],
            [
              -77.14093361199997,
              -12.043956979999962
            ],
            [
              -77.14093361099998,
              -12.044097604999934
            ],
            [
              -77.14092573599993,
              -12.044160104999946
            ],
            [
              -77.1409082369999,
              -12.044232603999944
            ],
            [
              -77.14089448699991,
              -12.044287229999895
            ],
            [
              -77.14097261099982,
              -12.044283229999962
            ],
            [
              -77.14127923599995,
              -12.044271479999964
            ],
            [
              -77.14127536099983,
              -12.044347604999928
            ],
            [
              -77.14106836199994,
              -12.044351604999918
            ],
            [
              -77.14124998599993,
              -12.045376979999958
            ],
            [
              -77.1413534859999,
              -12.045414104999963
            ],
            [
              -77.14133398599995,
              -12.045546854999941
            ],
            [
              -77.14083786099997,
              -12.045453104999922
            ],
            [
              -77.14082436099989,
              -12.045617229999834
            ],
            [
              -77.14110736099997,
              -12.045990229999973
            ],
            [
              -77.14128323699993,
              -12.046195354999952
            ],
            [
              -77.14136723599995,
              -12.046472604999906
            ],
            [
              -77.14158398599994,
              -12.046718854999938
            ],
            [
              -77.14177348599992,
              -12.046818354999914
            ],
            [
              -77.14205661099999,
              -12.046761729999957
            ],
            [
              -77.14248636099984,
              -12.046222604999912
            ],
            [
              -77.14274823599999,
              -12.04595310499991
            ],
            [
              -77.1427812359999,
              -12.045820354999933
            ],
            [
              -77.14272848599995,
              -12.045699229999968
            ],
            [
              -77.14401761099998,
              -12.044181479999963
            ],
            [
              -77.14501561199995,
              -12.04299997999982
            ],
            [
              -77.14627148599993,
              -12.04407222999987
            ],
            [
              -77.14575586199999,
              -12.044677729999876
            ],
            [
              -77.1452694859999,
              -12.045263729999874
            ],
            [
              -77.14400786099998,
              -12.046718854999938
            ],
            [
              -77.14404098599994,
              -12.047181604999935
            ],
            [
              -77.14566223599996,
              -12.047111354999913
            ],
            [
              -77.14568561199997,
              -12.047347604999914
            ],
            [
              -77.14403323599993,
              -12.047441478999872
            ],
            [
              -77.14412698599995,
              -12.04824997999998
            ],
            [
              -77.14574811099999,
              -12.048169979999841
            ],
            [
              -77.14579886099989,
              -12.048943354999949
            ],
            [
              -77.14417186199995,
              -12.049072104999937
            ],
            [
              -77.14429298599993,
              -12.049861354999962
            ],
            [
              -77.14588473599991,
              -12.049785103999966
            ],
            [
              -77.14593161199997,
              -12.050546854999936
            ],
            [
              -77.14432423699992,
              -12.050660104999906
            ],
            [
              -77.14439061099984,
              -12.051523479999844
            ],
            [
              -77.14599798699987,
              -12.051363229999879
            ],
            [
              -77.14600586199998,
              -12.051712854999948
            ],
            [
              -77.14439261099989,
              -12.051855479999972
            ],
            [
              -77.14443748699989,
              -12.052343729999961
            ],
            [
              -77.14692386099989,
              -12.055308604999937
            ],
            [
              -77.14751561099996,
              -12.056013729999904
            ],
            [
              -77.14871486099997,
              -12.057414104999964
            ],
            [
              -77.14882811099989,
              -12.057031229999893
            ],
            [
              -77.14899411199997,
              -12.057031229999893
            ],
            [
              -77.14911136099988,
              -12.056954978999897
            ],
            [
              -77.14963473699993,
              -12.05649222999989
            ],
            [
              -77.1499647359999,
              -12.05622260399997
            ],
            [
              -77.14994923699993,
              -12.055939354999907
            ],
            [
              -77.14906248599993,
              -12.05494335499992
            ],
            [
              -77.1473242369999,
              -12.05288472999996
            ],
            [
              -77.14763473599993,
              -12.052656228999865
            ],
            [
              -77.14982611099998,
              -12.055197228999873
            ],
            [
              -77.14970511099989,
              -12.055281229999878
            ],
            [
              -77.15030273699989,
              -12.055999979999967
            ],
            [
              -77.15360736199995,
              -12.05108985499993
            ],
            [
              -77.15458598599997,
              -12.049683604999927
            ],
            [
              -77.15565623599997,
              -12.04877147999997
            ],
            [
              -77.15632036099998,
              -12.04847460499991
            ],
            [
              -77.15638086099989,
              -12.048566354999934
            ],
            [
              -77.15566411099991,
              -12.04883185499989
            ],
            [
              -77.15463286099998,
              -12.049740229999884
            ],
            [
              -77.15366798699995,
              -12.051146479999886
            ],
            [
              -77.1503653609999,
              -12.056081979999874
            ],
            [
              -77.15039648699991,
              -12.056171854999945
            ],
            [
              -77.14889261199994,
              -12.057439479999857
            ],
            [
              -77.14885161099988,
              -12.05769335499997
            ],
            [
              -77.14922461099997,
              -12.05811322999989
            ],
            [
              -77.14914848599994,
              -12.058185604999949
            ],
            [
              -77.14911136199999,
              -12.058119104999946
            ],
            [
              -77.14881836099988,
              -12.057792979999874
            ],
            [
              -77.14862111099984,
              -12.058607479999864
            ],
            [
              -77.14923048599996,
              -12.05872072999989
            ],
            [
              -77.14928323599997,
              -12.05843947999989
            ],
            [
              -77.14928511099998,
              -12.058376979999878
            ],
            [
              -77.14940236199999,
              -12.05843947999989
            ],
            [
              -77.14927536199997,
              -12.05881635499992
            ],
            [
              -77.14938086099988,
              -12.05888672999987
            ],
            [
              -77.14948423599992,
              -12.058974604999946
            ],
            [
              -77.14956048599993,
              -12.059064479999904
            ],
            [
              -77.14964648699993,
              -12.059169979999865
            ],
            [
              -77.1497148609999,
              -12.059308604999956
            ],
            [
              -77.14980273599997,
              -12.059451229999866
            ],
            [
              -77.14985936099998,
              -12.059802729999888
            ],
            [
              -77.14999411199994,
              -12.06009185499994
            ],
            [
              -77.15009373599992,
              -12.060343729999886
            ],
            [
              -77.15024611099989,
              -12.060451229999899
            ],
            [
              -77.15043548699992,
              -12.060560604999978
            ],
            [
              -77.15061523599996,
              -12.060757854999963
            ],
            [
              -77.15081448599994,
              -12.060919978999891
            ],
            [
              -77.15106636099983,
              -12.061171854999941
            ],
            [
              -77.15133598599994,
              -12.061371104999978
            ],
            [
              -77.15153711199997,
              -12.061501979999889
            ],
            [
              -77.15171286099996,
              -12.061607479999907
            ],
            [
              -77.15180273599992,
              -12.061687478999886
            ],
            [
              -77.15181036099995,
              -12.06175385399996
            ],
            [
              -77.15176948699991,
              -12.061857479999901
            ],
            [
              -77.15180073599993,
              -12.061984354999936
            ],
            [
              -77.15186148599997,
              -12.061999979999882
            ],
            [
              -77.15189848699993,
              -12.061910104999924
            ],
            [
              -77.15193548599996,
              -12.061855479999906
            ],
            [
              -77.15199223699994,
              -12.061876979999909
            ],
            [
              -77.1520527369999,
              -12.061919979999914
            ],
            [
              -77.15212498599993,
              -12.061984354999936
            ],
            [
              -77.15219136099984,
              -12.062013729999876
            ],
            [
              -77.15225786199983,
              -12.06206447999989
            ],
            [
              -77.15228511199996,
              -12.062136729999906
            ],
            [
              -77.15224223599995,
              -12.062183604999973
            ],
            [
              -77.15221486099989,
              -12.062296854999943
            ],
            [
              -77.15226761199995,
              -12.062339854999948
            ],
            [
              -77.15236723699991,
              -12.062271479999879
            ],
            [
              -77.15251361099996,
              -12.0623984799999
            ],
            [
              -77.15290823599997,
              -12.062578104999943
            ],
            [
              -77.15320311099998,
              -12.062708978999922
            ],
            [
              -77.15367961099997,
              -12.062951229999896
            ],
            [
              -77.15411523599994,
              -12.063199228999906
            ],
            [
              -77.15441011099989,
              -12.063404354999932
            ],
            [
              -77.15468361099988,
              -12.063638729999866
            ],
            [
              -77.15497848699994,
              -12.063878854999928
            ],
            [
              -77.15518548699993,
              -12.064087854999968
            ],
            [
              -77.15541211199996,
              -12.064343729999905
            ],
            [
              -77.15550973599994,
              -12.064462854999931
            ],
            [
              -77.15558398599995,
              -12.064580104999948
            ],
            [
              -77.15564061199996,
              -12.064634729999852
            ],
            [
              -77.15641986199995,
              -12.063912104999929
            ],
            [
              -77.15646286199996,
              -12.063951229999873
            ],
            [
              -77.15570511199996,
              -12.06467972999991
            ],
            [
              -77.15602923599994,
              -12.0649199799999
            ],
            [
              -77.1562069869999,
              -12.065040978999889
            ],
            [
              -77.15625586099998,
              -12.065081979999889
            ],
            [
              -77.15630661199998,
              -12.065117229999885
            ],
            [
              -77.15635348699993,
              -12.065158354999937
            ],
            [
              -77.15639261199988,
              -12.065199229999905
            ],
            [
              -77.15644336199995,
              -12.065251979999914
            ],
            [
              -77.15650973699991,
              -12.065289104999977
            ],
            [
              -77.15659573599999,
              -12.065326229999869
            ],
            [
              -77.15668748599995,
              -12.065382854999939
            ],
            [
              -77.15675211099989,
              -12.065437478999911
            ],
            [
              -77.15683398699991,
              -12.065470729999902
            ],
            [
              -77.15690623599994,
              -12.065468728999917
            ],
            [
              -77.1570078609999,
              -12.06552347999991
            ],
            [
              -77.15707036199996,
              -12.065570354999977
            ],
            [
              -77.15712886199998,
              -12.065601604999927
            ],
            [
              -77.15718948699993,
              -12.065634729999886
            ],
            [
              -77.1572441109999,
              -12.065673854999943
            ],
            [
              -77.15732423599997,
              -12.065722604999962
            ],
            [
              -77.15749411099989,
              -12.06554685499998
            ],
            [
              -77.15740423699992,
              -12.065779354999961
            ],
            [
              -77.15748436199982,
              -12.06585935499993
            ],
            [
              -77.15757623599995,
              -12.065935354999908
            ],
            [
              -77.15769723599993,
              -12.066031229999908
            ],
            [
              -77.1577968609999,
              -12.066123104999974
            ],
            [
              -77.15791598599998,
              -12.066218729999889
            ],
            [
              -77.15801561099988,
              -12.066312479999908
            ],
            [
              -77.1580781109999,
              -12.066384729999982
            ],
            [
              -77.1581229869999,
              -12.066419979999921
            ],
            [
              -77.15818748599997,
              -12.066472604999944
            ],
            [
              -77.15824411199998,
              -12.066509729999893
            ],
            [
              -77.15830861099988,
              -12.066558604999955
            ],
            [
              -77.15837698699994,
              -12.06661322999986
            ],
            [
              -77.15821486099986,
              -12.066876979999904
            ],
            [
              -77.1581328609999,
              -12.067015604999938
            ],
            [
              -77.15806261099988,
              -12.067134729999907
            ],
            [
              -77.15799798599994,
              -12.067240229999868
            ],
            [
              -77.15795686099983,
              -12.067306604999942
            ],
            [
              -77.15792973699996,
              -12.067380854999953
            ],
            [
              -77.15799223699992,
              -12.067427729999906
            ],
            [
              -77.15792973699996,
              -12.067496104999975
            ],
            [
              -77.15765823699991,
              -12.067843729999879
            ],
            [
              -77.15759761099997,
              -12.067919979999886
            ],
            [
              -77.15753323699994,
              -12.068001979999906
            ],
            [
              -77.15740423599993,
              -12.068167979999885
            ],
            [
              -77.15734161099982,
              -12.068248104999952
            ],
            [
              -77.15725198599995,
              -12.068320354999969
            ],
            [
              -77.15718361099988,
              -12.068230479999897
            ],
            [
              -77.15714648599993,
              -12.068171854999946
            ],
            [
              -77.15710548599998,
              -12.068115229999876
            ],
            [
              -77.15705473599996,
              -12.068046854999977
            ],
            [
              -77.15700386199995,
              -12.067937479999898
            ],
            [
              -77.15695698699994,
              -12.06787697999988
            ],
            [
              -77.15687698699992,
              -12.06782035499998
            ],
            [
              -77.1567694869999,
              -12.067814479999868
            ],
            [
              -77.15668361099989,
              -12.067814479999868
            ],
            [
              -77.15658011099998,
              -12.067843729999879
            ],
            [
              -77.1565118609999,
              -12.067865229999882
            ],
            [
              -77.15641986099985,
              -12.067919979999886
            ],
            [
              -77.15626761199997,
              -12.067623104999939
            ],
            [
              -77.15623236099998,
              -12.067470729999911
            ],
            [
              -77.15615623599996,
              -12.067415979999907
            ],
            [
              -77.15595698599992,
              -12.067365229999893
            ],
            [
              -77.15569923699991,
              -12.067312479999885
            ],
            [
              -77.15541411099986,
              -12.067267604999927
            ],
            [
              -77.15517386199997,
              -12.067232479999916
            ],
            [
              -77.15487498699991,
              -12.067181604999973
            ],
            [
              -77.15470123699993,
              -12.067185604999963
            ],
            [
              -77.1544316109999,
              -12.06717572999986
            ],
            [
              -77.15421098699994,
              -12.067152354999962
            ],
            [
              -77.15400973599992,
              -12.06717572999986
            ],
            [
              -77.15383198599994,
              -12.067222604999927
            ],
            [
              -77.15354098699993,
              -12.067283229999873
            ],
            [
              -77.15345698599992,
              -12.067306604999942
            ],
            [
              -77.15324998699992,
              -12.067419979999897
            ],
            [
              -77.15310736099997,
              -12.067511729999865
            ],
            [
              -77.15301561099989,
              -12.067572229999882
            ],
            [
              -77.15297661099999,
              -12.067638729999885
            ],
            [
              -77.15294336099998,
              -12.067681604999962
            ],
            [
              -77.15291411199996,
              -12.067744104999974
            ],
            [
              -77.15295511199997,
              -12.06860560499996
            ],
            [
              -77.15337886199995,
              -12.06858597999991
            ],
            [
              -77.1534257369999,
              -12.068621104999977
            ],
            [
              -77.15345123599997,
              -12.06870310499994
            ],
            [
              -77.15336523699995,
              -12.06872847999989
            ],
            [
              -77.15191986099984,
              -12.0687812299999
            ],
            [
              -77.15191611099988,
              -12.068623104999972
            ],
            [
              -77.15279686099984,
              -12.06859760499998
            ],
            [
              -77.15278511199995,
              -12.068121104999932
            ],
            [
              -77.15273823599995,
              -12.068048854999972
            ],
            [
              -77.15265423599993,
              -12.067919979999886
            ],
            [
              -77.15249798699989,
              -12.067658229999893
            ],
            [
              -77.15232223599992,
              -12.067482604999952
            ],
            [
              -77.15215236199998,
              -12.067345729999886
            ],
            [
              -77.15190423599995,
              -12.067220729999917
            ],
            [
              -77.15163673699993,
              -12.067121104999956
            ],
            [
              -77.15141986099997,
              -12.067070354999942
            ],
            [
              -77.15112698699994,
              -12.067031229999884
            ],
            [
              -77.15086523599996,
              -12.067050729999892
            ],
            [
              -77.15060561099989,
              -12.067121104999956
            ],
            [
              -77.15043548699992,
              -12.06720122999991
            ],
            [
              -77.15005661199996,
              -12.0673964799999
            ],
            [
              -77.14982223599992,
              -12.067585979999876
            ],
            [
              -77.14963861099983,
              -12.067755854999973
            ],
            [
              -77.14948048699989,
              -12.068017729999895
            ],
            [
              -77.14951361099997,
              -12.0682519799999
            ],
            [
              -77.14957811099998,
              -12.068716854999934
            ],
            [
              -77.15013673599992,
              -12.068640604999928
            ],
            [
              -77.15015623699992,
              -12.0687812299999
            ],
            [
              -77.14899998599992,
              -12.068933604999927
            ],
            [
              -77.14898048599997,
              -12.068806604999963
            ],
            [
              -77.14942386099989,
              -12.068736354999942
            ],
            [
              -77.14938673699993,
              -12.068392479999886
            ],
            [
              -77.14932223599993,
              -12.067841854999926
            ],
            [
              -77.14919123599992,
              -12.067697229999908
            ],
            [
              -77.14904686099999,
              -12.067581979999886
            ],
            [
              -77.14881836099988,
              -12.067470729999911
            ],
            [
              -77.14869723599992,
              -12.067449229999909
            ],
            [
              -77.14852536099988,
              -12.067415979999907
            ],
            [
              -77.14834961199995,
              -12.067392604999952
            ],
            [
              -77.14811323599992,
              -12.067392604999952
            ],
            [
              -77.14797848699993,
              -12.067415979999907
            ],
            [
              -77.14786911099998,
              -12.067455104999965
            ],
            [
              -77.14776361099996,
              -12.067496104999975
            ],
            [
              -77.14754486099997,
              -12.067576229999872
            ],
            [
              -77.14735548699991,
              -12.067658229999893
            ],
            [
              -77.14724998599996,
              -12.067703104999964
            ],
            [
              -77.14717773599995,
              -12.067736354999965
            ],
            [
              -77.14709573599993,
              -12.06777535499998
            ],
            [
              -77.14702923599992,
              -12.067816354999934
            ],
            [
              -77.14697086099989,
              -12.067865229999882
            ],
            [
              -77.14692573699989,
              -12.0679297289999
            ],
            [
              -77.14687311099988,
              -12.067999979999911
            ],
            [
              -77.14681636199998,
              -12.068080104999979
            ],
            [
              -77.14682423599993,
              -12.068142604999935
            ],
            [
              -77.14686136099988,
              -12.06845122999988
            ],
            [
              -77.14690823699993,
              -12.068851604999963
            ],
            [
              -77.14692973599995,
              -12.06908610499994
            ],
            [
              -77.14741011199999,
              -12.06903710499995
            ],
            [
              -77.14750198599995,
              -12.069158229999914
            ],
            [
              -77.14712886099983,
              -12.06923635499993
            ],
            [
              -77.14708198599993,
              -12.06919135499993
            ],
            [
              -77.14696286199995,
              -12.069228479999879
            ],
            [
              -77.14678711099998,
              -12.069265604999941
            ],
            [
              -77.14673436199996,
              -12.069228479999879
            ],
            [
              -77.14673636099997,
              -12.069044979999887
            ],
            [
              -77.14674023599991,
              -12.068935604999979
            ],
            [
              -77.14673636099997,
              -12.06878910499995
            ],
            [
              -77.14672073599996,
              -12.068603479999865
            ],
            [
              -77.14667973599995,
              -12.068314479999913
            ],
            [
              -77.14662298599995,
              -12.068040979999864
            ],
            [
              -77.14653511099988,
              -12.067999979999911
            ],
            [
              -77.14645511099997,
              -12.067976604999956
            ],
            [
              -77.14633786099984,
              -12.067951229999892
            ],
            [
              -77.14615823599996,
              -12.067935604999946
            ],
            [
              -77.14560548599997,
              -12.06793360499995
            ],
            [
              -77.14549811099988,
              -12.067953104999958
            ],
            [
              -77.14536136099997,
              -12.067964728999925
            ],
            [
              -77.14521873599995,
              -12.067976604999956
            ],
            [
              -77.1450859869999,
              -12.067988229999855
            ],
            [
              -77.14492773599994,
              -12.068001979999906
            ],
            [
              -77.14476173599996,
              -12.068017729999895
            ],
            [
              -77.14465823599994,
              -12.068037104999974
            ],
            [
              -77.14451761099997,
              -12.068046854999977
            ],
            [
              -77.14390236099996,
              -12.068091854999977
            ],
            [
              -77.14336911199996,
              -12.06818160499995
            ],
            [
              -77.14278323599996,
              -12.068220729999894
            ],
            [
              -77.14207811099999,
              -12.068324229999916
            ],
            [
              -77.14081636099996,
              -12.068535104999967
            ],
            [
              -77.14043361199998,
              -12.068632729999877
            ],
            [
              -77.14007223599992,
              -12.068730479999886
            ],
            [
              -77.13946486099996,
              -12.068843729999912
            ],
            [
              -77.13898636099998,
              -12.068986354999936
            ],
            [
              -77.13871486099998,
              -12.069007854999938
            ],
            [
              -77.13803911099996,
              -12.069158229999914
            ],
            [
              -77.13734961099982,
              -12.069353479999904
            ],
            [
              -77.13661136199994,
              -12.06950972999988
            ],
            [
              -77.13594336099999,
              -12.069623104999948
            ],
            [
              -77.13539648699987,
              -12.069726603999982
            ],
            [
              -77.13517973699987,
              -12.069769479999877
            ],
            [
              -77.13490623599989,
              -12.069820354999933
            ],
            [
              -77.1346562359999,
              -12.069873104999942
            ],
            [
              -77.13438861199995,
              -12.069953104999968
            ],
            [
              -77.1341484859999,
              -12.070029353999871
            ],
            [
              -77.13375786099982,
              -12.070148479999887
            ],
            [
              -77.1335507359999,
              -12.070212854999966
            ],
            [
              -77.13335748599991,
              -12.070273479999912
            ],
            [
              -77.13315036099993,
              -12.070337854999934
            ],
            [
              -77.13294136099995,
              -12.07039447999989
            ],
            [
              -77.13277148599991,
              -12.070431604999953
            ],
            [
              -77.13259386099998,
              -12.0704922299999
            ],
            [
              -77.13281048599993,
              -12.069162104999975
            ],
            [
              -77.13290723599994,
              -12.06820810499994
            ],
            [
              -77.13293948699987,
              -12.067902354999944
            ],
            [
              -77.13423636199997,
              -12.059693354999979
            ],
            [
              -77.12780073599993,
              -12.05902935499995
            ],
            [
              -77.11949223599993,
              -12.057935604999955
            ],
            [
              -77.11313673599989,
              -12.056626979999976
            ],
            [
              -77.10584173599989,
              -12.055048854999939
            ],
            [
              -77.09793548599998,
              -12.053562479999869
            ],
            [
              -77.08760073599984,
              -12.051865729999918
            ],
            [
              -77.08514848599998,
              -12.051472604999958
            ],
            [
              -77.07821873599994,
              -12.050042979999887
            ],
            [
              -77.07748236099991,
              -12.048644354999908
            ],
            [
              -77.07706836199998,
              -12.048001854999939
            ],
            [
              -77.07689448699995,
              -12.047451229999979
            ],
            [
              -77.07686723599994,
              -12.047009729999957
            ],
            [
              -77.07702736199985,
              -12.046644479999827
            ],
            [
              -77.07867973599997,
              -12.046740229999955
            ],
            [
              -77.08154686099994,
              -12.047017604999951
            ],
            [
              -77.09832036099994,
              -12.048519479999982
            ],
            [
              -77.09913086199992,
              -12.039984479999873
            ],
            [
              -77.09729686099996,
              -12.039269479999973
            ],
            [
              -77.09445886099991,
              -12.03867772999996
            ],
            [
              -77.0934669859999,
              -12.038436604999958
            ],
            [
              -77.09358786199988,
              -12.037519479999958
            ],
            [
              -77.09346286199991,
              -12.03627935499992
            ],
            [
              -77.09508598599984,
              -12.036630854999942
            ],
            [
              -77.09495111099994,
              -12.034285104999924
            ],
            [
              -77.09618361199989,
              -12.033703104999915
            ],
            [
              -77.09441598599983,
              -12.030003854999904
            ],
            [
              -77.09400786099997,
              -12.030040979999967
            ],
            [
              -77.09324023699997,
              -12.028267604999883
            ],
            [
              -77.09258011099996,
              -12.02678910499992
            ],
            [
              -77.09147661099996,
              -12.024685603999956
            ],
            [
              -77.09067773599998,
              -12.023072229999968
            ],
            [
              -77.09137498599995,
              -12.022662104999881
            ],
            [
              -77.0898398619999,
              -12.019410104999906
            ],
            [
              -77.08786136099991,
              -12.01621485399994
            ],
            [
              -77.08777148699994,
              -12.016124979999972
            ],
            [
              -77.08741598599994,
              -12.015970728999946
            ],
            [
              -77.08731048599998,
              -12.015861354999913
            ],
            [
              -77.08727148699995,
              -12.015759729999957
            ],
            [
              -77.08728511099991,
              -12.01563085499987
            ],
            [
              -77.08760936199991,
              -12.014543104999916
            ],
            [
              -77.08911911099995,
              -12.012158229999955
            ],
            [
              -77.08958986099992,
              -12.011738103999903
            ],
            [
              -77.09006048699996,
              -12.011533228999951
            ],
            [
              -77.0907992359999,
              -12.011765853999918
            ],
            [
              -77.09115261099998,
              -12.011091354999962
            ],
            [
              -77.09161911099994,
              -12.010183604999895
            ],
            [
              -77.09160811099986,
              -12.009715479999898
            ],
            [
              -77.09162411199992,
              -12.009479854999938
            ],
            [
              -77.09173123699992,
              -12.009496478999893
            ],
            [
              -77.09206261099996,
              -12.009501228999966
            ],
            [
              -77.09275198699999,
              -12.00959372999995
            ],
            [
              -77.09351173599998,
              -12.009992229999966
            ],
            [
              -77.09417573699994,
              -12.008699229999934
            ],
            [
              -77.09412898699998,
              -12.00862885499987
            ],
            [
              -77.09411298599997,
              -12.008537854999815
            ],
            [
              -77.09421161199998,
              -12.008271229999934
            ],
            [
              -77.09422536099987,
              -12.008146979999879
            ],
            [
              -77.094150486,
              -12.0080934799999
            ],
            [
              -77.09393536099992,
              -12.007950854999933
            ],
            [
              -77.09392011099999,
              -12.00783110499998
            ],
            [
              -77.09430573599997,
              -12.00699072999987
            ],
            [
              -77.09440973599993,
              -12.006678604999877
            ],
            [
              -77.09445561099989,
              -12.006540979999954
            ],
            [
              -77.09442036099995,
              -12.006483729999957
            ],
            [
              -77.09441273599998,
              -12.006471479999902
            ],
            [
              -77.09420023599984,
              -12.006391354999948
            ],
            [
              -77.0940862359999,
              -12.006348229999901
            ],
            [
              -77.09408061099998,
              -12.006341104999933
            ],
            [
              -77.09403261099999,
              -12.006278729999963
            ],
            [
              -77.09404873599982,
              -12.006166229999963
            ],
            [
              -77.09410761099997,
              -12.00599497899998
            ],
            [
              -77.09419336099995,
              -12.005909354999915
            ],
            [
              -77.09432211199999,
              -12.00591922999996
            ],
            [
              -77.09458198599998,
              -12.006021479999959
            ],
            [
              -77.09469111099986,
              -12.00598422999991
            ],
            [
              -77.09477148599996,
              -12.005882604999954
            ],
            [
              -77.09501786099997,
              -12.00534185399988
            ],
            [
              -77.09526923599998,
              -12.004843979999976
            ],
            [
              -77.09545136099996,
              -12.00477460399992
            ],
            [
              -77.09592898699998,
              -12.005013854999902
            ],
            [
              -77.09616286099993,
              -12.005192479999948
            ],
            [
              -77.0977391109999,
              -12.00578747999998
            ],
            [
              -77.09833986099994,
              -12.00514647999995
            ],
            [
              -77.09824611099992,
              -12.004890604999844
            ],
            [
              -77.09816598599997,
              -12.004529354999875
            ],
            [
              -77.09849198599994,
              -12.004453228999978
            ],
            [
              -77.09935923599994,
              -12.004223104999937
            ],
            [
              -77.09973186099995,
              -12.004109479999954
            ],
            [
              -77.10014336099994,
              -12.004229604999864
            ],
            [
              -77.10031636099995,
              -12.003908228999933
            ],
            [
              -77.10248823599989,
              -11.99961522999996
            ],
            [
              -77.10275873599988,
              -11.998966104999909
            ],
            [
              -77.10307436199992,
              -11.998163104999833
            ],
            [
              -77.10311498599998,
              -11.998095728999942
            ],
            [
              -77.10329386199993,
              -11.997799104999899
            ],
            [
              -77.10341161099984,
              -11.997777603999907
            ],
            [
              -77.10358836099988,
              -11.997927479999873
            ],
            [
              -77.10377036099993,
              -11.998462854999957
            ],
            [
              -77.10438873599986,
              -12.000238228999933
            ],
            [
              -77.10704886099995,
              -11.999361354999962
            ],
            [
              -77.10948636199993,
              -11.994949229999918
            ],
            [
              -77.11017061199988,
              -11.994157479999956
            ],
            [
              -77.11040423699995,
              -11.9942694799999
            ],
            [
              -77.11107298699994,
              -11.995020854999893
            ],
            [
              -77.112539111,
              -11.996667978999938
            ],
            [
              -77.11283398699999,
              -11.996860603999949
            ],
            [
              -77.11298436099997,
              -11.996959104999974
            ],
            [
              -77.11325636099991,
              -11.997001354999895
            ],
            [
              -77.11406473599993,
              -11.996722979999959
            ],
            [
              -77.11496523599993,
              -11.996243978999928
            ],
            [
              -77.1162436109999,
              -11.995641729999932
            ],
            [
              -77.11718648699997,
              -11.995044729999904
            ],
            [
              -77.11730886199996,
              -11.994967104999887
            ],
            [
              -77.11737736199996,
              -11.994904479999946
            ],
            [
              -77.11768361099996,
              -11.994624604999956
            ],
            [
              -77.11791373599982,
              -11.99428722999994
            ],
            [
              -77.11809048699996,
              -11.99387510399987
            ],
            [
              -77.11834211099989,
              -11.993189854999912
            ],
            [
              -77.11842236099989,
              -11.99280972899993
            ],
            [
              -77.11843311099989,
              -11.992504604999965
            ],
            [
              -77.11842773599989,
              -11.99217272999988
            ],
            [
              -77.11838486199997,
              -11.991787229999943
            ],
            [
              -77.11828911099997,
              -11.991499979999901
            ],
            [
              -77.11823436099996,
              -11.991443353999898
            ],
            [
              -77.11814936099995,
              -11.99136435399987
            ],
            [
              -77.11792448599982,
              -11.99119847999998
            ],
            [
              -77.11738298699987,
              -11.990864104999957
            ],
            [
              -77.11707623599989,
              -11.990528228999949
            ],
            [
              -77.11662336099988,
              -11.989856354999972
            ],
            [
              -77.1163604859999,
              -11.988965354999948
            ],
            [
              -77.11619986099993,
              -11.988483229999872
            ],
            [
              -77.11581998599996,
              -11.987592354999947
            ],
            [
              -77.11570373599994,
              -11.987153854999917
            ],
            [
              -77.11563011199996,
              -11.986876604999964
            ],
            [
              -77.11523173599994,
              -11.986138354999923
            ],
            [
              -77.11466611099996,
              -11.985138354999947
            ],
            [
              -77.11393598599994,
              -11.984086729999888
            ],
            [
              -77.11330773599991,
              -11.983254229999943
            ],
            [
              -77.11276723599997,
              -11.982772104999924
            ],
            [
              -77.1123437359999,
              -11.981983354999954
            ],
            [
              -77.11231448699988,
              -11.981267729999956
            ],
            [
              -77.11262123599988,
              -11.980245229999923
            ],
            [
              -77.11264711099989,
              -11.979612478999968
            ],
            [
              -77.1126504859999,
              -11.97952947999994
            ],
            [
              -77.11240211099994,
              -11.978696979999881
            ],
            [
              -77.11178086099989,
              -11.977564104999942
            ],
            [
              -77.11133386099993,
              -11.977348854999832
            ],
            [
              -77.11123748599994,
              -11.976437979999957
            ],
            [
              -77.11113148599998,
              -11.976071729999944
            ],
            [
              -77.11067973699988,
              -11.97544135499993
            ],
            [
              -77.11113861199993,
              -11.974845729999913
            ],
            [
              -77.1117909859999,
              -11.974244104999968
            ],
            [
              -77.11202711099992,
              -11.973820104999959
            ],
            [
              -77.11219336099998,
              -11.973521478999942
            ],
            [
              -77.11270248599993,
              -11.973180354999897
            ],
            [
              -77.11319398699993,
              -11.97289122999996
            ],
            [
              -77.11392648599997,
              -11.972476729999926
            ],
            [
              -77.11455298599992,
              -11.97233222899996
            ],
            [
              -77.11479398699998,
              -11.972197229999892
            ],
            [
              -77.11574811099996,
              -11.97150385499998
            ],
            [
              -77.11620111199994,
              -11.97121422999993
            ],
            [
              -77.1165384869999,
              -11.971204479999926
            ],
            [
              -77.1169239859999,
              -11.971194853999918
            ],
            [
              -77.11747073599992,
              -11.970914979999861
            ],
            [
              -77.11770748599997,
              -11.970507229999953
            ],
            [
              -77.11752323699994,
              -11.97011235499997
            ],
            [
              -77.11711548699992,
              -11.969480979999958
            ],
            [
              -77.11679973699995,
              -11.96862585499997
            ],
            [
              -77.11658923599992,
              -11.967283854999891
            ],
            [
              -77.11652348599989,
              -11.966481478999924
            ],
            [
              -77.11683923699991,
              -11.965507854999942
            ],
            [
              -77.11748386099987,
              -11.964323729999933
            ],
            [
              -77.11782586099991,
              -11.962416104999932
            ],
            [
              -77.11787473599998,
              -11.962241854999888
            ],
            [
              -77.118010111,
              -11.961758353999926
            ],
            [
              -77.118010111,
              -11.960429604999945
            ],
            [
              -77.11776048599995,
              -11.958943479999903
            ],
            [
              -77.11773386099986,
              -11.958784979999962
            ],
            [
              -77.11744436199996,
              -11.957693104999919
            ],
            [
              -77.11754961099996,
              -11.956969604999927
            ],
            [
              -77.11784036099988,
              -11.956580103999954
            ],
            [
              -77.11828636099983,
              -11.955982729999903
            ],
            [
              -77.11940461099988,
              -11.954851354999903
            ],
            [
              -77.119930862,
              -11.95410135499992
            ],
            [
              -77.12004848599997,
              -11.953666729999952
            ],
            [
              -77.12023336099998,
              -11.952983104999873
            ],
            [
              -77.12039136099992,
              -11.95153597999996
            ],
            [
              -77.12057548699994,
              -11.950509729999965
            ],
            [
              -77.12112498699997,
              -11.94970697899987
            ],
            [
              -77.12216011099997,
              -11.94896485399994
            ],
            [
              -77.12292386099995,
              -11.948345729999971
            ],
            [
              -77.12329686099997,
              -11.947249979999981
            ],
            [
              -77.1240312359999,
              -11.945960979999882
            ],
            [
              -77.12645698699998,
              -11.943656229999817
            ],
            [
              -77.1274629859999,
              -11.942412104999903
            ],
            [
              -77.1284882359999,
              -11.93927535399996
            ],
            [
              -77.12866136199995,
              -11.937477729999841
            ]
          ]
        ]
      }
    },
    {
      "type": "Feature",
      "properties": {
        "adm3_name": "Carmen de la Legua Reynoso",
        "adm3_name1": null,
        "adm3_name2": null,
        "adm3_name3": null,
        "adm3_pcode": "PE070103",
        "adm2_name": "Callao",
        "adm2_name1": null,
        "adm2_name2": null,
        "adm2_name3": null,
        "adm2_pcode": "PE0701",
        "adm1_name": "Callao",
        "adm1_name1": null,
        "adm1_name2": null,
        "adm1_name3": null,
        "adm1_pcode": "PE07",
        "adm0_name": "Perú",
        "adm0_name1": null,
        "adm0_name2": null,
        "adm0_name3": null,
        "adm0_pcode": "PE",
        "valid_on": "2020-07-14",
        "valid_to": null,
        "area_sqkm": 1.92237341,
        "version": "v01",
        "lang": "es",
        "lang1": null,
        "lang2": null,
        "lang3": null,
        "adm0_en": "Peru",
        "adm3_ref_name": "Carmen de la Legua Reynoso",
        "center_lat": -12.04247067,
        "center_lon": -77.09088284
      },
      "geometry": {
        "type": "Polygon",
        "coordinates": [
          [
            [
              -77.08154686099994,
              -12.047017604999951
            ],
            [
              -77.08172261099992,
              -12.044956853999906
            ],
            [
              -77.08263286199991,
              -12.045037104999949
            ],
            [
              -77.08316998599997,
              -12.039246104999904
            ],
            [
              -77.08259361199998,
              -12.039205104999951
            ],
            [
              -77.08294048599998,
              -12.036417853999922
            ],
            [
              -77.08361998599997,
              -12.036489979999942
            ],
            [
              -77.08419111099988,
              -12.03667535499983
            ],
            [
              -77.08491198599995,
              -12.036782104999872
            ],
            [
              -77.08556248599996,
              -12.036888229999931
            ],
            [
              -77.08674323699995,
              -12.037149854999939
            ],
            [
              -77.08749236099993,
              -12.037287979999974
            ],
            [
              -77.08809036099996,
              -12.037339479999957
            ],
            [
              -77.08882898699994,
              -12.037524479999831
            ],
            [
              -77.08970561099983,
              -12.037687104999975
            ],
            [
              -77.09084398699997,
              -12.037920479999912
            ],
            [
              -77.09184448699995,
              -12.038142354999877
            ],
            [
              -77.09283998599989,
              -12.038289979999945
            ],
            [
              -77.0934669859999,
              -12.038436604999958
            ],
            [
              -77.09445886099991,
              -12.03867772999996
            ],
            [
              -77.09729686099996,
              -12.039269479999973
            ],
            [
              -77.09913086199992,
              -12.039984479999873
            ],
            [
              -77.09832036099994,
              -12.048519479999982
            ],
            [
              -77.08154686099994,
              -12.047017604999951
            ]
          ]
        ]
      }
    },
    {
      "type": "Feature",
      "properties": {
        "adm3_name": "La Perla",
        "adm3_name1": null,
        "adm3_name2": null,
        "adm3_name3": null,
        "adm3_pcode": "PE070104",
        "adm2_name": "Callao",
        "adm2_name1": null,
        "adm2_name2": null,
        "adm2_name3": null,
        "adm2_pcode": "PE0701",
        "adm1_name": "Callao",
        "adm1_name1": null,
        "adm1_name2": null,
        "adm1_name3": null,
        "adm1_pcode": "PE07",
        "adm0_name": "Perú",
        "adm0_name1": null,
        "adm0_name2": null,
        "adm0_name3": null,
        "adm0_pcode": "PE",
        "valid_on": "2020-07-14",
        "valid_to": null,
        "area_sqkm": 3.30682622,
        "version": "v01",
        "lang": "es",
        "lang1": null,
        "lang2": null,
        "lang3": null,
        "adm0_en": "Peru",
        "adm3_ref_name": "La Perla",
        "center_lat": -12.07134279,
        "center_lon": -77.11756378
      },
      "geometry": {
        "type": "Polygon",
        "coordinates": [
          [
            [
              -77.10457111199992,
              -12.063350604999926
            ],
            [
              -77.10482611099997,
              -12.063308604999975
            ],
            [
              -77.10536723599989,
              -12.06316797999989
            ],
            [
              -77.10561911099995,
              -12.063121104999937
            ],
            [
              -77.10688648599995,
              -12.063227229999939
            ],
            [
              -77.10862886099994,
              -12.063368979999836
            ],
            [
              -77.11298836099996,
              -12.064167104999967
            ],
            [
              -77.11835548599987,
              -12.065183604999959
            ],
            [
              -77.1198769859999,
              -12.06549022999991
            ],
            [
              -77.13293948699987,
              -12.067902354999944
            ],
            [
              -77.13290723599994,
              -12.06820810499994
            ],
            [
              -77.13281048599993,
              -12.069162104999975
            ],
            [
              -77.13259386099998,
              -12.0704922299999
            ],
            [
              -77.13226361099998,
              -12.070615229999873
            ],
            [
              -77.13197661099997,
              -12.070742229999894
            ],
            [
              -77.13168948599991,
              -12.070849604999978
            ],
            [
              -77.13128711199994,
              -12.071007854999948
            ],
            [
              -77.13110548599991,
              -12.0710547299999
            ],
            [
              -77.13080073599991,
              -12.071205104999933
            ],
            [
              -77.13055273599991,
              -12.071298854999952
            ],
            [
              -77.13028911099997,
              -12.071386729999915
            ],
            [
              -77.12985736199994,
              -12.071580104999953
            ],
            [
              -77.12950973699998,
              -12.071749979999879
            ],
            [
              -77.1287929859999,
              -12.07204497999993
            ],
            [
              -77.12847261099995,
              -12.072181604999969
            ],
            [
              -77.12812698599993,
              -12.072341854999934
            ],
            [
              -77.1277187359999,
              -12.072529353999869
            ],
            [
              -77.12702348599993,
              -12.072847604999936
            ],
            [
              -77.12657811199995,
              -12.073035104999974
            ],
            [
              -77.12626948699989,
              -12.07314260499993
            ],
            [
              -77.12592573599989,
              -12.07330272999991
            ],
            [
              -77.12562698699986,
              -12.07341597999988
            ],
            [
              -77.12540036099995,
              -12.073503854999956
            ],
            [
              -77.12504486099994,
              -12.073658229999921
            ],
            [
              -77.12476761099998,
              -12.073800729999903
            ],
            [
              -77.12452923699988,
              -12.07386522999991
            ],
            [
              -77.12419136099999,
              -12.074025354999947
            ],
            [
              -77.12391411199997,
              -12.074123104999956
            ],
            [
              -77.12352923699984,
              -12.074253854999938
            ],
            [
              -77.12328123599991,
              -12.074376979999897
            ],
            [
              -77.12296673599991,
              -12.074456979999866
            ],
            [
              -77.12277936099997,
              -12.074517604999926
            ],
            [
              -77.12251173599992,
              -12.074621104999949
            ],
            [
              -77.1224082359999,
              -12.07465435499995
            ],
            [
              -77.1222247369999,
              -12.074755854999978
            ],
            [
              -77.12203711099994,
              -12.074808603999827
            ],
            [
              -77.1215624859999,
              -12.074986354999965
            ],
            [
              -77.12117973699998,
              -12.07512685499995
            ],
            [
              -77.12092186199993,
              -12.07524997999991
            ],
            [
              -77.12071286099996,
              -12.07533785499993
            ],
            [
              -77.12035348699999,
              -12.075494104999962
            ],
            [
              -77.12015236099995,
              -12.075595729999918
            ],
            [
              -77.11958986199994,
              -12.075822354999957
            ],
            [
              -77.11929886099995,
              -12.07595310499994
            ],
            [
              -77.11891798599987,
              -12.07612110499997
            ],
            [
              -77.11870311099995,
              -12.076206979999881
            ],
            [
              -77.11841211199993,
              -12.076337853999974
            ],
            [
              -77.11804486099999,
              -12.076492229999928
            ],
            [
              -77.11770698699996,
              -12.076669979999906
            ],
            [
              -77.1173984859999,
              -12.076839854999946
            ],
            [
              -77.11722836099995,
              -12.076900354999964
            ],
            [
              -77.1167694859999,
              -12.077070354999933
            ],
            [
              -77.11645136099997,
              -12.077210854999976
            ],
            [
              -77.11602923599986,
              -12.07738285499994
            ],
            [
              -77.11564448699983,
              -12.077599604999932
            ],
            [
              -77.11522073599991,
              -12.077777354999967
            ],
            [
              -77.11479886199993,
              -12.077964854999948
            ],
            [
              -77.11445698599988,
              -12.078101604999972
            ],
            [
              -77.11419536099999,
              -12.07823247999994
            ],
            [
              -77.1139979859999,
              -12.078312479999909
            ],
            [
              -77.11370698699983,
              -12.078449229999933
            ],
            [
              -77.11354686099997,
              -12.078521354999964
            ],
            [
              -77.11325386099998,
              -12.078624979999915
            ],
            [
              -77.11293161099996,
              -12.078785104999952
            ],
            [
              -77.11266411099996,
              -12.078925729999924
            ],
            [
              -77.11229486199994,
              -12.079107604999876
            ],
            [
              -77.11190036199991,
              -12.079341854999939
            ],
            [
              -77.11153323699983,
              -12.079492229999914
            ],
            [
              -77.11147461099995,
              -12.079406229999904
            ],
            [
              -77.11090236199993,
              -12.078406229999928
            ],
            [
              -77.11046686099996,
              -12.077244104999977
            ],
            [
              -77.10997661099998,
              -12.077455104999956
            ],
            [
              -77.10934386099996,
              -12.076324229999898
            ],
            [
              -77.10917573599988,
              -12.076376979999907
            ],
            [
              -77.10756448699988,
              -12.073619104999977
            ],
            [
              -77.10598823599997,
              -12.074249979999877
            ],
            [
              -77.10504486099995,
              -12.071910104999972
            ],
            [
              -77.10485736099992,
              -12.07199022999987
            ],
            [
              -77.104439486,
              -12.070195354999953
            ],
            [
              -77.10413861099994,
              -12.06878510499996
            ],
            [
              -77.1039589859999,
              -12.067568354999935
            ],
            [
              -77.10395511099995,
              -12.066820354999948
            ],
            [
              -77.10410936199992,
              -12.065798854999969
            ],
            [
              -77.10430861099996,
              -12.06467972999991
            ],
            [
              -77.10457111199992,
              -12.063350604999926
            ]
          ]
        ]
      }
    },
    {
      "type": "Feature",
      "properties": {
        "adm3_name": "La Punta",
        "adm3_name1": null,
        "adm3_name2": null,
        "adm3_name3": null,
        "adm3_pcode": "PE070105",
        "adm2_name": "Callao",
        "adm2_name1": null,
        "adm2_name2": null,
        "adm2_name3": null,
        "adm2_pcode": "PE0701",
        "adm1_name": "Callao",
        "adm1_name1": null,
        "adm1_name2": null,
        "adm1_name3": null,
        "adm1_pcode": "PE07",
        "adm0_name": "Perú",
        "adm0_name1": null,
        "adm0_name2": null,
        "adm0_name3": null,
        "adm0_pcode": "PE",
        "valid_on": "2020-07-14",
        "valid_to": null,
        "area_sqkm": 0.77221815,
        "version": "v01",
        "lang": "es",
        "lang1": null,
        "lang2": null,
        "lang3": null,
        "adm0_en": "Peru",
        "adm3_ref_name": "La Punta",
        "center_lat": -12.07089648,
        "center_lon": -77.16221226
      },
      "geometry": {
        "type": "Polygon",
        "coordinates": [
          [
            [
              -77.15837698699994,
              -12.06661322999986
            ],
            [
              -77.15843361199995,
              -12.06664647999986
            ],
            [
              -77.15849611099986,
              -12.066685604999975
            ],
            [
              -77.15857611099989,
              -12.066736354999932
            ],
            [
              -77.15865623599996,
              -12.066656104999936
            ],
            [
              -77.15854498699991,
              -12.066572229999906
            ],
            [
              -77.1586191109999,
              -12.06646285499994
            ],
            [
              -77.15874023599997,
              -12.066546854999956
            ],
            [
              -77.15883611099991,
              -12.066453104999937
            ],
            [
              -77.15881836199998,
              -12.066519479999897
            ],
            [
              -77.15873236199997,
              -12.06664447999998
            ],
            [
              -77.1586621109999,
              -12.066804729999888
            ],
            [
              -77.15905073599993,
              -12.067080104999945
            ],
            [
              -77.15912498599994,
              -12.06716410499996
            ],
            [
              -77.15924411199995,
              -12.06727347999987
            ],
            [
              -77.15932223699991,
              -12.067353479999895
            ],
            [
              -77.15938673699992,
              -12.067423854999959
            ],
            [
              -77.15944723599995,
              -12.067474604999973
            ],
            [
              -77.15949023599995,
              -12.067511729999865
            ],
            [
              -77.15955273699996,
              -12.067556604999936
            ],
            [
              -77.15962111199997,
              -12.067626979999886
            ],
            [
              -77.15971886099987,
              -12.067722604999972
            ],
            [
              -77.15977923599996,
              -12.067771479999863
            ],
            [
              -77.15985336099999,
              -12.06783597999987
            ],
            [
              -77.15991998599998,
              -12.067884854999932
            ],
            [
              -77.15998436099989,
              -12.067923854999947
            ],
            [
              -77.16006836199983,
              -12.0679589799999
            ],
            [
              -77.16015823699996,
              -12.067994104999968
            ],
            [
              -77.16021673599994,
              -12.068019354999933
            ],
            [
              -77.16029298599994,
              -12.068054729999915
            ],
            [
              -77.16034961199983,
              -12.06808785499993
            ],
            [
              -77.16041398699991,
              -12.068119104999937
            ],
            [
              -77.16048636199997,
              -12.068162104999942
            ],
            [
              -77.16056248599995,
              -12.068201229999886
            ],
            [
              -77.16064061199995,
              -12.068234354999959
            ],
            [
              -77.16068548599998,
              -12.06826760499996
            ],
            [
              -77.16075586199997,
              -12.068304729999909
            ],
            [
              -77.1608476109999,
              -12.068341854999971
            ],
            [
              -77.1609668609999,
              -12.068378854999935
            ],
            [
              -77.16103323599998,
              -12.068400354999937
            ],
            [
              -77.16109186099987,
              -12.068423854999935
            ],
            [
              -77.16114648599995,
              -12.068460979999884
            ],
            [
              -77.16124411099986,
              -12.06850785499995
            ],
            [
              -77.1614218609999,
              -12.06807235499997
            ],
            [
              -77.16135348599994,
              -12.068040979999864
            ],
            [
              -77.16144923699994,
              -12.067792979999865
            ],
            [
              -77.16159373599999,
              -12.067849603999946
            ],
            [
              -77.16133986099999,
              -12.068558604999964
            ],
            [
              -77.16140248599999,
              -12.068578104999972
            ],
            [
              -77.16146673599997,
              -12.068619104999982
            ],
            [
              -77.16152923699991,
              -12.068664104999982
            ],
            [
              -77.16158011199997,
              -12.068691354999942
            ],
            [
              -77.16166798599994,
              -12.068736354999942
            ],
            [
              -77.16175198699995,
              -12.06877347999989
            ],
            [
              -77.16184961199997,
              -12.0688144799999
            ],
            [
              -77.16193161199999,
              -12.068847479999874
            ],
            [
              -77.16200586199983,
              -12.068880854999975
            ],
            [
              -77.16205661199996,
              -12.068900478999922
            ],
            [
              -77.16212886099999,
              -12.068925729999876
            ],
            [
              -77.16219536099987,
              -12.068941354999936
            ],
            [
              -77.16225773599996,
              -12.068962854999938
            ],
            [
              -77.16232223599997,
              -12.068986354999936
            ],
            [
              -77.16238473699991,
              -12.069013729999881
            ],
            [
              -77.16249798599995,
              -12.069076229999894
            ],
            [
              -77.16258598599995,
              -12.069109354999966
            ],
            [
              -77.16269336199997,
              -12.068919979999919
            ],
            [
              -77.16287111199983,
              -12.06899610499994
            ],
            [
              -77.16278911099988,
              -12.069177729999865
            ],
            [
              -77.16285348599996,
              -12.069203104999929
            ],
            [
              -77.16292186099986,
              -12.069224604999931
            ],
            [
              -77.16301361199999,
              -12.069259729999885
            ],
            [
              -77.16310548699994,
              -12.069292979999886
            ],
            [
              -77.16324023699991,
              -12.069326354999816
            ],
            [
              -77.16333011099988,
              -12.069341854999948
            ],
            [
              -77.16340623599996,
              -12.06935935499996
            ],
            [
              -77.16350198599997,
              -12.069386729999906
            ],
            [
              -77.16358398599994,
              -12.06941210499997
            ],
            [
              -77.16365236099989,
              -12.069433604999972
            ],
            [
              -77.16370698599997,
              -12.069451229999913
            ],
            [
              -77.16377536099986,
              -12.069476604999977
            ],
            [
              -77.16383786199998,
              -12.069503854999937
            ],
            [
              -77.16391423699997,
              -12.069548854999937
            ],
            [
              -77.16397461199983,
              -12.06958397999989
            ],
            [
              -77.16403323699996,
              -12.069609354999955
            ],
            [
              -77.16411723599998,
              -12.069642604999956
            ],
            [
              -77.16419723599995,
              -12.06967772999991
            ],
            [
              -77.16430661199996,
              -12.069726604999971
            ],
            [
              -77.16438673599998,
              -12.069761729999868
            ],
            [
              -77.16444136099989,
              -12.06979097999988
            ],
            [
              -77.16453123699995,
              -12.069841854999936
            ],
            [
              -77.16459573599997,
              -12.069873104999942
            ],
            [
              -77.16465036199997,
              -12.069904354999949
            ],
            [
              -77.16472461199999,
              -12.069935604999955
            ],
            [
              -77.16480861199989,
              -12.069964853999977
            ],
            [
              -77.16487498599997,
              -12.069990229999917
            ],
            [
              -77.16493748699992,
              -12.070007854999972
            ],
            [
              -77.16499611099988,
              -12.07003122999987
            ],
            [
              -77.1650781109999,
              -12.070052729999873
            ],
            [
              -77.16516011199997,
              -12.070076104999941
            ],
            [
              -77.16524798599994,
              -12.070107479999876
            ],
            [
              -77.16532036099989,
              -12.07013285399995
            ],
            [
              -77.16540623699996,
              -12.070167979999894
            ],
            [
              -77.16546686099991,
              -12.070187479999902
            ],
            [
              -77.16555073699993,
              -12.070195354999953
            ],
            [
              -77.16569923599997,
              -12.070220729999903
            ],
            [
              -77.16578123599999,
              -12.070240228999921
            ],
            [
              -77.16588473699994,
              -12.070246103999978
            ],
            [
              -77.16599823599995,
              -12.070273479999912
            ],
            [
              -77.16605661199998,
              -12.0702892299999
            ],
            [
              -77.16611523599994,
              -12.07029297999992
            ],
            [
              -77.16621873599996,
              -12.070294979999915
            ],
            [
              -77.16627148699996,
              -12.070169978999957
            ],
            [
              -77.16630861099992,
              -12.070035104999931
            ],
            [
              -77.16637498699993,
              -12.06978322999987
            ],
            [
              -77.16648036199996,
              -12.069386729999906
            ],
            [
              -77.16667573599995,
              -12.068654354999978
            ],
            [
              -77.16677148699995,
              -12.068677729999877
            ],
            [
              -77.16669536099988,
              -12.068962853999949
            ],
            [
              -77.16622073599996,
              -12.070736354999951
            ],
            [
              -77.16767573699991,
              -12.071324229999902
            ],
            [
              -77.16821098599996,
              -12.071537104999948
            ],
            [
              -77.16832223599994,
              -12.07151760499994
            ],
            [
              -77.16830661199998,
              -12.071423853999875
            ],
            [
              -77.16825386199997,
              -12.070945354999935
            ],
            [
              -77.16840236099989,
              -12.070923854999933
            ],
            [
              -77.1683906109999,
              -12.070869104999929
            ],
            [
              -77.16830073599994,
              -12.07078910499996
            ],
            [
              -77.16826948599999,
              -12.070529479999948
            ],
            [
              -77.16847848599997,
              -12.070498104999956
            ],
            [
              -77.16832411099989,
              -12.069390604999967
            ],
            [
              -77.16831048699993,
              -12.069253854999943
            ],
            [
              -77.16825786099992,
              -12.069080104999955
            ],
            [
              -77.16819148699994,
              -12.068921853999939
            ],
            [
              -77.16802148699992,
              -12.068691354999942
            ],
            [
              -77.16789261199989,
              -12.068562479999912
            ],
            [
              -77.16773623599994,
              -12.06847272899995
            ],
            [
              -77.16716798599998,
              -12.068119104999937
            ],
            [
              -77.16692186099988,
              -12.067841853999823
            ],
            [
              -77.16677736199989,
              -12.067648479999889
            ],
            [
              -77.16682798699992,
              -12.067623104999939
            ],
            [
              -77.16730273599995,
              -12.06812885499994
            ],
            [
              -77.16758398599995,
              -12.06827935399997
            ],
            [
              -77.16778923599998,
              -12.068392479999886
            ],
            [
              -77.16791798699995,
              -12.068476604999944
            ],
            [
              -77.16801373699997,
              -12.06855285499995
            ],
            [
              -77.16812298599996,
              -12.068671854999934
            ],
            [
              -77.16820898699996,
              -12.068787104999956
            ],
            [
              -77.16827936199985,
              -12.06890822999992
            ],
            [
              -77.16834961199999,
              -12.0690624799999
            ],
            [
              -77.16839448599995,
              -12.06919722899994
            ],
            [
              -77.16841986199984,
              -12.069326354999816
            ],
            [
              -77.16857611099988,
              -12.070503979999899
            ],
            [
              -77.16866598599995,
              -12.071173854999927
            ],
            [
              -77.16915823699998,
              -12.071593729999904
            ],
            [
              -77.16930273599996,
              -12.07168160499998
            ],
            [
              -77.16941011099988,
              -12.071785104999947
            ],
            [
              -77.1694823609999,
              -12.071853479999902
            ],
            [
              -77.16952723599996,
              -12.071890604999965
            ],
            [
              -77.16957811099991,
              -12.071935604999965
            ],
            [
              -77.16963086099992,
              -12.071976604999975
            ],
            [
              -77.16968948599998,
              -12.072021479999876
            ],
            [
              -77.16976173599994,
              -12.072074229999885
            ],
            [
              -77.16982423599995,
              -12.07212885499996
            ],
            [
              -77.16990623699996,
              -12.072185604999959
            ],
            [
              -77.17000198599999,
              -12.072248104999971
            ],
            [
              -77.1700781109999,
              -12.072308604999932
            ],
            [
              -77.17012886199984,
              -12.072343729999886
            ],
            [
              -77.17019923599997,
              -12.072402354999952
            ],
            [
              -77.17027148599993,
              -12.072484354999972
            ],
            [
              -77.17033986199988,
              -12.072564479999926
            ],
            [
              -77.1703808609999,
              -12.072617229999878
            ],
            [
              -77.17043548599997,
              -12.07267972999989
            ],
            [
              -77.17049023599998,
              -12.072755854999969
            ],
            [
              -77.17054098599993,
              -12.07281635499993
            ],
            [
              -77.17060548599994,
              -12.072874979999881
            ],
            [
              -77.1706836109999,
              -12.072929729999885
            ],
            [
              -77.17074223699996,
              -12.073003854999968
            ],
            [
              -77.17072461199984,
              -12.073068354999975
            ],
            [
              -77.17065423699995,
              -12.073119104999932
            ],
            [
              -77.17057811099988,
              -12.073169979999932
            ],
            [
              -77.17052536099987,
              -12.073195354999939
            ],
            [
              -77.17045898699996,
              -12.073216854999941
            ],
            [
              -77.1703788609999,
              -12.073238229999902
            ],
            [
              -77.17030473699998,
              -12.07327735499996
            ],
            [
              -77.17026948599994,
              -12.073374978999937
            ],
            [
              -77.17026173599999,
              -12.07344535399983
            ],
            [
              -77.17026361199999,
              -12.073589854999966
            ],
            [
              -77.17025386199998,
              -12.073681604999933
            ],
            [
              -77.17023436199997,
              -12.073769479999896
            ],
            [
              -77.17019923599997,
              -12.0738242299999
            ],
            [
              -77.17013673699995,
              -12.073870979999981
            ],
            [
              -77.17008798599994,
              -12.073902354999973
            ],
            [
              -77.17002148699993,
              -12.073939479999922
            ],
            [
              -77.16995111199998,
              -12.073974604999933
            ],
            [
              -77.16991598599998,
              -12.074042979999888
            ],
            [
              -77.16988473599997,
              -12.074154354999962
            ],
            [
              -77.1698613609999,
              -12.074257854999928
            ],
            [
              -77.1698378609999,
              -12.074349604999952
            ],
            [
              -77.16979886199988,
              -12.074441354999976
            ],
            [
              -77.16976948699994,
              -12.074517604999926
            ],
            [
              -77.16973436199999,
              -12.074576229999934
            ],
            [
              -77.16966986099999,
              -12.074632854999948
            ],
            [
              -77.16958186099998,
              -12.074642604999951
            ],
            [
              -77.16949223599994,
              -12.0746347299999
            ],
            [
              -77.16939061199997,
              -12.07460935499995
            ],
            [
              -77.16933198699996,
              -12.074591729999895
            ],
            [
              -77.1692753609999,
              -12.074572229999887
            ],
            [
              -77.16921673599995,
              -12.074556604999941
            ],
            [
              -77.16915036199998,
              -12.074535104999939
            ],
            [
              -77.16909173599998,
              -12.074494104999928
            ],
            [
              -77.16900973599996,
              -12.074460978999923
            ],
            [
              -77.16886323599994,
              -12.074419853999814
            ],
            [
              -77.16874798599997,
              -12.07439447999991
            ],
            [
              -77.16860936099988,
              -12.074363229999904
            ],
            [
              -77.16848448599995,
              -12.074361354999951
            ],
            [
              -77.16842973599995,
              -12.074351479999905
            ],
            [
              -77.16836136199998,
              -12.074343729999896
            ],
            [
              -77.16824998599998,
              -12.074322229999893
            ],
            [
              -77.1681073609999,
              -12.074298729999896
            ],
            [
              -77.16802148699992,
              -12.07428710499994
            ],
            [
              -77.16788873599995,
              -12.074283228999946
            ],
            [
              -77.16777148599994,
              -12.074277354999936
            ],
            [
              -77.16770698699992,
              -12.074271603999875
            ],
            [
              -77.16762498599996,
              -12.074253853999949
            ],
            [
              -77.16749998699993,
              -12.07424610499993
            ],
            [
              -77.16725786099988,
              -12.074238228999945
            ],
            [
              -77.16717386099992,
              -12.074230479999926
            ],
            [
              -77.16704886199989,
              -12.074216979999903
            ],
            [
              -77.16696486099988,
              -12.074189479999916
            ],
            [
              -77.16687111099992,
              -12.074154354999962
            ],
            [
              -77.16681248599997,
              -12.074150354999972
            ],
            [
              -77.16672061199995,
              -12.074126979999903
            ],
            [
              -77.16665623699993,
              -12.0741054799999
            ],
            [
              -77.16659573699997,
              -12.07408785499996
            ],
            [
              -77.16647848599996,
              -12.074056604999953
            ],
            [
              -77.1662931109999,
              -12.074037104999945
            ],
            [
              -77.16612498599994,
              -12.074007854999934
            ],
            [
              -77.16603911199985,
              -12.07399410499994
            ],
            [
              -77.1659238609999,
              -12.074007854999934
            ],
            [
              -77.16584573599994,
              -12.07403510499995
            ],
            [
              -77.16578323599998,
              -12.074058479999906
            ],
            [
              -77.16570311099991,
              -12.074111229999858
            ],
            [
              -77.16562886199983,
              -12.074167979999913
            ],
            [
              -77.16557048699997,
              -12.074226604999978
            ],
            [
              -77.16551936099984,
              -12.074335979999887
            ],
            [
              -77.16551561199998,
              -12.0743984799999
            ],
            [
              -77.16563286099989,
              -12.074429729999906
            ],
            [
              -77.16568361199984,
              -12.074486354999976
            ],
            [
              -77.16563673699994,
              -12.074529354999981
            ],
            [
              -77.16535936199983,
              -12.07445510499997
            ],
            [
              -77.16506636199983,
              -12.074365229999898
            ],
            [
              -77.16452148599996,
              -12.074722603999817
            ],
            [
              -77.1636913609999,
              -12.075251979999905
            ],
            [
              -77.16356636199998,
              -12.075308604999975
            ],
            [
              -77.16345311199996,
              -12.07533997999991
            ],
            [
              -77.16332223699993,
              -12.07536322999988
            ],
            [
              -77.16317386199984,
              -12.075361353999881
            ],
            [
              -77.16299798599994,
              -12.075328104999926
            ],
            [
              -77.16279498599994,
              -12.075277354999969
            ],
            [
              -77.15920898699994,
              -12.074326229999883
            ],
            [
              -77.159126986,
              -12.074294979999934
            ],
            [
              -77.15905661099998,
              -12.074255854999933
            ],
            [
              -77.15899223599996,
              -12.074206979999872
            ],
            [
              -77.15894136199995,
              -12.074150354999972
            ],
            [
              -77.15890236099989,
              -12.074091729999907
            ],
            [
              -77.15878911199997,
              -12.073927729999923
            ],
            [
              -77.15853323699992,
              -12.073556604999965
            ],
            [
              -77.15823823699992,
              -12.073121104999927
            ],
            [
              -77.1581211109999,
              -12.073005854999963
            ],
            [
              -77.15805273599995,
              -12.072955104999949
            ],
            [
              -77.15799611099999,
              -12.072921854999947
            ],
            [
              -77.15684373699992,
              -12.07246685499996
            ],
            [
              -77.15681836099998,
              -12.07241010499996
            ],
            [
              -77.15685948699996,
              -12.072363229999894
            ],
            [
              -77.15696686099989,
              -12.072384729999897
            ],
            [
              -77.15713286199997,
              -12.072445354999957
            ],
            [
              -77.15719336099988,
              -12.072445354999957
            ],
            [
              -77.1572676109999,
              -12.072427854999944
            ],
            [
              -77.15734161099982,
              -12.072402354999952
            ],
            [
              -77.15741798699992,
              -12.072374854999964
            ],
            [
              -77.15752911199996,
              -12.072341854999934
            ],
            [
              -77.15762886099998,
              -12.072290979999877
            ],
            [
              -77.15768748599993,
              -12.07225585499998
            ],
            [
              -77.15774023599994,
              -12.072197229999915
            ],
            [
              -77.15777736099989,
              -12.072146479999901
            ],
            [
              -77.1578066109999,
              -12.072083978999899
            ],
            [
              -77.15782048599993,
              -12.072029354999927
            ],
            [
              -77.15784761099985,
              -12.071935604999965
            ],
            [
              -77.15787698599996,
              -12.071749979999879
            ],
            [
              -77.15788873699995,
              -12.071664104999968
            ],
            [
              -77.1578964869999,
              -12.071556604999955
            ],
            [
              -77.15789848699995,
              -12.07147660499993
            ],
            [
              -77.15789848699995,
              -12.071328104999964
            ],
            [
              -77.15789061099986,
              -12.07126172999989
            ],
            [
              -77.15787886099997,
              -12.071193354999934
            ],
            [
              -77.1578613609999,
              -12.07110747999991
            ],
            [
              -77.15783986199983,
              -12.0710214799999
            ],
            [
              -77.15779886099989,
              -12.070863229999873
            ],
            [
              -77.15778511199994,
              -12.070806604999973
            ],
            [
              -77.15776561099989,
              -12.070749979999903
            ],
            [
              -77.15770123699991,
              -12.070613229999879
            ],
            [
              -77.15759173599997,
              -12.070382854999934
            ],
            [
              -77.15724811099989,
              -12.069658229999902
            ],
            [
              -77.15691798599994,
              -12.068962854999938
            ],
            [
              -77.15656836099998,
              -12.068249979999905
            ],
            [
              -77.15649223699995,
              -12.068230478999908
            ],
            [
              -77.15640823699994,
              -12.06818560499994
            ],
            [
              -77.1564648609999,
              -12.068093729999873
            ],
            [
              -77.15641986099985,
              -12.067919979999886
            ],
            [
              -77.1565118609999,
              -12.067865229999882
            ],
            [
              -77.15658011099998,
              -12.067843729999879
            ],
            [
              -77.15668361099989,
              -12.067814479999868
            ],
            [
              -77.1567694869999,
              -12.067814479999868
            ],
            [
              -77.15687698699992,
              -12.06782035499998
            ],
            [
              -77.15695698699994,
              -12.06787697999988
            ],
            [
              -77.15700386199995,
              -12.067937479999898
            ],
            [
              -77.15705473599996,
              -12.068046854999977
            ],
            [
              -77.15710548599998,
              -12.068115229999876
            ],
            [
              -77.15714648599993,
              -12.068171854999946
            ],
            [
              -77.15718361099988,
              -12.068230479999897
            ],
            [
              -77.15725198599995,
              -12.068320354999969
            ],
            [
              -77.15734161099982,
              -12.068248104999952
            ],
            [
              -77.15740423599993,
              -12.068167979999885
            ],
            [
              -77.15753323699994,
              -12.068001979999906
            ],
            [
              -77.15759761099997,
              -12.067919979999886
            ],
            [
              -77.15765823699991,
              -12.067843729999879
            ],
            [
              -77.15792973699996,
              -12.067496104999975
            ],
            [
              -77.15799223699992,
              -12.067427729999906
            ],
            [
              -77.15792973699996,
              -12.067380854999953
            ],
            [
              -77.15795686099983,
              -12.067306604999942
            ],
            [
              -77.15799798599994,
              -12.067240229999868
            ],
            [
              -77.15806261099988,
              -12.067134729999907
            ],
            [
              -77.1581328609999,
              -12.067015604999938
            ],
            [
              -77.15821486099986,
              -12.066876979999904
            ],
            [
              -77.15837698699994,
              -12.06661322999986
            ]
          ]
        ]
      }
    },
    {
      "type": "Feature",
      "properties": {
        "adm3_name": "Mi Peru",
        "adm3_name1": null,
        "adm3_name2": null,
        "adm3_name3": null,
        "adm3_pcode": "PE070107",
        "adm2_name": "Callao",
        "adm2_name1": null,
        "adm2_name2": null,
        "adm2_name3": null,
        "adm2_pcode": "PE0701",
        "adm1_name": "Callao",
        "adm1_name1": null,
        "adm1_name2": null,
        "adm1_name3": null,
        "adm1_pcode": "PE07",
        "adm0_name": "Perú",
        "adm0_name1": null,
        "adm0_name2": null,
        "adm0_name3": null,
        "adm0_pcode": "PE",
        "valid_on": "2020-07-14",
        "valid_to": null,
        "area_sqkm": 2.81256174,
        "version": "v01",
        "lang": "es",
        "lang1": null,
        "lang2": null,
        "lang3": null,
        "adm0_en": "Peru",
        "adm3_ref_name": "Mi Peru",
        "center_lat": -11.85354063,
        "center_lon": -77.12037947
      },
      "geometry": {
        "type": "Polygon",
        "coordinates": [
          [
            [
              -77.11082286599992,
              -11.85370669799994
            ],
            [
              -77.11089084899999,
              -11.853650289999962
            ],
            [
              -77.110963971,
              -11.853561745999912
            ],
            [
              -77.11096549399991,
              -11.853556338999908
            ],
            [
              -77.11101785599999,
              -11.853433554999981
            ],
            [
              -77.1110509969999,
              -11.853323308999904
            ],
            [
              -77.11106238099995,
              -11.853268973999946
            ],
            [
              -77.11107909799989,
              -11.85318918899992
            ],
            [
              -77.11108547999999,
              -11.853071969999974
            ],
            [
              -77.1110823169999,
              -11.852976342999966
            ],
            [
              -77.1110793009999,
              -11.852899844999968
            ],
            [
              -77.11112165999998,
              -11.852814794999858
            ],
            [
              -77.11113189899993,
              -11.852794236999955
            ],
            [
              -77.11118914899987,
              -11.852662290999945
            ],
            [
              -77.11121524499998,
              -11.852583183999968
            ],
            [
              -77.11121482299995,
              -11.85252818899994
            ],
            [
              -77.11118240099995,
              -11.85241604099997
            ],
            [
              -77.11111352899991,
              -11.852299382999945
            ],
            [
              -77.11106385699998,
              -11.852153885999883
            ],
            [
              -77.11102380299997,
              -11.851996361999909
            ],
            [
              -77.11101239599998,
              -11.85188875699987
            ],
            [
              -77.11100809899989,
              -11.851848220999898
            ],
            [
              -77.1110018839999,
              -11.85167131299994
            ],
            [
              -77.11101315699995,
              -11.851558839999939
            ],
            [
              -77.11110424499986,
              -11.851309804999858
            ],
            [
              -77.11112015399993,
              -11.851266307999879
            ],
            [
              -77.11121567499993,
              -11.851059946999953
            ],
            [
              -77.11124892599992,
              -11.850964048999913
            ],
            [
              -77.11127833499995,
              -11.850897608999958
            ],
            [
              -77.11135463399995,
              -11.850819784999885
            ],
            [
              -77.11158155399994,
              -11.85065309499987
            ],
            [
              -77.11178473099994,
              -11.850555928999938
            ],
            [
              -77.11197343399994,
              -11.85047082799997
            ],
            [
              -77.11206293999987,
              -11.850429508999923
            ],
            [
              -77.11216243199993,
              -11.850423983999917
            ],
            [
              -77.11233708499998,
              -11.850405941999952
            ],
            [
              -77.11240733599993,
              -11.850386287999982
            ],
            [
              -77.11248468599996,
              -11.85034266799994
            ],
            [
              -77.11256209099997,
              -11.850306220999869
            ],
            [
              -77.11261792399995,
              -11.850305804999834
            ],
            [
              -77.11267642399991,
              -11.850336454999876
            ],
            [
              -77.11292803999993,
              -11.850540224999975
            ],
            [
              -77.11299510099997,
              -11.85055508299996
            ],
            [
              -77.11307321199996,
              -11.850571423999952
            ],
            [
              -77.11315466599996,
              -11.85055646799998
            ],
            [
              -77.11327392399988,
              -11.850532621999946
            ],
            [
              -77.11335259799989,
              -11.850534903999971
            ],
            [
              -77.11342286399986,
              -11.850580291999961
            ],
            [
              -77.11356419099991,
              -11.85077436399996
            ],
            [
              -77.11379967199997,
              -11.851068817999817
            ],
            [
              -77.11394486699999,
              -11.851250375999825
            ],
            [
              -77.11450423899998,
              -11.850583066999945
            ],
            [
              -77.11482916699987,
              -11.849972757999979
            ],
            [
              -77.1148907949999,
              -11.849971276999952
            ],
            [
              -77.11521017799993,
              -11.849832589999949
            ],
            [
              -77.1152656889999,
              -11.849768350999966
            ],
            [
              -77.11568001199998,
              -11.849365675999934
            ],
            [
              -77.1159351639999,
              -11.849004851999837
            ],
            [
              -77.11606528999982,
              -11.848820832999877
            ],
            [
              -77.11621531599997,
              -11.848608673999934
            ],
            [
              -77.11564747499989,
              -11.848293150999837
            ],
            [
              -77.11599291599998,
              -11.847765264999964
            ],
            [
              -77.11564403399996,
              -11.84747329399994
            ],
            [
              -77.11567146199991,
              -11.847424799999942
            ],
            [
              -77.11532798499991,
              -11.847197172999927
            ],
            [
              -77.11490155999991,
              -11.847790372999896
            ],
            [
              -77.11451620999998,
              -11.847553585999947
            ],
            [
              -77.11409626599988,
              -11.84819751099991
            ],
            [
              -77.11386700499992,
              -11.848097958999915
            ],
            [
              -77.11364690499994,
              -11.848019928999975
            ],
            [
              -77.11297082099992,
              -11.847567633999915
            ],
            [
              -77.11304313699998,
              -11.847327530999962
            ],
            [
              -77.11309854599995,
              -11.847143556999924
            ],
            [
              -77.1131046139999,
              -11.847083120999969
            ],
            [
              -77.11323314599997,
              -11.846698343999947
            ],
            [
              -77.11346330399994,
              -11.846024963999923
            ],
            [
              -77.11343526899998,
              -11.845505389999914
            ],
            [
              -77.11350666299995,
              -11.84549370499991
            ],
            [
              -77.11352471499993,
              -11.845329596999932
            ],
            [
              -77.11347923999989,
              -11.845022585999857
            ],
            [
              -77.11347104299995,
              -11.844967246999886
            ],
            [
              -77.11331901499995,
              -11.844489457999885
            ],
            [
              -77.11333909799993,
              -11.843500073999905
            ],
            [
              -77.11334014599993,
              -11.843379112999855
            ],
            [
              -77.11334368699988,
              -11.842970450999871
            ],
            [
              -77.11345696499984,
              -11.842874323999922
            ],
            [
              -77.11434612599993,
              -11.842119787999934
            ],
            [
              -77.11449931899995,
              -11.842267153999956
            ],
            [
              -77.11508623899982,
              -11.841718253999943
            ],
            [
              -77.11772305899996,
              -11.844428295999876
            ],
            [
              -77.11773684899993,
              -11.844442468999887
            ],
            [
              -77.11873176299991,
              -11.845649784999978
            ],
            [
              -77.11886435899987,
              -11.845844874999955
            ],
            [
              -77.11927138999988,
              -11.846999195999956
            ],
            [
              -77.119632,
              -11.84779995699995
            ],
            [
              -77.11995070999996,
              -11.848204083999917
            ],
            [
              -77.12057157499999,
              -11.848754204999977
            ],
            [
              -77.12200333899989,
              -11.84931259599989
            ],
            [
              -77.12279210299994,
              -11.849598414999832
            ],
            [
              -77.1232251589999,
              -11.849719512999968
            ],
            [
              -77.12393891799996,
              -11.849723724999876
            ],
            [
              -77.12510322999998,
              -11.84960020899996
            ],
            [
              -77.125734675,
              -11.84963372899989
            ],
            [
              -77.12622095199998,
              -11.849730508999926
            ],
            [
              -77.1265517949999,
              -11.849818891999973
            ],
            [
              -77.12697150899999,
              -11.850097904999927
            ],
            [
              -77.12725958299995,
              -11.850306169999953
            ],
            [
              -77.12806680799991,
              -11.851093994999928
            ],
            [
              -77.1289328169999,
              -11.851948328999924
            ],
            [
              -77.12943840899999,
              -11.852657114999943
            ],
            [
              -77.12978501099991,
              -11.853524916999902
            ],
            [
              -77.13037530599996,
              -11.85889166499993
            ],
            [
              -77.13041373699997,
              -11.859339014999932
            ],
            [
              -77.13039821799993,
              -11.859591645999956
            ],
            [
              -77.13035428099994,
              -11.85993631499997
            ],
            [
              -77.13028054499995,
              -11.860195122999869
            ],
            [
              -77.13015468499992,
              -11.860494496999877
            ],
            [
              -77.12958941599999,
              -11.861233339999899
            ],
            [
              -77.12918567699995,
              -11.861764363999953
            ],
            [
              -77.12830448699998,
              -11.86157461299996
            ],
            [
              -77.12831508199997,
              -11.861390795999966
            ],
            [
              -77.12340036499984,
              -11.859169196999915
            ],
            [
              -77.12336050999983,
              -11.860566967999944
            ],
            [
              -77.12383008199987,
              -11.860579674999883
            ],
            [
              -77.1237738189999,
              -11.862948890999917
            ],
            [
              -77.12318939299996,
              -11.862946048999959
            ],
            [
              -77.12301413599994,
              -11.864570761999971
            ],
            [
              -77.12269719199992,
              -11.86457932799982
            ],
            [
              -77.12294992899996,
              -11.865332728999874
            ],
            [
              -77.12263538799994,
              -11.865374633999977
            ],
            [
              -77.12101936599998,
              -11.865103538999847
            ],
            [
              -77.1210332039999,
              -11.864808292999953
            ],
            [
              -77.12099288299993,
              -11.864617295999949
            ],
            [
              -77.12087790499993,
              -11.864315904999955
            ],
            [
              -77.12078717799989,
              -11.864136762999976
            ],
            [
              -77.12066546599993,
              -11.863969331999954
            ],
            [
              -77.12054378399989,
              -11.863805726999942
            ],
            [
              -77.12048110499995,
              -11.863737328999946
            ],
            [
              -77.12043825999996,
              -11.863722345999975
            ],
            [
              -77.12039164999993,
              -11.863722695999968
            ],
            [
              -77.12034062999999,
              -11.863711046999981
            ],
            [
              -77.12021850499991,
              -11.863635230999932
            ],
            [
              -77.12012156199995,
              -11.863556376999895
            ],
            [
              -77.12005105499992,
              -11.863480384999946
            ],
            [
              -77.12001310399995,
              -11.863394966999977
            ],
            [
              -77.12001326299998,
              -11.863214378999942
            ],
            [
              -77.12001223399989,
              -11.863081241999964
            ],
            [
              -77.11997875599997,
              -11.862971303999927
            ],
            [
              -77.11992817499998,
              -11.862859963999938
            ],
            [
              -77.11985922699995,
              -11.86279495399998
            ],
            [
              -77.11968149999996,
              -11.862707242999818
            ],
            [
              -77.11938998099993,
              -11.862582403999966
            ],
            [
              -77.11891832099997,
              -11.862423773999978
            ],
            [
              -77.11875501099996,
              -11.862247412999977
            ],
            [
              -77.11858067399993,
              -11.862005384999918
            ],
            [
              -77.11837818299995,
              -11.861739080999826
            ],
            [
              -77.11830276799992,
              -11.861630987999945
            ],
            [
              -77.11821375899996,
              -11.861573498999974
            ],
            [
              -77.11814061899992,
              -11.861558742999932
            ],
            [
              -77.11793873599993,
              -11.861572496999884
            ],
            [
              -77.11760139899991,
              -11.861550536999857
            ],
            [
              -77.11723115699994,
              -11.861304062999977
            ],
            [
              -77.11702754199996,
              -11.86108040699986
            ],
            [
              -77.11697405599995,
              -11.860995104999972
            ],
            [
              -77.11681949399997,
              -11.860697832999904
            ],
            [
              -77.11676078099998,
              -11.860539110999923
            ],
            [
              -77.11670148899998,
              -11.860305402999927
            ],
            [
              -77.11660337999996,
              -11.860075045999963
            ],
            [
              -77.11652451699996,
              -11.859922595999876
            ],
            [
              -77.11639092499996,
              -11.859767961999978
            ],
            [
              -77.11618304499996,
              -11.85956550599991
            ],
            [
              -77.11583421799997,
              -11.859262033999869
            ],
            [
              -77.11564348999991,
              -11.859139188999904
            ],
            [
              -77.1154202219999,
              -11.858969761999845
            ],
            [
              -77.11531240599999,
              -11.858890987999871
            ],
            [
              -77.11519992899997,
              -11.858812246999946
            ],
            [
              -77.11507375199994,
              -11.858770338999932
            ],
            [
              -77.11490879299998,
              -11.858736372999886
            ],
            [
              -77.11459967399998,
              -11.858616382999912
            ],
            [
              -77.11461783199996,
              -11.858481439999935
            ],
            [
              -77.11462925899991,
              -11.8583512699999
            ],
            [
              -77.11460170299995,
              -11.858203026999888
            ],
            [
              -77.11454310599999,
              -11.857919539999898
            ],
            [
              -77.11446017399999,
              -11.857781692999936
            ],
            [
              -77.11434414299998,
              -11.857644823999976
            ],
            [
              -77.11418630499998,
              -11.857526631999974
            ],
            [
              -77.11398918899982,
              -11.85735210799993
            ],
            [
              -77.11373100999987,
              -11.857042974999956
            ],
            [
              -77.11366971099994,
              -11.857025456999907
            ],
            [
              -77.11354833699994,
              -11.857001876999902
            ],
            [
              -77.11339062899992,
              -11.856900517999975
            ],
            [
              -77.1133171009999,
              -11.856835259999968
            ],
            [
              -77.11324367899994,
              -11.856783773999894
            ],
            [
              -77.11312374099998,
              -11.856744879999951
            ],
            [
              -77.11300860599994,
              -11.856724313999962
            ],
            [
              -77.11292144899994,
              -11.85670506899993
            ],
            [
              -77.11285458299989,
              -11.856697915999973
            ],
            [
              -77.11281701299998,
              -11.85666146699998
            ],
            [
              -77.1127556429999,
              -11.856560917999843
            ],
            [
              -77.11272513399996,
              -11.856432591999976
            ],
            [
              -77.1127150349999,
              -11.856331660999956
            ],
            [
              -77.11268306399995,
              -11.856282487999977
            ],
            [
              -77.11257675999991,
              -11.856130678999932
            ],
            [
              -77.11247643199988,
              -11.85601511799996
            ],
            [
              -77.11241376799995,
              -11.855948246999958
            ],
            [
              -77.11238564899992,
              -11.855928561999917
            ],
            [
              -77.11240832999994,
              -11.855847280999967
            ],
            [
              -77.1124305749999,
              -11.855709378999904
            ],
            [
              -77.11242644299995,
              -11.855576263999978
            ],
            [
              -77.1124103059999,
              -11.855498333999947
            ],
            [
              -77.11237947899997,
              -11.855460613999924
            ],
            [
              -77.11222921199993,
              -11.8553864349999
            ],
            [
              -77.11209989499997,
              -11.855339957999888
            ],
            [
              -77.11197202499989,
              -11.855279695999968
            ],
            [
              -77.11189710899998,
              -11.85523587299997
            ],
            [
              -77.11183052199993,
              -11.855113401999972
            ],
            [
              -77.11177952499997,
              -11.854997853999919
            ],
            [
              -77.11176313799984,
              -11.85491338199995
            ],
            [
              -77.11174582699994,
              -11.85482414799992
            ],
            [
              -77.11173705599998,
              -11.854778939999903
            ],
            [
              -77.11167510499985,
              -11.854602639999882
            ],
            [
              -77.11166980899992,
              -11.854520037999976
            ],
            [
              -77.11162659299998,
              -11.854469911999956
            ],
            [
              -77.11145645699997,
              -11.85435519799995
            ],
            [
              -77.11128433899995,
              -11.854248587999905
            ],
            [
              -77.11116742799993,
              -11.85419895699988
            ],
            [
              -77.11105061399996,
              -11.854161949999934
            ],
            [
              -77.11092686099994,
              -11.854131881999933
            ],
            [
              -77.11079607299996,
              -11.85409612799998
            ],
            [
              -77.11074221699994,
              -11.854063242999928
            ],
            [
              -77.11070330599989,
              -11.854003847999934
            ],
            [
              -77.11069920999984,
              -11.853925826999955
            ],
            [
              -77.11072659299998,
              -11.853849867999884
            ],
            [
              -77.11077839299998,
              -11.853766839999935
            ],
            [
              -77.11082286599992,
              -11.85370669799994
            ]
          ]
        ]
      }
    },
    {
      "type": "Feature",
      "properties": {
        "adm3_name": "Ventanilla",
        "adm3_name1": null,
        "adm3_name2": null,
        "adm3_name3": null,
        "adm3_pcode": "PE070106",
        "adm2_name": "Callao",
        "adm2_name1": null,
        "adm2_name2": null,
        "adm2_name3": null,
        "adm2_pcode": "PE0701",
        "adm1_name": "Callao",
        "adm1_name1": null,
        "adm1_name2": null,
        "adm1_name3": null,
        "adm1_pcode": "PE07",
        "adm0_name": "Perú",
        "adm0_name1": null,
        "adm0_name2": null,
        "adm0_name3": null,
        "adm0_pcode": "PE",
        "valid_on": "2020-07-14",
        "valid_to": null,
        "area_sqkm": 78.01933045,
        "version": "v01",
        "lang": "es",
        "lang1": null,
        "lang2": null,
        "lang3": null,
        "adm0_en": "Peru",
        "adm3_ref_name": "Ventanilla",
        "center_lat": -11.88389842,
        "center_lon": -77.12322396
      },
      "geometry": {
        "type": "Polygon",
        "coordinates": [
          [
            [
              -77.13520775099988,
              -11.817821212999945
            ],
            [
              -77.13703938599997,
              -11.817991645999939
            ],
            [
              -77.1378971659999,
              -11.818071461999864
            ],
            [
              -77.1383499939999,
              -11.818113597999968
            ],
            [
              -77.13945063599994,
              -11.818216006999933
            ],
            [
              -77.13954010399993,
              -11.818260898999881
            ],
            [
              -77.13964751499998,
              -11.818589121999878
            ],
            [
              -77.13980594699984,
              -11.818985827999938
            ],
            [
              -77.13996509199995,
              -11.81947435099994
            ],
            [
              -77.14023172899988,
              -11.819801372999905
            ],
            [
              -77.1404453749999,
              -11.819963371999904
            ],
            [
              -77.14080098599999,
              -11.820087852999961
            ],
            [
              -77.1411045559999,
              -11.820169733999933
            ],
            [
              -77.1413300989999,
              -11.82020629199991
            ],
            [
              -77.1415877209999,
              -11.820372689999942
            ],
            [
              -77.14192870399995,
              -11.820660879999878
            ],
            [
              -77.14244614799998,
              -11.82088654099988
            ],
            [
              -77.14282768799984,
              -11.821006090999845
            ],
            [
              -77.14329448799998,
              -11.821102039999971
            ],
            [
              -77.14367465799984,
              -11.821045604999938
            ],
            [
              -77.1440407309999,
              -11.820955094999874
            ],
            [
              -77.14436408199992,
              -11.820803187999843
            ],
            [
              -77.14450222199991,
              -11.820587890999946
            ],
            [
              -77.14467095199996,
              -11.820311146999813
            ],
            [
              -77.14495654599995,
              -11.820079431999886
            ],
            [
              -77.14531317499996,
              -11.819992564999893
            ],
            [
              -77.14573958799997,
              -11.819889866999858
            ],
            [
              -77.14601824799996,
              -11.819765329999939
            ],
            [
              -77.14638198699993,
              -11.819594236999933
            ],
            [
              -77.14671471699995,
              -11.819431030999908
            ],
            [
              -77.14710536099994,
              -11.819277354999883
            ],
            [
              -77.14742359999997,
              -11.819204003999971
            ],
            [
              -77.14754492699996,
              -11.819228761999966
            ],
            [
              -77.1480732899999,
              -11.819336580999902
            ],
            [
              -77.14830821099997,
              -11.819579662999956
            ],
            [
              -77.14842082899997,
              -11.820076182999912
            ],
            [
              -77.14841640399993,
              -11.82050472199984
            ],
            [
              -77.14855546199993,
              -11.820996132999824
            ],
            [
              -77.14874990399994,
              -11.821435726999937
            ],
            [
              -77.14920176699991,
              -11.821608297999944
            ],
            [
              -77.14972317699988,
              -11.821734430999982
            ],
            [
              -77.15036736699989,
              -11.821668334999913
            ],
            [
              -77.15090980699995,
              -11.821503533999874
            ],
            [
              -77.15127209599996,
              -11.8213203869999
            ],
            [
              -77.15135161199998,
              -11.821314479999955
            ],
            [
              -77.15202006799996,
              -11.821280889999912
            ],
            [
              -77.15213144999996,
              -11.821275292999928
            ],
            [
              -77.15247848699994,
              -11.821257853999896
            ],
            [
              -77.15330486099992,
              -11.82140622999998
            ],
            [
              -77.15376889799995,
              -11.821831326999927
            ],
            [
              -77.15398377999998,
              -11.822245402999954
            ],
            [
              -77.15429589999997,
              -11.822426677999943
            ],
            [
              -77.15471508199994,
              -11.82239288799991
            ],
            [
              -77.1551808669999,
              -11.822358742999938
            ],
            [
              -77.15551103199988,
              -11.822434372999965
            ],
            [
              -77.1557905919999,
              -11.822851481999919
            ],
            [
              -77.15599690999994,
              -11.823408498999925
            ],
            [
              -77.15627882399997,
              -11.824062807999894
            ],
            [
              -77.15650545099999,
              -11.824866135999912
            ],
            [
              -77.15665686299991,
              -11.82535470299996
            ],
            [
              -77.15677149099997,
              -11.82584733099992
            ],
            [
              -77.1612512179999,
              -11.82483008399987
            ],
            [
              -77.1618105739999,
              -11.824848714999973
            ],
            [
              -77.16243332399995,
              -11.825019959999963
            ],
            [
              -77.16287702599988,
              -11.825227953999843
            ],
            [
              -77.16304999199997,
              -11.825405501999967
            ],
            [
              -77.16321634799988,
              -11.825817430999962
            ],
            [
              -77.16336849299995,
              -11.82639780799991
            ],
            [
              -77.16355002399996,
              -11.826763710999899
            ],
            [
              -77.1638240399999,
              -11.827037085999962
            ],
            [
              -77.16413541799989,
              -11.827122705999955
            ],
            [
              -77.16441497599993,
              -11.827112920999923
            ],
            [
              -77.16482920299984,
              -11.827057173999947
            ],
            [
              -77.16546293899995,
              -11.827028403999975
            ],
            [
              -77.16592029799995,
              -11.826910134999935
            ],
            [
              -77.16619804799996,
              -11.82667080799996
            ],
            [
              -77.16638247199984,
              -11.826416890999894
            ],
            [
              -77.16659061899992,
              -11.826216353999826
            ],
            [
              -77.16678810899998,
              -11.82610889199998
            ],
            [
              -77.16716762599998,
              -11.825902303999953
            ],
            [
              -77.16751028099998,
              -11.825767692999932
            ],
            [
              -77.1678999909999,
              -11.825690109999869
            ],
            [
              -77.16828842999996,
              -11.825669184999924
            ],
            [
              -77.16863474999985,
              -11.825782053999944
            ],
            [
              -77.16882149999992,
              -11.825947051999833
            ],
            [
              -77.16900183199994,
              -11.826159923999967
            ],
            [
              -77.16921371399997,
              -11.826433767999958
            ],
            [
              -77.16944841599985,
              -11.826646222999955
            ],
            [
              -77.16965108499994,
              -11.826736493999874
            ],
            [
              -77.1700320089999,
              -11.826810846999877
            ],
            [
              -77.17012252499995,
              -11.826803665999932
            ],
            [
              -77.17029674199995,
              -11.826733466999883
            ],
            [
              -77.17084869999996,
              -11.826545600999964
            ],
            [
              -77.17130754299995,
              -11.826369923999891
            ],
            [
              -77.17202215599991,
              -11.826123421999966
            ],
            [
              -77.17260278599997,
              -11.825877944999888
            ],
            [
              -77.17316670799994,
              -11.825730154999917
            ],
            [
              -77.17364392999997,
              -11.825669109999922
            ],
            [
              -77.17412972899996,
              -11.825606038999865
            ],
            [
              -77.1744236589999,
              -11.825554096999895
            ],
            [
              -77.17479033499995,
              -11.825511113999823
            ],
            [
              -77.17528079299996,
              -11.825650823999922
            ],
            [
              -77.17574294199994,
              -11.825894048999885
            ],
            [
              -77.17577671899994,
              -11.825912327999959
            ],
            [
              -77.1762343989999,
              -11.82616000299987
            ],
            [
              -77.17667220399989,
              -11.826271419999955
            ],
            [
              -77.17690687799995,
              -11.826375194999912
            ],
            [
              -77.17707169399989,
              -11.826549300999943
            ],
            [
              -77.17709668899994,
              -11.826763357999937
            ],
            [
              -77.1770052999999,
              -11.82699361199991
            ],
            [
              -77.17689066899993,
              -11.827231695999899
            ],
            [
              -77.1767305859999,
              -11.827615511999966
            ],
            [
              -77.17670163499992,
              -11.827883544999906
            ],
            [
              -77.17671886399995,
              -11.828097661999948
            ],
            [
              -77.17685332599996,
              -11.82840269999997
            ],
            [
              -77.17704583499989,
              -11.828643222999972
            ],
            [
              -77.17719737899989,
              -11.82869082499991
            ],
            [
              -77.17768707199991,
              -11.82873297599997
            ],
            [
              -77.17811426399993,
              -11.828729694999936
            ],
            [
              -77.17852531699992,
              -11.828650019999941
            ],
            [
              -77.17882647799996,
              -11.828425806999917
            ],
            [
              -77.17926744699997,
              -11.82820051799996
            ],
            [
              -77.1796821509999,
              -11.827999661999911
            ],
            [
              -77.17973614199991,
              -11.82798534299991
            ],
            [
              -77.1801278499999,
              -11.827881459999901
            ],
            [
              -77.1804390069999,
              -11.827851049999879
            ],
            [
              -77.18071045799996,
              -11.827886545999888
            ],
            [
              -77.18115820299988,
              -11.828026572999931
            ],
            [
              -77.18184624599996,
              -11.82819599499993
            ],
            [
              -77.1826226519999,
              -11.82815176199989
            ],
            [
              -77.18314176899997,
              -11.827937234999922
            ],
            [
              -77.18327188899997,
              -11.82789030999993
            ],
            [
              -77.18333624899998,
              -11.827808956999945
            ],
            [
              -77.18337303599992,
              -11.827550427999881
            ],
            [
              -77.18356334299995,
              -11.827061165999908
            ],
            [
              -77.18374564799996,
              -11.826787169999875
            ],
            [
              -77.18384794399998,
              -11.826667727999961
            ],
            [
              -77.18400539599992,
              -11.826483883999913
            ],
            [
              -77.18403291599998,
              -11.826439894999908
            ],
            [
              -77.18418276999995,
              -11.826200360999906
            ],
            [
              -77.184350624,
              -11.82594082299994
            ],
            [
              -77.18455811099994,
              -11.825781408999887
            ],
            [
              -77.18470332499993,
              -11.82572768499989
            ],
            [
              -77.18486688499996,
              -11.825712083999917
            ],
            [
              -77.18507730199997,
              -11.825748715999964
            ],
            [
              -77.18537432999995,
              -11.82586120399992
            ],
            [
              -77.18564933999988,
              -11.826001924999844
            ],
            [
              -77.18578866199994,
              -11.826073215999884
            ],
            [
              -77.186736178,
              -11.82673289599984
            ],
            [
              -77.18678281399997,
              -11.826765364999972
            ],
            [
              -77.18729287599996,
              -11.82725343699991
            ],
            [
              -77.18744293299994,
              -11.82745949799994
            ],
            [
              -77.18753501699996,
              -11.827585947999978
            ],
            [
              -77.18758781499997,
              -11.827659267999934
            ],
            [
              -77.18777064299996,
              -11.827913153999873
            ],
            [
              -77.18790560299988,
              -11.828279393999878
            ],
            [
              -77.18794399299992,
              -11.828503023999929
            ],
            [
              -77.18795517399997,
              -11.82856815499997
            ],
            [
              -77.18795546699982,
              -11.828569930999947
            ],
            [
              -77.18793748599995,
              -11.828570228999979
            ],
            [
              -77.18780861199991,
              -11.828529353999954
            ],
            [
              -77.18772848699996,
              -11.82846872999994
            ],
            [
              -77.18760936099994,
              -11.828515603999904
            ],
            [
              -77.18754886099993,
              -11.828503853999905
            ],
            [
              -77.18745886199986,
              -11.82846872999994
            ],
            [
              -77.18736723699999,
              -11.828425729999935
            ],
            [
              -77.18725973599999,
              -11.828388728999869
            ],
            [
              -77.1870976109999,
              -11.828361354999913
            ],
            [
              -77.18694723599998,
              -11.828361354999913
            ],
            [
              -77.18686323699995,
              -11.828371104999917
            ],
            [
              -77.18679886099994,
              -11.828400354999872
            ],
            [
              -77.18675198699998,
              -11.828443354999877
            ],
            [
              -77.18668161099993,
              -11.828572229999963
            ],
            [
              -77.18663861099992,
              -11.828650478999975
            ],
            [
              -77.18658986199989,
              -11.828777354999886
            ],
            [
              -77.18649998699993,
              -11.828878854999914
            ],
            [
              -77.18639448599998,
              -11.82899222899988
            ],
            [
              -77.18634186099996,
              -11.829091854999888
            ],
            [
              -77.18623236199988,
              -11.829253854999877
            ],
            [
              -77.1862441109999,
              -11.829345603999911
            ],
            [
              -77.18621098699998,
              -11.829414103999909
            ],
            [
              -77.18617386199992,
              -11.829462853999928
            ],
            [
              -77.18616598599982,
              -11.829540979999933
            ],
            [
              -77.18616598599982,
              -11.829634729999952
            ],
            [
              -77.18618161099994,
              -11.829703104999908
            ],
            [
              -77.18620298599996,
              -11.82976172899987
            ],
            [
              -77.18630473599995,
              -11.829886728999952
            ],
            [
              -77.18638673599997,
              -11.829949229999954
            ],
            [
              -77.18648048699998,
              -11.829999979999968
            ],
            [
              -77.18655661199989,
              -11.830078103999938
            ],
            [
              -77.18658786099991,
              -11.830189479999945
            ],
            [
              -77.18661323699996,
              -11.830283228999974
            ],
            [
              -77.18664448699997,
              -11.830335979999973
            ],
            [
              -77.18674411099994,
              -11.830380854999873
            ],
            [
              -77.18680473599983,
              -11.830388729999981
            ],
            [
              -77.18686523699995,
              -11.830388729999981
            ],
            [
              -77.18697261099993,
              -11.830413979999946
            ],
            [
              -77.18702348599999,
              -11.83045310499989
            ],
            [
              -77.18705661099995,
              -11.830496104999895
            ],
            [
              -77.18709961199988,
              -11.830630853999935
            ],
            [
              -77.18710348599996,
              -11.830693353999948
            ],
            [
              -77.18712698599995,
              -11.830748104999884
            ],
            [
              -77.18718948599997,
              -11.830763728999841
            ],
            [
              -77.18724798599999,
              -11.830810604999897
            ],
            [
              -77.18726761199991,
              -11.830863229999977
            ],
            [
              -77.18728323699997,
              -11.830988229999946
            ],
            [
              -77.18727736099993,
              -11.8310683549999
            ],
            [
              -77.18724223599997,
              -11.831144478999818
            ],
            [
              -77.18719136199991,
              -11.83118160499987
            ],
            [
              -77.18714648599996,
              -11.831226603999937
            ],
            [
              -77.1871191109999,
              -11.831290979999949
            ],
            [
              -77.18716011099991,
              -11.831404353999915
            ],
            [
              -77.1871523609999,
              -11.83152535399995
            ],
            [
              -77.18715036099991,
              -11.8315976049999
            ],
            [
              -77.18713286099995,
              -11.831652354999903
            ],
            [
              -77.18709373599995,
              -11.831705104999912
            ],
            [
              -77.18702148599982,
              -11.831746104999922
            ],
            [
              -77.18692973599997,
              -11.831761729999926
            ],
            [
              -77.18684386099994,
              -11.831728479999981
            ],
            [
              -77.18671098599998,
              -11.831671854999911
            ],
            [
              -77.18663673599997,
              -11.831671854999911
            ],
            [
              -77.18654886099995,
              -11.831689479999966
            ],
            [
              -77.18647848599994,
              -11.831685604999905
            ],
            [
              -77.18636136099991,
              -11.831716854999911
            ],
            [
              -77.18622848599995,
              -11.831773478999878
            ],
            [
              -77.18618948699998,
              -11.83185347999995
            ],
            [
              -77.18613286199991,
              -11.832068353999944
            ],
            [
              -77.18611523699997,
              -11.832242229999963
            ],
            [
              -77.18607611199991,
              -11.832449229999952
            ],
            [
              -77.18601361099991,
              -11.832728479999957
            ],
            [
              -77.18591798599982,
              -11.832962853999902
            ],
            [
              -77.18588673599999,
              -11.833095729999968
            ],
            [
              -77.18583786199991,
              -11.83339060499992
            ],
            [
              -77.18571873599996,
              -11.833705104999922
            ],
            [
              -77.1856913609999,
              -11.83387885499991
            ],
            [
              -77.18565823599982,
              -11.83401760399994
            ],
            [
              -77.18561511199988,
              -11.834130853999909
            ],
            [
              -77.18558398599998,
              -11.834183603999918
            ],
            [
              -77.18549998599997,
              -11.834275354999875
            ],
            [
              -77.1854433609999,
              -11.834357479999937
            ],
            [
              -77.18534573699998,
              -11.834466854999903
            ],
            [
              -77.18527923599999,
              -11.834605478999833
            ],
            [
              -77.18525198699996,
              -11.834675728999969
            ],
            [
              -77.1851933619999,
              -11.834800728999824
            ],
            [
              -77.18506448599999,
              -11.835118979999947
            ],
            [
              -77.18499411199991,
              -11.835335979999968
            ],
            [
              -77.18492973699995,
              -11.835529354999892
            ],
            [
              -77.18488086199989,
              -11.83566797899988
            ],
            [
              -77.18482423599983,
              -11.835777353999958
            ],
            [
              -77.18477348599998,
              -11.835917979999977
            ],
            [
              -77.18472848699997,
              -11.8360663549999
            ],
            [
              -77.18465823599996,
              -11.83628322899989
            ],
            [
              -77.18461723599995,
              -11.836402354999905
            ],
            [
              -77.18460548699994,
              -11.83648247899987
            ],
            [
              -77.18461723599995,
              -11.836583979999943
            ],
            [
              -77.18464448599997,
              -11.836636729999952
            ],
            [
              -77.1846641109999,
              -11.836710979999964
            ],
            [
              -77.18466211099991,
              -11.836873104999938
            ],
            [
              -77.18469536099991,
              -11.836962729999982
            ],
            [
              -77.18472073599997,
              -11.837029353999924
            ],
            [
              -77.18472461099992,
              -11.83712885499989
            ],
            [
              -77.18475386199987,
              -11.837240229999964
            ],
            [
              -77.18479098699999,
              -11.837328104999926
            ],
            [
              -77.18483786199988,
              -11.83743560399995
            ],
            [
              -77.18487298599996,
              -11.837509729999965
            ],
            [
              -77.18491598599996,
              -11.837542979999967
            ],
            [
              -77.1849746119999,
              -11.837560603999975
            ],
            [
              -77.18503123599999,
              -11.837560604999908
            ],
            [
              -77.18508598599988,
              -11.837527353999917
            ],
            [
              -77.1851913619999,
              -11.83743560399995
            ],
            [
              -77.18530273699997,
              -11.83736147999997
            ],
            [
              -77.18553123599997,
              -11.837355478999882
            ],
            [
              -77.18560736099994,
              -11.837322229999927
            ],
            [
              -77.1856913609999,
              -11.83733785499993
            ],
            [
              -77.1857441109999,
              -11.83738285499993
            ],
            [
              -77.18579486199991,
              -11.837462854999899
            ],
            [
              -77.18582623599997,
              -11.837544978999972
            ],
            [
              -77.18581048599998,
              -11.837599604999923
            ],
            [
              -77.18580473599997,
              -11.837662103999946
            ],
            [
              -77.18584573699997,
              -11.83770697999995
            ],
            [
              -77.18596873699994,
              -11.837734353999963
            ],
            [
              -77.18610548599997,
              -11.837790854999866
            ],
            [
              -77.18609373699996,
              -11.837867229999972
            ],
            [
              -77.18602148699995,
              -11.837958978999836
            ],
            [
              -77.18601173699994,
              -11.838042978999965
            ],
            [
              -77.18602936199989,
              -11.83812697999997
            ],
            [
              -77.18607611199991,
              -11.838165979999928
            ],
            [
              -77.18619336199987,
              -11.838181604999932
            ],
            [
              -77.18629498599984,
              -11.838251978999892
            ],
            [
              -77.18638861099993,
              -11.8383066049999
            ],
            [
              -77.18643948599998,
              -11.838351479999972
            ],
            [
              -77.18648823599995,
              -11.83837497999997
            ],
            [
              -77.18655086199993,
              -11.83845697899983
            ],
            [
              -77.18659373699995,
              -11.838550729999952
            ],
            [
              -77.18658011099996,
              -11.838720729999977
            ],
            [
              -77.18666411099991,
              -11.838796854999885
            ],
            [
              -77.18672073599998,
              -11.838828103999958
            ],
            [
              -77.18686136099996,
              -11.838837854999895
            ],
            [
              -77.18689448699996,
              -11.838882854999895
            ],
            [
              -77.18686136199989,
              -11.83898247899998
            ],
            [
              -77.18680473599983,
              -11.839042978999885
            ],
            [
              -77.18671486199992,
              -11.839095728999894
            ],
            [
              -77.18657798599997,
              -11.839146479999954
            ],
            [
              -77.18643161099993,
              -11.839234228999942
            ],
            [
              -77.18633198599997,
              -11.83934572999982
            ],
            [
              -77.18619136099994,
              -11.839458978999971
            ],
            [
              -77.18624611199988,
              -11.839521479999974
            ],
            [
              -77.18626173599995,
              -11.839583979999816
            ],
            [
              -77.1863066109999,
              -11.839652353999952
            ],
            [
              -77.18637298699997,
              -11.839683603999958
            ],
            [
              -77.18642973699997,
              -11.839699229999951
            ],
            [
              -77.18649411099994,
              -11.839726603999964
            ],
            [
              -77.18653711199988,
              -11.839861354999925
            ],
            [
              -77.18654886099995,
              -11.839949228999842
            ],
            [
              -77.18654886099995,
              -11.84003910399997
            ],
            [
              -77.1865253609999,
              -11.840148479999982
            ],
            [
              -77.18646673599994,
              -11.84018947899989
            ],
            [
              -77.18634573599996,
              -11.840173854999932
            ],
            [
              -77.18623823699994,
              -11.840179728999885
            ],
            [
              -77.18611911199991,
              -11.84021285499989
            ],
            [
              -77.18600198599995,
              -11.84028122899997
            ],
            [
              -77.18591986099989,
              -11.840345728999978
            ],
            [
              -77.18581836099992,
              -11.84039260499992
            ],
            [
              -77.18567186099995,
              -11.84039447999993
            ],
            [
              -77.18557811099993,
              -11.840412104999928
            ],
            [
              -77.18550973599997,
              -11.840412104999928
            ],
            [
              -77.18535548699998,
              -11.84039447999993
            ],
            [
              -77.18526948599998,
              -11.840404354999919
            ],
            [
              -77.18512111199988,
              -11.840378854999926
            ],
            [
              -77.18504298599998,
              -11.840365229999975
            ],
            [
              -77.1849316119999,
              -11.840298853999968
            ],
            [
              -77.18479098699999,
              -11.840261729999952
            ],
            [
              -77.1846738619999,
              -11.840236354999945
            ],
            [
              -77.1846073619999,
              -11.840261728999849
            ],
            [
              -77.18450786099993,
              -11.840308604999905
            ],
            [
              -77.18438473599997,
              -11.84032222999997
            ],
            [
              -77.18427736099994,
              -11.840359354999919
            ],
            [
              -77.18415036099992,
              -11.840378854999926
            ],
            [
              -77.18404886099995,
              -11.840357479999966
            ],
            [
              -77.18397261199988,
              -11.840298853999968
            ],
            [
              -77.18389448599999,
              -11.84024022999995
            ],
            [
              -77.18381061199989,
              -11.840216854999937
            ],
            [
              -77.18370111099989,
              -11.84026947999996
            ],
            [
              -77.18358386199998,
              -11.84028710399997
            ],
            [
              -77.18348636099995,
              -11.840285104999907
            ],
            [
              -77.18339848699998,
              -11.840255854999896
            ],
            [
              -77.18334198599985,
              -11.84026947999996
            ],
            [
              -77.18326948599997,
              -11.84026947999996
            ],
            [
              -77.18318548699995,
              -11.840290979999963
            ],
            [
              -77.18306836199991,
              -11.840277354999898
            ],
            [
              -77.1829531109999,
              -11.840242228999898
            ],
            [
              -77.18284373599994,
              -11.840197229999944
            ],
            [
              -77.1827226119999,
              -11.840179728999885
            ],
            [
              -77.18266798599996,
              -11.840230478999842
            ],
            [
              -77.18264061199989,
              -11.840312478999977
            ],
            [
              -77.18250386199986,
              -11.840529354999944
            ],
            [
              -77.18246286099992,
              -11.840601604999904
            ],
            [
              -77.18243361099991,
              -11.840705104999927
            ],
            [
              -77.18241986099991,
              -11.840824229999953
            ],
            [
              -77.1824003619999,
              -11.840968728999883
            ],
            [
              -77.18237498599996,
              -11.841072229999952
            ],
            [
              -77.18237698599995,
              -11.841205103999926
            ],
            [
              -77.18239648599996,
              -11.84128910499993
            ],
            [
              -77.18237498699995,
              -11.84141010399992
            ],
            [
              -77.18232423699999,
              -11.841539103999935
            ],
            [
              -77.18225973599993,
              -11.841660103999914
            ],
            [
              -77.18219536099991,
              -11.841810604999921
            ],
            [
              -77.18221286099993,
              -11.84186522999994
            ],
            [
              -77.18226173699998,
              -11.841898478999894
            ],
            [
              -77.18232036199987,
              -11.841910104999897
            ],
            [
              -77.18243948599996,
              -11.841906103999918
            ],
            [
              -77.18255861099993,
              -11.8419297289999
            ],
            [
              -77.18263873699993,
              -11.841978478999977
            ],
            [
              -77.18268161099991,
              -11.84203322999997
            ],
            [
              -77.18272261099992,
              -11.842105478999883
            ],
            [
              -77.18279098699998,
              -11.842158229999825
            ],
            [
              -77.18285736199988,
              -11.842167979999942
            ],
            [
              -77.18296673699996,
              -11.842175728999962
            ],
            [
              -77.18306448699997,
              -11.842193354999893
            ],
            [
              -77.18316211199988,
              -11.842246103999969
            ],
            [
              -77.18320698699995,
              -11.842302728999869
            ],
            [
              -77.18321686099995,
              -11.842386604999888
            ],
            [
              -77.18303123699997,
              -11.842560604999903
            ],
            [
              -77.18299411099991,
              -11.842646479999814
            ],
            [
              -77.18299023599997,
              -11.842728479999948
            ],
            [
              -77.18300198599997,
              -11.842830104999905
            ],
            [
              -77.18300198599997,
              -11.842931604999933
            ],
            [
              -77.1830273619999,
              -11.84300785499994
            ],
            [
              -77.18310736099988,
              -11.84297072999982
            ],
            [
              -77.18317773599995,
              -11.84297072999982
            ],
            [
              -77.18324998699995,
              -11.843013729999825
            ],
            [
              -77.18334573699997,
              -11.843124978999981
            ],
            [
              -77.18347073599995,
              -11.843175729999814
            ],
            [
              -77.18353111099992,
              -11.843183604999922
            ],
            [
              -77.18362298599999,
              -11.843201229999977
            ],
            [
              -77.18374023599995,
              -11.843185604999917
            ],
            [
              -77.18389648599998,
              -11.843144478999875
            ],
            [
              -77.18406623699997,
              -11.843111353999973
            ],
            [
              -77.18415423699997,
              -11.843109229999982
            ],
            [
              -77.18424223699998,
              -11.843070354999952
            ],
            [
              -77.18433211099995,
              -11.843080104999899
            ],
            [
              -77.18428711199988,
              -11.84315035499992
            ],
            [
              -77.18420123599998,
              -11.84316997999997
            ],
            [
              -77.18414061099992,
              -11.843189478999875
            ],
            [
              -77.18409573599996,
              -11.843234354999936
            ],
            [
              -77.18414061099992,
              -11.843351604999953
            ],
            [
              -77.18419911099988,
              -11.843412104999913
            ],
            [
              -77.1842851109999,
              -11.843466854999917
            ],
            [
              -77.18433398599996,
              -11.843546854999943
            ],
            [
              -77.18432036099995,
              -11.843609354999899
            ],
            [
              -77.18430486199992,
              -11.843734353999935
            ],
            [
              -77.18422848699998,
              -11.843839854999942
            ],
            [
              -77.18419136099993,
              -11.843927729999962
            ],
            [
              -77.18412886199991,
              -11.843994104999922
            ],
            [
              -77.18408786099991,
              -11.844044978999875
            ],
            [
              -77.18404098599996,
              -11.84415622899985
            ],
            [
              -77.18397661099993,
              -11.844263729999966
            ],
            [
              -77.18389061099992,
              -11.844365104999895
            ],
            [
              -77.18376761099995,
              -11.844439479999949
            ],
            [
              -77.18361723599998,
              -11.84446872999996
            ],
            [
              -77.18352148699995,
              -11.844484354999906
            ],
            [
              -77.18341798599982,
              -11.844486354999901
            ],
            [
              -77.18326173699995,
              -11.84450972899998
            ],
            [
              -77.18313086099994,
              -11.844515604999913
            ],
            [
              -77.18300973699996,
              -11.844517604999908
            ],
            [
              -77.18292773599995,
              -11.844476604999954
            ],
            [
              -77.18285161199992,
              -11.844408229999829
            ],
            [
              -77.18281448599998,
              -11.844365104999895
            ],
            [
              -77.18276173599997,
              -11.84434372999982
            ],
            [
              -77.18267186199989,
              -11.844388729999878
            ],
            [
              -77.18259573699999,
              -11.844394478999845
            ],
            [
              -77.18252348599998,
              -11.844367228999886
            ],
            [
              -77.18247461099992,
              -11.844331979999936
            ],
            [
              -77.1824336119999,
              -11.84428497999994
            ],
            [
              -77.18241598599997,
              -11.844226604999903
            ],
            [
              -77.1824218619999,
              -11.844132854999941
            ],
            [
              -77.18234961099989,
              -11.84409960499994
            ],
            [
              -77.18220698599998,
              -11.844158228999902
            ],
            [
              -77.1820898609999,
              -11.844214854999905
            ],
            [
              -77.18201561099994,
              -11.844251979999967
            ],
            [
              -77.18197461099993,
              -11.84429885499992
            ],
            [
              -77.18195323599997,
              -11.844369104999942
            ],
            [
              -77.18194136099993,
              -11.844429729999831
            ],
            [
              -77.1819023619999,
              -11.844533229999968
            ],
            [
              -77.18186723699995,
              -11.844601604999923
            ],
            [
              -77.18176761099994,
              -11.844720728999903
            ],
            [
              -77.18168948699997,
              -11.844783229999962
            ],
            [
              -77.18159186199989,
              -11.844837854999923
            ],
            [
              -77.18151173699994,
              -11.844867228999874
            ],
            [
              -77.18144336199987,
              -11.844908228999884
            ],
            [
              -77.18138086099992,
              -11.844958979999944
            ],
            [
              -77.18134173699997,
              -11.845019479999962
            ],
            [
              -77.18133786099992,
              -11.845087854999917
            ],
            [
              -77.18135161099991,
              -11.84518747899989
            ],
            [
              -77.18132811099991,
              -11.845294979999835
            ],
            [
              -77.1812656109999,
              -11.845386729999973
            ],
            [
              -77.18119923599994,
              -11.845398479999972
            ],
            [
              -77.18113473699998,
              -11.845371104999913
            ],
            [
              -77.18106636199985,
              -11.845324228999857
            ],
            [
              -77.18098048599995,
              -11.84529097899997
            ],
            [
              -77.18092186199988,
              -11.84528322999995
            ],
            [
              -77.18080861099992,
              -11.845220728999891
            ],
            [
              -77.18073048699995,
              -11.845208978999892
            ],
            [
              -77.18060936099994,
              -11.845181604999937
            ],
            [
              -77.18055073599999,
              -11.84519535499993
            ],
            [
              -77.18046673599997,
              -11.845201229999873
            ],
            [
              -77.18038086099989,
              -11.845205103999945
            ],
            [
              -77.18032411099989,
              -11.845181603999947
            ],
            [
              -77.18028711199986,
              -11.845130854999923
            ],
            [
              -77.18025198599997,
              -11.84504297999996
            ],
            [
              -77.1802168609999,
              -11.844988229999956
            ],
            [
              -77.1801426109999,
              -11.844929728999887
            ],
            [
              -77.18008011199987,
              -11.84487310499992
            ],
            [
              -77.18000373599995,
              -11.844855479999978
            ],
            [
              -77.17990423599997,
              -11.84481635499992
            ],
            [
              -77.17985548599995,
              -11.84474997999996
            ],
            [
              -77.17977348599999,
              -11.844681603999959
            ],
            [
              -77.17970511099992,
              -11.844646478999891
            ],
            [
              -77.17964848599996,
              -11.844665978999842
            ],
            [
              -77.17963861199985,
              -11.844720729999949
            ],
            [
              -77.17964648699996,
              -11.844837853999934
            ],
            [
              -77.17962498599996,
              -11.844912104999935
            ],
            [
              -77.17952736099994,
              -11.845003854999902
            ],
            [
              -77.17945898699998,
              -11.845035104999909
            ],
            [
              -77.17938473599997,
              -11.84504297999996
            ],
            [
              -77.17930073699995,
              -11.845023479999952
            ],
            [
              -77.17922073699998,
              -11.844992229999832
            ],
            [
              -77.17909961099991,
              -11.84491797999982
            ],
            [
              -77.1790273609999,
              -11.84491597999994
            ],
            [
              -77.17888073599994,
              -11.844908229999874
            ],
            [
              -77.17881836099991,
              -11.844888728999877
            ],
            [
              -77.17874623599988,
              -11.844822229999977
            ],
            [
              -77.17859186099992,
              -11.844744104999904
            ],
            [
              -77.17851948599997,
              -11.844736353999963
            ],
            [
              -77.17840823699999,
              -11.84471272999997
            ],
            [
              -77.17830273599998,
              -11.844664103999946
            ],
            [
              -77.17824611099991,
              -11.844605353999953
            ],
            [
              -77.17829486199997,
              -11.844542979999972
            ],
            [
              -77.17835548599999,
              -11.844503853999925
            ],
            [
              -77.17823236199985,
              -11.844476604999954
            ],
            [
              -77.17810536199988,
              -11.844462854999904
            ],
            [
              -77.17801948699997,
              -11.844476604999954
            ],
            [
              -77.1779316119999,
              -11.84457222899988
            ],
            [
              -77.17780273699998,
              -11.844665979999945
            ],
            [
              -77.17773248699996,
              -11.84471272899998
            ],
            [
              -77.17766998599996,
              -11.844706979999955
            ],
            [
              -77.17760748699999,
              -11.844658104999894
            ],
            [
              -77.17756836199999,
              -11.844613229999936
            ],
            [
              -77.17750973599993,
              -11.844576229999973
            ],
            [
              -77.17744536099991,
              -11.844556603999933
            ],
            [
              -77.17738861199985,
              -11.844476604999954
            ],
            [
              -77.17738861099991,
              -11.844402354999943
            ],
            [
              -77.17736323699995,
              -11.844337978999874
            ],
            [
              -77.17729098599995,
              -11.84432422899988
            ],
            [
              -77.1770996109999,
              -11.84429885499992
            ],
            [
              -77.17700586099988,
              -11.844246104999911
            ],
            [
              -77.17691798599998,
              -11.844218729999966
            ],
            [
              -77.1768163619999,
              -11.844275354999922
            ],
            [
              -77.17676561199988,
              -11.844347604999939
            ],
            [
              -77.17673048699999,
              -11.844455104999952
            ],
            [
              -77.17663673699997,
              -11.844546854999919
            ],
            [
              -77.17655073599997,
              -11.844556604999923
            ],
            [
              -77.17643748699993,
              -11.84460747999998
            ],
            [
              -77.17631248599997,
              -11.844623104999926
            ],
            [
              -77.1762538609999,
              -11.844650354999942
            ],
            [
              -77.17616011099989,
              -11.84471110499993
            ],
            [
              -77.17611523599999,
              -11.844777354999906
            ],
            [
              -77.17609961099993,
              -11.84483197999998
            ],
            [
              -77.17606048599998,
              -11.84487310499992
            ],
            [
              -77.17608398699997,
              -11.844937479999942
            ],
            [
              -77.17616598699993,
              -11.844986354999946
            ],
            [
              -77.17622848699995,
              -11.84500197999995
            ],
            [
              -77.1763203619999,
              -11.845005728999979
            ],
            [
              -77.17640036099988,
              -11.845009729999958
            ],
            [
              -77.17644536199987,
              -11.845060603999968
            ],
            [
              -77.17637111099992,
              -11.845101604999911
            ],
            [
              -77.17627348699995,
              -11.845156229999816
            ],
            [
              -77.17618948599994,
              -11.845146479999869
            ],
            [
              -77.17607223699997,
              -11.845156229999816
            ],
            [
              -77.17592573599995,
              -11.845249979999949
            ],
            [
              -77.17587298599994,
              -11.845222603999957
            ],
            [
              -77.17581836099993,
              -11.845160104999934
            ],
            [
              -77.1757148609999,
              -11.845087854999917
            ],
            [
              -77.17568548699995,
              -11.845031229999961
            ],
            [
              -77.17565436099994,
              -11.844960979999826
            ],
            [
              -77.17558598599999,
              -11.84485347899988
            ],
            [
              -77.17546486099991,
              -11.84471110499993
            ],
            [
              -77.1754101109999,
              -11.844613229999936
            ],
            [
              -77.17536723599994,
              -11.84456060399998
            ],
            [
              -77.17530661199999,
              -11.844490229999963
            ],
            [
              -77.17521286199985,
              -11.844410104999895
            ],
            [
              -77.17512498599996,
              -11.844388729999878
            ],
            [
              -77.17499998699998,
              -11.844388729999878
            ],
            [
              -77.1749023619999,
              -11.844371104999937
            ],
            [
              -77.17482223699994,
              -11.844369104999942
            ],
            [
              -77.17466798699996,
              -11.844363229999942
            ],
            [
              -77.17459373699995,
              -11.844373104999931
            ],
            [
              -77.17453123599995,
              -11.844371103999947
            ],
            [
              -77.17440036199997,
              -11.844419979999827
            ],
            [
              -77.1743066119999,
              -11.844439479999949
            ],
            [
              -77.17425586099989,
              -11.844464854999899
            ],
            [
              -77.17409961099992,
              -11.844521479999969
            ],
            [
              -77.173931612,
              -11.844619104999936
            ],
            [
              -77.17382423699996,
              -11.844677729999944
            ],
            [
              -77.17369136199989,
              -11.84478710499991
            ],
            [
              -77.17363086099988,
              -11.84486910499993
            ],
            [
              -77.17358398599998,
              -11.84491410499993
            ],
            [
              -77.17350961099999,
              -11.845005729999968
            ],
            [
              -77.17342973599995,
              -11.845099603999927
            ],
            [
              -77.17339448599995,
              -11.84514647899988
            ],
            [
              -77.17333786099988,
              -11.845206979999944
            ],
            [
              -77.17326773599996,
              -11.845304729999953
            ],
            [
              -77.17323636099991,
              -11.845359354999914
            ],
            [
              -77.17316598699995,
              -11.845341854999958
            ],
            [
              -77.17310548599994,
              -11.845414104999918
            ],
            [
              -77.1729551119999,
              -11.845544978999897
            ],
            [
              -77.17291986199984,
              -11.845593853999958
            ],
            [
              -77.17284373699994,
              -11.845679729999972
            ],
            [
              -77.17274023699997,
              -11.845912103999979
            ],
            [
              -77.17267186099991,
              -11.845978479999815
            ],
            [
              -77.17259373599995,
              -11.846023479999872
            ],
            [
              -77.17243748699997,
              -11.84613472899997
            ],
            [
              -77.17234173599996,
              -11.846224603999929
            ],
            [
              -77.17215423599998,
              -11.84635547999983
            ],
            [
              -77.1720898609999,
              -11.84641597999996
            ],
            [
              -77.17203323599995,
              -11.846478479999973
            ],
            [
              -77.17195698699993,
              -11.846574229999874
            ],
            [
              -77.17190423599999,
              -11.846664104999945
            ],
            [
              -77.17185348699996,
              -11.84676372899986
            ],
            [
              -77.1717753609999,
              -11.846888729999876
            ],
            [
              -77.17160548699997,
              -11.847152354999935
            ],
            [
              -77.17152736199989,
              -11.84737497899988
            ],
            [
              -77.17145898699994,
              -11.847581979999973
            ],
            [
              -77.17139848599999,
              -11.847722603999955
            ],
            [
              -77.17135161099992,
              -11.847824229999958
            ],
            [
              -77.17131048599998,
              -11.84788285499991
            ],
            [
              -77.17127736099991,
              -11.847931604999928
            ],
            [
              -77.17113473699993,
              -11.848085979999837
            ],
            [
              -77.17102923599998,
              -11.848181604999922
            ],
            [
              -77.17087298599995,
              -11.848367228999905
            ],
            [
              -77.17081836099987,
              -11.84844135499992
            ],
            [
              -77.17064861199992,
              -11.848642604999952
            ],
            [
              -77.17049998599998,
              -11.848806603999947
            ],
            [
              -77.17029298599994,
              -11.84910935499994
            ],
            [
              -77.17016211199984,
              -11.849331979999818
            ],
            [
              -77.1701191109999,
              -11.849369104999937
            ],
            [
              -77.1700781109999,
              -11.84942385499994
            ],
            [
              -77.17001561099988,
              -11.849490229999958
            ],
            [
              -77.1698496109999,
              -11.849669978999884
            ],
            [
              -77.16973636099988,
              -11.849804728999914
            ],
            [
              -77.16954298599995,
              -11.850048854999955
            ],
            [
              -77.16942186099988,
              -11.850228479999828
            ],
            [
              -77.16937498699997,
              -11.85028710499995
            ],
            [
              -77.16920686099985,
              -11.850505853999948
            ],
            [
              -77.16908398699996,
              -11.850687478999873
            ],
            [
              -77.16900198599996,
              -11.850841853999952
            ],
            [
              -77.16884761199998,
              -11.851121104999947
            ],
            [
              -77.16882611099999,
              -11.851199229999963
            ],
            [
              -77.16871873599996,
              -11.851466854999956
            ],
            [
              -77.16861136099988,
              -11.851748103999967
            ],
            [
              -77.16855073599999,
              -11.851851604999922
            ],
            [
              -77.16849798599998,
              -11.851956979999954
            ],
            [
              -77.16842973699994,
              -11.852056604999916
            ],
            [
              -77.16831448599999,
              -11.852183604999937
            ],
            [
              -77.16824423599996,
              -11.852285104999908
            ],
            [
              -77.16816211199989,
              -11.852423853999937
            ],
            [
              -77.16812498599995,
              -11.852499979999834
            ],
            [
              -77.16808198599995,
              -11.852539103999959
            ],
            [
              -77.16805073699993,
              -11.852593729999967
            ],
            [
              -77.16796098599997,
              -11.852683604999925
            ],
            [
              -77.1678691109999,
              -11.852798853999957
            ],
            [
              -77.16773623599994,
              -11.852933604999919
            ],
            [
              -77.16765423599998,
              -11.853119104999905
            ],
            [
              -77.16754686099989,
              -11.853251979999982
            ],
            [
              -77.16748048699992,
              -11.853302729999882
            ],
            [
              -77.16743948699997,
              -11.853355478999902
            ],
            [
              -77.16739448599998,
              -11.85341997899991
            ],
            [
              -77.16739848599997,
              -11.853476728999908
            ],
            [
              -77.16746886099992,
              -11.853568354999936
            ],
            [
              -77.16752923699994,
              -11.85361910499995
            ],
            [
              -77.16759573599995,
              -11.85366597999996
            ],
            [
              -77.16768348599993,
              -11.85370510499996
            ],
            [
              -77.16773823699992,
              -11.853724603999979
            ],
            [
              -77.1678163609999,
              -11.853779354999972
            ],
            [
              -77.16788473699995,
              -11.853810604999921
            ],
            [
              -77.16803511099988,
              -11.853921853999964
            ],
            [
              -77.16812698599995,
              -11.853974603999973
            ],
            [
              -77.16820311099991,
              -11.854054729999973
            ],
            [
              -77.16835348599994,
              -11.854117354999971
            ],
            [
              -77.16841211199988,
              -11.85420897999984
            ],
            [
              -77.16839061199988,
              -11.85428122999997
            ],
            [
              -77.16832411099989,
              -11.854298854999968
            ],
            [
              -77.16824998699997,
              -11.854273478999914
            ],
            [
              -77.16808011199998,
              -11.854140604999941
            ],
            [
              -77.16781061199998,
              -11.853972603999978
            ],
            [
              -77.16766798599997,
              -11.853833979999877
            ],
            [
              -77.16758398699994,
              -11.853783229999976
            ],
            [
              -77.16747661099993,
              -11.853740229999971
            ],
            [
              -77.16738861199997,
              -11.85375785499997
            ],
            [
              -77.16731448599995,
              -11.853810603999932
            ],
            [
              -77.16727348599994,
              -11.853863228999899
            ],
            [
              -77.16720298599995,
              -11.853925729999958
            ],
            [
              -77.16714448699992,
              -11.854048853999927
            ],
            [
              -77.16707423599996,
              -11.854177729999833
            ],
            [
              -77.16706848599995,
              -11.854273478999914
            ],
            [
              -77.16704298699995,
              -11.854345728999874
            ],
            [
              -77.16694923699993,
              -11.85452735499996
            ],
            [
              -77.16685736199997,
              -11.854757853999956
            ],
            [
              -77.1667323609999,
              -11.8549882289999
            ],
            [
              -77.16668361099988,
              -11.855070354999953
            ],
            [
              -77.16666211099988,
              -11.855138729999851
            ],
            [
              -77.16662298699993,
              -11.855218729999876
            ],
            [
              -77.16658986099992,
              -11.85528910499994
            ],
            [
              -77.16651373699995,
              -11.855410104999919
            ],
            [
              -77.16642386099988,
              -11.855542978999893
            ],
            [
              -77.16636911199998,
              -11.855605478999905
            ],
            [
              -77.16631248599998,
              -11.855669979999846
            ],
            [
              -77.16622073599996,
              -11.855841854999937
            ],
            [
              -77.16611136099988,
              -11.855978479999976
            ],
            [
              -77.1659218609999,
              -11.856183603999966
            ],
            [
              -77.16580273599999,
              -11.856328103999942
            ],
            [
              -77.16563473599996,
              -11.856529353999974
            ],
            [
              -77.16558198699994,
              -11.856591854999976
            ],
            [
              -77.16554486199988,
              -11.856654354999932
            ],
            [
              -77.16551173699992,
              -11.856697229999838
            ],
            [
              -77.1653906109999,
              -11.856902353999942
            ],
            [
              -77.16534186199988,
              -11.856999979999841
            ],
            [
              -77.16532611199983,
              -11.857058479999978
            ],
            [
              -77.16524998599994,
              -11.85723247999988
            ],
            [
              -77.16520123699996,
              -11.857331978999866
            ],
            [
              -77.16516011199997,
              -11.8574044799999
            ],
            [
              -77.16507423599995,
              -11.857537104999949
            ],
            [
              -77.16501373599993,
              -11.85765035399993
            ],
            [
              -77.16493948599998,
              -11.857769479999831
            ],
            [
              -77.1648183609999,
              -11.857968729999982
            ],
            [
              -77.1647538609999,
              -11.858068354999943
            ],
            [
              -77.164699236,
              -11.858165978999864
            ],
            [
              -77.16460348599998,
              -11.85836522999989
            ],
            [
              -77.16452536199984,
              -11.858523479999974
            ],
            [
              -77.16448048699993,
              -11.858585979999873
            ],
            [
              -77.16441011099988,
              -11.858693354999957
            ],
            [
              -77.16438286099992,
              -11.85875585399998
            ],
            [
              -77.16435548599998,
              -11.858820354999978
            ],
            [
              -77.16427348599996,
              -11.858949228999904
            ],
            [
              -77.16422848599996,
              -11.859015603999978
            ],
            [
              -77.16419336099989,
              -11.85909372999987
            ],
            [
              -77.16412498599993,
              -11.859212853999963
            ],
            [
              -77.16400386099986,
              -11.85941022999998
            ],
            [
              -77.16372261199996,
              -11.859837978999906
            ],
            [
              -77.16367561199996,
              -11.859884729999976
            ],
            [
              -77.16359386099992,
              -11.860009729999888
            ],
            [
              -77.16351761099992,
              -11.860146479999969
            ],
            [
              -77.16341411199988,
              -11.860314478999896
            ],
            [
              -77.16338473599995,
              -11.860373103999962
            ],
            [
              -77.16332036099988,
              -11.860474604999922
            ],
            [
              -77.16326948699992,
              -11.860556604999942
            ],
            [
              -77.16321286199997,
              -11.860652354999957
            ],
            [
              -77.16312498599996,
              -11.860785104999934
            ],
            [
              -77.16304498599999,
              -11.860917979999897
            ],
            [
              -77.16300598599997,
              -11.86099022999997
            ],
            [
              -77.16295698599998,
              -11.861074229999872
            ],
            [
              -77.16291798699996,
              -11.86115435499994
            ],
            [
              -77.16287886099985,
              -11.861205104999954
            ],
            [
              -77.16280473699993,
              -11.86133410399998
            ],
            [
              -77.16277736099988,
              -11.861392604999935
            ],
            [
              -77.16273248699997,
              -11.861458978999906
            ],
            [
              -77.16267973599997,
              -11.861544978999916
            ],
            [
              -77.16264061099986,
              -11.861623104999978
            ],
            [
              -77.16255073699995,
              -11.861789103999968
            ],
            [
              -77.16252548699993,
              -11.861847604999923
            ],
            [
              -77.16249611099988,
              -11.86190822999987
            ],
            [
              -77.16238086099986,
              -11.862169979999862
            ],
            [
              -77.1623319869999,
              -11.8622714789999
            ],
            [
              -77.16223823599995,
              -11.862464853999938
            ],
            [
              -77.16221873699993,
              -11.86252347999988
            ],
            [
              -77.16216598599993,
              -11.862609353999972
            ],
            [
              -77.16211723599997,
              -11.862706978999881
            ],
            [
              -77.16201948599996,
              -11.862945353999976
            ],
            [
              -77.16195311099989,
              -11.863064479999878
            ],
            [
              -77.16181061099991,
              -11.863273479999862
            ],
            [
              -77.16177923599997,
              -11.86334960499994
            ],
            [
              -77.16173236099985,
              -11.863415979999843
            ],
            [
              -77.16165623599994,
              -11.863513729999909
            ],
            [
              -77.16158598599998,
              -11.86361522999988
            ],
            [
              -77.16151761199984,
              -11.863755854999965
            ],
            [
              -77.16144923699994,
              -11.863904353999942
            ],
            [
              -77.16137498599994,
              -11.864109354999925
            ],
            [
              -77.16128511199997,
              -11.864267603999963
            ],
            [
              -77.16117773699995,
              -11.864492229999883
            ],
            [
              -77.16111723599994,
              -11.864574229999903
            ],
            [
              -77.16100786099992,
              -11.864831979999849
            ],
            [
              -77.1609336109999,
              -11.864970728999936
            ],
            [
              -77.16084186099988,
              -11.865111354999954
            ],
            [
              -77.16080661099988,
              -11.865191354999922
            ],
            [
              -77.16073048699991,
              -11.865345729999888
            ],
            [
              -77.16069536099991,
              -11.865400354999963
            ],
            [
              -77.16060161099989,
              -11.865611354999942
            ],
            [
              -77.16057623599994,
              -11.865677729999902
            ],
            [
              -77.16052736099988,
              -11.865787104999981
            ],
            [
              -77.16047848599993,
              -11.865890604999947
            ],
            [
              -77.16037698599996,
              -11.866107479999869
            ],
            [
              -77.1603496109999,
              -11.866181604999952
            ],
            [
              -77.16026561099989,
              -11.866308604999972
            ],
            [
              -77.16013286099991,
              -11.866669978999937
            ],
            [
              -77.15996673699993,
              -11.86692185499993
            ],
            [
              -77.15975386199995,
              -11.867253854999944
            ],
            [
              -77.15971098599994,
              -11.867333978999909
            ],
            [
              -77.15964061199998,
              -11.867546853999954
            ],
            [
              -77.15958598599997,
              -11.867677729999855
            ],
            [
              -77.1595488609999,
              -11.867749979999871
            ],
            [
              -77.15945898599995,
              -11.868013853999969
            ],
            [
              -77.15937498699992,
              -11.868158229999892
            ],
            [
              -77.15931248599998,
              -11.868249978999927
            ],
            [
              -77.15923636199983,
              -11.868380853999952
            ],
            [
              -77.15917573699994,
              -11.86851172999991
            ],
            [
              -77.15913673699993,
              -11.868581979999874
            ],
            [
              -77.15906636099999,
              -11.868744104999962
            ],
            [
              -77.15901948599998,
              -11.868822229999978
            ],
            [
              -77.15895898599996,
              -11.868994103999967
            ],
            [
              -77.15889261099989,
              -11.869193353999947
            ],
            [
              -77.15884173699993,
              -11.869365229999858
            ],
            [
              -77.15878711099998,
              -11.86946872999988
            ],
            [
              -77.15872461099985,
              -11.869654354999966
            ],
            [
              -77.1586856109999,
              -11.869746104999933
            ],
            [
              -77.15858598699992,
              -11.869939354999929
            ],
            [
              -77.15847661099991,
              -11.870191354999974
            ],
            [
              -77.15834573599994,
              -11.870540979999873
            ],
            [
              -77.15829298599994,
              -11.870615229999885
            ],
            [
              -77.15820311099998,
              -11.870810604999974
            ],
            [
              -77.15809761199995,
              -11.87103322999991
            ],
            [
              -77.15802536099989,
              -11.871259729999906
            ],
            [
              -77.15795111099999,
              -11.87142772999988
            ],
            [
              -77.1579062369999,
              -11.871523478999904
            ],
            [
              -77.1578086109999,
              -11.871783104999963
            ],
            [
              -77.15776561199982,
              -11.87187697999991
            ],
            [
              -77.15771873599994,
              -11.872080104999952
            ],
            [
              -77.15766986099999,
              -11.872248104999926
            ],
            [
              -77.15762111099986,
              -11.87247460499998
            ],
            [
              -77.15758023599994,
              -11.872609354999952
            ],
            [
              -77.15753323599995,
              -11.872710979999908
            ],
            [
              -77.15743561099987,
              -11.87291010499996
            ],
            [
              -77.15736711099999,
              -11.873103479999884
            ],
            [
              -77.15732223599997,
              -11.873197229999903
            ],
            [
              -77.15727536199995,
              -11.87328910499997
            ],
            [
              -77.15721486199999,
              -11.873392604999935
            ],
            [
              -77.15719336199999,
              -11.873449228999903
            ],
            [
              -77.15708011099986,
              -11.87370897999989
            ],
            [
              -77.15703511199996,
              -11.87381060499996
            ],
            [
              -77.15694536099988,
              -11.87400585499995
            ],
            [
              -77.15683011199997,
              -11.874302728999908
            ],
            [
              -77.15674223599996,
              -11.87462885399998
            ],
            [
              -77.15666211099989,
              -11.874941354999976
            ],
            [
              -77.15662298599995,
              -11.875029354999981
            ],
            [
              -77.15655473599998,
              -11.875228479999862
            ],
            [
              -77.15650786199996,
              -11.875425729999904
            ],
            [
              -77.15641598599996,
              -11.875751978999915
            ],
            [
              -77.15639648699994,
              -11.87580660499998
            ],
            [
              -77.15636523699993,
              -11.875945354999942
            ],
            [
              -77.15619336099985,
              -11.876341854999964
            ],
            [
              -77.15615623699995,
              -11.876398478999931
            ],
            [
              -77.15603136199996,
              -11.87673247999993
            ],
            [
              -77.15598436199997,
              -11.876841854999952
            ],
            [
              -77.15593161099997,
              -11.877005854999936
            ],
            [
              -77.15586911099984,
              -11.87719535499997
            ],
            [
              -77.15580661099989,
              -11.877359354999953
            ],
            [
              -77.15574611099998,
              -11.877531229999875
            ],
            [
              -77.15569923599998,
              -11.877626979999889
            ],
            [
              -77.15566411099991,
              -11.87775785499997
            ],
            [
              -77.15560748699994,
              -11.877947229999904
            ],
            [
              -77.15555086099988,
              -11.87811722999993
            ],
            [
              -77.15551761099988,
              -11.878203103999965
            ],
            [
              -77.15542773599998,
              -11.878562479999914
            ],
            [
              -77.15532036199983,
              -11.878939479999929
            ],
            [
              -77.15527148599995,
              -11.879154354999969
            ],
            [
              -77.15523436099988,
              -11.87929685399996
            ],
            [
              -77.15521486199998,
              -11.879394479999917
            ],
            [
              -77.15521098599999,
              -11.879484354999931
            ],
            [
              -77.15519136099988,
              -11.879558603999953
            ],
            [
              -77.15516598599993,
              -11.879624979999903
            ],
            [
              -77.15503511099985,
              -11.879960853999819
            ],
            [
              -77.15497661099988,
              -11.880136728999958
            ],
            [
              -77.15492186199998,
              -11.880318354999929
            ],
            [
              -77.15486523699991,
              -11.88047460499996
            ],
            [
              -77.15466598699993,
              -11.880955103999838
            ],
            [
              -77.15456448599997,
              -11.881390603999876
            ],
            [
              -77.1545214869999,
              -11.881548854999949
            ],
            [
              -77.15448436099985,
              -11.881652354999972
            ],
            [
              -77.15445511099989,
              -11.88194135499998
            ],
            [
              -77.15443361099989,
              -11.882037104999938
            ],
            [
              -77.15440823599994,
              -11.882224604999976
            ],
            [
              -77.15440036099989,
              -11.882468729999914
            ],
            [
              -77.15435548699992,
              -11.88271485499996
            ],
            [
              -77.15427536099997,
              -11.883025354999972
            ],
            [
              -77.15424998599997,
              -11.883101603999876
            ],
            [
              -77.15421098699994,
              -11.883183604999942
            ],
            [
              -77.15415423599995,
              -11.883294979999903
            ],
            [
              -77.15413298599998,
              -11.883345728999927
            ],
            [
              -77.15410161099999,
              -11.883414104999815
            ],
            [
              -77.15405661099999,
              -11.883517604999952
            ],
            [
              -77.15404298599998,
              -11.883589854999968
            ],
            [
              -77.15399611199996,
              -11.883716854999818
            ],
            [
              -77.1539766109999,
              -11.88384372999991
            ],
            [
              -77.15395311099985,
              -11.883953104999932
            ],
            [
              -77.15394336099985,
              -11.884033229999886
            ],
            [
              -77.1539336109999,
              -11.884089853999967
            ],
            [
              -77.1539238609999,
              -11.88417772899993
            ],
            [
              -77.15391798599995,
              -11.884269479999887
            ],
            [
              -77.15390823699994,
              -11.884394479999912
            ],
            [
              -77.1539023609999,
              -11.884482479999917
            ],
            [
              -77.15388473699994,
              -11.8846132299999
            ],
            [
              -77.15387498599995,
              -11.884675729999913
            ],
            [
              -77.15386323599995,
              -11.884783229999925
            ],
            [
              -77.15384761199994,
              -11.884865229999889
            ],
            [
              -77.15382223599994,
              -11.884956979999913
            ],
            [
              -77.15380073699993,
              -11.885019479999926
            ],
            [
              -77.15377536199998,
              -11.885109353999837
            ],
            [
              -77.15374798699992,
              -11.88522847999991
            ],
            [
              -77.15368948699995,
              -11.885472604999961
            ],
            [
              -77.15363673599995,
              -11.885593729999925
            ],
            [
              -77.15358786199994,
              -11.885716854999941
            ],
            [
              -77.15352736199998,
              -11.885861353999871
            ],
            [
              -77.15350786099998,
              -11.885935603999883
            ],
            [
              -77.15346098599997,
              -11.886035104999962
            ],
            [
              -77.15342386099985,
              -11.886134604999938
            ],
            [
              -77.1533847369999,
              -11.886216854999816
            ],
            [
              -77.15336723599995,
              -11.886314479999896
            ],
            [
              -77.15335548699994,
              -11.886386729999913
            ],
            [
              -77.15333786099984,
              -11.886453103999884
            ],
            [
              -77.15331836099989,
              -11.886527353999838
            ],
            [
              -77.15330073699994,
              -11.88661322899992
            ],
            [
              -77.15326948599994,
              -11.886753854999938
            ],
            [
              -77.15325586099988,
              -11.88681635499995
            ],
            [
              -77.15323436099999,
              -11.886902354999961
            ],
            [
              -77.15321873699992,
              -11.886958978999928
            ],
            [
              -77.15317973599997,
              -11.887048854999819
            ],
            [
              -77.15314261099985,
              -11.887119104999954
            ],
            [
              -77.1531152369999,
              -11.88719135499997
            ],
            [
              -77.15306461099988,
              -11.887336104999974
            ],
            [
              -77.15302536099989,
              -11.887496229999954
            ],
            [
              -77.15299998599994,
              -11.8875779789999
            ],
            [
              -77.15298048599993,
              -11.887644479999892
            ],
            [
              -77.15294723699992,
              -11.887726604999955
            ],
            [
              -77.15291798699991,
              -11.88781822999988
            ],
            [
              -77.15287311199995,
              -11.887960979999946
            ],
            [
              -77.15283786199996,
              -11.888095728999929
            ],
            [
              -77.15282223599996,
              -11.888208979999888
            ],
            [
              -77.15279298599995,
              -11.888320353999973
            ],
            [
              -77.15275786099988,
              -11.88845310499994
            ],
            [
              -77.15272261199993,
              -11.88858010499996
            ],
            [
              -77.15266598599993,
              -11.888804729999947
            ],
            [
              -77.15264448599993,
              -11.888892604999967
            ],
            [
              -77.15262698599997,
              -11.888968728999942
            ],
            [
              -77.15257611199996,
              -11.889089854999952
            ],
            [
              -77.15255273599996,
              -11.88916010399987
            ],
            [
              -77.15253111099997,
              -11.889240229999928
            ],
            [
              -77.15249998599995,
              -11.889322228999958
            ],
            [
              -77.15246098599994,
              -11.889420104999886
            ],
            [
              -77.15242573699993,
              -11.88951372999992
            ],
            [
              -77.15238286099998,
              -11.889603479999892
            ],
            [
              -77.15236523699991,
              -11.889658229999895
            ],
            [
              -77.15232036099985,
              -11.889777354999978
            ],
            [
              -77.15229886099985,
              -11.88983597999993
            ],
            [
              -77.15225586099984,
              -11.889937478999968
            ],
            [
              -77.15217386199998,
              -11.890066353999885
            ],
            [
              -77.15213286199997,
              -11.890148479999937
            ],
            [
              -77.15210936099999,
              -11.890201229999946
            ],
            [
              -77.15206448599997,
              -11.890279354999961
            ],
            [
              -77.1520527369999,
              -11.890351604999978
            ],
            [
              -77.1520293609999,
              -11.890423854999824
            ],
            [
              -77.15199598599992,
              -11.89049810499995
            ],
            [
              -77.15195698599996,
              -11.890587853999875
            ],
            [
              -77.15193161199994,
              -11.890656229999934
            ],
            [
              -77.151878862,
              -11.890728479999893
            ],
            [
              -77.15184573599993,
              -11.890792979999901
            ],
            [
              -77.15180661199997,
              -11.890873104999969
            ],
            [
              -77.15175786099985,
              -11.890966854999874
            ],
            [
              -77.15169923599996,
              -11.891052729999899
            ],
            [
              -77.15167186099984,
              -11.89114260499997
            ],
            [
              -77.15161523599994,
              -11.89131060499983
            ],
            [
              -77.15158786099988,
              -11.891388729999903
            ],
            [
              -77.15157223699993,
              -11.891458978999935
            ],
            [
              -77.15155661199998,
              -11.89151760499982
            ],
            [
              -77.15154098599993,
              -11.891587854999955
            ],
            [
              -77.15151361199997,
              -11.891662104999966
            ],
            [
              -77.15148636099985,
              -11.891730478999932
            ],
            [
              -77.1514472369999,
              -11.891855479999947
            ],
            [
              -77.15142973599995,
              -11.891917979999903
            ],
            [
              -77.15141011199995,
              -11.891970729999912
            ],
            [
              -77.15138473599995,
              -11.892027353999879
            ],
            [
              -77.15136136099989,
              -11.892128853999964
            ],
            [
              -77.15134173699988,
              -11.892203104999965
            ],
            [
              -77.15131836099988,
              -11.892263728999978
            ],
            [
              -77.15127523699988,
              -11.892330103999882
            ],
            [
              -77.15126361199998,
              -11.892400353999847
            ],
            [
              -77.15124998599993,
              -11.892468603999873
            ],
            [
              -77.15121286199997,
              -11.89253710399987
            ],
            [
              -77.15117186199996,
              -11.892603479999934
            ],
            [
              -77.15106048599995,
              -11.89276760499996
            ],
            [
              -77.15103123599994,
              -11.892822229999922
            ],
            [
              -77.15098248699991,
              -11.892906229999937
            ],
            [
              -77.15094923599997,
              -11.892953104999947
            ],
            [
              -77.15092973599997,
              -11.893037104999962
            ],
            [
              -77.15087886099997,
              -11.893130854999981
            ],
            [
              -77.15084373699989,
              -11.893228478999958
            ],
            [
              -77.15078711099989,
              -11.893386729999918
            ],
            [
              -77.15072848699992,
              -11.89346097999993
            ],
            [
              -77.15066211099997,
              -11.893540979999898
            ],
            [
              -77.15062111199995,
              -11.893621104999966
            ],
            [
              -77.15058398599996,
              -11.89368160399988
            ],
            [
              -77.15053911099989,
              -11.893761729999937
            ],
            [
              -77.15048236199993,
              -11.893865229999903
            ],
            [
              -77.15043748599993,
              -11.893947229999924
            ],
            [
              -77.1503653609999,
              -11.894142604999956
            ],
            [
              -77.1503339869999,
              -11.894204979999927
            ],
            [
              -77.1503007369999,
              -11.89427935499998
            ],
            [
              -77.15025798599999,
              -11.89434572999994
            ],
            [
              -77.15021286199999,
              -11.894427729999904
            ],
            [
              -77.15015036199998,
              -11.894509729999925
            ],
            [
              -77.15009173599992,
              -11.89461322999989
            ],
            [
              -77.15004886099985,
              -11.894701229999953
            ],
            [
              -77.15001173699994,
              -11.894757854999966
            ],
            [
              -77.14997661099989,
              -11.89481835499987
            ],
            [
              -77.14993361099988,
              -11.894880854999826
            ],
            [
              -77.14989448699993,
              -11.894958979999899
            ],
            [
              -77.14984961199997,
              -11.895050728999934
            ],
            [
              -77.14982223599992,
              -11.895109354999818
            ],
            [
              -77.14977748699994,
              -11.89518360499983
            ],
            [
              -77.1497363609999,
              -11.895253854999964
            ],
            [
              -77.14970311099984,
              -11.895326354999895
            ],
            [
              -77.14968161199994,
              -11.895398479999926
            ],
            [
              -77.14957423699991,
              -11.895554729999958
            ],
            [
              -77.14950586199996,
              -11.895658229999924
            ],
            [
              -77.14942986099987,
              -11.8957676039999
            ],
            [
              -77.14937111099988,
              -11.89588085399987
            ],
            [
              -77.14934761199999,
              -11.895935603999874
            ],
            [
              -77.14929486199998,
              -11.896035104999953
            ],
            [
              -77.14926561199997,
              -11.896107479999955
            ],
            [
              -77.14922261199996,
              -11.89617772999992
            ],
            [
              -77.14919336199995,
              -11.896236229999886
            ],
            [
              -77.14913286099988,
              -11.896318353999902
            ],
            [
              -77.14908598699992,
              -11.896363229999906
            ],
            [
              -77.14901373599997,
              -11.896449353999913
            ],
            [
              -77.14893361199995,
              -11.896525354999824
            ],
            [
              -77.14887498699989,
              -11.896632854999837
            ],
            [
              -77.14881461099986,
              -11.896730479999917
            ],
            [
              -77.14875586099998,
              -11.896812479999937
            ],
            [
              -77.14870123599997,
              -11.89687685499996
            ],
            [
              -77.14864261099984,
              -11.896929854999883
            ],
            [
              -77.14859761099996,
              -11.897001978999981
            ],
            [
              -77.14856448599994,
              -11.897052729999928
            ],
            [
              -77.14851173599993,
              -11.897123104999878
            ],
            [
              -77.14844536199996,
              -11.897224729999948
            ],
            [
              -77.14838473599991,
              -11.897374979999938
            ],
            [
              -77.14834761099996,
              -11.897480479999956
            ],
            [
              -77.14833786099996,
              -11.897560604999967
            ],
            [
              -77.14829298599994,
              -11.897683604999827
            ],
            [
              -77.14826948599995,
              -11.897759604999976
            ],
            [
              -77.14822261199998,
              -11.897845729999915
            ],
            [
              -77.14818748599993,
              -11.897915979999937
            ],
            [
              -77.14815236099997,
              -11.89798635499983
            ],
            [
              -77.14810936099997,
              -11.898042979999957
            ],
            [
              -77.14805273699989,
              -11.898123103999865
            ],
            [
              -77.14802148599995,
              -11.898205103999885
            ],
            [
              -77.14799023599994,
              -11.898271478999959
            ],
            [
              -77.14796673599994,
              -11.89834572999996
            ],
            [
              -77.14794536199997,
              -11.898412104999977
            ],
            [
              -77.14790823599992,
              -11.898519479999948
            ],
            [
              -77.14789061199997,
              -11.898583979999955
            ],
            [
              -77.14783398599997,
              -11.89874022899994
            ],
            [
              -77.14779486199996,
              -11.898837854999954
            ],
            [
              -77.14776948599996,
              -11.898902354999962
            ],
            [
              -77.14771098599994,
              -11.899025354999822
            ],
            [
              -77.14767386099999,
              -11.899119104999954
            ],
            [
              -77.14763861199998,
              -11.899173854999958
            ],
            [
              -77.14760348599992,
              -11.89924810499997
            ],
            [
              -77.14757423599997,
              -11.899310604999869
            ],
            [
              -77.14752536099996,
              -11.899386729999947
            ],
            [
              -77.14750198599995,
              -11.899455103999912
            ],
            [
              -77.14746098599994,
              -11.89952147899993
            ],
            [
              -77.14741411199998,
              -11.899609354999825
            ],
            [
              -77.14734961099998,
              -11.899695354999835
            ],
            [
              -77.14729886199996,
              -11.899796853999874
            ],
            [
              -77.14726373599996,
              -11.899863228999948
            ],
            [
              -77.14720311099984,
              -11.899984354999958
            ],
            [
              -77.14715623599994,
              -11.90012885499982
            ],
            [
              -77.14709761099988,
              -11.90031635399987
            ],
            [
              -77.14705661099998,
              -11.900453104999826
            ],
            [
              -77.14702923599992,
              -11.900540979999903
            ],
            [
              -77.14700198599996,
              -11.90061322999992
            ],
            [
              -77.14697848599991,
              -11.900669978999929
            ],
            [
              -77.14695511099984,
              -11.900726604999875
            ],
            [
              -77.14689261199999,
              -11.900851604999843
            ],
            [
              -77.14683398699992,
              -11.900943354999981
            ],
            [
              -77.14680073699992,
              -11.901001979999933
            ],
            [
              -77.14674798599992,
              -11.901085979999948
            ],
            [
              -77.14671673599992,
              -11.90115622899998
            ],
            [
              -77.14667973699994,
              -11.901214853999875
            ],
            [
              -77.14665823599995,
              -11.90126947999994
            ],
            [
              -77.14664061199994,
              -11.901324229999943
            ],
            [
              -77.14658398599994,
              -11.901429729999961
            ],
            [
              -77.14655273699992,
              -11.90150197999992
            ],
            [
              -77.14653511199998,
              -11.901558604999877
            ],
            [
              -77.14648636199996,
              -11.901667978999967
            ],
            [
              -77.1464354869999,
              -11.90183197999994
            ],
            [
              -77.1464043609999,
              -11.901978478999979
            ],
            [
              -77.14639648699989,
              -11.902044979999971
            ],
            [
              -77.14639261099984,
              -11.902103479999937
            ],
            [
              -77.14639648699989,
              -11.902193354999838
            ],
            [
              -77.14639648599996,
              -11.902275479999957
            ],
            [
              -77.14639261099984,
              -11.902351604999978
            ],
            [
              -77.14638298599994,
              -11.90249997899997
            ],
            [
              -77.14636723599995,
              -11.902581979999923
            ],
            [
              -77.14635548599995,
              -11.902677729999937
            ],
            [
              -77.14635348599995,
              -11.902736354999888
            ],
            [
              -77.14634573599994,
              -11.902806604999967
            ],
            [
              -77.14632423599994,
              -11.902896479999924
            ],
            [
              -77.14628911199998,
              -11.903017604999889
            ],
            [
              -77.14627348599993,
              -11.903089853999916
            ],
            [
              -77.14625586099999,
              -11.903164104999973
            ],
            [
              -77.14624411099999,
              -11.903249979999941
            ],
            [
              -77.14631836099989,
              -11.903318229999911
            ],
            [
              -77.14636523599995,
              -11.903382854999847
            ],
            [
              -77.14632036099988,
              -11.903472603999887
            ],
            [
              -77.14628511099983,
              -11.903525354999829
            ],
            [
              -77.1461797369999,
              -11.903613104999977
            ],
            [
              -77.14615436099984,
              -11.90371285499998
            ],
            [
              -77.14613673599996,
              -11.903785104999827
            ],
            [
              -77.14610548699989,
              -11.903874978999966
            ],
            [
              -77.14607423599995,
              -11.903956979999919
            ],
            [
              -77.1460369859999,
              -11.904021479999926
            ],
            [
              -77.14599223599993,
              -11.904095729999938
            ],
            [
              -77.14594136199997,
              -11.9041543539999
            ],
            [
              -77.14588673599997,
              -11.90423635399992
            ],
            [
              -77.14588286099985,
              -11.904330104999872
            ],
            [
              -77.14590036199996,
              -11.904402354999888
            ],
            [
              -77.14593748599992,
              -11.90444722899997
            ],
            [
              -77.14602536099983,
              -11.90452735499997
            ],
            [
              -77.14609961099984,
              -11.904615229999933
            ],
            [
              -77.14613673599996,
              -11.904662104999886
            ],
            [
              -77.14620111099998,
              -11.904720729999951
            ],
            [
              -77.14626361099982,
              -11.904769479999914
            ],
            [
              -77.14630073599994,
              -11.904851604999976
            ],
            [
              -77.14628911199998,
              -11.904941353999902
            ],
            [
              -77.14626561199998,
              -11.905017604999841
            ],
            [
              -77.14624223599992,
              -11.905113228999937
            ],
            [
              -77.14619736099985,
              -11.905173853999884
            ],
            [
              -77.14610936199995,
              -11.905212854999832
            ],
            [
              -77.14605861199993,
              -11.905251978999956
            ],
            [
              -77.14599611099999,
              -11.90530272899997
            ],
            [
              -77.14592961199997,
              -11.905351603999918
            ],
            [
              -77.14587698599996,
              -11.905392604999975
            ],
            [
              -77.14572848699993,
              -11.905439478999938
            ],
            [
              -77.14565036099998,
              -11.905443354999875
            ],
            [
              -77.14561323599992,
              -11.905488228999957
            ],
            [
              -77.14554886099984,
              -11.905580104999842
            ],
            [
              -77.14546873599994,
              -11.905642479999926
            ],
            [
              -77.14543161099988,
              -11.905710978999934
            ],
            [
              -77.14542973599993,
              -11.905769479999947
            ],
            [
              -77.14554886199994,
              -11.905796853999902
            ],
            [
              -77.14556248699989,
              -11.905869104999965
            ],
            [
              -77.14552736099984,
              -11.905914104999852
            ],
            [
              -77.14548436199993,
              -11.905951229999971
            ],
            [
              -77.14551173599995,
              -11.906013729999927
            ],
            [
              -77.14556836099996,
              -11.90603122999994
            ],
            [
              -77.14564648599992,
              -11.906027353999889
            ],
            [
              -77.14573636199998,
              -11.906011728999943
            ],
            [
              -77.14579098599995,
              -11.905984354999873
            ],
            [
              -77.14584948699991,
              -11.90597460499987
            ],
            [
              -77.14590411099994,
              -11.906035103999898
            ],
            [
              -77.14592773599992,
              -11.906109354999842
            ],
            [
              -77.14596873599993,
              -11.906173853999917
            ],
            [
              -77.14598236199998,
              -11.906253854999875
            ],
            [
              -77.14601173699992,
              -11.906333979999943
            ],
            [
              -77.14611723699994,
              -11.90635347999995
            ],
            [
              -77.14624411099999,
              -11.906371104999891
            ],
            [
              -77.14631248599994,
              -11.906427729999962
            ],
            [
              -77.14634761199994,
              -11.906558604999873
            ],
            [
              -77.14636523599995,
              -11.90663872999994
            ],
            [
              -77.1464179869999,
              -11.906724603999919
            ],
            [
              -77.14644723599991,
              -11.906794979999972
            ],
            [
              -77.14647461099997,
              -11.906902354999886
            ],
            [
              -77.14650386099999,
              -11.906986354999844
            ],
            [
              -77.14653511099988,
              -11.90708197999993
            ],
            [
              -77.14658011199998,
              -11.907117229999926
            ],
            [
              -77.14663861099996,
              -11.907124979999935
            ],
            [
              -77.14670111099997,
              -11.907115228999942
            ],
            [
              -77.14677536099998,
              -11.907072229999926
            ],
            [
              -77.14685548599994,
              -11.90702935499985
            ],
            [
              -77.14693748599996,
              -11.907050729999924
            ],
            [
              -77.14696486099984,
              -11.907134729999939
            ],
            [
              -77.14700786199995,
              -11.907185604999881
            ],
            [
              -77.14707036099998,
              -11.907248104999894
            ],
            [
              -77.14716986099995,
              -11.907331978999935
            ],
            [
              -77.14721486099984,
              -11.907402354999874
            ],
            [
              -77.14718548599996,
              -11.907470728999954
            ],
            [
              -77.14711523599993,
              -11.907474603999901
            ],
            [
              -77.14704298599992,
              -11.907519479999962
            ],
            [
              -77.14697848599991,
              -11.907580104999852
            ],
            [
              -77.14688861099995,
              -11.90761522999992
            ],
            [
              -77.14679098599993,
              -11.90764060499987
            ],
            [
              -77.14667786099989,
              -11.907621104999976
            ],
            [
              -77.14659573699993,
              -11.907613228999935
            ],
            [
              -77.14656048599994,
              -11.907660104999877
            ],
            [
              -77.14653911099998,
              -11.907746103999898
            ],
            [
              -77.1464824869999,
              -11.907873103999918
            ],
            [
              -77.14641798599996,
              -11.907945353999878
            ],
            [
              -77.14634961099983,
              -11.907996104999881
            ],
            [
              -77.14632223599995,
              -11.908056604999842
            ],
            [
              -77.14633186199995,
              -11.908123104999902
            ],
            [
              -77.14641011199996,
              -11.908167979999973
            ],
            [
              -77.14648823699991,
              -11.908228479999934
            ],
            [
              -77.14650386199997,
              -11.908302729999946
            ],
            [
              -77.14650973599993,
              -11.908365229999959
            ],
            [
              -77.14654886099999,
              -11.908408229999964
            ],
            [
              -77.14659373699993,
              -11.908445354999856
            ],
            [
              -77.14664061099984,
              -11.90851172999993
            ],
            [
              -77.14662486199995,
              -11.908599604999893
            ],
            [
              -77.14655861099999,
              -11.908617229999948
            ],
            [
              -77.14648436099998,
              -11.908658228999968
            ],
            [
              -77.1464159869999,
              -11.908748103999926
            ],
            [
              -77.14638673699989,
              -11.908835979999935
            ],
            [
              -77.14639848599995,
              -11.908921854999846
            ],
            [
              -77.14643548599992,
              -11.908988228999931
            ],
            [
              -77.14653123599993,
              -11.90904497899993
            ],
            [
              -77.14659373599994,
              -11.909132854999882
            ],
            [
              -77.14662298699989,
              -11.909261729999969
            ],
            [
              -77.14664848599995,
              -11.909349604999875
            ],
            [
              -77.14669923599996,
              -11.909421854999891
            ],
            [
              -77.14675198599997,
              -11.909474604999843
            ],
            [
              -77.14679886099998,
              -11.90952735399992
            ],
            [
              -77.14682223599993,
              -11.909609353999883
            ],
            [
              -77.14678123699991,
              -11.90969722999995
            ],
            [
              -77.14663473699989,
              -11.909728478999966
            ],
            [
              -77.14654686199998,
              -11.90973822999996
            ],
            [
              -77.14647073599997,
              -11.909798853999916
            ],
            [
              -77.14642186099996,
              -11.909828104999974
            ],
            [
              -77.14633986199993,
              -11.909851604999858
            ],
            [
              -77.14624611199997,
              -11.909802729999967
            ],
            [
              -77.14616011199996,
              -11.909777354999846
            ],
            [
              -77.14609373599995,
              -11.909806604999972
            ],
            [
              -77.14600198699992,
              -11.909935603999884
            ],
            [
              -77.14596673699992,
              -11.910013729999946
            ],
            [
              -77.14595311099998,
              -11.91006835499985
            ],
            [
              -77.14590248599995,
              -11.910150353999882
            ],
            [
              -77.14582036199994,
              -11.910187479999934
            ],
            [
              -77.14567773599993,
              -11.910175729999935
            ],
            [
              -77.14557423599996,
              -11.910156229999927
            ],
            [
              -77.14549223599994,
              -11.910152353999877
            ],
            [
              -77.14546286099983,
              -11.910226604999878
            ],
            [
              -77.14529298599996,
              -11.910474604999877
            ],
            [
              -77.14521873599995,
              -11.910626979999961
            ],
            [
              -77.14520311199993,
              -11.91068160499998
            ],
            [
              -77.14517773699993,
              -11.910734353999885
            ],
            [
              -77.14516211099988,
              -11.910789104999878
            ],
            [
              -77.14513861099982,
              -11.910847603999912
            ],
            [
              -77.14511323599993,
              -11.910927729999969
            ],
            [
              -77.14502536199996,
              -11.91111522999995
            ],
            [
              -77.14493548599995,
              -11.911222604999978
            ],
            [
              -77.14495311199994,
              -11.911314478999941
            ],
            [
              -77.14502536199996,
              -11.911359354999888
            ],
            [
              -77.14508198699991,
              -11.911376979999943
            ],
            [
              -77.14517573599994,
              -11.911431604999848
            ],
            [
              -77.14519536099988,
              -11.911564478999935
            ],
            [
              -77.14528711099996,
              -11.911660103999907
            ],
            [
              -77.14538673599992,
              -11.911726604999899
            ],
            [
              -77.14538086099998,
              -11.911798854999859
            ],
            [
              -77.14526561199995,
              -11.911859354999876
            ],
            [
              -77.14519536099988,
              -11.911908229999938
            ],
            [
              -77.14518948599994,
              -11.911972604999846
            ],
            [
              -77.14517386199998,
              -11.91202735499985
            ],
            [
              -77.14516011099983,
              -11.912097604999872
            ],
            [
              -77.14514448599994,
              -11.912224604999892
            ],
            [
              -77.14515423699987,
              -11.9122891049999
            ],
            [
              -77.14516011199999,
              -11.912367228999813
            ],
            [
              -77.14517573699987,
              -11.912501979999945
            ],
            [
              -77.14515823599993,
              -11.912580104999904
            ],
            [
              -77.14510348599993,
              -11.912673853999934
            ],
            [
              -77.14503711099997,
              -11.912736354999879
            ],
            [
              -77.14495898599995,
              -11.912835979999954
            ],
            [
              -77.14491398599995,
              -11.912882854999907
            ],
            [
              -77.14486136099998,
              -11.91293160499987
            ],
            [
              -77.14480861199996,
              -11.913015603999895
            ],
            [
              -77.14476761199995,
              -11.913101604999895
            ],
            [
              -77.1447617369999,
              -11.913210979999974
            ],
            [
              -77.14477736199996,
              -11.913285104999886
            ],
            [
              -77.14481048599993,
              -11.913339728999972
            ],
            [
              -77.14484373599993,
              -11.91341210499985
            ],
            [
              -77.14486136199997,
              -11.913511729999982
            ],
            [
              -77.14485736099982,
              -11.913601604999883
            ],
            [
              -77.14481636099998,
              -11.913665979999962
            ],
            [
              -77.14472461099996,
              -11.913783229999979
            ],
            [
              -77.14462498599994,
              -11.913937479999959
            ],
            [
              -77.14460548599993,
              -11.914013729999965
            ],
            [
              -77.14457423699992,
              -11.914126979999935
            ],
            [
              -77.14454886199997,
              -11.914181604999897
            ],
            [
              -77.14453323599992,
              -11.914265603999922
            ],
            [
              -77.14446098599996,
              -11.914398479999932
            ],
            [
              -77.14438873599994,
              -11.914462729999912
            ],
            [
              -77.14435336099996,
              -11.91457222899993
            ],
            [
              -77.14428511199998,
              -11.914681603999895
            ],
            [
              -77.14426561099998,
              -11.914767604999895
            ],
            [
              -77.14425586199997,
              -11.914841854999906
            ],
            [
              -77.14424811199996,
              -11.914917979999927
            ],
            [
              -77.14421673699991,
              -11.914994104999892
            ],
            [
              -77.14417773599996,
              -11.9150918549999
            ],
            [
              -77.14413861099996,
              -11.915242229999933
            ],
            [
              -77.14414061199994,
              -11.915304729999946
            ],
            [
              -77.14415236199994,
              -11.915359353999918
            ],
            [
              -77.14415036099996,
              -11.91543160499998
            ],
            [
              -77.14411523699988,
              -11.915519479999944
            ],
            [
              -77.14407811099983,
              -11.915607479999949
            ],
            [
              -77.14402923599994,
              -11.91573047999998
            ],
            [
              -77.14399811099997,
              -11.915822229999947
            ],
            [
              -77.14397861099985,
              -11.915880854999898
            ],
            [
              -77.14396286199997,
              -11.915966854999908
            ],
            [
              -77.14393161099997,
              -11.916064604999917
            ],
            [
              -77.14389261199995,
              -11.91615435499989
            ],
            [
              -77.14386523699989,
              -11.916220728999974
            ],
            [
              -77.14384573699994,
              -11.916273479999973
            ],
            [
              -77.14382611199994,
              -11.916339854999876
            ],
            [
              -77.14379686099983,
              -11.916402354999889
            ],
            [
              -77.14377923699988,
              -11.916462853999917
            ],
            [
              -77.14375586099999,
              -11.916513729999963
            ],
            [
              -77.14373048599992,
              -11.916564479999977
            ],
            [
              -77.14370511099997,
              -11.916636728999947
            ],
            [
              -77.14369136099998,
              -11.916718729999957
            ],
            [
              -77.14368748599992,
              -11.916775354999857
            ],
            [
              -77.14366011199996,
              -11.916880854999874
            ],
            [
              -77.14365036099997,
              -11.916933603999894
            ],
            [
              -77.14363098699994,
              -11.917000104999886
            ],
            [
              -77.14360748599995,
              -11.917058604999909
            ],
            [
              -77.14357223699989,
              -11.917130854999982
            ],
            [
              -77.14351761199998,
              -11.917216854999879
            ],
            [
              -77.14347061199999,
              -11.917308604999903
            ],
            [
              -77.14343548699992,
              -11.917398479999974
            ],
            [
              -77.14341786099999,
              -11.917462854999883
            ],
            [
              -77.14338086199996,
              -11.917535229999942
            ],
            [
              -77.14333773599992,
              -11.917609354999854
            ],
            [
              -77.14330273599995,
              -11.917689479999979
            ],
            [
              -77.14326561199994,
              -11.917769479999947
            ],
            [
              -77.14323636099988,
              -11.917849603999912
            ],
            [
              -77.14321486199998,
              -11.917900353999926
            ],
            [
              -77.14318161099999,
              -11.91797460499987
            ],
            [
              -77.14316011199998,
              -11.918050728999958
            ],
            [
              -77.14314061099998,
              -11.918115229999955
            ],
            [
              -77.14310736099998,
              -11.918201229999966
            ],
            [
              -77.14307623599996,
              -11.918289103999939
            ],
            [
              -77.14304886099984,
              -11.918367228999955
            ],
            [
              -77.14301761099983,
              -11.91846285499986
            ],
            [
              -77.14293736099995,
              -11.918656229999954
            ],
            [
              -77.14289061199997,
              -11.918767603999925
            ],
            [
              -77.14284573599991,
              -11.918853479999939
            ],
            [
              -77.1428104869999,
              -11.91892772999995
            ],
            [
              -77.14277736099996,
              -11.919003853999925
            ],
            [
              -77.14267386199998,
              -11.919222604999902
            ],
            [
              -77.14263473699992,
              -11.919312478999814
            ],
            [
              -77.14260548599992,
              -11.919382853999934
            ],
            [
              -77.1425859869999,
              -11.919462854999892
            ],
            [
              -77.14258986099998,
              -11.919572229999972
            ],
            [
              -77.14259373599992,
              -11.919628854999871
            ],
            [
              -77.14258786099998,
              -11.919705104999878
            ],
            [
              -77.14256073599995,
              -11.919781229999955
            ],
            [
              -77.14255073599992,
              -11.919837853999923
            ],
            [
              -77.14253511099997,
              -11.919900354999982
            ],
            [
              -77.14252536199996,
              -11.91996285499988
            ],
            [
              -77.14250386199996,
              -11.920039104999887
            ],
            [
              -77.14248436099996,
              -11.920115228999975
            ],
            [
              -77.14245686099997,
              -11.920216853999932
            ],
            [
              -77.14243561199999,
              -11.920308604999889
            ],
            [
              -77.14241411199998,
              -11.920386729999962
            ],
            [
              -77.14238473699987,
              -11.920505853999941
            ],
            [
              -77.14234761099982,
              -11.920626978999962
            ],
            [
              -77.14232048599996,
              -11.92068747999997
            ],
            [
              -77.14229886099997,
              -11.920748103999927
            ],
            [
              -77.14227536199996,
              -11.920798854999873
            ],
            [
              -77.14224411199996,
              -11.920861354999886
            ],
            [
              -77.14217973699994,
              -11.920978478999814
            ],
            [
              -77.14213861199994,
              -11.92107810399989
            ],
            [
              -77.14212111099988,
              -11.921150354999895
            ],
            [
              -77.14210161099999,
              -11.921236353999916
            ],
            [
              -77.14208023599997,
              -11.92132222899994
            ],
            [
              -77.14203911099997,
              -11.921402354999884
            ],
            [
              -77.14202348599991,
              -11.921468729999958
            ],
            [
              -77.14198048599991,
              -11.921548854999912
            ],
            [
              -77.14194923699989,
              -11.921621104999872
            ],
            [
              -77.14192773599996,
              -11.921718729999952
            ],
            [
              -77.14189648599995,
              -11.921820354999909
            ],
            [
              -77.14196686099984,
              -11.921853479999982
            ],
            [
              -77.14192386099984,
              -11.921951229999934
            ],
            [
              -77.14186711099995,
              -11.922044978999963
            ],
            [
              -77.14183786199999,
              -11.922136729999977
            ],
            [
              -77.14183998699991,
              -11.922228479999944
            ],
            [
              -77.14183011199998,
              -11.9222851049999
            ],
            [
              -77.14182423699992,
              -11.92235347999997
            ],
            [
              -77.14185161099988,
              -11.922503853999899
            ],
            [
              -77.14173823699991,
              -11.922507853999946
            ],
            [
              -77.14170511199995,
              -11.922640603999923
            ],
            [
              -77.14168148599992,
              -11.922753853999893
            ],
            [
              -77.14164648599996,
              -11.922812479999948
            ],
            [
              -77.14161523699988,
              -11.922880854999903
            ],
            [
              -77.14158011199999,
              -11.922994104999873
            ],
            [
              -77.14154098699987,
              -11.923093854999934
            ],
            [
              -77.14152348599993,
              -11.923162104999903
            ],
            [
              -77.14150973699992,
              -11.923218729999974
            ],
            [
              -77.14148236199998,
              -11.923302729999932
            ],
            [
              -77.14144723699991,
              -11.92340035399991
            ],
            [
              -77.14141598599991,
              -11.923488229999975
            ],
            [
              -77.14134573599995,
              -11.923681729999942
            ],
            [
              -77.14132423599995,
              -11.923763729999962
            ],
            [
              -77.14129886099988,
              -11.923859354999877
            ],
            [
              -77.14128323599994,
              -11.923921979999932
            ],
            [
              -77.14126373699992,
              -11.923996104999901
            ],
            [
              -77.14124023599993,
              -11.924083979999978
            ],
            [
              -77.14120898599992,
              -11.924179729999935
            ],
            [
              -77.1411894869999,
              -11.92425585399991
            ],
            [
              -77.14116411099997,
              -11.924328104999915
            ],
            [
              -77.14113286099996,
              -11.924410104999879
            ],
            [
              -77.14109961099996,
              -11.924488229999952
            ],
            [
              -77.14105661199994,
              -11.924636729999975
            ],
            [
              -77.14104298699988,
              -11.924701229999926
            ],
            [
              -77.14102148699988,
              -11.924783229999946
            ],
            [
              -77.14100386099994,
              -11.924873104999904
            ],
            [
              -77.14098636199998,
              -11.92494535499992
            ],
            [
              -77.14096486099999,
              -11.925017479999951
            ],
            [
              -77.14094536099998,
              -11.925089853999907
            ],
            [
              -77.14092386099998,
              -11.925144479999972
            ],
            [
              -77.14088673599991,
              -11.92522660499992
            ],
            [
              -77.14086523599991,
              -11.925287103999949
            ],
            [
              -77.14083986199995,
              -11.92536722999995
            ],
            [
              -77.1408124859999,
              -11.925453104999917
            ],
            [
              -77.14078323599995,
              -11.925542979999932
            ],
            [
              -77.1407694859999,
              -11.92560160399995
            ],
            [
              -77.14075386099995,
              -11.925675729999966
            ],
            [
              -77.14072461199999,
              -11.92580272999993
            ],
            [
              -77.14070111099994,
              -11.925906229999953
            ],
            [
              -77.14068748699992,
              -11.92596285399992
            ],
            [
              -77.14067386099998,
              -11.926017604999913
            ],
            [
              -77.14065623699992,
              -11.926091854999925
            ],
            [
              -77.14063086099998,
              -11.926212854999903
            ],
            [
              -77.14061323699991,
              -11.926312479999979
            ],
            [
              -77.14059761099998,
              -11.926384728999949
            ],
            [
              -77.14057811099997,
              -11.926447228999962
            ],
            [
              -77.14056248599991,
              -11.926521479999963
            ],
            [
              -77.14055073599991,
              -11.926607479999973
            ],
            [
              -77.14054298599996,
              -11.92667972899983
            ],
            [
              -77.1405097359999,
              -11.92687497899982
            ],
            [
              -77.14050198599995,
              -11.926949229999934
            ],
            [
              -77.14048823699989,
              -11.927023479999946
            ],
            [
              -77.14047836099996,
              -11.927081979999969
            ],
            [
              -77.14046286099995,
              -11.927138729999967
            ],
            [
              -77.14043748599994,
              -11.927203104999876
            ],
            [
              -77.14041798599993,
              -11.927277353999955
            ],
            [
              -77.14039448599993,
              -11.927369228999964
            ],
            [
              -77.14037298699986,
              -11.927576229999943
            ],
            [
              -77.14044136099994,
              -11.927624979999962
            ],
            [
              -77.14046873599995,
              -11.92767772999997
            ],
            [
              -77.14046486199999,
              -11.927769479999938
            ],
            [
              -77.14045311199999,
              -11.92784972999982
            ],
            [
              -77.14045123599993,
              -11.92792572999997
            ],
            [
              -77.14044923599994,
              -11.927982604999954
            ],
            [
              -77.14043548599994,
              -11.928060603999938
            ],
            [
              -77.14037886199998,
              -11.928271479999978
            ],
            [
              -77.14035736099999,
              -11.928351604999932
            ],
            [
              -77.14033198599992,
              -11.92845897999996
            ],
            [
              -77.14031048599992,
              -11.928546853999933
            ],
            [
              -77.14029111099984,
              -11.928628853999896
            ],
            [
              -77.1402694869999,
              -11.928714854999896
            ],
            [
              -77.14024023699989,
              -11.928792979999969
            ],
            [
              -77.14020511099983,
              -11.92890435499993
            ],
            [
              -77.14016011099994,
              -11.929027354999903
            ],
            [
              -77.14008786099998,
              -11.92938085499992
            ],
            [
              -77.14007611199997,
              -11.92945697999994
            ],
            [
              -77.14006248699991,
              -11.929511728999955
            ],
            [
              -77.14005273599992,
              -11.929574228999968
            ],
            [
              -77.14004098599992,
              -11.92963672999997
            ],
            [
              -77.14002536099997,
              -11.929742229999931
            ],
            [
              -77.14000386099997,
              -11.929851603999964
            ],
            [
              -77.13995123599994,
              -11.930033229999935
            ],
            [
              -77.13990623599994,
              -11.930167979999965
            ],
            [
              -77.13988473699987,
              -11.930253854999876
            ],
            [
              -77.13986336199997,
              -11.930341853999948
            ],
            [
              -77.13984573699992,
              -11.930419979999954
            ],
            [
              -77.13982423699991,
              -11.930494104999923
            ],
            [
              -77.13981248699992,
              -11.930556604999879
            ],
            [
              -77.13979486099998,
              -11.93063085499989
            ],
            [
              -77.1397734869999,
              -11.930701229999954
            ],
            [
              -77.13976173599991,
              -11.930757853999921
            ],
            [
              -77.13974811099996,
              -11.930818354999928
            ],
            [
              -77.13973823599991,
              -11.930873103999943
            ],
            [
              -77.13972661099996,
              -11.930933604999893
            ],
            [
              -77.13971098599995,
              -11.931023479999965
            ],
            [
              -77.13969136199995,
              -11.931111354999928
            ],
            [
              -77.13967773699989,
              -11.931191479999939
            ],
            [
              -77.13966798599995,
              -11.931249979999961
            ],
            [
              -77.13965823699988,
              -11.931310604999908
            ],
            [
              -77.13964448699988,
              -11.93137310499992
            ],
            [
              -77.13962698599994,
              -11.931425729999944
            ],
            [
              -77.13960161199998,
              -11.93148635499989
            ],
            [
              -77.13958598699992,
              -11.93158397999997
            ],
            [
              -77.13956848599997,
              -11.931671978999873
            ],
            [
              -77.13955073599993,
              -11.931755854999892
            ],
            [
              -77.13953511099999,
              -11.931853479999972
            ],
            [
              -77.13951761099997,
              -11.931945354999925
            ],
            [
              -77.13950786099997,
              -11.932011729999942
            ],
            [
              -77.13949611099997,
              -11.932083979999959
            ],
            [
              -77.13947661099996,
              -11.93216997999997
            ],
            [
              -77.13946111199982,
              -11.932248104999928
            ],
            [
              -77.1394492369999,
              -11.932306604999894
            ],
            [
              -77.1394374859999,
              -11.932374979999963
            ],
            [
              -77.13943161199995,
              -11.932433604999915
            ],
            [
              -77.13941998699988,
              -11.932490229999928
            ],
            [
              -77.13940998599992,
              -11.932568353999955
            ],
            [
              -77.13940236199994,
              -11.932628854999905
            ],
            [
              -77.13938673699988,
              -11.932705104999911
            ],
            [
              -77.13937498599995,
              -11.932763729999976
            ],
            [
              -77.13935748699993,
              -11.932859354999891
            ],
            [
              -77.13934173599989,
              -11.932937479999964
            ],
            [
              -77.13932036099999,
              -11.933013728999981
            ],
            [
              -77.13929498699991,
              -11.93309185499993
            ],
            [
              -77.13927548599992,
              -11.93317572999996
            ],
            [
              -77.139263611,
              -11.933240229999967
            ],
            [
              -77.13924998699991,
              -11.933312479999927
            ],
            [
              -77.13923048599992,
              -11.933421854999892
            ],
            [
              -77.13920898599991,
              -11.933517604999906
            ],
            [
              -77.13919523599992,
              -11.933597479999946
            ],
            [
              -77.13917186099997,
              -11.93369722999995
            ],
            [
              -77.13915823699989,
              -11.933769479999967
            ],
            [
              -77.13914848599995,
              -11.933839853999928
            ],
            [
              -77.13913473699989,
              -11.933912104999933
            ],
            [
              -77.13912498699989,
              -11.933968728999957
            ],
            [
              -77.13911911199995,
              -11.934039104999897
            ],
            [
              -77.13910161099983,
              -11.934160104999876
            ],
            [
              -77.13908011099983,
              -11.934298854999895
            ],
            [
              -77.13905073599994,
              -11.934505854999884
            ],
            [
              -77.13904298599994,
              -11.934587853999915
            ],
            [
              -77.13903323599993,
              -11.934648479999964
            ],
            [
              -77.13901561199998,
              -11.934720729999981
            ],
            [
              -77.13899998599993,
              -11.934826228999896
            ],
            [
              -77.13897461199997,
              -11.934959103999972
            ],
            [
              -77.13895111099998,
              -11.935062479999942
            ],
            [
              -77.13893361199996,
              -11.93513285399996
            ],
            [
              -77.13891986099998,
              -11.935191354999915
            ],
            [
              -77.1388944869999,
              -11.935292978999883
            ],
            [
              -77.13888473599991,
              -11.935351604999937
            ],
            [
              -77.13887111099996,
              -11.93540822999995
            ],
            [
              -77.1388534859999,
              -11.935488228999873
            ],
            [
              -77.13883786099996,
              -11.935589854999932
            ],
            [
              -77.13881636099995,
              -11.93572260499991
            ],
            [
              -77.13880073699988,
              -11.935820354999919
            ],
            [
              -77.13879098599995,
              -11.935876979999819
            ],
            [
              -77.13878123599994,
              -11.935939479999945
            ],
            [
              -77.13876748599989,
              -11.936027479999836
            ],
            [
              -77.13875586099982,
              -11.936123104999922
            ],
            [
              -77.13874798599994,
              -11.936187479999944
            ],
            [
              -77.13873048699992,
              -11.93628510499991
            ],
            [
              -77.13871486099998,
              -11.936369103999937
            ],
            [
              -77.13870311199997,
              -11.93642572999994
            ],
            [
              -77.13869336099998,
              -11.936482479999825
            ],
            [
              -77.13864448599992,
              -11.936693354999932
            ],
            [
              -77.13862886099997,
              -11.93680285499994
            ],
            [
              -77.1385937359999,
              -11.936941353999941
            ],
            [
              -77.13856448599995,
              -11.937037104999888
            ],
            [
              -77.13855273599995,
              -11.937111353999967
            ],
            [
              -77.13853323699988,
              -11.937214854999922
            ],
            [
              -77.13850973599995,
              -11.93731447999994
            ],
            [
              -77.13850198599994,
              -11.937374979999959
            ],
            [
              -77.13848436199999,
              -11.937462854999922
            ],
            [
              -77.13845898699992,
              -11.937574228999893
            ],
            [
              -77.13843361099998,
              -11.937669979999953
            ],
            [
              -77.13841986099999,
              -11.93772260399993
            ],
            [
              -77.13839436099994,
              -11.937816354999882
            ],
            [
              -77.13837498599992,
              -11.937898354999902
            ],
            [
              -77.13835348599991,
              -11.938013729999966
            ],
            [
              -77.13833786199996,
              -11.938083979999817
            ],
            [
              -77.13832036199994,
              -11.938177728999847
            ],
            [
              -77.13830861099996,
              -11.938242228999854
            ],
            [
              -77.13828511099996,
              -11.938392604999933
            ],
            [
              -77.1382694859999,
              -11.938507853999965
            ],
            [
              -77.13824223599994,
              -11.938654354999926
            ],
            [
              -77.13822461199999,
              -11.93875197999995
            ],
            [
              -77.13818948599993,
              -11.938902353999936
            ],
            [
              -77.13816598599993,
              -11.939019479999956
            ],
            [
              -77.13815248599997,
              -11.939083979999964
            ],
            [
              -77.13814261199997,
              -11.939140603999931
            ],
            [
              -77.13811136099997,
              -11.939257853999948
            ],
            [
              -77.13777936199995,
              -11.939199229999815
            ],
            [
              -77.13576373599994,
              -11.939109354999914
            ],
            [
              -77.13568161099994,
              -11.939101479999977
            ],
            [
              -77.13544536199998,
              -11.9390586049999
            ],
            [
              -77.13530473599991,
              -11.9390234789999
            ],
            [
              -77.13520311099995,
              -11.938978479999946
            ],
            [
              -77.13471198699989,
              -11.93890147999997
            ],
            [
              -77.13469498599989,
              -11.938890479999941
            ],
            [
              -77.13424686199994,
              -11.938780978999944
            ],
            [
              -77.13397798599993,
              -11.93869135499989
            ],
            [
              -77.13365923599991,
              -11.938596729999972
            ],
            [
              -77.13364073599996,
              -11.938591103999954
            ],
            [
              -77.13334561199997,
              -11.938502104999941
            ],
            [
              -77.13300698599994,
              -11.938383104999957
            ],
            [
              -77.13297711099995,
              -11.93837260399988
            ],
            [
              -77.1326683609999,
              -11.93830297999989
            ],
            [
              -77.1323944859999,
              -11.938268104999963
            ],
            [
              -77.13222511099991,
              -11.938193354999896
            ],
            [
              -77.13202098599999,
              -11.938043979999975
            ],
            [
              -77.13185173599993,
              -11.937919479999948
            ],
            [
              -77.13163261099999,
              -11.937755228999947
            ],
            [
              -77.13148811199994,
              -11.937620728999946
            ],
            [
              -77.13136861099991,
              -11.937526103999915
            ],
            [
              -77.13124411099994,
              -11.937401604999934
            ],
            [
              -77.13105498599998,
              -11.937232354999878
            ],
            [
              -77.13092048599998,
              -11.937117729999898
            ],
            [
              -77.13075123699991,
              -11.936993229999871
            ],
            [
              -77.13062173699996,
              -11.93692360499989
            ],
            [
              -77.13045736099991,
              -11.936838979999834
            ],
            [
              -77.13030798699992,
              -11.936809104999952
            ],
            [
              -77.13011373599994,
              -11.936794104999933
            ],
            [
              -77.12984486099998,
              -11.93683397999996
            ],
            [
              -77.12965511199991,
              -11.93688735499984
            ],
            [
              -77.12933511099999,
              -11.937055228999952
            ],
            [
              -77.12919286099992,
              -11.93714147899982
            ],
            [
              -77.12905511199989,
              -11.937232354999878
            ],
            [
              -77.12892011099984,
              -11.937331479999898
            ],
            [
              -77.12876586099998,
              -11.937427853999964
            ],
            [
              -77.12866136199995,
              -11.937477729999841
            ],
            [
              -77.12842448599997,
              -11.937650979999944
            ],
            [
              -77.1283542359999,
              -11.937764603999938
            ],
            [
              -77.12823436099995,
              -11.937958979999962
            ],
            [
              -77.12810611099991,
              -11.938128479999932
            ],
            [
              -77.12794898599998,
              -11.938331104999918
            ],
            [
              -77.12785398599993,
              -11.938413854999908
            ],
            [
              -77.12772161099997,
              -11.938529604999928
            ],
            [
              -77.12756861099984,
              -11.938653604999956
            ],
            [
              -77.12740736199999,
              -11.938769354999863
            ],
            [
              -77.12723373699993,
              -11.938926478999974
            ],
            [
              -77.12704348599993,
              -11.939079479999918
            ],
            [
              -77.12689048699997,
              -11.939158104999876
            ],
            [
              -77.12669623599987,
              -11.939207604999979
            ],
            [
              -77.1264894869999,
              -11.939273854999954
            ],
            [
              -77.1262621109999,
              -11.939294479999944
            ],
            [
              -77.12606361199994,
              -11.939315103999888
            ],
            [
              -77.12588586199996,
              -11.93933585499991
            ],
            [
              -77.12557986099995,
              -11.93933585499991
            ],
            [
              -77.12526098699993,
              -11.939317729999914
            ],
            [
              -77.12502861099989,
              -11.939345854999942
            ],
            [
              -77.1248934859999,
              -11.939397853999878
            ],
            [
              -77.12475698599991,
              -11.93950947999997
            ],
            [
              -77.12466611099995,
              -11.939670729999932
            ],
            [
              -77.12464536099998,
              -11.939844354999877
            ],
            [
              -77.12458748599994,
              -11.940034604999937
            ],
            [
              -77.12455448699995,
              -11.940158603999976
            ],
            [
              -77.12448823699998,
              -11.940373604999877
            ],
            [
              -77.12443861199995,
              -11.940650729999902
            ],
            [
              -77.12439323699994,
              -11.940880103999973
            ],
            [
              -77.12434361099997,
              -11.941082729999948
            ],
            [
              -77.1242816109999,
              -11.94115297999997
            ],
            [
              -77.12421948599984,
              -11.94121097899989
            ],
            [
              -77.12408723599998,
              -11.941272979999951
            ],
            [
              -77.12395073599998,
              -11.941372229999843
            ],
            [
              -77.12389286099989,
              -11.941492104999895
            ],
            [
              -77.12387223699989,
              -11.941566479999835
            ],
            [
              -77.12387223599995,
              -11.941694729999881
            ],
            [
              -77.12387223699989,
              -11.941839354999956
            ],
            [
              -77.12388048699995,
              -11.941950978999955
            ],
            [
              -77.12384736099995,
              -11.942050229999893
            ],
            [
              -77.12378123699989,
              -11.942137103999869
            ],
            [
              -77.12367786199997,
              -11.942203229999961
            ],
            [
              -77.12357861099991,
              -11.942265229999919
            ],
            [
              -77.12347936099997,
              -11.942368604999956
            ],
            [
              -77.12334298699989,
              -11.942513354999846
            ],
            [
              -77.12324373599995,
              -11.94269110499988
            ],
            [
              -77.12312798599993,
              -11.942901978999942
            ],
            [
              -77.12302048599992,
              -11.94314597899995
            ],
            [
              -77.12294523599991,
              -11.943323728999928
            ],
            [
              -77.1228914859999,
              -11.94342297999998
            ],
            [
              -77.12270536199998,
              -11.943484979999937
            ],
            [
              -77.12255661099994,
              -11.943484979999937
            ],
            [
              -77.12230023699993,
              -11.943468479999979
            ],
            [
              -77.12209761099996,
              -11.943501479999952
            ],
            [
              -77.12191986099998,
              -11.94365447999985
            ],
            [
              -77.12176686099997,
              -11.943894354999884
            ],
            [
              -77.12154773599985,
              -11.944063854999968
            ],
            [
              -77.12131198599997,
              -11.944262354999978
            ],
            [
              -77.12114248599988,
              -11.944369854999877
            ],
            [
              -77.12100186099997,
              -11.94445660499997
            ],
            [
              -77.12093573699991,
              -11.944559979999894
            ],
            [
              -77.12088611199982,
              -11.944799854999928
            ],
            [
              -77.12083648599997,
              -11.944989978999956
            ],
            [
              -77.12072898699995,
              -11.945105854999952
            ],
            [
              -77.12058436099989,
              -11.945126479999942
            ],
            [
              -77.12045198699997,
              -11.945052103999956
            ],
            [
              -77.12027836099998,
              -11.944965229999923
            ],
            [
              -77.12012673599997,
              -11.94489522899994
            ],
            [
              -77.12006336099995,
              -11.944865979999975
            ],
            [
              -77.11991448699996,
              -11.944853604999935
            ],
            [
              -77.1197987359999,
              -11.94487010499995
            ],
            [
              -77.11960023599994,
              -11.944940354999915
            ],
            [
              -77.1194679859999,
              -11.944915604999835
            ],
            [
              -77.11934386099995,
              -11.944832854999902
            ],
            [
              -77.11921986099998,
              -11.94482047899993
            ],
            [
              -77.11907511099997,
              -11.944886604999908
            ],
            [
              -77.11901248599997,
              -11.944919354999968
            ],
            [
              -77.11886836099995,
              -11.945002478999982
            ],
            [
              -77.11886011199988,
              -11.944998354999939
            ],
            [
              -77.11866498699999,
              -11.945147104999876
            ],
            [
              -77.11851198699992,
              -11.945204979999971
            ],
            [
              -77.11819773699995,
              -11.945258729999978
            ],
            [
              -77.11796211099983,
              -11.945287729999961
            ],
            [
              -77.11773473699992,
              -11.945300104999944
            ],
            [
              -77.11752386199998,
              -11.94531247999987
            ],
            [
              -77.1173073619999,
              -11.945323104999886
            ],
            [
              -77.11714161099997,
              -11.94542585499994
            ],
            [
              -77.11706373699991,
              -11.945510853999963
            ],
            [
              -77.11697173599993,
              -11.945631104999961
            ],
            [
              -77.11690811199992,
              -11.945715979999875
            ],
            [
              -77.11679486199995,
              -11.945744354999931
            ],
            [
              -77.11668873599996,
              -11.945751353999981
            ],
            [
              -77.11657548699992,
              -11.945765479999977
            ],
            [
              -77.11640723599987,
              -11.945828853999899
            ],
            [
              -77.11626998699995,
              -11.945929979999903
            ],
            [
              -77.11591998599988,
              -11.946149979999916
            ],
            [
              -77.11559998599995,
              -11.946260104999965
            ],
            [
              -77.11538061099992,
              -11.946283854999876
            ],
            [
              -77.11536867899991,
              -11.946280190999914
            ],
            [
              -77.11498336199992,
              -11.9461618549999
            ],
            [
              -77.11492518599988,
              -11.946160523999879
            ],
            [
              -77.1146719859999,
              -11.946154729999932
            ],
            [
              -77.11438186199996,
              -11.94600610499998
            ],
            [
              -77.11409886099995,
              -11.945999104999942
            ],
            [
              -77.11356127899995,
              -11.946136039999828
            ],
            [
              -77.11291210699994,
              -11.946351351999965
            ],
            [
              -77.11180669499998,
              -11.946608351999828
            ],
            [
              -77.11119526299984,
              -11.946679901999971
            ],
            [
              -77.1108269639999,
              -11.946787883999946
            ],
            [
              -77.11037176199983,
              -11.946963472999812
            ],
            [
              -77.1098779269999,
              -11.947168046999934
            ],
            [
              -77.1094421499999,
              -11.947343488999877
            ],
            [
              -77.10901645699994,
              -11.947566679999966
            ],
            [
              -77.1086006239999,
              -11.947808926999926
            ],
            [
              -77.10800067699995,
              -11.948109943999896
            ],
            [
              -77.10756489699992,
              -11.948285383999917
            ],
            [
              -77.10695419799993,
              -11.948452569999915
            ],
            [
              -77.1062175159999,
              -11.948658958999943
            ],
            [
              -77.10530591399998,
              -11.948857092999901
            ],
            [
              -77.10464642099987,
              -11.948995944999922
            ],
            [
              -77.10419858999995,
              -11.949073664999958
            ],
            [
              -77.10372480599989,
              -11.94915588799995
            ],
            [
              -77.10304499799997,
              -11.949180108999883
            ],
            [
              -77.10236563199999,
              -11.949261713999874
            ],
            [
              -77.101599433,
              -11.949420487999873
            ],
            [
              -77.10125003499996,
              -11.949461361999965
            ],
            [
              -77.10088113599988,
              -11.949492815999918
            ],
            [
              -77.10054189499988,
              -11.949591002999966
            ],
            [
              -77.10013450999992,
              -11.949670569999967
            ],
            [
              -77.09987305899989,
              -11.949678804999962
            ],
            [
              -77.09973632199996,
              -11.949683111999946
            ],
            [
              -77.09939626899995,
              -11.949676087999876
            ],
            [
              -77.09903722999991,
              -11.949726595999891
            ],
            [
              -77.09865898499999,
              -11.949805942999888
            ],
            [
              -77.09816417499997,
              -11.949886159999949
            ],
            [
              -77.09727110199998,
              -11.94996934999989
            ],
            [
              -77.09676418699996,
              -11.949973133999947
            ],
            [
              -77.09672713299983,
              -11.949973410999974
            ],
            [
              -77.0961795479999,
              -11.949918570999955
            ],
            [
              -77.09610493899993,
              -11.949911098999962
            ],
            [
              -77.09563742899991,
              -11.949751979999974
            ],
            [
              -77.09561287199983,
              -11.949747586999933
            ],
            [
              -77.09522269999997,
              -11.949677774999941
            ],
            [
              -77.09530615399996,
              -11.949587849999944
            ],
            [
              -77.09540109299996,
              -11.949485548999917
            ],
            [
              -77.09545757099994,
              -11.94942469199998
            ],
            [
              -77.09561965699993,
              -11.94928000699997
            ],
            [
              -77.09587468599989,
              -11.949094454999909
            ],
            [
              -77.09606635499995,
              -11.949006938999958
            ],
            [
              -77.09632712299987,
              -11.948809865999976
            ],
            [
              -77.09637350299988,
              -11.948700837999922
            ],
            [
              -77.09618958499993,
              -11.948357506999969
            ],
            [
              -77.09613496699995,
              -11.948076700999877
            ],
            [
              -77.09610694699995,
              -11.947428878999858
            ],
            [
              -77.09596294699992,
              -11.94691494999995
            ],
            [
              -77.09588079799988,
              -11.946621763999872
            ],
            [
              -77.09587277299994,
              -11.94659312399989
            ],
            [
              -77.09549491399991,
              -11.946135083999934
            ],
            [
              -77.09527248699999,
              -11.945821948999935
            ],
            [
              -77.09517111299994,
              -11.945524274999912
            ],
            [
              -77.0952336339999,
              -11.945317202999945
            ],
            [
              -77.09533056899994,
              -11.945211330999939
            ],
            [
              -77.09615416699995,
              -11.944864731999871
            ],
            [
              -77.09664695799995,
              -11.944675365999956
            ],
            [
              -77.09706571499987,
              -11.94445728699992
            ],
            [
              -77.0971500739999,
              -11.944413354999938
            ],
            [
              -77.09729383099989,
              -11.944311769999956
            ],
            [
              -77.09767344899996,
              -11.944043513999873
            ],
            [
              -77.09797814699994,
              -11.94346023199995
            ],
            [
              -77.09802310599986,
              -11.942991207999967
            ],
            [
              -77.09806718099986,
              -11.942407409999873
            ],
            [
              -77.09803141399993,
              -11.941546820999974
            ],
            [
              -77.0980765939999,
              -11.941106489999981
            ],
            [
              -77.09823610299998,
              -11.940708507999886
            ],
            [
              -77.09852818999997,
              -11.940462259999947
            ],
            [
              -77.0987697729999,
              -11.940297849999922
            ],
            [
              -77.09904954599995,
              -11.940047068999888
            ],
            [
              -77.09925970399996,
              -11.939586376999955
            ],
            [
              -77.09938266299997,
              -11.93915503099987
            ],
            [
              -77.09949701299996,
              -11.938867224999967
            ],
            [
              -77.09969982099994,
              -11.938749824999945
            ],
            [
              -77.09999135999982,
              -11.938729621999926
            ],
            [
              -77.10036966299992,
              -11.938659840999946
            ],
            [
              -77.10061693299997,
              -11.938611545999947
            ],
            [
              -77.10098071699997,
              -11.938540494999927
            ],
            [
              -77.10156189199989,
              -11.93832571999991
            ],
            [
              -77.1021028379999,
              -11.937972790999936
            ],
            [
              -77.10238080999989,
              -11.937449177999952
            ],
            [
              -77.10262046899993,
              -11.93703608899989
            ],
            [
              -77.10299552299995,
              -11.936545466999974
            ],
            [
              -77.10333371399997,
              -11.936313376999976
            ],
            [
              -77.1038945709999,
              -11.935983969999882
            ],
            [
              -77.1040682389999,
              -11.935816286999966
            ],
            [
              -77.1041145779999,
              -11.935632313999918
            ],
            [
              -77.10369654399994,
              -11.935497633999944
            ],
            [
              -77.10327666399996,
              -11.935213822999913
            ],
            [
              -77.103097844,
              -11.934698647999937
            ],
            [
              -77.10306508999986,
              -11.934230205999881
            ],
            [
              -77.10310378799994,
              -11.933790013999896
            ],
            [
              -77.10330312299999,
              -11.933606697999892
            ],
            [
              -77.10339759899983,
              -11.933261649999963
            ],
            [
              -77.10338353399999,
              -11.932697416999929
            ],
            [
              -77.10322510099996,
              -11.932306434999873
            ],
            [
              -77.10279499799998,
              -11.931955743999936
            ],
            [
              -77.10255922999994,
              -11.931613163999884
            ],
            [
              -77.10248538199994,
              -11.931299961999912
            ],
            [
              -77.10255303899993,
              -11.93101108899998
            ],
            [
              -77.10257334799985,
              -11.930924374999847
            ],
            [
              -77.10260464399994,
              -11.93024738399987
            ],
            [
              -77.10265221399999,
              -11.929814239999928
            ],
            [
              -77.1027073219999,
              -11.929402530999937
            ],
            [
              -77.10266419499999,
              -11.92884807999991
            ],
            [
              -77.10259126599982,
              -11.928207765999957
            ],
            [
              -77.10249911699992,
              -11.92782417299992
            ],
            [
              -77.10218831999998,
              -11.92759861299993
            ],
            [
              -77.10178891299995,
              -11.927448555999945
            ],
            [
              -77.10143819499996,
              -11.92723276299995
            ],
            [
              -77.10131945299992,
              -11.927031198999941
            ],
            [
              -77.10102482599996,
              -11.926612535999936
            ],
            [
              -77.10062453699999,
              -11.926347702999976
            ],
            [
              -77.10021563899988,
              -11.92622640899998
            ],
            [
              -77.09978768099995,
              -11.926003302999902
            ],
            [
              -77.09970639599993,
              -11.925914741999861
            ],
            [
              -77.0995318389999,
              -11.925724561999914
            ],
            [
              -77.09930638299988,
              -11.92545842199985
            ],
            [
              -77.09879991799983,
              -11.925280462999979
            ],
            [
              -77.09821611799993,
              -11.925150903999963
            ],
            [
              -77.09764997999997,
              -11.924791650999907
            ],
            [
              -77.0972701419999,
              -11.924306137999963
            ],
            [
              -77.09731224699993,
              -11.92381852899996
            ],
            [
              -77.09744217799994,
              -11.922711029999903
            ],
            [
              -77.09742484399999,
              -11.922038584999939
            ],
            [
              -77.09730211999988,
              -11.921236031999968
            ],
            [
              -77.09718780699995,
              -11.920718
            ],
            [
              -77.0971414739999,
              -11.920508032999976
            ],
            [
              -77.09688544499994,
              -11.920100889999958
            ],
            [
              -77.09670532899997,
              -11.919413543999895
            ],
            [
              -77.09688554999997,
              -11.918589844999872
            ],
            [
              -77.09701637099994,
              -11.91817733199997
            ],
            [
              -77.09735102299993,
              -11.91748615299997
            ],
            [
              -77.09738221799995,
              -11.917406305999918
            ],
            [
              -77.09757964399995,
              -11.916900979999923
            ],
            [
              -77.09767338999995,
              -11.916460287999882
            ],
            [
              -77.09761851699994,
              -11.916291100999956
            ],
            [
              -77.09721403699996,
              -11.91609066999996
            ],
            [
              -77.09692251399991,
              -11.916073709999978
            ],
            [
              -77.09659155399999,
              -11.915980522999973
            ],
            [
              -77.09612322499987,
              -11.91570662099997
            ],
            [
              -77.09563729499996,
              -11.91519475199982
            ],
            [
              -77.0953392529999,
              -11.914803769999878
            ],
            [
              -77.09511161099994,
              -11.914250686999935
            ],
            [
              -77.09512678199991,
              -11.913695797999935
            ],
            [
              -77.09512296799988,
              -11.913198440999906
            ],
            [
              -77.09512277299996,
              -11.913197354999909
            ],
            [
              -77.09500121099995,
              -11.912520223999934
            ],
            [
              -77.09471463899996,
              -11.911881492999953
            ],
            [
              -77.09447773799997,
              -11.91141740899991
            ],
            [
              -77.09387233699988,
              -11.910969502999876
            ],
            [
              -77.09352020099988,
              -11.910646905999954
            ],
            [
              -77.09307959499984,
              -11.909867226999893
            ],
            [
              -77.09300614399996,
              -11.909663923999972
            ],
            [
              -77.09296779599998,
              -11.90922229999984
            ],
            [
              -77.09297413299998,
              -11.908527824999908
            ],
            [
              -77.09302818799995,
              -11.907976472999962
            ],
            [
              -77.09297564699995,
              -11.907774281999934
            ],
            [
              -77.09278713699996,
              -11.90744644199998
            ],
            [
              -77.09254064999999,
              -11.90671367099992
            ],
            [
              -77.09236197199988,
              -11.906149856999889
            ],
            [
              -77.09210386699993,
              -11.904467195999928
            ],
            [
              -77.09207751299988,
              -11.904069481999898
            ],
            [
              -77.09199707899995,
              -11.903819513999906
            ],
            [
              -77.09171606799998,
              -11.903544168999872
            ],
            [
              -77.091331901,
              -11.903095544999871
            ],
            [
              -77.0908060079999,
              -11.90240310299987
            ],
            [
              -77.09035743499993,
              -11.901787210999885
            ],
            [
              -77.08999614299995,
              -11.901154160999909
            ],
            [
              -77.08946745199984,
              -11.900094435999904
            ],
            [
              -77.08927396799999,
              -11.899177614999871
            ],
            [
              -77.08937411999995,
              -11.898543489999895
            ],
            [
              -77.08966933499994,
              -11.898042172999908
            ],
            [
              -77.09011388499994,
              -11.897473884999954
            ],
            [
              -77.09072469899996,
              -11.896848274999968
            ],
            [
              -77.0912030159999,
              -11.89640090699993
            ],
            [
              -77.09136430299992,
              -11.896154843999966
            ],
            [
              -77.0914092239999,
              -11.89593259999998
            ],
            [
              -77.09138557699998,
              -11.895814001999952
            ],
            [
              -77.09129857999989,
              -11.895688552999957
            ],
            [
              -77.09114204999992,
              -11.895540496999956
            ],
            [
              -77.09096930899995,
              -11.895304561999978
            ],
            [
              -77.09080375399998,
              -11.894992051999964
            ],
            [
              -77.09080166399991,
              -11.894765910999979
            ],
            [
              -77.09094392199995,
              -11.894524234999892
            ],
            [
              -77.09112822499992,
              -11.894239740999978
            ],
            [
              -77.09140882699995,
              -11.893847403999928
            ],
            [
              -77.09194394599984,
              -11.8932083119999
            ],
            [
              -77.09227817099998,
              -11.892716098999927
            ],
            [
              -77.09302095299995,
              -11.891799989999981
            ],
            [
              -77.09323886799996,
              -11.891339247999895
            ],
            [
              -77.09328588799985,
              -11.890883598999949
            ],
            [
              -77.09326326399992,
              -11.890646422999964
            ],
            [
              -77.09297142899993,
              -11.890403848999938
            ],
            [
              -77.09270878799998,
              -11.89009588599987
            ],
            [
              -77.09244457499994,
              -11.889158548999944
            ],
            [
              -77.09225790099998,
              -11.888530512999921
            ],
            [
              -77.0921668869999,
              -11.887898009999901
            ],
            [
              -77.09217005599999,
              -11.887595901999873
            ],
            [
              -77.09217362999993,
              -11.887255181999933
            ],
            [
              -77.09222795299996,
              -11.88673826299987
            ],
            [
              -77.09220980999999,
              -11.88588901299994
            ],
            [
              -77.09229830499993,
              -11.885268535999955
            ],
            [
              -77.0924813449999,
              -11.884819531999938
            ],
            [
              -77.09257150499997,
              -11.884417127999939
            ],
            [
              -77.09251025599997,
              -11.88402732399993
            ],
            [
              -77.09241351899988,
              -11.883568913999909
            ],
            [
              -77.09243412699988,
              -11.883081971999957
            ],
            [
              -77.09265143299996,
              -11.882770662999974
            ],
            [
              -77.09284708999996,
              -11.882447823999883
            ],
            [
              -77.09299586799995,
              -11.882090898999934
            ],
            [
              -77.09297927499995,
              -11.881760005999979
            ],
            [
              -77.09298979699997,
              -11.881247362999943
            ],
            [
              -77.09308010299998,
              -11.880864087999953
            ],
            [
              -77.09331774599991,
              -11.880316738999966
            ],
            [
              -77.09360751299988,
              -11.879727667999873
            ],
            [
              -77.09378450499997,
              -11.879504444999895
            ],
            [
              -77.09403124099998,
              -11.87925774799993
            ],
            [
              -77.09415419999993,
              -11.879080838999926
            ],
            [
              -77.09418440299993,
              -11.878907134999963
            ],
            [
              -77.09424257399996,
              -11.878445058999887
            ],
            [
              -77.09424776999992,
              -11.87810832799994
            ],
            [
              -77.09434743999992,
              -11.877706289999878
            ],
            [
              -77.09433532499997,
              -11.877365424999937
            ],
            [
              -77.09418508499982,
              -11.877022193999949
            ],
            [
              -77.09418216099994,
              -11.876639609999927
            ],
            [
              -77.09431130899998,
              -11.87625604799996
            ],
            [
              -77.09444875199995,
              -11.875941292999926
            ],
            [
              -77.09448449799999,
              -11.87553546599986
            ],
            [
              -77.09455808999996,
              -11.874944156999959
            ],
            [
              -77.09488384699989,
              -11.87446688599988
            ],
            [
              -77.09507260399988,
              -11.87393050199995
            ],
            [
              -77.09516859899992,
              -11.873603913999887
            ],
            [
              -77.09532849899995,
              -11.873178036999946
            ],
            [
              -77.09551161699989,
              -11.872740508999982
            ],
            [
              -77.0958448209999,
              -11.872118218999901
            ],
            [
              -77.09607332199982,
              -11.871519660999923
            ],
            [
              -77.09639609999988,
              -11.871058140999935
            ],
            [
              -77.09666131799997,
              -11.870770496999967
            ],
            [
              -77.09713313199995,
              -11.870668155999908
            ],
            [
              -77.09735944499994,
              -11.870545955999944
            ],
            [
              -77.09764932399992,
              -11.870354415999884
            ],
            [
              -77.09805025699995,
              -11.87020796399986
            ],
            [
              -77.09827087499991,
              -11.870103022999956
            ],
            [
              -77.09846809899989,
              -11.86998677799994
            ],
            [
              -77.09869997399989,
              -11.869830101999923
            ],
            [
              -77.09896720299997,
              -11.869724813999937
            ],
            [
              -77.09959296599999,
              -11.869581837999931
            ],
            [
              -77.09973155499989,
              -11.869606269999906
            ],
            [
              -77.09989131099996,
              -11.86967012599996
            ],
            [
              -77.1001096839999,
              -11.869779458999915
            ],
            [
              -77.1003553939999,
              -11.869907718999968
            ],
            [
              -77.10061649499994,
              -11.870016733999933
            ],
            [
              -77.10090785099999,
              -11.870018394999875
            ],
            [
              -77.10130776199992,
              -11.869992465999871
            ],
            [
              -77.10166497499989,
              -11.869970679999938
            ],
            [
              -77.10195226999997,
              -11.869949413999962
            ],
            [
              -77.10227022899988,
              -11.869874354999979
            ],
            [
              -77.10239776699996,
              -11.869789233999938
            ],
            [
              -77.10283981899994,
              -11.869686468999873
            ],
            [
              -77.10312293499993,
              -11.869626971999935
            ],
            [
              -77.1033017609999,
              -11.869644771999958
            ],
            [
              -77.10356674699989,
              -11.86975375499992
            ],
            [
              -77.10373786299994,
              -11.86977926399993
            ],
            [
              -77.10389653399989,
              -11.869701561999875
            ],
            [
              -77.10405111499989,
              -11.869597108999926
            ],
            [
              -77.10425171999998,
              -11.869415791999927
            ],
            [
              -77.10446774499991,
              -11.869219056999839
            ],
            [
              -77.10478173799987,
              -11.868874885999958
            ],
            [
              -77.10501677699995,
              -11.86871503499998
            ],
            [
              -77.10524871999996,
              -11.86856791799994
            ],
            [
              -77.1055195059999,
              -11.868420512999933
            ],
            [
              -77.10579052699995,
              -11.868303712999932
            ],
            [
              -77.10602994399994,
              -11.868118280999965
            ],
            [
              -77.10619944299992,
              -11.867933368999957
            ],
            [
              -77.10634487199997,
              -11.867649158999882
            ],
            [
              -77.10649836399989,
              -11.867403149999973
            ],
            [
              -77.10666026999996,
              -11.867241250999882
            ],
            [
              -77.10692934899993,
              -11.86687194699988
            ],
            [
              -77.10716909599995,
              -11.866533275999927
            ],
            [
              -77.10728247199984,
              -11.866318367999895
            ],
            [
              -77.10729718599998,
              -11.866211129999897
            ],
            [
              -77.10728818299987,
              -11.86605050399993
            ],
            [
              -77.10718525199997,
              -11.865798752999979
            ],
            [
              -77.10709785899991,
              -11.865546886999937
            ],
            [
              -77.10699351799991,
              -11.865111496999873
            ],
            [
              -77.10693649399997,
              -11.86476757999992
            ],
            [
              -77.10687228899991,
              -11.864500235999913
            ],
            [
              -77.10673039999989,
              -11.864233471999967
            ],
            [
              -77.10640159699994,
              -11.863906881999867
            ],
            [
              -77.10611246199994,
              -11.863560866999933
            ],
            [
              -77.105677,
              -11.86312889899989
            ],
            [
              -77.10552071299998,
              -11.863010498999927
            ],
            [
              -77.10552352699995,
              -11.862961817999917
            ],
            [
              -77.10553785899998,
              -11.862713853999935
            ],
            [
              -77.10560852299989,
              -11.862431157999879
            ],
            [
              -77.10565060599998,
              -11.862220412999932
            ],
            [
              -77.1056633369999,
              -11.86198119099987
            ],
            [
              -77.10562696499989,
              -11.861670596999943
            ],
            [
              -77.10548840799999,
              -11.861204852999947
            ],
            [
              -77.10543184799991,
              -11.860985273999972
            ],
            [
              -77.10544151899984,
              -11.860789120999982
            ],
            [
              -77.10547473499992,
              -11.860688440999922
            ],
            [
              -77.10561903499996,
              -11.860510412999929
            ],
            [
              -77.10577801099998,
              -11.860346622999884
            ],
            [
              -77.10592668899994,
              -11.860106389999828
            ],
            [
              -77.10592915899997,
              -11.859795505999955
            ],
            [
              -77.10591731999995,
              -11.859518206999837
            ],
            [
              -77.10590146999988,
              -11.859350935999942
            ],
            [
              -77.10592032699992,
              -11.859261563999894
            ],
            [
              -77.10604109799988,
              -11.859196855999869
            ],
            [
              -77.10612326999996,
              -11.85914841899995
            ],
            [
              -77.10624398999988,
              -11.859061434999944
            ],
            [
              -77.10631634099991,
              -11.858998722999843
            ],
            [
              -77.10640778299995,
              -11.858892825999874
            ],
            [
              -77.10653615599989,
              -11.858664221999959
            ],
            [
              -77.10668727499996,
              -11.858395161999908
            ],
            [
              -77.10678904599996,
              -11.858210867999844
            ],
            [
              -77.10676468399998,
              -11.85807331199993
            ],
            [
              -77.10667011399988,
              -11.85789801899989
            ],
            [
              -77.10653564499995,
              -11.85758528599996
            ],
            [
              -77.10648829799993,
              -11.85750238299994
            ],
            [
              -77.10637027999996,
              -11.857295737999891
            ],
            [
              -77.10627453599994,
              -11.856967412999893
            ],
            [
              -77.10620998199994,
              -11.856654158999902
            ],
            [
              -77.1062239929999,
              -11.85645510099988
            ],
            [
              -77.10633122299998,
              -11.85625534899998
            ],
            [
              -77.10653561699996,
              -11.856017620999921
            ],
            [
              -77.10700330399999,
              -11.855760613999962
            ],
            [
              -77.10724265199991,
              -11.855567530999963
            ],
            [
              -77.10759740699996,
              -11.855228198999953
            ],
            [
              -77.10794556799988,
              -11.855041956999912
            ],
            [
              -77.10815466699995,
              -11.854919758999927
            ],
            [
              -77.10837709399988,
              -11.85458344499989
            ],
            [
              -77.10853113599995,
              -11.854410126999937
            ],
            [
              -77.10864657199988,
              -11.85426770399988
            ],
            [
              -77.10874735099998,
              -11.854098801999953
            ],
            [
              -77.108869,
              -11.853894921999881
            ],
            [
              -77.10898402499993,
              -11.85369893799998
            ],
            [
              -77.10943803299995,
              -11.853604193999956
            ],
            [
              -77.10977490999983,
              -11.853501742999924
            ],
            [
              -77.10983608299989,
              -11.853486714999917
            ],
            [
              -77.10999977599994,
              -11.853446501999883
            ],
            [
              -77.11020969299983,
              -11.853467893999891
            ],
            [
              -77.11050176399993,
              -11.853565192999952
            ],
            [
              -77.11059965999993,
              -11.853667764999898
            ],
            [
              -77.11075928999992,
              -11.85371631299995
            ],
            [
              -77.11082286599992,
              -11.85370669799994
            ],
            [
              -77.11077839299998,
              -11.853766839999935
            ],
            [
              -77.11072659299998,
              -11.853849867999884
            ],
            [
              -77.11069920999984,
              -11.853925826999955
            ],
            [
              -77.11070330599989,
              -11.854003847999934
            ],
            [
              -77.11074221699994,
              -11.854063242999928
            ],
            [
              -77.11079607299996,
              -11.85409612799998
            ],
            [
              -77.11092686099994,
              -11.854131881999933
            ],
            [
              -77.11105061399996,
              -11.854161949999934
            ],
            [
              -77.11116742799993,
              -11.85419895699988
            ],
            [
              -77.11128433899995,
              -11.854248587999905
            ],
            [
              -77.11145645699997,
              -11.85435519799995
            ],
            [
              -77.11162659299998,
              -11.854469911999956
            ],
            [
              -77.11166980899992,
              -11.854520037999976
            ],
            [
              -77.11167510499985,
              -11.854602639999882
            ],
            [
              -77.11173705599998,
              -11.854778939999903
            ],
            [
              -77.11174582699994,
              -11.85482414799992
            ],
            [
              -77.11176313799984,
              -11.85491338199995
            ],
            [
              -77.11177952499997,
              -11.854997853999919
            ],
            [
              -77.11183052199993,
              -11.855113401999972
            ],
            [
              -77.11189710899998,
              -11.85523587299997
            ],
            [
              -77.11197202499989,
              -11.855279695999968
            ],
            [
              -77.11209989499997,
              -11.855339957999888
            ],
            [
              -77.11222921199993,
              -11.8553864349999
            ],
            [
              -77.11237947899997,
              -11.855460613999924
            ],
            [
              -77.1124103059999,
              -11.855498333999947
            ],
            [
              -77.11242644299995,
              -11.855576263999978
            ],
            [
              -77.1124305749999,
              -11.855709378999904
            ],
            [
              -77.11240832999994,
              -11.855847280999967
            ],
            [
              -77.11238564899992,
              -11.855928561999917
            ],
            [
              -77.11241376799995,
              -11.855948246999958
            ],
            [
              -77.11247643199988,
              -11.85601511799996
            ],
            [
              -77.11257675999991,
              -11.856130678999932
            ],
            [
              -77.11268306399995,
              -11.856282487999977
            ],
            [
              -77.1127150349999,
              -11.856331660999956
            ],
            [
              -77.11272513399996,
              -11.856432591999976
            ],
            [
              -77.1127556429999,
              -11.856560917999843
            ],
            [
              -77.11281701299998,
              -11.85666146699998
            ],
            [
              -77.11285458299989,
              -11.856697915999973
            ],
            [
              -77.11292144899994,
              -11.85670506899993
            ],
            [
              -77.11300860599994,
              -11.856724313999962
            ],
            [
              -77.11312374099998,
              -11.856744879999951
            ],
            [
              -77.11324367899994,
              -11.856783773999894
            ],
            [
              -77.1133171009999,
              -11.856835259999968
            ],
            [
              -77.11339062899992,
              -11.856900517999975
            ],
            [
              -77.11354833699994,
              -11.857001876999902
            ],
            [
              -77.11366971099994,
              -11.857025456999907
            ],
            [
              -77.11373100999987,
              -11.857042974999956
            ],
            [
              -77.11398918899982,
              -11.85735210799993
            ],
            [
              -77.11418630499998,
              -11.857526631999974
            ],
            [
              -77.11434414299998,
              -11.857644823999976
            ],
            [
              -77.11446017399999,
              -11.857781692999936
            ],
            [
              -77.11454310599999,
              -11.857919539999898
            ],
            [
              -77.11460170299995,
              -11.858203026999888
            ],
            [
              -77.11462925899991,
              -11.8583512699999
            ],
            [
              -77.11461783199996,
              -11.858481439999935
            ],
            [
              -77.11459967399998,
              -11.858616382999912
            ],
            [
              -77.11490879299998,
              -11.858736372999886
            ],
            [
              -77.11507375199994,
              -11.858770338999932
            ],
            [
              -77.11519992899997,
              -11.858812246999946
            ],
            [
              -77.11531240599999,
              -11.858890987999871
            ],
            [
              -77.1154202219999,
              -11.858969761999845
            ],
            [
              -77.11564348999991,
              -11.859139188999904
            ],
            [
              -77.11583421799997,
              -11.859262033999869
            ],
            [
              -77.11618304499996,
              -11.85956550599991
            ],
            [
              -77.11639092499996,
              -11.859767961999978
            ],
            [
              -77.11652451699996,
              -11.859922595999876
            ],
            [
              -77.11660337999996,
              -11.860075045999963
            ],
            [
              -77.11670148899998,
              -11.860305402999927
            ],
            [
              -77.11676078099998,
              -11.860539110999923
            ],
            [
              -77.11681949399997,
              -11.860697832999904
            ],
            [
              -77.11697405599995,
              -11.860995104999972
            ],
            [
              -77.11702754199996,
              -11.86108040699986
            ],
            [
              -77.11723115699994,
              -11.861304062999977
            ],
            [
              -77.11760139899991,
              -11.861550536999857
            ],
            [
              -77.11793873599993,
              -11.861572496999884
            ],
            [
              -77.11814061899992,
              -11.861558742999932
            ],
            [
              -77.11821375899996,
              -11.861573498999974
            ],
            [
              -77.11830276799992,
              -11.861630987999945
            ],
            [
              -77.11837818299995,
              -11.861739080999826
            ],
            [
              -77.11858067399993,
              -11.862005384999918
            ],
            [
              -77.11875501099996,
              -11.862247412999977
            ],
            [
              -77.11891832099997,
              -11.862423773999978
            ],
            [
              -77.11938998099993,
              -11.862582403999966
            ],
            [
              -77.11968149999996,
              -11.862707242999818
            ],
            [
              -77.11985922699995,
              -11.86279495399998
            ],
            [
              -77.11992817499998,
              -11.862859963999938
            ],
            [
              -77.11997875599997,
              -11.862971303999927
            ],
            [
              -77.12001223399989,
              -11.863081241999964
            ],
            [
              -77.12001326299998,
              -11.863214378999942
            ],
            [
              -77.12001310399995,
              -11.863394966999977
            ],
            [
              -77.12005105499992,
              -11.863480384999946
            ],
            [
              -77.12012156199995,
              -11.863556376999895
            ],
            [
              -77.12021850499991,
              -11.863635230999932
            ],
            [
              -77.12034062999999,
              -11.863711046999981
            ],
            [
              -77.12039164999993,
              -11.863722695999968
            ],
            [
              -77.12043825999996,
              -11.863722345999975
            ],
            [
              -77.12048110499995,
              -11.863737328999946
            ],
            [
              -77.12054378399989,
              -11.863805726999942
            ],
            [
              -77.12066546599993,
              -11.863969331999954
            ],
            [
              -77.12078717799989,
              -11.864136762999976
            ],
            [
              -77.12087790499993,
              -11.864315904999955
            ],
            [
              -77.12099288299993,
              -11.864617295999949
            ],
            [
              -77.1210332039999,
              -11.864808292999953
            ],
            [
              -77.12101936599998,
              -11.865103538999847
            ],
            [
              -77.12263538799994,
              -11.865374633999977
            ],
            [
              -77.12294992899996,
              -11.865332728999874
            ],
            [
              -77.12269719199992,
              -11.86457932799982
            ],
            [
              -77.12301413599994,
              -11.864570761999971
            ],
            [
              -77.12318939299996,
              -11.862946048999959
            ],
            [
              -77.1237738189999,
              -11.862948890999917
            ],
            [
              -77.12383008199987,
              -11.860579674999883
            ],
            [
              -77.12336050999983,
              -11.860566967999944
            ],
            [
              -77.12340036499984,
              -11.859169196999915
            ],
            [
              -77.12831508199997,
              -11.861390795999966
            ],
            [
              -77.12830448699998,
              -11.86157461299996
            ],
            [
              -77.12918567699995,
              -11.861764363999953
            ],
            [
              -77.12958941599999,
              -11.861233339999899
            ],
            [
              -77.13015468499992,
              -11.860494496999877
            ],
            [
              -77.13028054499995,
              -11.860195122999869
            ],
            [
              -77.13035428099994,
              -11.85993631499997
            ],
            [
              -77.13039821799993,
              -11.859591645999956
            ],
            [
              -77.13041373699997,
              -11.859339014999932
            ],
            [
              -77.13037530599996,
              -11.85889166499993
            ],
            [
              -77.12978501099991,
              -11.853524916999902
            ],
            [
              -77.12943840899999,
              -11.852657114999943
            ],
            [
              -77.1289328169999,
              -11.851948328999924
            ],
            [
              -77.12806680799991,
              -11.851093994999928
            ],
            [
              -77.12725958299995,
              -11.850306169999953
            ],
            [
              -77.12697150899999,
              -11.850097904999927
            ],
            [
              -77.1265517949999,
              -11.849818891999973
            ],
            [
              -77.12622095199998,
              -11.849730508999926
            ],
            [
              -77.125734675,
              -11.84963372899989
            ],
            [
              -77.12510322999998,
              -11.84960020899996
            ],
            [
              -77.12393891799996,
              -11.849723724999876
            ],
            [
              -77.1232251589999,
              -11.849719512999968
            ],
            [
              -77.12279210299994,
              -11.849598414999832
            ],
            [
              -77.12200333899989,
              -11.84931259599989
            ],
            [
              -77.12057157499999,
              -11.848754204999977
            ],
            [
              -77.11995070999996,
              -11.848204083999917
            ],
            [
              -77.119632,
              -11.84779995699995
            ],
            [
              -77.11927138999988,
              -11.846999195999956
            ],
            [
              -77.11886435899987,
              -11.845844874999955
            ],
            [
              -77.11873176299991,
              -11.845649784999978
            ],
            [
              -77.11773684899993,
              -11.844442468999887
            ],
            [
              -77.11772305899996,
              -11.844428295999876
            ],
            [
              -77.11508623899982,
              -11.841718253999943
            ],
            [
              -77.11451258099987,
              -11.841123816999925
            ],
            [
              -77.11495721799997,
              -11.84064095899987
            ],
            [
              -77.11574069699998,
              -11.839790129999926
            ],
            [
              -77.11588898899998,
              -11.83950207199996
            ],
            [
              -77.1159299219999,
              -11.83914307799995
            ],
            [
              -77.11589347299997,
              -11.838822920999974
            ],
            [
              -77.11574349899985,
              -11.838253494999947
            ],
            [
              -77.11566341699995,
              -11.837949438999942
            ],
            [
              -77.11488286099996,
              -11.834937495999952
            ],
            [
              -77.1147794179999,
              -11.834809980999978
            ],
            [
              -77.11601448899995,
              -11.833965511999907
            ],
            [
              -77.11632531099991,
              -11.83375298999988
            ],
            [
              -77.11741907999993,
              -11.832436461999976
            ],
            [
              -77.11641182999989,
              -11.831223896999973
            ],
            [
              -77.11929586299993,
              -11.82890727299997
            ],
            [
              -77.12115608599993,
              -11.826867497999956
            ],
            [
              -77.1243234179999,
              -11.823239095999952
            ],
            [
              -77.12541210199993,
              -11.821991931999946
            ],
            [
              -77.12595565499998,
              -11.820710455999972
            ],
            [
              -77.12596357799998,
              -11.820690602999946
            ],
            [
              -77.12684432099996,
              -11.818483510999954
            ],
            [
              -77.12727136999996,
              -11.818752726999833
            ],
            [
              -77.12800474299996,
              -11.819233695999912
            ],
            [
              -77.12851776999986,
              -11.819361004999962
            ],
            [
              -77.12876126499992,
              -11.81888151499993
            ],
            [
              -77.12890825899984,
              -11.818818370999907
            ],
            [
              -77.12914067299988,
              -11.818739151999864
            ],
            [
              -77.12935309799997,
              -11.818711732999816
            ],
            [
              -77.12952476799995,
              -11.818687488999956
            ],
            [
              -77.12972238499998,
              -11.818628615999955
            ],
            [
              -77.12996327899998,
              -11.81851641999998
            ],
            [
              -77.1307844019999,
              -11.818359949999945
            ],
            [
              -77.13090669299999,
              -11.8180763229999
            ],
            [
              -77.13138365199984,
              -11.8179992069999
            ],
            [
              -77.13157198799996,
              -11.818006219999972
            ],
            [
              -77.13167171499998,
              -11.817872696999927
            ],
            [
              -77.13191237699988,
              -11.818021403999978
            ],
            [
              -77.13190236799994,
              -11.818260834999876
            ],
            [
              -77.13210613799993,
              -11.818373549999876
            ],
            [
              -77.13230132599983,
              -11.818835465999939
            ],
            [
              -77.13246907399986,
              -11.818936955999959
            ],
            [
              -77.13265047299996,
              -11.819260073999885
            ],
            [
              -77.13317953199993,
              -11.818472075999978
            ],
            [
              -77.13338606699995,
              -11.818185961999916
            ],
            [
              -77.13391662299989,
              -11.818559307999976
            ],
            [
              -77.13405725699988,
              -11.818326351999815
            ],
            [
              -77.1342568369999,
              -11.818343450999976
            ],
            [
              -77.13439338299997,
              -11.818244752999874
            ],
            [
              -77.13484208099999,
              -11.818265744999962
            ],
            [
              -77.13504463299995,
              -11.818198660999883
            ],
            [
              -77.13515806199996,
              -11.818212756999912
            ],
            [
              -77.13520775099988,
              -11.817821212999945
            ]
          ]
        ]
      }
    }
  ]
}