{
"type": "FeatureCollection",
"name": "mapa_santaana",
"crs": { "type": "name", "properties": { "name": "urn:ogc:def:crs:OGC:1.3:CRS84" } },
"features": [
{ "type": "Feature", "properties": { "ubigeo": "080901", "nombre": "MADRE SELVA", "categ": "ANEXO", "poblacion": 9.0, "altitud": 1832.0, "provincia": "LA CONVENCION", "distrito": "SANTA ANA", "reg_nat": "YUNGA FLUVIAL", "lon_cp": -72.77724, "lat_cp": -12.84430833, "codigo": "0809010043", "local_vot": "IE 50233 VIRGEN DEL CARMEN", "tot_vot": 583, "electores": 672, "v_jxp_p": 113, "v_an_p": 89, "v_fp_p": 27, "v_obras_p": 34, "v_rp_p": 20, "v_jxp_d": 94, "v_jxp_dip": 59, "pref_marq": 4, "pref_juli": 4, "pref_holg": 12, "pref_lopez": 0, "pref_edwin": 1, "pref_jancc": 8, "pref_veran": 5, "pct_jxp_p": 25.86, "pct_an_p": 20.37, "pct_fp_p": 6.18, "pct_obras_": 7.78, "pct_rp_p": 4.58, "pct_jxp_d": 25.75, "pct_jxp_di": 23.98, "particip": 86.76, "pct_marq": 0.69, "pct_julian": 0.69, "pct_holg": 2.06, "pct_lopez": 0.0, "pct_edwin": 0.17, "pct_jancc": 1.37, "pct_veran": 0.86, "dist_m": 9515.4609134873954, "pty_gan": "JxP", "area_km2": 26.413, "dens_hab": 0.3 }, "geometry": { "type": "MultiPolygon", "coordinates": [ [ [ [ -72.766059948314833, -12.82248791901436 ], [ -72.772793836045054, -12.839295964154193 ], [ -72.795576085863303, -12.871200365716861 ], [ -72.826262438956618, -12.863892401205186 ], [ -72.8209, -12.8614 ], [ -72.8188, -12.8581 ], [ -72.8185, -12.8537 ], [ -72.822, -12.8442 ], [ -72.8217, -12.8333 ], [ -72.8146, -12.8237 ], [ -72.8063, -12.8187 ], [ -72.7951, -12.815 ], [ -72.7813, -12.8164 ], [ -72.76706629961312, -12.815603709069265 ], [ -72.766059948314833, -12.82248791901436 ] ] ], [ [ [ -72.84378046363031, -12.859720478193003 ], [ -72.8439, -12.8595 ], [ -72.8343, -12.8609 ], [ -72.831346077289624, -12.86268173115864 ], [ -72.84378046363031, -12.859720478193003 ] ] ] ] } },
{ "type": "Feature", "properties": { "ubigeo": "080901", "nombre": "TUNQUIMAYO ALTO (TUNQUIMAYO)", "categ": "CASERIO", "poblacion": 84.0, "altitud": 1772.0, "provincia": "LA CONVENCION", "distrito": "SANTA ANA", "reg_nat": "YUNGA FLUVIAL", "lon_cp": -72.79132948, "lat_cp": -12.90347047, "codigo": "0809010068", "local_vot": "IE 50233 VIRGEN DEL CARMEN", "tot_vot": 583, "electores": 672, "v_jxp_p": 113, "v_an_p": 89, "v_fp_p": 27, "v_obras_p": 34, "v_rp_p": 20, "v_jxp_d": 94, "v_jxp_dip": 59, "pref_marq": 4, "pref_juli": 4, "pref_holg": 12, "pref_lopez": 0, "pref_edwin": 1, "pref_jancc": 8, "pref_veran": 5, "pct_jxp_p": 25.86, "pct_an_p": 20.37, "pct_fp_p": 6.18, "pct_obras_": 7.78, "pct_rp_p": 4.58, "pct_jxp_d": 25.75, "pct_jxp_di": 23.98, "particip": 86.76, "pct_marq": 0.69, "pct_julian": 0.69, "pct_holg": 2.06, "pct_lopez": 0.0, "pct_edwin": 0.17, "pct_jancc": 1.37, "pct_veran": 0.86, "dist_m": 10710.120270974994, "pty_gan": "JxP", "area_km2": 46.953, "dens_hab": 1.8 }, "geometry": { "type": "Polygon", "coordinates": [ [ [ -72.831346077289624, -12.86268173115864 ], [ -72.828, -12.8647 ], [ -72.826262438956618, -12.863892401205186 ], [ -72.795576085863303, -12.871200365716861 ], [ -72.789738276748835, -12.87272508618978 ], [ -72.780474596168347, -12.90472834566229 ], [ -72.842711250603799, -12.940287807820543 ], [ -72.8428, -12.9396 ], [ -72.8477, -12.9352 ], [ -72.8619, -12.9275 ], [ -72.8644, -12.9203 ], [ -72.8632, -12.9147 ], [ -72.8608, -12.912 ], [ -72.8505, -12.9123 ], [ -72.847, -12.9098 ], [ -72.8468, -12.9058 ], [ -72.8511, -12.9004 ], [ -72.8511, -12.8923 ], [ -72.8476, -12.8822 ], [ -72.8394, -12.8678 ], [ -72.84378046363031, -12.859720478193003 ], [ -72.831346077289624, -12.86268173115864 ] ] ] } },
{ "type": "Feature", "properties": { "ubigeo": "080901", "nombre": "GARAVITO", "categ": "CASERIO", "poblacion": 122.0, "altitud": 1644.0, "provincia": "LA CONVENCION", "distrito": "SANTA ANA", "reg_nat": "YUNGA FLUVIAL", "lon_cp": -72.73733333, "lat_cp": -12.91947735, "codigo": "0809010067", "local_vot": "IE 50233 VIRGEN DEL CARMEN", "tot_vot": 583, "electores": 672, "v_jxp_p": 113, "v_an_p": 89, "v_fp_p": 27, "v_obras_p": 34, "v_rp_p": 20, "v_jxp_d": 94, "v_jxp_dip": 59, "pref_marq": 4, "pref_juli": 4, "pref_holg": 12, "pref_lopez": 0, "pref_edwin": 1, "pref_jancc": 8, "pref_veran": 5, "pct_jxp_p": 25.86, "pct_an_p": 20.37, "pct_fp_p": 6.18, "pct_obras_": 7.78, "pct_rp_p": 4.58, "pct_jxp_d": 25.75, "pct_jxp_di": 23.98, "particip": 86.76, "pct_marq": 0.69, "pct_julian": 0.69, "pct_holg": 2.06, "pct_lopez": 0.0, "pct_edwin": 0.17, "pct_jancc": 1.37, "pct_veran": 0.86, "dist_m": 7006.5437265921846, "pty_gan": "JxP", "area_km2": 37.027, "dens_hab": 3.3 }, "geometry": { "type": "Polygon", "coordinates": [ [ [ -72.762812828956484, -12.934037949646447 ], [ -72.75719155103161, -12.925252403292673 ], [ -72.73832151837982, -12.908191518434354 ], [ -72.714164603883376, -12.929165112643659 ], [ -72.714, -12.9583 ], [ -72.7167, -12.9655 ], [ -72.7241, -12.9729 ], [ -72.727, -12.9795 ], [ -72.7301, -12.979 ], [ -72.7457, -12.9844 ], [ -72.7582, -12.9842 ], [ -72.768549958188842, -12.991385094941007 ], [ -72.762812828956484, -12.934037949646447 ] ] ] } },
{ "type": "Feature", "properties": { "ubigeo": "080901", "nombre": "POROMATE", "categ": "CASERIO", "poblacion": 47.0, "altitud": 1737.0, "provincia": "LA CONVENCION", "distrito": "SANTA ANA", "reg_nat": "YUNGA FLUVIAL", "lon_cp": -72.78490288, "lat_cp": -12.91471839, "codigo": "0809010070", "local_vot": "IE 50233 VIRGEN DEL CARMEN", "tot_vot": 583, "electores": 672, "v_jxp_p": 113, "v_an_p": 89, "v_fp_p": 27, "v_obras_p": 34, "v_rp_p": 20, "v_jxp_d": 94, "v_jxp_dip": 59, "pref_marq": 4, "pref_juli": 4, "pref_holg": 12, "pref_lopez": 0, "pref_edwin": 1, "pref_jancc": 8, "pref_veran": 5, "pct_jxp_p": 25.86, "pct_an_p": 20.37, "pct_fp_p": 6.18, "pct_obras_": 7.78, "pct_rp_p": 4.58, "pct_jxp_d": 25.75, "pct_jxp_di": 23.98, "particip": 86.76, "pct_marq": 0.69, "pct_julian": 0.69, "pct_holg": 2.06, "pct_lopez": 0.0, "pct_edwin": 0.17, "pct_jancc": 1.37, "pct_veran": 0.86, "dist_m": 10105.081063874381, "pty_gan": "JxP", "area_km2": 50.669, "dens_hab": 0.9 }, "geometry": { "type": "Polygon", "coordinates": [ [ [ -72.780474596168347, -12.90472834566229 ], [ -72.771990925074974, -12.911239151685976 ], [ -72.762812828956484, -12.934037949646447 ], [ -72.768549958188842, -12.991385094941007 ], [ -72.7703, -12.9926 ], [ -72.7854, -12.9797 ], [ -72.8086, -12.979 ], [ -72.8253, -12.9637 ], [ -72.8298, -12.9627 ], [ -72.8354, -12.9645 ], [ -72.8375, -12.9574 ], [ -72.8412, -12.952 ], [ -72.842711250603799, -12.940287807820543 ], [ -72.780474596168347, -12.90472834566229 ] ] ] } },
{ "type": "Feature", "properties": { "ubigeo": "080901", "nombre": "BELLA VISTA", "categ": "OTROS", "poblacion": 2.0, "altitud": 1743.0, "provincia": "LA CONVENCION", "distrito": "SANTA ANA", "reg_nat": "YUNGA FLUVIAL", "lon_cp": -72.77609167, "lat_cp": -12.84512833, "codigo": "0809010047", "local_vot": "IE 50233 VIRGEN DEL CARMEN", "tot_vot": 583, "electores": 672, "v_jxp_p": 113, "v_an_p": 89, "v_fp_p": 27, "v_obras_p": 34, "v_rp_p": 20, "v_jxp_d": 94, "v_jxp_dip": 59, "pref_marq": 4, "pref_juli": 4, "pref_holg": 12, "pref_lopez": 0, "pref_edwin": 1, "pref_jancc": 8, "pref_veran": 5, "pct_jxp_p": 25.86, "pct_an_p": 20.37, "pct_fp_p": 6.18, "pct_obras_": 7.78, "pct_rp_p": 4.58, "pct_jxp_d": 25.75, "pct_jxp_di": 23.98, "particip": 86.76, "pct_marq": 0.69, "pct_julian": 0.69, "pct_holg": 2.06, "pct_lopez": 0.0, "pct_edwin": 0.17, "pct_jancc": 1.37, "pct_veran": 0.86, "dist_m": 7155.0502022983819, "pty_gan": "JxP", "area_km2": 2.485, "dens_hab": 0.8 }, "geometry": { "type": "Polygon", "coordinates": [ [ [ -72.795576085863303, -12.871200365716861 ], [ -72.772793836045054, -12.839295964154193 ], [ -72.77964346984335, -12.863520910423988 ], [ -72.788420658858001, -12.872622110199313 ], [ -72.789738276748835, -12.87272508618978 ], [ -72.795576085863303, -12.871200365716861 ] ] ] } },
{ "type": "Feature", "properties": { "ubigeo": "080901", "nombre": "LANLACUYOC", "categ": "CASERIO", "poblacion": 28.0, "altitud": 1550.0, "provincia": "LA CONVENCION", "distrito": "SANTA ANA", "reg_nat": "YUNGA FLUVIAL", "lon_cp": -72.77197, "lat_cp": -12.89786667, "codigo": "0809010060", "local_vot": "IE 50233 VIRGEN DEL CARMEN", "tot_vot": 583, "electores": 672, "v_jxp_p": 113, "v_an_p": 89, "v_fp_p": 27, "v_obras_p": 34, "v_rp_p": 20, "v_jxp_d": 94, "v_jxp_dip": 59, "pref_marq": 4, "pref_juli": 4, "pref_holg": 12, "pref_lopez": 0, "pref_edwin": 1, "pref_jancc": 8, "pref_veran": 5, "pct_jxp_p": 25.86, "pct_an_p": 20.37, "pct_fp_p": 6.18, "pct_obras_": 7.78, "pct_rp_p": 4.58, "pct_jxp_d": 25.75, "pct_jxp_di": 23.98, "particip": 86.76, "pct_marq": 0.69, "pct_julian": 0.69, "pct_holg": 2.06, "pct_lopez": 0.0, "pct_edwin": 0.17, "pct_jancc": 1.37, "pct_veran": 0.86, "dist_m": 5823.6542297631067, "pty_gan": "JxP", "area_km2": 5.064, "dens_hab": 5.5 }, "geometry": { "type": "Polygon", "coordinates": [ [ [ -72.788420658858001, -12.872622110199313 ], [ -72.775664187196526, -12.876121497431203 ], [ -72.768502377020027, -12.905353701511265 ], [ -72.771990925074974, -12.911239151685976 ], [ -72.780474596168347, -12.90472834566229 ], [ -72.789738276748835, -12.87272508618978 ], [ -72.788420658858001, -12.872622110199313 ] ] ] } },
{ "type": "Feature", "properties": { "ubigeo": "080901", "nombre": "ESPERANZA", "categ": "OTROS", "poblacion": 9.0, "altitud": 1745.0, "provincia": "LA CONVENCION", "distrito": "SANTA ANA", "reg_nat": "YUNGA FLUVIAL", "lon_cp": -72.77303833000001, "lat_cp": -12.84599167, "codigo": "0809010049", "local_vot": "IE 50233 VIRGEN DEL CARMEN", "tot_vot": 583, "electores": 672, "v_jxp_p": 113, "v_an_p": 89, "v_fp_p": 27, "v_obras_p": 34, "v_rp_p": 20, "v_jxp_d": 94, "v_jxp_dip": 59, "pref_marq": 4, "pref_juli": 4, "pref_holg": 12, "pref_lopez": 0, "pref_edwin": 1, "pref_jancc": 8, "pref_veran": 5, "pct_jxp_p": 25.86, "pct_an_p": 20.37, "pct_fp_p": 6.18, "pct_obras_": 7.78, "pct_rp_p": 4.58, "pct_jxp_d": 25.75, "pct_jxp_di": 23.98, "particip": 86.76, "pct_marq": 0.69, "pct_julian": 0.69, "pct_holg": 2.06, "pct_lopez": 0.0, "pct_edwin": 0.17, "pct_jancc": 1.37, "pct_veran": 0.86, "dist_m": 7043.0573678735809, "pty_gan": "JxP", "area_km2": 2.463, "dens_hab": 3.7 }, "geometry": { "type": "Polygon", "coordinates": [ [ [ -72.766059948314833, -12.82248791901436 ], [ -72.764771473539199, -12.827808526590013 ], [ -72.769215456696173, -12.854398357403683 ], [ -72.77964346984335, -12.863520910423988 ], [ -72.772793836045054, -12.839295964154193 ], [ -72.766059948314833, -12.82248791901436 ] ] ] } },
{ "type": "Feature", "properties": { "ubigeo": "080901", "nombre": "SAN JUAN", "categ": "OTROS", "poblacion": 24.0, "altitud": 1728.0, "provincia": "LA CONVENCION", "distrito": "SANTA ANA", "reg_nat": "YUNGA FLUVIAL", "lon_cp": -72.74910167, "lat_cp": -12.840195, "codigo": "0809010027", "local_vot": "IE 50227 SAN FRANCISCO JAVIER", "tot_vot": 2068, "electores": 3230, "v_jxp_p": 193, "v_an_p": 257, "v_fp_p": 97, "v_obras_p": 301, "v_rp_p": 72, "v_jxp_d": 223, "v_jxp_dip": 218, "pref_marq": 24, "pref_juli": 33, "pref_holg": 61, "pref_lopez": 20, "pref_edwin": 14, "pref_jancc": 17, "pref_veran": 39, "pct_jxp_p": 11.07, "pct_an_p": 14.74, "pct_fp_p": 5.57, "pct_obras_": 17.27, "pct_rp_p": 4.13, "pct_jxp_d": 14.68, "pct_jxp_di": 14.61, "particip": 64.02, "pct_marq": 1.16, "pct_julian": 1.6, "pct_holg": 2.95, "pct_lopez": 0.97, "pct_edwin": 0.68, "pct_jancc": 0.82, "pct_veran": 1.89, "dist_m": 6919.3362453927975, "pty_gan": "Obras", "area_km2": 9.169, "dens_hab": 2.6 }, "geometry": { "type": "Polygon", "coordinates": [ [ [ -72.766059948314833, -12.82248791901436 ], [ -72.76706629961312, -12.815603709069265 ], [ -72.7523, -12.8128 ], [ -72.7449, -12.809 ], [ -72.7391, -12.8111 ], [ -72.737762852825213, -12.812290387119011 ], [ -72.739134235216326, -12.83734086175444 ], [ -72.740403644249156, -12.839512226909386 ], [ -72.754318165373832, -12.847002361249672 ], [ -72.764771473539199, -12.827808526590013 ], [ -72.766059948314833, -12.82248791901436 ] ] ] } },
{ "type": "Feature", "properties": { "ubigeo": "080901", "nombre": "SICRIYOC", "categ": "OTROS", "poblacion": 11.0, "altitud": 1813.0, "provincia": "LA CONVENCION", "distrito": "SANTA ANA", "reg_nat": "YUNGA FLUVIAL", "lon_cp": -72.76139167, "lat_cp": -12.859305, "codigo": "0809010051", "local_vot": "IE 50233 VIRGEN DEL CARMEN", "tot_vot": 583, "electores": 672, "v_jxp_p": 113, "v_an_p": 89, "v_fp_p": 27, "v_obras_p": 34, "v_rp_p": 20, "v_jxp_d": 94, "v_jxp_dip": 59, "pref_marq": 4, "pref_juli": 4, "pref_holg": 12, "pref_lopez": 0, "pref_edwin": 1, "pref_jancc": 8, "pref_veran": 5, "pct_jxp_p": 25.86, "pct_an_p": 20.37, "pct_fp_p": 6.18, "pct_obras_": 7.78, "pct_rp_p": 4.58, "pct_jxp_d": 25.75, "pct_jxp_di": 23.98, "particip": 86.76, "pct_marq": 0.69, "pct_julian": 0.69, "pct_holg": 2.06, "pct_lopez": 0.0, "pct_edwin": 0.17, "pct_jancc": 1.37, "pct_veran": 0.86, "dist_m": 5549.2184909198068, "pty_gan": "JxP", "area_km2": 5.248, "dens_hab": 2.1 }, "geometry": { "type": "Polygon", "coordinates": [ [ [ -72.769215456696173, -12.854398357403683 ], [ -72.76439119540116, -12.853785631891526 ], [ -72.756831768482897, -12.860387686111729 ], [ -72.763787293925063, -12.877581344686774 ], [ -72.775664187196526, -12.876121497431203 ], [ -72.788420658858001, -12.872622110199313 ], [ -72.77964346984335, -12.863520910423988 ], [ -72.769215456696173, -12.854398357403683 ] ] ] } },
{ "type": "Feature", "properties": { "ubigeo": "080901", "nombre": "SAN CRISTOBAL", "categ": "CASERIO", "poblacion": 26.0, "altitud": 1585.0, "provincia": "LA CONVENCION", "distrito": "SANTA ANA", "reg_nat": "YUNGA FLUVIAL", "lon_cp": -72.76026979, "lat_cp": -12.90480186, "codigo": "0809010079", "local_vot": "IE 50233 VIRGEN DEL CARMEN", "tot_vot": 583, "electores": 672, "v_jxp_p": 113, "v_an_p": 89, "v_fp_p": 27, "v_obras_p": 34, "v_rp_p": 20, "v_jxp_d": 94, "v_jxp_dip": 59, "pref_marq": 4, "pref_juli": 4, "pref_holg": 12, "pref_lopez": 0, "pref_edwin": 1, "pref_jancc": 8, "pref_veran": 5, "pct_jxp_p": 25.86, "pct_an_p": 20.37, "pct_fp_p": 6.18, "pct_obras_": 7.78, "pct_rp_p": 4.58, "pct_jxp_d": 25.75, "pct_jxp_di": 23.98, "particip": 86.76, "pct_marq": 0.69, "pct_julian": 0.69, "pct_holg": 2.06, "pct_lopez": 0.0, "pct_edwin": 0.17, "pct_jancc": 1.37, "pct_veran": 0.86, "dist_m": 4990.1526022496628, "pty_gan": "JxP", "area_km2": 4.236, "dens_hab": 6.1 }, "geometry": { "type": "Polygon", "coordinates": [ [ [ -72.768502377020027, -12.905353701511265 ], [ -72.765304688834021, -12.901769992857725 ], [ -72.762912006146607, -12.90029596747056 ], [ -72.754634065157845, -12.903514512779163 ], [ -72.75719155103161, -12.925252403292673 ], [ -72.762812828956484, -12.934037949646447 ], [ -72.771990925074974, -12.911239151685976 ], [ -72.768502377020027, -12.905353701511265 ] ] ] } },
{ "type": "Feature", "properties": { "ubigeo": "080901", "nombre": "IOMA ESMERALDA", "categ": "ANEXO", "poblacion": 109.0, "altitud": 1506.0, "provincia": "LA CONVENCION", "distrito": "SANTA ANA", "reg_nat": "YUNGA FLUVIAL", "lon_cp": -72.76888833, "lat_cp": -12.89711167, "codigo": "0809010062", "local_vot": "IE 50233 VIRGEN DEL CARMEN", "tot_vot": 583, "electores": 672, "v_jxp_p": 113, "v_an_p": 89, "v_fp_p": 27, "v_obras_p": 34, "v_rp_p": 20, "v_jxp_d": 94, "v_jxp_dip": 59, "pref_marq": 4, "pref_juli": 4, "pref_holg": 12, "pref_lopez": 0, "pref_edwin": 1, "pref_jancc": 8, "pref_veran": 5, "pct_jxp_p": 25.86, "pct_an_p": 20.37, "pct_fp_p": 6.18, "pct_obras_": 7.78, "pct_rp_p": 4.58, "pct_jxp_d": 25.75, "pct_jxp_di": 23.98, "particip": 86.76, "pct_marq": 0.69, "pct_julian": 0.69, "pct_holg": 2.06, "pct_lopez": 0.0, "pct_edwin": 0.17, "pct_jancc": 1.37, "pct_veran": 0.86, "dist_m": 4941.4402498854924, "pty_gan": "JxP", "area_km2": 0.799, "dens_hab": 136.4 }, "geometry": { "type": "Polygon", "coordinates": [ [ [ -72.768502377020027, -12.905353701511265 ], [ -72.775664187196526, -12.876121497431203 ], [ -72.775079364663299, -12.87623746161289 ], [ -72.765304688834021, -12.901769992857725 ], [ -72.768502377020027, -12.905353701511265 ] ] ] } },
{ "type": "Feature", "properties": { "ubigeo": "080901", "nombre": "BUENOS AIRES", "categ": "OTROS", "poblacion": 20.0, "altitud": 1665.0, "provincia": "LA CONVENCION", "distrito": "SANTA ANA", "reg_nat": "YUNGA FLUVIAL", "lon_cp": -72.75411, "lat_cp": -12.89531333, "codigo": "0809010058", "local_vot": "IE 50233 VIRGEN DEL CARMEN", "tot_vot": 583, "electores": 672, "v_jxp_p": 113, "v_an_p": 89, "v_fp_p": 27, "v_obras_p": 34, "v_rp_p": 20, "v_jxp_d": 94, "v_jxp_dip": 59, "pref_marq": 4, "pref_juli": 4, "pref_holg": 12, "pref_lopez": 0, "pref_edwin": 1, "pref_jancc": 8, "pref_veran": 5, "pct_jxp_p": 25.86, "pct_an_p": 20.37, "pct_fp_p": 6.18, "pct_obras_": 7.78, "pct_rp_p": 4.58, "pct_jxp_d": 25.75, "pct_jxp_di": 23.98, "particip": 86.76, "pct_marq": 0.69, "pct_julian": 0.69, "pct_holg": 2.06, "pct_lopez": 0.0, "pct_edwin": 0.17, "pct_jancc": 1.37, "pct_veran": 0.86, "dist_m": 3200.4354717244041, "pty_gan": "JxP", "area_km2": 2.526, "dens_hab": 7.9 }, "geometry": { "type": "Polygon", "coordinates": [ [ [ -72.760792586115386, -12.878751617862905 ], [ -72.747145410480897, -12.879300441134083 ], [ -72.746017027670334, -12.880926159150158 ], [ -72.752841634973379, -12.900545418123663 ], [ -72.760086696710772, -12.89253273736332 ], [ -72.760792586115386, -12.878751617862905 ] ] ] } },
{ "type": "Feature", "properties": { "ubigeo": "080901", "nombre": "ESMERALDA", "categ": "OTROS", "poblacion": 10.0, "altitud": 1494.0, "provincia": "LA CONVENCION", "distrito": "SANTA ANA", "reg_nat": "RUPA RUPA O SELVA ALTA", "lon_cp": -72.76574801, "lat_cp": -12.89590945, "codigo": "0809010063", "local_vot": "IE 50233 VIRGEN DEL CARMEN", "tot_vot": 583, "electores": 672, "v_jxp_p": 113, "v_an_p": 89, "v_fp_p": 27, "v_obras_p": 34, "v_rp_p": 20, "v_jxp_d": 94, "v_jxp_dip": 59, "pref_marq": 4, "pref_juli": 4, "pref_holg": 12, "pref_lopez": 0, "pref_edwin": 1, "pref_jancc": 8, "pref_veran": 5, "pct_jxp_p": 25.86, "pct_an_p": 20.37, "pct_fp_p": 6.18, "pct_obras_": 7.78, "pct_rp_p": 4.58, "pct_jxp_d": 25.75, "pct_jxp_di": 23.98, "particip": 86.76, "pct_marq": 0.69, "pct_julian": 0.69, "pct_holg": 2.06, "pct_lopez": 0.0, "pct_edwin": 0.17, "pct_jancc": 1.37, "pct_veran": 0.86, "dist_m": 4487.8893947868582, "pty_gan": "JxP", "area_km2": 2.657, "dens_hab": 3.8 }, "geometry": { "type": "Polygon", "coordinates": [ [ [ -72.760086696710772, -12.89253273736332 ], [ -72.762912006146607, -12.90029596747056 ], [ -72.765304688834021, -12.901769992857725 ], [ -72.775079364663299, -12.87623746161289 ], [ -72.763787293925063, -12.877581344686774 ], [ -72.760792586115386, -12.878751617862905 ], [ -72.760086696710772, -12.89253273736332 ] ] ] } },
{ "type": "Feature", "properties": { "ubigeo": "080901", "nombre": "BELEN PATA", "categ": "CASERIO", "poblacion": 20.0, "altitud": 1824.0, "provincia": "LA CONVENCION", "distrito": "SANTA ANA", "reg_nat": "YUNGA FLUVIAL", "lon_cp": -72.76286667, "lat_cp": -12.84769167, "codigo": "0809010038", "local_vot": "IE 50233 VIRGEN DEL CARMEN", "tot_vot": 583, "electores": 672, "v_jxp_p": 113, "v_an_p": 89, "v_fp_p": 27, "v_obras_p": 34, "v_rp_p": 20, "v_jxp_d": 94, "v_jxp_dip": 59, "pref_marq": 4, "pref_juli": 4, "pref_holg": 12, "pref_lopez": 0, "pref_edwin": 1, "pref_jancc": 8, "pref_veran": 5, "pct_jxp_p": 25.86, "pct_an_p": 20.37, "pct_fp_p": 6.18, "pct_obras_": 7.78, "pct_rp_p": 4.58, "pct_jxp_d": 25.75, "pct_jxp_di": 23.98, "particip": 86.76, "pct_marq": 0.69, "pct_julian": 0.69, "pct_holg": 2.06, "pct_lopez": 0.0, "pct_edwin": 0.17, "pct_jancc": 1.37, "pct_veran": 0.86, "dist_m": 6469.9621699385343, "pty_gan": "JxP", "area_km2": 2.435, "dens_hab": 8.2 }, "geometry": { "type": "Polygon", "coordinates": [ [ [ -72.764771473539199, -12.827808526590013 ], [ -72.754318165373832, -12.847002361249672 ], [ -72.754207394207739, -12.848465339049911 ], [ -72.76439119540116, -12.853785631891526 ], [ -72.769215456696173, -12.854398357403683 ], [ -72.764771473539199, -12.827808526590013 ] ] ] } },
{ "type": "Feature", "properties": { "ubigeo": "080901", "nombre": "SAN PABLO", "categ": "CASERIO", "poblacion": 8.0, "altitud": 1584.0, "provincia": "LA CONVENCION", "distrito": "SANTA ANA", "reg_nat": "YUNGA FLUVIAL", "lon_cp": -72.74576333, "lat_cp": -12.84639667, "codigo": "0809010036", "local_vot": "IE 50233 VIRGEN DEL CARMEN", "tot_vot": 583, "electores": 672, "v_jxp_p": 113, "v_an_p": 89, "v_fp_p": 27, "v_obras_p": 34, "v_rp_p": 20, "v_jxp_d": 94, "v_jxp_dip": 59, "pref_marq": 4, "pref_juli": 4, "pref_holg": 12, "pref_lopez": 0, "pref_edwin": 1, "pref_jancc": 8, "pref_veran": 5, "pct_jxp_p": 25.86, "pct_an_p": 20.37, "pct_fp_p": 6.18, "pct_obras_": 7.78, "pct_rp_p": 4.58, "pct_jxp_d": 25.75, "pct_jxp_di": 23.98, "particip": 86.76, "pct_marq": 0.69, "pct_julian": 0.69, "pct_holg": 2.06, "pct_lopez": 0.0, "pct_edwin": 0.17, "pct_jancc": 1.37, "pct_veran": 0.86, "dist_m": 5148.8551946912748, "pty_gan": "JxP", "area_km2": 1.449, "dens_hab": 5.5 }, "geometry": { "type": "Polygon", "coordinates": [ [ [ -72.754318165373832, -12.847002361249672 ], [ -72.740403644249156, -12.839512226909386 ], [ -72.741510752876607, -12.849220028218832 ], [ -72.742781841788243, -12.851469170574454 ], [ -72.74769844566444, -12.855268848477435 ], [ -72.749737568633279, -12.854392834511174 ], [ -72.754207394207739, -12.848465339049911 ], [ -72.754318165373832, -12.847002361249672 ] ] ] } },
{ "type": "Feature", "properties": { "ubigeo": "080901", "nombre": "CACAO PAMPA", "categ": "OTROS", "poblacion": 52.0, "altitud": 1440.0, "provincia": "LA CONVENCION", "distrito": "SANTA ANA", "reg_nat": "RUPA RUPA O SELVA ALTA", "lon_cp": -72.75792, "lat_cp": -12.89875833, "codigo": "0809010064", "local_vot": "IE 50233 VIRGEN DEL CARMEN", "tot_vot": 583, "electores": 672, "v_jxp_p": 113, "v_an_p": 89, "v_fp_p": 27, "v_obras_p": 34, "v_rp_p": 20, "v_jxp_d": 94, "v_jxp_dip": 59, "pref_marq": 4, "pref_juli": 4, "pref_holg": 12, "pref_lopez": 0, "pref_edwin": 1, "pref_jancc": 8, "pref_veran": 5, "pct_jxp_p": 25.86, "pct_an_p": 20.37, "pct_fp_p": 6.18, "pct_obras_": 7.78, "pct_rp_p": 4.58, "pct_jxp_d": 25.75, "pct_jxp_di": 23.98, "particip": 86.76, "pct_marq": 0.69, "pct_julian": 0.69, "pct_holg": 2.06, "pct_lopez": 0.0, "pct_edwin": 0.17, "pct_jancc": 1.37, "pct_veran": 0.86, "dist_m": 3772.1412894833284, "pty_gan": "JxP", "area_km2": 0.666, "dens_hab": 78.1 }, "geometry": { "type": "Polygon", "coordinates": [ [ [ -72.760086696710772, -12.89253273736332 ], [ -72.752841634973379, -12.900545418123663 ], [ -72.752718381779246, -12.901297034276249 ], [ -72.754634065157845, -12.903514512779163 ], [ -72.762912006146607, -12.90029596747056 ], [ -72.760086696710772, -12.89253273736332 ] ] ] } },
{ "type": "Feature", "properties": { "ubigeo": "080901", "nombre": "PASÑA PACANA", "categ": "OTROS", "poblacion": 7.0, "altitud": 1646.0, "provincia": "LA CONVENCION", "distrito": "SANTA ANA", "reg_nat": "YUNGA FLUVIAL", "lon_cp": -72.75851833, "lat_cp": -12.856015, "codigo": "0809010048", "local_vot": "IE 50233 VIRGEN DEL CARMEN", "tot_vot": 583, "electores": 672, "v_jxp_p": 113, "v_an_p": 89, "v_fp_p": 27, "v_obras_p": 34, "v_rp_p": 20, "v_jxp_d": 94, "v_jxp_dip": 59, "pref_marq": 4, "pref_juli": 4, "pref_holg": 12, "pref_lopez": 0, "pref_edwin": 1, "pref_jancc": 8, "pref_veran": 5, "pct_jxp_p": 25.86, "pct_an_p": 20.37, "pct_fp_p": 6.18, "pct_obras_": 7.78, "pct_rp_p": 4.58, "pct_jxp_d": 25.75, "pct_jxp_di": 23.98, "particip": 86.76, "pct_marq": 0.69, "pct_julian": 0.69, "pct_holg": 2.06, "pct_lopez": 0.0, "pct_edwin": 0.17, "pct_jancc": 1.37, "pct_veran": 0.86, "dist_m": 5172.3948748974472, "pty_gan": "JxP", "area_km2": 1.059, "dens_hab": 6.6 }, "geometry": { "type": "Polygon", "coordinates": [ [ [ -72.754207394207739, -12.848465339049911 ], [ -72.749737568633279, -12.854392834511174 ], [ -72.756831768482897, -12.860387686111729 ], [ -72.76439119540116, -12.853785631891526 ], [ -72.754207394207739, -12.848465339049911 ] ] ] } },
{ "type": "Feature", "properties": { "ubigeo": "080901", "nombre": "CALDERON ALTA", "categ": "CASERIO", "poblacion": 68.0, "altitud": 1633.0, "provincia": "LA CONVENCION", "distrito": "SANTA ANA", "reg_nat": "YUNGA FLUVIAL", "lon_cp": -72.74945101, "lat_cp": -12.9060747, "codigo": "0809010071", "local_vot": "IE 50233 VIRGEN DEL CARMEN", "tot_vot": 583, "electores": 672, "v_jxp_p": 113, "v_an_p": 89, "v_fp_p": 27, "v_obras_p": 34, "v_rp_p": 20, "v_jxp_d": 94, "v_jxp_dip": 59, "pref_marq": 4, "pref_juli": 4, "pref_holg": 12, "pref_lopez": 0, "pref_edwin": 1, "pref_jancc": 8, "pref_veran": 5, "pct_jxp_p": 25.86, "pct_an_p": 20.37, "pct_fp_p": 6.18, "pct_obras_": 7.78, "pct_rp_p": 4.58, "pct_jxp_d": 25.75, "pct_jxp_di": 23.98, "particip": 86.76, "pct_marq": 0.69, "pct_julian": 0.69, "pct_holg": 2.06, "pct_lopez": 0.0, "pct_edwin": 0.17, "pct_jancc": 1.37, "pct_veran": 0.86, "dist_m": 3502.381849691028, "pty_gan": "JxP", "area_km2": 2.962, "dens_hab": 23.0 }, "geometry": { "type": "Polygon", "coordinates": [ [ [ -72.752718381779246, -12.901297034276249 ], [ -72.737952981184677, -12.902717720195792 ], [ -72.73832151837982, -12.908191518434354 ], [ -72.75719155103161, -12.925252403292673 ], [ -72.754634065157845, -12.903514512779163 ], [ -72.752718381779246, -12.901297034276249 ] ] ] } },
{ "type": "Feature", "properties": { "ubigeo": "080901", "nombre": "PACAY PATA", "categ": "OTROS", "poblacion": 15.0, "altitud": 1743.0, "provincia": "LA CONVENCION", "distrito": "SANTA ANA", "reg_nat": "YUNGA FLUVIAL", "lon_cp": -72.75280167, "lat_cp": -12.86278, "codigo": "0809010050", "local_vot": "IE 50233 VIRGEN DEL CARMEN", "tot_vot": 583, "electores": 672, "v_jxp_p": 113, "v_an_p": 89, "v_fp_p": 27, "v_obras_p": 34, "v_rp_p": 20, "v_jxp_d": 94, "v_jxp_dip": 59, "pref_marq": 4, "pref_juli": 4, "pref_holg": 12, "pref_lopez": 0, "pref_edwin": 1, "pref_jancc": 8, "pref_veran": 5, "pct_jxp_p": 25.86, "pct_an_p": 20.37, "pct_fp_p": 6.18, "pct_obras_": 7.78, "pct_rp_p": 4.58, "pct_jxp_d": 25.75, "pct_jxp_di": 23.98, "particip": 86.76, "pct_marq": 0.69, "pct_julian": 0.69, "pct_holg": 2.06, "pct_lopez": 0.0, "pct_edwin": 0.17, "pct_jancc": 1.37, "pct_veran": 0.86, "dist_m": 3685.0411777640616, "pty_gan": "JxP", "area_km2": 4.312, "dens_hab": 3.5 }, "geometry": { "type": "Polygon", "coordinates": [ [ [ -72.763787293925063, -12.877581344686774 ], [ -72.756831768482897, -12.860387686111729 ], [ -72.749737568633279, -12.854392834511174 ], [ -72.74769844566444, -12.855268848477435 ], [ -72.740525328509861, -12.869497983996531 ], [ -72.747145410480897, -12.879300441134083 ], [ -72.760792586115386, -12.878751617862905 ], [ -72.763787293925063, -12.877581344686774 ] ] ] } },
{ "type": "Feature", "properties": { "ubigeo": "080901", "nombre": "IPAL", "categ": "CASERIO", "poblacion": 17.0, "altitud": 1363.0, "provincia": "LA CONVENCION", "distrito": "SANTA ANA", "reg_nat": "RUPA RUPA O SELVA ALTA", "lon_cp": -72.7486, "lat_cp": -12.89723, "codigo": "0809010066", "local_vot": "IE 50233 VIRGEN DEL CARMEN", "tot_vot": 583, "electores": 672, "v_jxp_p": 113, "v_an_p": 89, "v_fp_p": 27, "v_obras_p": 34, "v_rp_p": 20, "v_jxp_d": 94, "v_jxp_dip": 59, "pref_marq": 4, "pref_juli": 4, "pref_holg": 12, "pref_lopez": 0, "pref_edwin": 1, "pref_jancc": 8, "pref_veran": 5, "pct_jxp_p": 25.86, "pct_an_p": 20.37, "pct_fp_p": 6.18, "pct_obras_": 7.78, "pct_rp_p": 4.58, "pct_jxp_d": 25.75, "pct_jxp_di": 23.98, "particip": 86.76, "pct_marq": 0.69, "pct_julian": 0.69, "pct_holg": 2.06, "pct_lopez": 0.0, "pct_edwin": 0.17, "pct_jancc": 1.37, "pct_veran": 0.86, "dist_m": 2177.683101094995, "pty_gan": "JxP", "area_km2": 2.656, "dens_hab": 6.4 }, "geometry": { "type": "Polygon", "coordinates": [ [ [ -72.746017027670334, -12.880926159150158 ], [ -72.739027465446128, -12.887929932801924 ], [ -72.736561334583627, -12.895638998552933 ], [ -72.737952981184677, -12.902717720195792 ], [ -72.752718381779246, -12.901297034276249 ], [ -72.752841634973379, -12.900545418123663 ], [ -72.746017027670334, -12.880926159150158 ] ] ] } },
{ "type": "Feature", "properties": { "ubigeo": "080901", "nombre": "SERRANUYOC ALTO", "categ": "CASERIO", "poblacion": 34.0, "altitud": 1615.0, "provincia": "LA CONVENCION", "distrito": "SANTA ANA", "reg_nat": "YUNGA FLUVIAL", "lon_cp": -72.72970797000001, "lat_cp": -12.87837631, "codigo": "0809010053", "local_vot": "IE 50233 VIRGEN DEL CARMEN", "tot_vot": 583, "electores": 672, "v_jxp_p": 113, "v_an_p": 89, "v_fp_p": 27, "v_obras_p": 34, "v_rp_p": 20, "v_jxp_d": 94, "v_jxp_dip": 59, "pref_marq": 4, "pref_juli": 4, "pref_holg": 12, "pref_lopez": 0, "pref_edwin": 1, "pref_jancc": 8, "pref_veran": 5, "pct_jxp_p": 25.86, "pct_an_p": 20.37, "pct_fp_p": 6.18, "pct_obras_": 7.78, "pct_rp_p": 4.58, "pct_jxp_d": 25.75, "pct_jxp_di": 23.98, "particip": 86.76, "pct_marq": 0.69, "pct_julian": 0.69, "pct_holg": 2.06, "pct_lopez": 0.0, "pct_edwin": 0.17, "pct_jancc": 1.37, "pct_veran": 0.86, "dist_m": 1547.8001237134799, "pty_gan": "JxP", "area_km2": 4.753, "dens_hab": 7.2 }, "geometry": { "type": "Polygon", "coordinates": [ [ [ -72.747145410480897, -12.879300441134083 ], [ -72.740525328509861, -12.869497983996531 ], [ -72.734527836360954, -12.867146497727619 ], [ -72.718980407382773, -12.872513685693766 ], [ -72.717242392845293, -12.880637188180982 ], [ -72.739027465446128, -12.887929932801924 ], [ -72.746017027670334, -12.880926159150158 ], [ -72.747145410480897, -12.879300441134083 ] ] ] } },
{ "type": "Feature", "properties": { "ubigeo": "080901", "nombre": "HUAYLLAYOC CHICO", "categ": "OTROS", "poblacion": 18.0, "altitud": 1045.0, "provincia": "LA CONVENCION", "distrito": "SANTA ANA", "reg_nat": "RUPA RUPA O SELVA ALTA", "lon_cp": -72.69051084, "lat_cp": -12.81246681, "codigo": "0809010014", "local_vot": "IE TUPAC AMARU", "tot_vot": 520, "electores": 599, "v_jxp_p": 141, "v_an_p": 73, "v_fp_p": 40, "v_obras_p": 29, "v_rp_p": 8, "v_jxp_d": 101, "v_jxp_dip": 99, "pref_marq": 8, "pref_juli": 8, "pref_holg": 12, "pref_lopez": 0, "pref_edwin": 0, "pref_jancc": 9, "pref_veran": 7, "pct_jxp_p": 35.25, "pct_an_p": 18.25, "pct_fp_p": 10.0, "pct_obras_": 7.25, "pct_rp_p": 2.0, "pct_jxp_d": 34.24, "pct_jxp_di": 36.26, "particip": 86.81, "pct_marq": 1.54, "pct_julian": 1.54, "pct_holg": 2.31, "pct_lopez": 0.0, "pct_edwin": 0.0, "pct_jancc": 1.73, "pct_veran": 1.35, "dist_m": 5585.4130232248426, "pty_gan": "JxP", "area_km2": 5.249, "dens_hab": 3.4 }, "geometry": { "type": "Polygon", "coordinates": [ [ [ -72.684488940691949, -12.814776300647578 ], [ -72.684284617511196, -12.815323597395956 ], [ -72.685525356333045, -12.817431398453943 ], [ -72.694057427443767, -12.820913074982293 ], [ -72.695595609194783, -12.820377291587111 ], [ -72.716416368178884, -12.801704889905826 ], [ -72.705830629697275, -12.789919434396298 ], [ -72.684488940691949, -12.814776300647578 ] ] ] } },
{ "type": "Feature", "properties": { "ubigeo": "080901", "nombre": "CHAUPIMAYO B", "categ": "OTROS", "poblacion": 58.0, "altitud": 1203.0, "provincia": "LA CONVENCION", "distrito": "SANTA ANA", "reg_nat": "RUPA RUPA O SELVA ALTA", "lon_cp": -72.73689833, "lat_cp": -12.85140667, "codigo": "0809010041", "local_vot": "IE 50233 VIRGEN DEL CARMEN", "tot_vot": 583, "electores": 672, "v_jxp_p": 113, "v_an_p": 89, "v_fp_p": 27, "v_obras_p": 34, "v_rp_p": 20, "v_jxp_d": 94, "v_jxp_dip": 59, "pref_marq": 4, "pref_juli": 4, "pref_holg": 12, "pref_lopez": 0, "pref_edwin": 1, "pref_jancc": 8, "pref_veran": 5, "pct_jxp_p": 25.86, "pct_an_p": 20.37, "pct_fp_p": 6.18, "pct_obras_": 7.78, "pct_rp_p": 4.58, "pct_jxp_d": 25.75, "pct_jxp_di": 23.98, "particip": 86.76, "pct_marq": 0.69, "pct_julian": 0.69, "pct_holg": 2.06, "pct_lopez": 0.0, "pct_edwin": 0.17, "pct_jancc": 1.37, "pct_veran": 0.86, "dist_m": 4289.1118762388742, "pty_gan": "JxP", "area_km2": 0.629, "dens_hab": 92.2 }, "geometry": { "type": "Polygon", "coordinates": [ [ [ -72.741510752876607, -12.849220028218832 ], [ -72.729915188257024, -12.849705602684342 ], [ -72.731671012225974, -12.856008138817471 ], [ -72.742781841788243, -12.851469170574454 ], [ -72.741510752876607, -12.849220028218832 ] ] ] } },
{ "type": "Feature", "properties": { "ubigeo": "080901", "nombre": "UMANCALLE", "categ": null, "poblacion": 33.0, "altitud": 1980.0, "provincia": "LA CONVENCION", "distrito": "SANTA ANA", "reg_nat": "YUNGA FLUVIAL", "lon_cp": -72.72700871000001, "lat_cp": -12.90758569, "codigo": "0809010095", "local_vot": "IE 50233 VIRGEN DEL CARMEN", "tot_vot": 583, "electores": 672, "v_jxp_p": 113, "v_an_p": 89, "v_fp_p": 27, "v_obras_p": 34, "v_rp_p": 20, "v_jxp_d": 94, "v_jxp_dip": 59, "pref_marq": 4, "pref_juli": 4, "pref_holg": 12, "pref_lopez": 0, "pref_edwin": 1, "pref_jancc": 8, "pref_veran": 5, "pct_jxp_p": 25.86, "pct_an_p": 20.37, "pct_fp_p": 6.18, "pct_obras_": 7.78, "pct_rp_p": 4.58, "pct_jxp_d": 25.75, "pct_jxp_di": 23.98, "particip": 86.76, "pct_marq": 0.69, "pct_julian": 0.69, "pct_holg": 2.06, "pct_lopez": 0.0, "pct_edwin": 0.17, "pct_jancc": 1.37, "pct_veran": 0.86, "dist_m": 2671.9965125258168, "pty_gan": "JxP", "area_km2": 4.687, "dens_hab": 7.0 }, "geometry": { "type": "Polygon", "coordinates": [ [ [ -72.73832151837982, -12.908191518434354 ], [ -72.737907213292743, -12.902622295584402 ], [ -72.715417302828328, -12.906495156838984 ], [ -72.706336600735284, -12.913945059576587 ], [ -72.705765747837589, -12.916044031231477 ], [ -72.706235070919647, -12.917422705781926 ], [ -72.7106, -12.9161 ], [ -72.7124, -12.9165 ], [ -72.7142, -12.9229 ], [ -72.714164603883376, -12.929165112643659 ], [ -72.73832151837982, -12.908191518434354 ] ] ] } },
{ "type": "Feature", "properties": { "ubigeo": "080901", "nombre": "SAMBARAY CENTRO", "categ": "ANEXO", "poblacion": 16.0, "altitud": 1427.0, "provincia": "LA CONVENCION", "distrito": "SANTA ANA", "reg_nat": "RUPA RUPA O SELVA ALTA", "lon_cp": -72.73673167, "lat_cp": -12.84742667, "codigo": "0809010034", "local_vot": "IE 50227 SAN FRANCISCO JAVIER", "tot_vot": 2068, "electores": 3230, "v_jxp_p": 193, "v_an_p": 257, "v_fp_p": 97, "v_obras_p": 301, "v_rp_p": 72, "v_jxp_d": 223, "v_jxp_dip": 218, "pref_marq": 24, "pref_juli": 33, "pref_holg": 61, "pref_lopez": 20, "pref_edwin": 14, "pref_jancc": 17, "pref_veran": 39, "pct_jxp_p": 11.07, "pct_an_p": 14.74, "pct_fp_p": 5.57, "pct_obras_": 17.27, "pct_rp_p": 4.13, "pct_jxp_d": 14.68, "pct_jxp_di": 14.61, "particip": 64.02, "pct_marq": 1.16, "pct_julian": 1.6, "pct_holg": 2.95, "pct_lopez": 0.97, "pct_edwin": 0.68, "pct_jancc": 0.82, "pct_veran": 1.89, "dist_m": 4674.4681664630634, "pty_gan": "Obras", "area_km2": 0.988, "dens_hab": 16.2 }, "geometry": { "type": "Polygon", "coordinates": [ [ [ -72.740403644249156, -12.839512226909386 ], [ -72.739134235216326, -12.83734086175444 ], [ -72.729341724856411, -12.848775474620878 ], [ -72.729915188257024, -12.849705602684342 ], [ -72.741510752876607, -12.849220028218832 ], [ -72.740403644249156, -12.839512226909386 ] ] ] } },
{ "type": "Feature", "properties": { "ubigeo": "080901", "nombre": "CALDERA", "categ": "CASERIO", "poblacion": 69.0, "altitud": 1306.0, "provincia": "LA CONVENCION", "distrito": "SANTA ANA", "reg_nat": "RUPA RUPA O SELVA ALTA", "lon_cp": -72.738625, "lat_cp": -12.85563333, "codigo": "0809010046", "local_vot": "IE 50233 VIRGEN DEL CARMEN", "tot_vot": 583, "electores": 672, "v_jxp_p": 113, "v_an_p": 89, "v_fp_p": 27, "v_obras_p": 34, "v_rp_p": 20, "v_jxp_d": 94, "v_jxp_dip": 59, "pref_marq": 4, "pref_juli": 4, "pref_holg": 12, "pref_lopez": 0, "pref_edwin": 1, "pref_jancc": 8, "pref_veran": 5, "pct_jxp_p": 25.86, "pct_an_p": 20.37, "pct_fp_p": 6.18, "pct_obras_": 7.78, "pct_rp_p": 4.58, "pct_jxp_d": 25.75, "pct_jxp_di": 23.98, "particip": 86.76, "pct_marq": 0.69, "pct_julian": 0.69, "pct_holg": 2.06, "pct_lopez": 0.0, "pct_edwin": 0.17, "pct_jancc": 1.37, "pct_veran": 0.86, "dist_m": 3591.1377505516025, "pty_gan": "JxP", "area_km2": 2.154, "dens_hab": 32.0 }, "geometry": { "type": "Polygon", "coordinates": [ [ [ -72.74769844566444, -12.855268848477435 ], [ -72.742781841788243, -12.851469170574454 ], [ -72.731671012225974, -12.856008138817471 ], [ -72.73147574413062, -12.859139372260943 ], [ -72.734527836360954, -12.867146497727619 ], [ -72.740525328509861, -12.869497983996531 ], [ -72.74769844566444, -12.855268848477435 ] ] ] } },
{ "type": "Feature", "properties": { "ubigeo": "080901", "nombre": "HUILLCAR", "categ": "OTROS", "poblacion": 16.0, "altitud": 1468.0, "provincia": "LA CONVENCION", "distrito": "SANTA ANA", "reg_nat": "RUPA RUPA O SELVA ALTA", "lon_cp": -72.6728816, "lat_cp": -12.92664785, "codigo": "0809010094", "local_vot": "IE 50236 SANTA ANA", "tot_vot": 3205, "electores": 4130, "v_jxp_p": 533, "v_an_p": 589, "v_fp_p": 256, "v_obras_p": 287, "v_rp_p": 170, "v_jxp_d": 445, "v_jxp_dip": 477, "pref_marq": 46, "pref_juli": 45, "pref_holg": 124, "pref_lopez": 25, "pref_edwin": 13, "pref_jancc": 22, "pref_veran": 53, "pct_jxp_p": 20.02, "pct_an_p": 22.12, "pct_fp_p": 9.61, "pct_obras_": 10.78, "pct_rp_p": 6.38, "pct_jxp_d": 20.17, "pct_jxp_di": 20.52, "particip": 77.6, "pct_marq": 1.44, "pct_julian": 1.4, "pct_holg": 3.87, "pct_lopez": 0.78, "pct_edwin": 0.41, "pct_jancc": 0.69, "pct_veran": 1.65, "dist_m": 7017.5280774301455, "pty_gan": "AhoraN", "area_km2": 3.403, "dens_hab": 4.7 }, "geometry": { "type": "Polygon", "coordinates": [ [ [ -72.676002403212735, -12.918644995194079 ], [ -72.66865301499972, -12.915563940185624 ], [ -72.6683, -12.9161 ], [ -72.6686, -12.9395 ], [ -72.6708, -12.9452 ], [ -72.6692, -12.9494 ], [ -72.674, -12.9465 ], [ -72.6781, -12.9386 ], [ -72.682005782071016, -12.933696996974685 ], [ -72.676002403212735, -12.918644995194079 ] ] ] } },
{ "type": "Feature", "properties": { "ubigeo": "080901", "nombre": "SAN PEDRO", "categ": "CASERIO", "poblacion": 162.0, "altitud": 1205.0, "provincia": "LA CONVENCION", "distrito": "SANTA ANA", "reg_nat": "RUPA RUPA O SELVA ALTA", "lon_cp": -72.72481747, "lat_cp": -12.85477228, "codigo": "0809010072", "local_vot": "IE 50227 SAN FRANCISCO JAVIER", "tot_vot": 2068, "electores": 3230, "v_jxp_p": 193, "v_an_p": 257, "v_fp_p": 97, "v_obras_p": 301, "v_rp_p": 72, "v_jxp_d": 223, "v_jxp_dip": 218, "pref_marq": 24, "pref_juli": 33, "pref_holg": 61, "pref_lopez": 20, "pref_edwin": 14, "pref_jancc": 17, "pref_veran": 39, "pct_jxp_p": 11.07, "pct_an_p": 14.74, "pct_fp_p": 5.57, "pct_obras_": 17.27, "pct_rp_p": 4.13, "pct_jxp_d": 14.68, "pct_jxp_di": 14.61, "particip": 64.02, "pct_marq": 1.16, "pct_julian": 1.6, "pct_holg": 2.95, "pct_lopez": 0.97, "pct_edwin": 0.68, "pct_jancc": 0.82, "pct_veran": 1.89, "dist_m": 3342.0080399815861, "pty_gan": "Obras", "area_km2": 1.22, "dens_hab": 132.8 }, "geometry": { "type": "Polygon", "coordinates": [ [ [ -72.731671012225974, -12.856008138817471 ], [ -72.729915188257024, -12.849705602684342 ], [ -72.729341724856411, -12.848775474620878 ], [ -72.723872062266636, -12.846863816720038 ], [ -72.718885058854113, -12.857184246617354 ], [ -72.73147574413062, -12.859139372260943 ], [ -72.731671012225974, -12.856008138817471 ] ] ] } },
{ "type": "Feature", "properties": { "ubigeo": "080901", "nombre": "SAMBARAY ALTO", "categ": "CASERIO", "poblacion": 44.0, "altitud": 1527.0, "provincia": "LA CONVENCION", "distrito": "SANTA ANA", "reg_nat": "YUNGA FLUVIAL", "lon_cp": -72.72953793000001, "lat_cp": -12.84126601, "codigo": "0809010025", "local_vot": "IE 50227 SAN FRANCISCO JAVIER", "tot_vot": 2068, "electores": 3230, "v_jxp_p": 193, "v_an_p": 257, "v_fp_p": 97, "v_obras_p": 301, "v_rp_p": 72, "v_jxp_d": 223, "v_jxp_dip": 218, "pref_marq": 24, "pref_juli": 33, "pref_holg": 61, "pref_lopez": 20, "pref_edwin": 14, "pref_jancc": 17, "pref_veran": 39, "pct_jxp_p": 11.07, "pct_an_p": 14.74, "pct_fp_p": 5.57, "pct_obras_": 17.27, "pct_rp_p": 4.13, "pct_jxp_d": 14.68, "pct_jxp_di": 14.61, "particip": 64.02, "pct_marq": 1.16, "pct_julian": 1.6, "pct_holg": 2.95, "pct_lopez": 0.97, "pct_edwin": 0.68, "pct_jancc": 0.82, "pct_veran": 1.89, "dist_m": 4737.867268466548, "pty_gan": "Obras", "area_km2": 5.507, "dens_hab": 8.0 }, "geometry": { "type": "Polygon", "coordinates": [ [ [ -72.737762852825213, -12.812290387119011 ], [ -72.7309, -12.8184 ], [ -72.725921005897661, -12.816532877211623 ], [ -72.723882623242361, -12.820157530379092 ], [ -72.720948291535251, -12.843138714494957 ], [ -72.723872062266636, -12.846863816720038 ], [ -72.729341724856411, -12.848775474620878 ], [ -72.739134235216326, -12.83734086175444 ], [ -72.737762852825213, -12.812290387119011 ] ] ] } },
{ "type": "Feature", "properties": { "ubigeo": "080901", "nombre": "POTRERO", "categ": "CASERIO", "poblacion": 156.0, "altitud": 1350.0, "provincia": "LA CONVENCION", "distrito": "SANTA ANA", "reg_nat": "RUPA RUPA O SELVA ALTA", "lon_cp": -72.72583448, "lat_cp": -12.88994731, "codigo": "0809010057", "local_vot": "IE 50233 VIRGEN DEL CARMEN", "tot_vot": 583, "electores": 672, "v_jxp_p": 113, "v_an_p": 89, "v_fp_p": 27, "v_obras_p": 34, "v_rp_p": 20, "v_jxp_d": 94, "v_jxp_dip": 59, "pref_marq": 4, "pref_juli": 4, "pref_holg": 12, "pref_lopez": 0, "pref_edwin": 1, "pref_jancc": 8, "pref_veran": 5, "pct_jxp_p": 25.86, "pct_an_p": 20.37, "pct_fp_p": 6.18, "pct_obras_": 7.78, "pct_rp_p": 4.58, "pct_jxp_d": 25.75, "pct_jxp_di": 23.98, "particip": 86.76, "pct_marq": 0.69, "pct_julian": 0.69, "pct_holg": 2.06, "pct_lopez": 0.0, "pct_edwin": 0.17, "pct_jancc": 1.37, "pct_veran": 0.86, "dist_m": 291.16541735182778, "pty_gan": "JxP", "area_km2": 2.547, "dens_hab": 61.2 }, "geometry": { "type": "Polygon", "coordinates": [ [ [ -72.739027465446128, -12.887929932801924 ], [ -72.717242392845293, -12.880637188180982 ], [ -72.715781275685814, -12.882326049006938 ], [ -72.723040321586367, -12.895803661480763 ], [ -72.736561334583627, -12.895638998552933 ], [ -72.739027465446128, -12.887929932801924 ] ] ] } },
{ "type": "Feature", "properties": { "ubigeo": "080901", "nombre": "ARANJUEZ", "categ": "CASERIO", "poblacion": 130.0, "altitud": 1192.0, "provincia": "LA CONVENCION", "distrito": "SANTA ANA", "reg_nat": "RUPA RUPA O SELVA ALTA", "lon_cp": -72.70290784, "lat_cp": -12.82629014, "codigo": "0809010030", "local_vot": "IE 50227 SAN FRANCISCO JAVIER", "tot_vot": 2068, "electores": 3230, "v_jxp_p": 193, "v_an_p": 257, "v_fp_p": 97, "v_obras_p": 301, "v_rp_p": 72, "v_jxp_d": 223, "v_jxp_dip": 218, "pref_marq": 24, "pref_juli": 33, "pref_holg": 61, "pref_lopez": 20, "pref_edwin": 14, "pref_jancc": 17, "pref_veran": 39, "pct_jxp_p": 11.07, "pct_an_p": 14.74, "pct_fp_p": 5.57, "pct_obras_": 17.27, "pct_rp_p": 4.13, "pct_jxp_d": 14.68, "pct_jxp_di": 14.61, "particip": 64.02, "pct_marq": 1.16, "pct_julian": 1.6, "pct_holg": 2.95, "pct_lopez": 0.97, "pct_edwin": 0.68, "pct_jancc": 0.82, "pct_veran": 1.89, "dist_m": 4555.3752739222964, "pty_gan": "Obras", "area_km2": 6.173, "dens_hab": 21.1 }, "geometry": { "type": "Polygon", "coordinates": [ [ [ -72.725921005897661, -12.816532877211623 ], [ -72.7253, -12.8163 ], [ -72.7174, -12.8028 ], [ -72.716416368178884, -12.801704889905826 ], [ -72.695595609194783, -12.820377291587111 ], [ -72.703982333664939, -12.83591528380237 ], [ -72.723882623242361, -12.820157530379092 ], [ -72.725921005897661, -12.816532877211623 ] ] ] } },
{ "type": "Feature", "properties": { "ubigeo": "080901", "nombre": "MARGARITAYOC", "categ": "CASERIO", "poblacion": 51.0, "altitud": 1202.0, "provincia": "LA CONVENCION", "distrito": "SANTA ANA", "reg_nat": "RUPA RUPA O SELVA ALTA", "lon_cp": -72.71708839, "lat_cp": -12.85103746, "codigo": "0809010035", "local_vot": "IE 50227 SAN FRANCISCO JAVIER", "tot_vot": 2068, "electores": 3230, "v_jxp_p": 193, "v_an_p": 257, "v_fp_p": 97, "v_obras_p": 301, "v_rp_p": 72, "v_jxp_d": 223, "v_jxp_dip": 218, "pref_marq": 24, "pref_juli": 33, "pref_holg": 61, "pref_lopez": 20, "pref_edwin": 14, "pref_jancc": 17, "pref_veran": 39, "pct_jxp_p": 11.07, "pct_an_p": 14.74, "pct_fp_p": 5.57, "pct_obras_": 17.27, "pct_rp_p": 4.13, "pct_jxp_d": 14.68, "pct_jxp_di": 14.61, "particip": 64.02, "pct_marq": 1.16, "pct_julian": 1.6, "pct_holg": 2.95, "pct_lopez": 0.97, "pct_edwin": 0.68, "pct_jancc": 0.82, "pct_veran": 1.89, "dist_m": 2437.0471756308766, "pty_gan": "Obras", "area_km2": 1.542, "dens_hab": 33.1 }, "geometry": { "type": "Polygon", "coordinates": [ [ [ -72.720948291535251, -12.843138714494957 ], [ -72.715748931982461, -12.844883674619245 ], [ -72.710164166883246, -12.853885273051571 ], [ -72.714271892106893, -12.860209618457347 ], [ -72.718885058854113, -12.857184246617354 ], [ -72.723872062266636, -12.846863816720038 ], [ -72.720948291535251, -12.843138714494957 ] ] ] } },
{ "type": "Feature", "properties": { "ubigeo": "080901", "nombre": "YANAURCO", "categ": "OTROS", "poblacion": 8.0, "altitud": 1757.0, "provincia": "LA CONVENCION", "distrito": "SANTA ANA", "reg_nat": "YUNGA FLUVIAL", "lon_cp": -72.69173281, "lat_cp": -12.89799178, "codigo": "0809010090", "local_vot": "IE 50236 SANTA ANA", "tot_vot": 3205, "electores": 4130, "v_jxp_p": 533, "v_an_p": 589, "v_fp_p": 256, "v_obras_p": 287, "v_rp_p": 170, "v_jxp_d": 445, "v_jxp_dip": 477, "pref_marq": 46, "pref_juli": 45, "pref_holg": 124, "pref_lopez": 25, "pref_edwin": 13, "pref_jancc": 22, "pref_veran": 53, "pct_jxp_p": 20.02, "pct_an_p": 22.12, "pct_fp_p": 9.61, "pct_obras_": 10.78, "pct_rp_p": 6.38, "pct_jxp_d": 20.17, "pct_jxp_di": 20.52, "particip": 77.6, "pct_marq": 1.44, "pct_julian": 1.4, "pct_holg": 3.87, "pct_lopez": 0.78, "pct_edwin": 0.41, "pct_jancc": 0.69, "pct_veran": 1.65, "dist_m": 3467.7774707116164, "pty_gan": "AhoraN", "area_km2": 4.696, "dens_hab": 1.7 }, "geometry": { "type": "Polygon", "coordinates": [ [ [ -72.706336600735284, -12.913945059576587 ], [ -72.70474390807459, -12.901069693140068 ], [ -72.695984194044385, -12.890791993488042 ], [ -72.6843284036526, -12.89148638538958 ], [ -72.6823, -12.8996 ], [ -72.681643292315727, -12.900604961759274 ], [ -72.693704373551199, -12.912095650755383 ], [ -72.705765747837589, -12.916044031231477 ], [ -72.706336600735284, -12.913945059576587 ] ] ] } },
{ "type": "Feature", "properties": { "ubigeo": "080901", "nombre": "LLACTAPATA", "categ": "OTROS", "poblacion": 24.0, "altitud": 1846.0, "provincia": "LA CONVENCION", "distrito": "SANTA ANA", "reg_nat": "YUNGA FLUVIAL", "lon_cp": -72.72597627, "lat_cp": -12.90159023, "codigo": "0809010078", "local_vot": "IE 50233 VIRGEN DEL CARMEN", "tot_vot": 583, "electores": 672, "v_jxp_p": 113, "v_an_p": 89, "v_fp_p": 27, "v_obras_p": 34, "v_rp_p": 20, "v_jxp_d": 94, "v_jxp_dip": 59, "pref_marq": 4, "pref_juli": 4, "pref_holg": 12, "pref_lopez": 0, "pref_edwin": 1, "pref_jancc": 8, "pref_veran": 5, "pct_jxp_p": 25.86, "pct_an_p": 20.37, "pct_fp_p": 6.18, "pct_obras_": 7.78, "pct_rp_p": 4.58, "pct_jxp_d": 25.75, "pct_jxp_di": 23.98, "particip": 86.76, "pct_marq": 0.69, "pct_julian": 0.69, "pct_holg": 2.06, "pct_lopez": 0.0, "pct_edwin": 0.17, "pct_jancc": 1.37, "pct_veran": 0.86, "dist_m": 1304.5956514305635, "pty_gan": "JxP", "area_km2": 1.836, "dens_hab": 13.1 }, "geometry": { "type": "Polygon", "coordinates": [ [ [ -72.736561334583627, -12.895638998552933 ], [ -72.723040321586367, -12.895803661480763 ], [ -72.715417302828328, -12.906495156838984 ], [ -72.737907213292743, -12.902622295584402 ], [ -72.736561334583627, -12.895638998552933 ] ] ] } },
{ "type": "Feature", "properties": { "ubigeo": "080901", "nombre": "SARAHUASI", "categ": "CASERIO", "poblacion": 60.0, "altitud": 1864.0, "provincia": "LA CONVENCION", "distrito": "SANTA ANA", "reg_nat": "YUNGA FLUVIAL", "lon_cp": -72.71661281, "lat_cp": -12.8949141, "codigo": "0809010065", "local_vot": "IE 50233 VIRGEN DEL CARMEN", "tot_vot": 583, "electores": 672, "v_jxp_p": 113, "v_an_p": 89, "v_fp_p": 27, "v_obras_p": 34, "v_rp_p": 20, "v_jxp_d": 94, "v_jxp_dip": 59, "pref_marq": 4, "pref_juli": 4, "pref_holg": 12, "pref_lopez": 0, "pref_edwin": 1, "pref_jancc": 8, "pref_veran": 5, "pct_jxp_p": 25.86, "pct_an_p": 20.37, "pct_fp_p": 6.18, "pct_obras_": 7.78, "pct_rp_p": 4.58, "pct_jxp_d": 25.75, "pct_jxp_di": 23.98, "particip": 86.76, "pct_marq": 0.69, "pct_julian": 0.69, "pct_holg": 2.06, "pct_lopez": 0.0, "pct_edwin": 0.17, "pct_jancc": 1.37, "pct_veran": 0.86, "dist_m": 1617.9035792208156, "pty_gan": "JxP", "area_km2": 3.481, "dens_hab": 17.2 }, "geometry": { "type": "Polygon", "coordinates": [ [ [ -72.715417302828328, -12.906495156838984 ], [ -72.723040321586367, -12.895803661480763 ], [ -72.715781275685814, -12.882326049006938 ], [ -72.715024913877699, -12.882672461537924 ], [ -72.70474390807459, -12.901069693140068 ], [ -72.706336600735284, -12.913945059576587 ], [ -72.715417302828328, -12.906495156838984 ] ] ] } },
{ "type": "Feature", "properties": { "ubigeo": "080901", "nombre": "SERRANUYOCC BAJO", "categ": "OTROS", "poblacion": 63.0, "altitud": 1160.0, "provincia": "LA CONVENCION", "distrito": "SANTA ANA", "reg_nat": "RUPA RUPA O SELVA ALTA", "lon_cp": -72.70679314, "lat_cp": -12.87347371, "codigo": "0809010052", "local_vot": "IE 51028 EL ROSARIO", "tot_vot": 1204, "electores": 1730, "v_jxp_p": 173, "v_an_p": 167, "v_fp_p": 92, "v_obras_p": 123, "v_rp_p": 52, "v_jxp_d": 147, "v_jxp_dip": 167, "pref_marq": 18, "pref_juli": 20, "pref_holg": 36, "pref_lopez": 8, "pref_edwin": 9, "pref_jancc": 9, "pref_veran": 22, "pct_jxp_p": 18.1, "pct_an_p": 17.47, "pct_fp_p": 9.62, "pct_obras_": 12.87, "pct_rp_p": 5.44, "pct_jxp_d": 18.85, "pct_jxp_di": 20.14, "particip": 69.6, "pct_marq": 1.5, "pct_julian": 1.66, "pct_holg": 2.99, "pct_lopez": 0.66, "pct_edwin": 0.75, "pct_jancc": 0.75, "pct_veran": 1.83, "dist_m": 1469.6172993996995, "pty_gan": "JxP", "area_km2": 3.485, "dens_hab": 18.1 }, "geometry": { "type": "Polygon", "coordinates": [ [ [ -72.717242392845293, -12.880637188180982 ], [ -72.718980407382773, -12.872513685693766 ], [ -72.713695589530587, -12.865138924388146 ], [ -72.701024673630471, -12.866936863023902 ], [ -72.695537043651569, -12.873879637487391 ], [ -72.699187066752174, -12.879311515678927 ], [ -72.715024913877699, -12.882672461537924 ], [ -72.715781275685814, -12.882326049006938 ], [ -72.717242392845293, -12.880637188180982 ] ] ] } },
{ "type": "Feature", "properties": { "ubigeo": "080901", "nombre": "ALEJUYOC", "categ": "ANEXO", "poblacion": 41.0, "altitud": 1442.0, "provincia": "LA CONVENCION", "distrito": "SANTA ANA", "reg_nat": "RUPA RUPA O SELVA ALTA", "lon_cp": -72.72380667, "lat_cp": -12.86128167, "codigo": "0809010045", "local_vot": "IE 50233 VIRGEN DEL CARMEN", "tot_vot": 583, "electores": 672, "v_jxp_p": 113, "v_an_p": 89, "v_fp_p": 27, "v_obras_p": 34, "v_rp_p": 20, "v_jxp_d": 94, "v_jxp_dip": 59, "pref_marq": 4, "pref_juli": 4, "pref_holg": 12, "pref_lopez": 0, "pref_edwin": 1, "pref_jancc": 8, "pref_veran": 5, "pct_jxp_p": 25.86, "pct_an_p": 20.37, "pct_fp_p": 6.18, "pct_obras_": 7.78, "pct_rp_p": 4.58, "pct_jxp_d": 25.75, "pct_jxp_di": 23.98, "particip": 86.76, "pct_marq": 0.69, "pct_julian": 0.69, "pct_holg": 2.06, "pct_lopez": 0.0, "pct_edwin": 0.17, "pct_jancc": 1.37, "pct_veran": 0.86, "dist_m": 2747.4340078994665, "pty_gan": "JxP", "area_km2": 2.614, "dens_hab": 15.7 }, "geometry": { "type": "Polygon", "coordinates": [ [ [ -72.73147574413062, -12.859139372260943 ], [ -72.718885058854113, -12.857184246617354 ], [ -72.714271892106893, -12.860209618457347 ], [ -72.713695589530587, -12.865138924388146 ], [ -72.718980407382773, -12.872513685693766 ], [ -72.734527836360954, -12.867146497727619 ], [ -72.73147574413062, -12.859139372260943 ] ] ] } },
{ "type": "Feature", "properties": { "ubigeo": "080901", "nombre": "ISILLUYOC", "categ": "CASERIO", "poblacion": 43.0, "altitud": 1280.0, "provincia": "LA CONVENCION", "distrito": "SANTA ANA", "reg_nat": "RUPA RUPA O SELVA ALTA", "lon_cp": -72.71310479, "lat_cp": -12.83916776, "codigo": "0809010031", "local_vot": "IE 50227 SAN FRANCISCO JAVIER", "tot_vot": 2068, "electores": 3230, "v_jxp_p": 193, "v_an_p": 257, "v_fp_p": 97, "v_obras_p": 301, "v_rp_p": 72, "v_jxp_d": 223, "v_jxp_dip": 218, "pref_marq": 24, "pref_juli": 33, "pref_holg": 61, "pref_lopez": 20, "pref_edwin": 14, "pref_jancc": 17, "pref_veran": 39, "pct_jxp_p": 11.07, "pct_an_p": 14.74, "pct_fp_p": 5.57, "pct_obras_": 17.27, "pct_rp_p": 4.13, "pct_jxp_d": 14.68, "pct_jxp_di": 14.61, "particip": 64.02, "pct_marq": 1.16, "pct_julian": 1.6, "pct_holg": 2.95, "pct_lopez": 0.97, "pct_edwin": 0.68, "pct_jancc": 0.82, "pct_veran": 1.89, "dist_m": 3286.140198410244, "pty_gan": "Obras", "area_km2": 3.14, "dens_hab": 13.7 }, "geometry": { "type": "Polygon", "coordinates": [ [ [ -72.723882623242361, -12.820157530379092 ], [ -72.703982333664939, -12.83591528380237 ], [ -72.702486022925072, -12.838545188573715 ], [ -72.715748931982461, -12.844883674619245 ], [ -72.720948291535251, -12.843138714494957 ], [ -72.723882623242361, -12.820157530379092 ] ] ] } },
{ "type": "Feature", "properties": { "ubigeo": "080901", "nombre": "PINTOBAMBA GRANDE", "categ": "CASERIO", "poblacion": 194.0, "altitud": 1072.0, "provincia": "LA CONVENCION", "distrito": "SANTA ANA", "reg_nat": "RUPA RUPA O SELVA ALTA", "lon_cp": -72.70964048, "lat_cp": -12.84641663, "codigo": "0809010032", "local_vot": "IE 50227 SAN FRANCISCO JAVIER", "tot_vot": 2068, "electores": 3230, "v_jxp_p": 193, "v_an_p": 257, "v_fp_p": 97, "v_obras_p": 301, "v_rp_p": 72, "v_jxp_d": 223, "v_jxp_dip": 218, "pref_marq": 24, "pref_juli": 33, "pref_holg": 61, "pref_lopez": 20, "pref_edwin": 14, "pref_jancc": 17, "pref_veran": 39, "pct_jxp_p": 11.07, "pct_an_p": 14.74, "pct_fp_p": 5.57, "pct_obras_": 17.27, "pct_rp_p": 4.13, "pct_jxp_d": 14.68, "pct_jxp_di": 14.61, "particip": 64.02, "pct_marq": 1.16, "pct_julian": 1.6, "pct_holg": 2.95, "pct_lopez": 0.97, "pct_edwin": 0.68, "pct_jancc": 0.82, "pct_veran": 1.89, "dist_m": 1880.7608950360589, "pty_gan": "Obras", "area_km2": 1.265, "dens_hab": 153.4 }, "geometry": { "type": "Polygon", "coordinates": [ [ [ -72.715748931982461, -12.844883674619245 ], [ -72.702486022925072, -12.838545188573715 ], [ -72.702201862441825, -12.838768588868762 ], [ -72.70269273869522, -12.844926474944069 ], [ -72.708835347384991, -12.853370692861381 ], [ -72.710164166883246, -12.853885273051571 ], [ -72.715748931982461, -12.844883674619245 ] ] ] } },
{ "type": "Feature", "properties": { "ubigeo": "080901", "nombre": "MACAMANGO", "categ": "CASERIO", "poblacion": 582.0, "altitud": 1091.0, "provincia": "LA CONVENCION", "distrito": "SANTA ANA", "reg_nat": "RUPA RUPA O SELVA ALTA", "lon_cp": -72.70474697, "lat_cp": -12.85905333, "codigo": "0809010044", "local_vot": "IE 50226 LA INMACULADA", "tot_vot": 4162, "electores": 6061, "v_jxp_p": 485, "v_an_p": 611, "v_fp_p": 317, "v_obras_p": 633, "v_rp_p": 191, "v_jxp_d": 479, "v_jxp_dip": 521, "pref_marq": 51, "pref_juli": 71, "pref_holg": 185, "pref_lopez": 38, "pref_edwin": 29, "pref_jancc": 39, "pref_veran": 61, "pct_jxp_p": 13.8, "pct_an_p": 17.38, "pct_fp_p": 9.02, "pct_obras_": 18.01, "pct_rp_p": 5.43, "pct_jxp_d": 16.1, "pct_jxp_di": 17.03, "particip": 68.67, "pct_marq": 1.23, "pct_julian": 1.71, "pct_holg": 4.44, "pct_lopez": 0.91, "pct_edwin": 0.7, "pct_jancc": 0.94, "pct_veran": 1.47, "dist_m": 1247.8954105191629, "pty_gan": "Obras", "area_km2": 1.857, "dens_hab": 313.4 }, "geometry": { "type": "Polygon", "coordinates": [ [ [ -72.714271892106893, -12.860209618457347 ], [ -72.710164166883246, -12.853885273051571 ], [ -72.708835347384991, -12.853370692861381 ], [ -72.697949329427715, -12.857651990472725 ], [ -72.701024673630471, -12.866936863023902 ], [ -72.713695589530587, -12.865138924388146 ], [ -72.714271892106893, -12.860209618457347 ] ] ] } },
{ "type": "Feature", "properties": { "ubigeo": "080901", "nombre": "SALAS PAMPA", "categ": "OTROS", "poblacion": 14.0, "altitud": 1038.0, "provincia": "LA CONVENCION", "distrito": "SANTA ANA", "reg_nat": "RUPA RUPA O SELVA ALTA", "lon_cp": -72.69652572, "lat_cp": -12.82973493, "codigo": "0809010021", "local_vot": "IE 50227 SAN FRANCISCO JAVIER", "tot_vot": 2068, "electores": 3230, "v_jxp_p": 193, "v_an_p": 257, "v_fp_p": 97, "v_obras_p": 301, "v_rp_p": 72, "v_jxp_d": 223, "v_jxp_dip": 218, "pref_marq": 24, "pref_juli": 33, "pref_holg": 61, "pref_lopez": 20, "pref_edwin": 14, "pref_jancc": 17, "pref_veran": 39, "pct_jxp_p": 11.07, "pct_an_p": 14.74, "pct_fp_p": 5.57, "pct_obras_": 17.27, "pct_rp_p": 4.13, "pct_jxp_d": 14.68, "pct_jxp_di": 14.61, "particip": 64.02, "pct_marq": 1.16, "pct_julian": 1.6, "pct_holg": 2.95, "pct_lopez": 0.97, "pct_edwin": 0.68, "pct_jancc": 0.82, "pct_veran": 1.89, "dist_m": 3032.6131800730832, "pty_gan": "Obras", "area_km2": 1.333, "dens_hab": 10.5 }, "geometry": { "type": "Polygon", "coordinates": [ [ [ -72.703982333664939, -12.83591528380237 ], [ -72.695595609194783, -12.820377291587111 ], [ -72.694057427443767, -12.820913074982293 ], [ -72.690363750647307, -12.8285633497843 ], [ -72.700944465604394, -12.83848791689862 ], [ -72.701661473255569, -12.838754689263865 ], [ -72.702201862441825, -12.838768588868762 ], [ -72.702486022925072, -12.838545188573715 ], [ -72.703982333664939, -12.83591528380237 ] ] ] } },
{ "type": "Feature", "properties": { "ubigeo": "080901", "nombre": "QUILLABAMBA", "categ": "CIUDAD", "poblacion": 23985.0, "altitud": 1086.0, "provincia": "LA CONVENCION", "distrito": "SANTA ANA", "reg_nat": "RUPA RUPA O SELVA ALTA", "lon_cp": -72.69333227, "lat_cp": -12.86283412, "codigo": "0809010001", "local_vot": "IE EMBLEMATICA MANCO II", "tot_vot": 2795, "electores": 3830, "v_jxp_p": 467, "v_an_p": 520, "v_fp_p": 217, "v_obras_p": 339, "v_rp_p": 117, "v_jxp_d": 405, "v_jxp_dip": 431, "pref_marq": 43, "pref_juli": 62, "pref_holg": 115, "pref_lopez": 20, "pref_edwin": 9, "pref_jancc": 33, "pref_veran": 49, "pct_jxp_p": 19.71, "pct_an_p": 21.95, "pct_fp_p": 9.16, "pct_obras_": 14.31, "pct_rp_p": 4.94, "pct_jxp_d": 21.39, "pct_jxp_di": 22.97, "particip": 72.98, "pct_marq": 1.54, "pct_julian": 2.22, "pct_holg": 4.11, "pct_lopez": 0.72, "pct_edwin": 0.32, "pct_jancc": 1.18, "pct_veran": 1.75, "dist_m": 159.36899255190565, "pty_gan": "AhoraN", "area_km2": 3.073, "dens_hab": 7805.1 }, "geometry": { "type": "Polygon", "coordinates": [ [ [ -72.697949329427715, -12.857651990472725 ], [ -72.694868292859297, -12.855196239098525 ], [ -72.688908036365802, -12.85413267027454 ], [ -72.680427245408154, -12.864209997411402 ], [ -72.6821, -12.8648 ], [ -72.6883, -12.8716 ], [ -72.688370409200061, -12.873064511361397 ], [ -72.695537043651569, -12.873879637487391 ], [ -72.701024673630471, -12.866936863023902 ], [ -72.697949329427715, -12.857651990472725 ] ] ] } },
{ "type": "Feature", "properties": { "ubigeo": "080901", "nombre": "SAMBARAY CHICO", "categ": "ANEXO", "poblacion": 25.0, "altitud": 1034.0, "provincia": "LA CONVENCION", "distrito": "SANTA ANA", "reg_nat": "RUPA RUPA O SELVA ALTA", "lon_cp": -72.70197123, "lat_cp": -12.8519955, "codigo": "0809010039", "local_vot": "IE 50227 SAN FRANCISCO JAVIER", "tot_vot": 2068, "electores": 3230, "v_jxp_p": 193, "v_an_p": 257, "v_fp_p": 97, "v_obras_p": 301, "v_rp_p": 72, "v_jxp_d": 223, "v_jxp_dip": 218, "pref_marq": 24, "pref_juli": 33, "pref_holg": 61, "pref_lopez": 20, "pref_edwin": 14, "pref_jancc": 17, "pref_veran": 39, "pct_jxp_p": 11.07, "pct_an_p": 14.74, "pct_fp_p": 5.57, "pct_obras_": 17.27, "pct_rp_p": 4.13, "pct_jxp_d": 14.68, "pct_jxp_di": 14.61, "particip": 64.02, "pct_marq": 1.16, "pct_julian": 1.6, "pct_holg": 2.95, "pct_lopez": 0.97, "pct_edwin": 0.68, "pct_jancc": 0.82, "pct_veran": 1.89, "dist_m": 885.91556458991465, "pty_gan": "Obras", "area_km2": 1.016, "dens_hab": 24.6 }, "geometry": { "type": "Polygon", "coordinates": [ [ [ -72.708835347384991, -12.853370692861381 ], [ -72.70269273869522, -12.844926474944069 ], [ -72.694868292859297, -12.855196239098525 ], [ -72.697949329427715, -12.857651990472725 ], [ -72.708835347384991, -12.853370692861381 ] ] ] } },
{ "type": "Feature", "properties": { "ubigeo": "080901", "nombre": "HUAYLLAPATA", "categ": "OTROS", "poblacion": 51.0, "altitud": 1774.0, "provincia": "LA CONVENCION", "distrito": "SANTA ANA", "reg_nat": "YUNGA FLUVIAL", "lon_cp": -72.68377422, "lat_cp": -12.92230341, "codigo": "0809010093", "local_vot": "IE 50233 VIRGEN DEL CARMEN", "tot_vot": 583, "electores": 672, "v_jxp_p": 113, "v_an_p": 89, "v_fp_p": 27, "v_obras_p": 34, "v_rp_p": 20, "v_jxp_d": 94, "v_jxp_dip": 59, "pref_marq": 4, "pref_juli": 4, "pref_holg": 12, "pref_lopez": 0, "pref_edwin": 1, "pref_jancc": 8, "pref_veran": 5, "pct_jxp_p": 25.86, "pct_an_p": 20.37, "pct_fp_p": 6.18, "pct_obras_": 7.78, "pct_rp_p": 4.58, "pct_jxp_d": 25.75, "pct_jxp_di": 23.98, "particip": 86.76, "pct_marq": 0.69, "pct_julian": 0.69, "pct_holg": 2.06, "pct_lopez": 0.0, "pct_edwin": 0.17, "pct_jancc": 1.37, "pct_veran": 0.86, "dist_m": 5212.1538392591283, "pty_gan": "JxP", "area_km2": 3.41, "dens_hab": 15.0 }, "geometry": { "type": "Polygon", "coordinates": [ [ [ -72.705765747837589, -12.916044031231477 ], [ -72.693704373551199, -12.912095650755383 ], [ -72.676002403212735, -12.918644995194079 ], [ -72.682005782071016, -12.933696996974685 ], [ -72.6875, -12.9268 ], [ -72.704, -12.9181 ], [ -72.706235070919647, -12.917422705781926 ], [ -72.705765747837589, -12.916044031231477 ] ] ] } },
{ "type": "Feature", "properties": { "ubigeo": "080901", "nombre": "BARRIAL ALTA SARAHUASI", "categ": "OTROS", "poblacion": 53.0, "altitud": 1576.0, "provincia": "LA CONVENCION", "distrito": "SANTA ANA", "reg_nat": "YUNGA FLUVIAL", "lon_cp": -72.7037667, "lat_cp": -12.88773525, "codigo": "0809010080", "local_vot": "IE 50233 VIRGEN DEL CARMEN", "tot_vot": 583, "electores": 672, "v_jxp_p": 113, "v_an_p": 89, "v_fp_p": 27, "v_obras_p": 34, "v_rp_p": 20, "v_jxp_d": 94, "v_jxp_dip": 59, "pref_marq": 4, "pref_juli": 4, "pref_holg": 12, "pref_lopez": 0, "pref_edwin": 1, "pref_jancc": 8, "pref_veran": 5, "pct_jxp_p": 25.86, "pct_an_p": 20.37, "pct_fp_p": 6.18, "pct_obras_": 7.78, "pct_rp_p": 4.58, "pct_jxp_d": 25.75, "pct_jxp_di": 23.98, "particip": 86.76, "pct_marq": 0.69, "pct_julian": 0.69, "pct_holg": 2.06, "pct_lopez": 0.0, "pct_edwin": 0.17, "pct_jancc": 1.37, "pct_veran": 0.86, "dist_m": 2202.5340457941152, "pty_gan": "JxP", "area_km2": 2.76, "dens_hab": 19.2 }, "geometry": { "type": "Polygon", "coordinates": [ [ [ -72.699187066752174, -12.879311515678927 ], [ -72.695984194044385, -12.890791993488042 ], [ -72.70474390807459, -12.901069693140068 ], [ -72.715024913877699, -12.882672461537924 ], [ -72.699187066752174, -12.879311515678927 ] ] ] } },
{ "type": "Feature", "properties": { "ubigeo": "080901", "nombre": "HUAYLLAYOC GRANDE", "categ": "OTROS", "poblacion": 28.0, "altitud": 1020.0, "provincia": "LA CONVENCION", "distrito": "SANTA ANA", "reg_nat": "RUPA RUPA O SELVA ALTA", "lon_cp": -72.68586072, "lat_cp": -12.80847429, "codigo": "0809010010", "local_vot": "IE TUPAC AMARU", "tot_vot": 520, "electores": 599, "v_jxp_p": 141, "v_an_p": 73, "v_fp_p": 40, "v_obras_p": 29, "v_rp_p": 8, "v_jxp_d": 101, "v_jxp_dip": 99, "pref_marq": 8, "pref_juli": 8, "pref_holg": 12, "pref_lopez": 0, "pref_edwin": 0, "pref_jancc": 9, "pref_veran": 7, "pct_jxp_p": 35.25, "pct_an_p": 18.25, "pct_fp_p": 10.0, "pct_obras_": 7.25, "pct_rp_p": 2.0, "pct_jxp_d": 34.24, "pct_jxp_di": 36.26, "particip": 86.81, "pct_marq": 1.54, "pct_julian": 1.54, "pct_holg": 2.31, "pct_lopez": 0.0, "pct_edwin": 0.0, "pct_jancc": 1.73, "pct_veran": 1.35, "dist_m": 4755.6374214051611, "pty_gan": "JxP", "area_km2": 2.245, "dens_hab": 12.5 }, "geometry": { "type": "Polygon", "coordinates": [ [ [ -72.697226063334739, -12.791768738666665 ], [ -72.682972158689267, -12.803840405416112 ], [ -72.684488940691949, -12.814776300647578 ], [ -72.705830629697275, -12.789919434396298 ], [ -72.70365193707751, -12.787493823279629 ], [ -72.697226063334739, -12.791768738666665 ] ] ] } },
{ "type": "Feature", "properties": { "ubigeo": "080901", "nombre": "PACCHAC GRANDE", "categ": "CASERIO", "poblacion": 88.0, "altitud": 1111.0, "provincia": "LA CONVENCION", "distrito": "SANTA ANA", "reg_nat": "RUPA RUPA O SELVA ALTA", "lon_cp": -72.67742641, "lat_cp": -12.79579619, "codigo": "0809010006", "local_vot": "IE TUPAC AMARU", "tot_vot": 520, "electores": 599, "v_jxp_p": 141, "v_an_p": 73, "v_fp_p": 40, "v_obras_p": 29, "v_rp_p": 8, "v_jxp_d": 101, "v_jxp_dip": 99, "pref_marq": 8, "pref_juli": 8, "pref_holg": 12, "pref_lopez": 0, "pref_edwin": 0, "pref_jancc": 9, "pref_veran": 7, "pct_jxp_p": 35.25, "pct_an_p": 18.25, "pct_fp_p": 10.0, "pct_obras_": 7.25, "pct_rp_p": 2.0, "pct_jxp_d": 34.24, "pct_jxp_di": 36.26, "particip": 86.81, "pct_marq": 1.54, "pct_julian": 1.54, "pct_holg": 2.31, "pct_lopez": 0.0, "pct_edwin": 0.0, "pct_jancc": 1.73, "pct_veran": 1.35, "dist_m": 4723.2027270692242, "pty_gan": "JxP", "area_km2": 5.917, "dens_hab": 14.9 }, "geometry": { "type": "Polygon", "coordinates": [ [ [ -72.70365193707751, -12.787493823279629 ], [ -72.7024, -12.7861 ], [ -72.7014, -12.7832 ], [ -72.7028, -12.7772 ], [ -72.699483211607401, -12.768832647464126 ], [ -72.669850625462786, -12.792045729582844 ], [ -72.672549094282545, -12.799846125920478 ], [ -72.697226063334739, -12.791768738666665 ], [ -72.70365193707751, -12.787493823279629 ] ] ] } },
{ "type": "Feature", "properties": { "ubigeo": "080901", "nombre": "MORRO SAN JUAN", "categ": "OTROS", "poblacion": 5.0, "altitud": 1201.0, "provincia": "LA CONVENCION", "distrito": "SANTA ANA", "reg_nat": "RUPA RUPA O SELVA ALTA", "lon_cp": -72.69606882, "lat_cp": -12.8474985, "codigo": "0809010086", "local_vot": "IE 50227 SAN FRANCISCO JAVIER", "tot_vot": 2068, "electores": 3230, "v_jxp_p": 193, "v_an_p": 257, "v_fp_p": 97, "v_obras_p": 301, "v_rp_p": 72, "v_jxp_d": 223, "v_jxp_dip": 218, "pref_marq": 24, "pref_juli": 33, "pref_holg": 61, "pref_lopez": 20, "pref_edwin": 14, "pref_jancc": 17, "pref_veran": 39, "pct_jxp_p": 11.07, "pct_an_p": 14.74, "pct_fp_p": 5.57, "pct_obras_": 17.27, "pct_rp_p": 4.13, "pct_jxp_d": 14.68, "pct_jxp_di": 14.61, "particip": 64.02, "pct_marq": 1.16, "pct_julian": 1.6, "pct_holg": 2.95, "pct_lopez": 0.97, "pct_edwin": 0.68, "pct_jancc": 0.82, "pct_veran": 1.89, "dist_m": 1023.1298034605844, "pty_gan": "Obras", "area_km2": 1.44, "dens_hab": 3.5 }, "geometry": { "type": "Polygon", "coordinates": [ [ [ -72.702201862441825, -12.838768588868762 ], [ -72.701661473255569, -12.838754689263865 ], [ -72.687894763849158, -12.84969011857954 ], [ -72.688908036365802, -12.85413267027454 ], [ -72.694868292859297, -12.855196239098525 ], [ -72.70269273869522, -12.844926474944069 ], [ -72.702201862441825, -12.838768588868762 ] ] ] } },
{ "type": "Feature", "properties": { "ubigeo": "080901", "nombre": "AGUA DULCE", "categ": "OTROS", "poblacion": 8.0, "altitud": 1224.0, "provincia": "LA CONVENCION", "distrito": "SANTA ANA", "reg_nat": "RUPA RUPA O SELVA ALTA", "lon_cp": -72.69187902, "lat_cp": -12.84222393, "codigo": "0809010026", "local_vot": "IE LA CONVENCION", "tot_vot": 2928, "electores": 4130, "v_jxp_p": 449, "v_an_p": 461, "v_fp_p": 220, "v_obras_p": 277, "v_rp_p": 142, "v_jxp_d": 354, "v_jxp_dip": 401, "pref_marq": 36, "pref_juli": 45, "pref_holg": 102, "pref_lopez": 18, "pref_edwin": 14, "pref_jancc": 28, "pref_veran": 37, "pct_jxp_p": 18.67, "pct_an_p": 19.17, "pct_fp_p": 9.15, "pct_obras_": 11.52, "pct_rp_p": 5.9, "pct_jxp_d": 19.09, "pct_jxp_di": 20.24, "particip": 70.9, "pct_marq": 1.23, "pct_julian": 1.54, "pct_holg": 3.48, "pct_lopez": 0.61, "pct_edwin": 0.48, "pct_jancc": 0.96, "pct_veran": 1.26, "dist_m": 1663.7456702783379, "pty_gan": "AhoraN", "area_km2": 1.195, "dens_hab": 6.7 }, "geometry": { "type": "Polygon", "coordinates": [ [ [ -72.700944465604394, -12.83848791689862 ], [ -72.686669908813968, -12.838397850827819 ], [ -72.685171156224385, -12.845982484217835 ], [ -72.687894763849158, -12.84969011857954 ], [ -72.701661473255569, -12.838754689263865 ], [ -72.700944465604394, -12.83848791689862 ] ] ] } },
{ "type": "Feature", "properties": { "ubigeo": "080901", "nombre": "URPIPATA", "categ": "CASERIO", "poblacion": 150.0, "altitud": 1171.0, "provincia": "LA CONVENCION", "distrito": "SANTA ANA", "reg_nat": "RUPA RUPA O SELVA ALTA", "lon_cp": -72.69090807000001, "lat_cp": -12.8841479, "codigo": "0809010055", "local_vot": "IE 50236 SANTA ANA", "tot_vot": 3205, "electores": 4130, "v_jxp_p": 533, "v_an_p": 589, "v_fp_p": 256, "v_obras_p": 287, "v_rp_p": 170, "v_jxp_d": 445, "v_jxp_dip": 477, "pref_marq": 46, "pref_juli": 45, "pref_holg": 124, "pref_lopez": 25, "pref_edwin": 13, "pref_jancc": 22, "pref_veran": 53, "pct_jxp_p": 20.02, "pct_an_p": 22.12, "pct_fp_p": 9.61, "pct_obras_": 10.78, "pct_rp_p": 6.38, "pct_jxp_d": 20.17, "pct_jxp_di": 20.52, "particip": 77.6, "pct_marq": 1.44, "pct_julian": 1.4, "pct_holg": 3.87, "pct_lopez": 0.78, "pct_edwin": 0.41, "pct_jancc": 0.69, "pct_veran": 1.65, "dist_m": 1324.0572316388823, "pty_gan": "AhoraN", "area_km2": 2.165, "dens_hab": 69.3 }, "geometry": { "type": "Polygon", "coordinates": [ [ [ -72.688370409200061, -12.873064511361397 ], [ -72.6888, -12.882 ], [ -72.6858, -12.8856 ], [ -72.6843284036526, -12.89148638538958 ], [ -72.695984194044385, -12.890791993488042 ], [ -72.699187066752174, -12.879311515678927 ], [ -72.695537043651569, -12.873879637487391 ], [ -72.688370409200061, -12.873064511361397 ] ] ] } },
{ "type": "Feature", "properties": { "ubigeo": "080901", "nombre": "TIOBAMBA BAJA", "categ": "OTROS", "poblacion": 19.0, "altitud": 1033.0, "provincia": "LA CONVENCION", "distrito": "SANTA ANA", "reg_nat": "RUPA RUPA O SELVA ALTA", "lon_cp": -72.68561409, "lat_cp": -12.82446662, "codigo": "0809010087", "local_vot": "IE LA CONVENCION", "tot_vot": 2928, "electores": 4130, "v_jxp_p": 449, "v_an_p": 461, "v_fp_p": 220, "v_obras_p": 277, "v_rp_p": 142, "v_jxp_d": 354, "v_jxp_dip": 401, "pref_marq": 36, "pref_juli": 45, "pref_holg": 102, "pref_lopez": 18, "pref_edwin": 14, "pref_jancc": 28, "pref_veran": 37, "pct_jxp_p": 18.67, "pct_an_p": 19.17, "pct_fp_p": 9.15, "pct_obras_": 11.52, "pct_rp_p": 5.9, "pct_jxp_d": 19.09, "pct_jxp_di": 20.24, "particip": 70.9, "pct_marq": 1.23, "pct_julian": 1.54, "pct_holg": 3.48, "pct_lopez": 0.61, "pct_edwin": 0.48, "pct_jancc": 0.96, "pct_veran": 1.26, "dist_m": 3742.2733426633645, "pty_gan": "AhoraN", "area_km2": 1.411, "dens_hab": 13.5 }, "geometry": { "type": "Polygon", "coordinates": [ [ [ -72.690363750647307, -12.8285633497843 ], [ -72.694057427443767, -12.820913074982293 ], [ -72.685525356333045, -12.817431398453943 ], [ -72.678606167229006, -12.826749559082321 ], [ -72.686566402430898, -12.83092019124282 ], [ -72.690363750647307, -12.8285633497843 ] ] ] } },
{ "type": "Feature", "properties": { "ubigeo": "080901", "nombre": "MORRO SECO", "categ": "ANEXO", "poblacion": 9.0, "altitud": 1090.0, "provincia": "LA CONVENCION", "distrito": "SANTA ANA", "reg_nat": "RUPA RUPA O SELVA ALTA", "lon_cp": -72.69192689, "lat_cp": -12.83463781, "codigo": "0809010024", "local_vot": "IE 50227 SAN FRANCISCO JAVIER", "tot_vot": 2068, "electores": 3230, "v_jxp_p": 193, "v_an_p": 257, "v_fp_p": 97, "v_obras_p": 301, "v_rp_p": 72, "v_jxp_d": 223, "v_jxp_dip": 218, "pref_marq": 24, "pref_juli": 33, "pref_holg": 61, "pref_lopez": 20, "pref_edwin": 14, "pref_jancc": 17, "pref_veran": 39, "pct_jxp_p": 11.07, "pct_an_p": 14.74, "pct_fp_p": 5.57, "pct_obras_": 17.27, "pct_rp_p": 4.13, "pct_jxp_d": 14.68, "pct_jxp_di": 14.61, "particip": 64.02, "pct_marq": 1.16, "pct_julian": 1.6, "pct_holg": 2.95, "pct_lopez": 0.97, "pct_edwin": 0.68, "pct_jancc": 0.82, "pct_veran": 1.89, "dist_m": 2514.7701568291086, "pty_gan": "Obras", "area_km2": 1.042, "dens_hab": 8.6 }, "geometry": { "type": "Polygon", "coordinates": [ [ [ -72.686566402430898, -12.83092019124282 ], [ -72.686105056697713, -12.837173030177027 ], [ -72.686669908813968, -12.838397850827819 ], [ -72.700944465604394, -12.83848791689862 ], [ -72.690363750647307, -12.8285633497843 ], [ -72.686566402430898, -12.83092019124282 ] ] ] } },
{ "type": "Feature", "properties": { "ubigeo": "080901", "nombre": "PAVAYOC ALTO", "categ": "ANEXO", "poblacion": 0.0, "altitud": 1668.0, "provincia": "LA CONVENCION", "distrito": "SANTA ANA", "reg_nat": "YUNGA FLUVIAL", "lon_cp": -72.67957881, "lat_cp": -12.85125959, "codigo": "0809010040", "local_vot": "IE LA CONVENCION", "tot_vot": 2928, "electores": 4130, "v_jxp_p": 449, "v_an_p": 461, "v_fp_p": 220, "v_obras_p": 277, "v_rp_p": 142, "v_jxp_d": 354, "v_jxp_dip": 401, "pref_marq": 36, "pref_juli": 45, "pref_holg": 102, "pref_lopez": 18, "pref_edwin": 14, "pref_jancc": 28, "pref_veran": 37, "pct_jxp_p": 18.67, "pct_an_p": 19.17, "pct_fp_p": 9.15, "pct_obras_": 11.52, "pct_rp_p": 5.9, "pct_jxp_d": 19.09, "pct_jxp_di": 20.24, "particip": 70.9, "pct_marq": 1.23, "pct_julian": 1.54, "pct_holg": 3.48, "pct_lopez": 0.61, "pct_edwin": 0.48, "pct_jancc": 0.96, "pct_veran": 1.26, "dist_m": 1552.4195498773272, "pty_gan": "AhoraN", "area_km2": 2.916, "dens_hab": 0.0 }, "geometry": { "type": "Polygon", "coordinates": [ [ [ -72.685171156224385, -12.845982484217835 ], [ -72.679241139115049, -12.845553265517502 ], [ -72.666167709871914, -12.859180471311412 ], [ -72.680427245408154, -12.864209997411402 ], [ -72.688908036365802, -12.85413267027454 ], [ -72.687894763849158, -12.84969011857954 ], [ -72.685171156224385, -12.845982484217835 ] ] ] } },
{ "type": "Feature", "properties": { "ubigeo": "080901", "nombre": "MAZAPATA", "categ": "CASERIO", "poblacion": 66.0, "altitud": 1213.0, "provincia": "LA CONVENCION", "distrito": "SANTA ANA", "reg_nat": "RUPA RUPA O SELVA ALTA", "lon_cp": -72.67952159, "lat_cp": -12.91080915, "codigo": "0809010069", "local_vot": "IE 50236 SANTA ANA", "tot_vot": 3205, "electores": 4130, "v_jxp_p": 533, "v_an_p": 589, "v_fp_p": 256, "v_obras_p": 287, "v_rp_p": 170, "v_jxp_d": 445, "v_jxp_dip": 477, "pref_marq": 46, "pref_juli": 45, "pref_holg": 124, "pref_lopez": 25, "pref_edwin": 13, "pref_jancc": 22, "pref_veran": 53, "pct_jxp_p": 20.02, "pct_an_p": 22.12, "pct_fp_p": 9.61, "pct_obras_": 10.78, "pct_rp_p": 6.38, "pct_jxp_d": 20.17, "pct_jxp_di": 20.52, "particip": 77.6, "pct_marq": 1.44, "pct_julian": 1.4, "pct_holg": 3.87, "pct_lopez": 0.78, "pct_edwin": 0.41, "pct_jancc": 0.69, "pct_veran": 1.65, "dist_m": 4635.6917032259398, "pty_gan": "AhoraN", "area_km2": 2.49, "dens_hab": 26.5 }, "geometry": { "type": "Polygon", "coordinates": [ [ [ -72.681643292315727, -12.900604961759274 ], [ -72.6757, -12.9097 ], [ -72.671, -12.912 ], [ -72.66865301499972, -12.915563940185624 ], [ -72.676002403212735, -12.918644995194079 ], [ -72.693704373551199, -12.912095650755383 ], [ -72.681643292315727, -12.900604961759274 ] ] ] } },
{ "type": "Feature", "properties": { "ubigeo": "080901", "nombre": "PINTAL", "categ": "OTROS", "poblacion": 1.0, "altitud": 1490.0, "provincia": "LA CONVENCION", "distrito": "SANTA ANA", "reg_nat": "RUPA RUPA O SELVA ALTA", "lon_cp": -72.68039704, "lat_cp": -12.83995504, "codigo": "0809010029", "local_vot": "IE LA CONVENCION", "tot_vot": 2928, "electores": 4130, "v_jxp_p": 449, "v_an_p": 461, "v_fp_p": 220, "v_obras_p": 277, "v_rp_p": 142, "v_jxp_d": 354, "v_jxp_dip": 401, "pref_marq": 36, "pref_juli": 45, "pref_holg": 102, "pref_lopez": 18, "pref_edwin": 14, "pref_jancc": 28, "pref_veran": 37, "pct_jxp_p": 18.67, "pct_an_p": 19.17, "pct_fp_p": 9.15, "pct_obras_": 11.52, "pct_rp_p": 5.9, "pct_jxp_d": 19.09, "pct_jxp_di": 20.24, "particip": 70.9, "pct_marq": 1.23, "pct_julian": 1.54, "pct_holg": 3.48, "pct_lopez": 0.61, "pct_edwin": 0.48, "pct_jancc": 0.96, "pct_veran": 1.26, "dist_m": 2244.5087339853753, "pty_gan": "AhoraN", "area_km2": 1.002, "dens_hab": 1.0 }, "geometry": { "type": "Polygon", "coordinates": [ [ [ -72.686105056697713, -12.837173030177027 ], [ -72.674889732721581, -12.836586531988118 ], [ -72.676429394621536, -12.842038827718341 ], [ -72.679241139115049, -12.845553265517502 ], [ -72.685171156224385, -12.845982484217835 ], [ -72.686669908813968, -12.838397850827819 ], [ -72.686105056697713, -12.837173030177027 ] ] ] } },
{ "type": "Feature", "properties": { "ubigeo": "080901", "nombre": "TIOBAMBA CENTRO", "categ": "OTROS", "poblacion": 30.0, "altitud": 1270.0, "provincia": "LA CONVENCION", "distrito": "SANTA ANA", "reg_nat": "RUPA RUPA O SELVA ALTA", "lon_cp": -72.68071835000001, "lat_cp": -12.83381083, "codigo": "0809010091", "local_vot": "IE LA CONVENCION", "tot_vot": 2928, "electores": 4130, "v_jxp_p": 449, "v_an_p": 461, "v_fp_p": 220, "v_obras_p": 277, "v_rp_p": 142, "v_jxp_d": 354, "v_jxp_dip": 401, "pref_marq": 36, "pref_juli": 45, "pref_holg": 102, "pref_lopez": 18, "pref_edwin": 14, "pref_jancc": 28, "pref_veran": 37, "pct_jxp_p": 18.67, "pct_an_p": 19.17, "pct_fp_p": 9.15, "pct_obras_": 11.52, "pct_rp_p": 5.9, "pct_jxp_d": 19.09, "pct_jxp_di": 20.24, "particip": 70.9, "pct_marq": 1.23, "pct_julian": 1.54, "pct_holg": 3.48, "pct_lopez": 0.61, "pct_edwin": 0.48, "pct_jancc": 0.96, "pct_veran": 1.26, "dist_m": 3159.1473660048578, "pty_gan": "AhoraN", "area_km2": 1.413, "dens_hab": 21.2 }, "geometry": { "type": "Polygon", "coordinates": [ [ [ -72.686566402430898, -12.83092019124282 ], [ -72.678606167229006, -12.826749559082321 ], [ -72.67818647089878, -12.826806371026287 ], [ -72.672894414132131, -12.828651776992341 ], [ -72.671852178975044, -12.830290915584326 ], [ -72.671787055409141, -12.833399018978291 ], [ -72.674889732721581, -12.836586531988118 ], [ -72.686105056697713, -12.837173030177027 ], [ -72.686566402430898, -12.83092019124282 ] ] ] } },
{ "type": "Feature", "properties": { "ubigeo": "080901", "nombre": "TIOBAMBA", "categ": "CASERIO", "poblacion": 51.0, "altitud": 1305.0, "provincia": "LA CONVENCION", "distrito": "SANTA ANA", "reg_nat": "RUPA RUPA O SELVA ALTA", "lon_cp": -72.67876505, "lat_cp": -12.81938087, "codigo": "0809010013", "local_vot": "IE TUPAC AMARU", "tot_vot": 520, "electores": 599, "v_jxp_p": 141, "v_an_p": 73, "v_fp_p": 40, "v_obras_p": 29, "v_rp_p": 8, "v_jxp_d": 101, "v_jxp_dip": 99, "pref_marq": 8, "pref_juli": 8, "pref_holg": 12, "pref_lopez": 0, "pref_edwin": 0, "pref_jancc": 9, "pref_veran": 7, "pct_jxp_p": 35.25, "pct_an_p": 18.25, "pct_fp_p": 10.0, "pct_obras_": 7.25, "pct_rp_p": 2.0, "pct_jxp_d": 34.24, "pct_jxp_di": 36.26, "particip": 86.81, "pct_marq": 1.54, "pct_julian": 1.54, "pct_holg": 2.31, "pct_lopez": 0.0, "pct_edwin": 0.0, "pct_jancc": 1.73, "pct_veran": 1.35, "dist_m": 3767.0956759578739, "pty_gan": "JxP", "area_km2": 0.791, "dens_hab": 64.5 }, "geometry": { "type": "Polygon", "coordinates": [ [ [ -72.684284617511196, -12.815323597395956 ], [ -72.677309548592646, -12.813501982680007 ], [ -72.67661862204622, -12.814146875109302 ], [ -72.67818647089878, -12.826806371026287 ], [ -72.678606167229006, -12.826749559082321 ], [ -72.685525356333045, -12.817431398453943 ], [ -72.684284617511196, -12.815323597395956 ] ] ] } },
{ "type": "Feature", "properties": { "ubigeo": "080901", "nombre": "MEDIA LUNA", "categ": "OTROS", "poblacion": 1.0, "altitud": 1022.0, "provincia": "LA CONVENCION", "distrito": "SANTA ANA", "reg_nat": "RUPA RUPA O SELVA ALTA", "lon_cp": -72.68145379000001, "lat_cp": -12.80908553, "codigo": "0809010023", "local_vot": "IE TUPAC AMARU", "tot_vot": 520, "electores": 599, "v_jxp_p": 141, "v_an_p": 73, "v_fp_p": 40, "v_obras_p": 29, "v_rp_p": 8, "v_jxp_d": 101, "v_jxp_dip": 99, "pref_marq": 8, "pref_juli": 8, "pref_holg": 12, "pref_lopez": 0, "pref_edwin": 0, "pref_jancc": 9, "pref_veran": 7, "pct_jxp_p": 35.25, "pct_an_p": 18.25, "pct_fp_p": 10.0, "pct_obras_": 7.25, "pct_rp_p": 2.0, "pct_jxp_d": 34.24, "pct_jxp_di": 36.26, "particip": 86.81, "pct_marq": 1.54, "pct_julian": 1.54, "pct_holg": 2.31, "pct_lopez": 0.0, "pct_edwin": 0.0, "pct_jancc": 1.73, "pct_veran": 1.35, "dist_m": 3442.2606633341879, "pty_gan": "JxP", "area_km2": 0.851, "dens_hab": 1.2 }, "geometry": { "type": "Polygon", "coordinates": [ [ [ -72.684488940691949, -12.814776300647578 ], [ -72.682972158689267, -12.803840405416112 ], [ -72.675383991101498, -12.806047864858396 ], [ -72.677309548592646, -12.813501982680007 ], [ -72.684284617511196, -12.815323597395956 ], [ -72.684488940691949, -12.814776300647578 ] ] ] } },
{ "type": "Feature", "properties": { "ubigeo": "080901", "nombre": "PACCHAC CHICO", "categ": "CASERIO", "poblacion": 96.0, "altitud": 1067.0, "provincia": "LA CONVENCION", "distrito": "SANTA ANA", "reg_nat": "RUPA RUPA O SELVA ALTA", "lon_cp": -72.67887714, "lat_cp": -12.80022826, "codigo": "0809010008", "local_vot": "IE TUPAC AMARU", "tot_vot": 520, "electores": 599, "v_jxp_p": 141, "v_an_p": 73, "v_fp_p": 40, "v_obras_p": 29, "v_rp_p": 8, "v_jxp_d": 101, "v_jxp_dip": 99, "pref_marq": 8, "pref_juli": 8, "pref_holg": 12, "pref_lopez": 0, "pref_edwin": 0, "pref_jancc": 9, "pref_veran": 7, "pct_jxp_p": 35.25, "pct_an_p": 18.25, "pct_fp_p": 10.0, "pct_obras_": 7.25, "pct_rp_p": 2.0, "pct_jxp_d": 34.24, "pct_jxp_di": 36.26, "particip": 86.81, "pct_marq": 1.54, "pct_julian": 1.54, "pct_holg": 2.31, "pct_lopez": 0.0, "pct_edwin": 0.0, "pct_jancc": 1.73, "pct_veran": 1.35, "dist_m": 3618.1826249846777, "pty_gan": "JxP", "area_km2": 1.498, "dens_hab": 64.1 }, "geometry": { "type": "Polygon", "coordinates": [ [ [ -72.697226063334739, -12.791768738666665 ], [ -72.672549094282545, -12.799846125920478 ], [ -72.672363188764919, -12.804107809721028 ], [ -72.675383991101498, -12.806047864858396 ], [ -72.682972158689267, -12.803840405416112 ], [ -72.697226063334739, -12.791768738666665 ] ] ] } },
{ "type": "Feature", "properties": { "ubigeo": "080901", "nombre": "ANCAHUACHANA", "categ": "CASERIO", "poblacion": 25.0, "altitud": 1304.0, "provincia": "LA CONVENCION", "distrito": "SANTA ANA", "reg_nat": "RUPA RUPA O SELVA ALTA", "lon_cp": -72.6758139, "lat_cp": -12.81974637, "codigo": "0809010018", "local_vot": "IE TUPAC AMARU", "tot_vot": 520, "electores": 599, "v_jxp_p": 141, "v_an_p": 73, "v_fp_p": 40, "v_obras_p": 29, "v_rp_p": 8, "v_jxp_d": 101, "v_jxp_dip": 99, "pref_marq": 8, "pref_juli": 8, "pref_holg": 12, "pref_lopez": 0, "pref_edwin": 0, "pref_jancc": 9, "pref_veran": 7, "pct_jxp_p": 35.25, "pct_an_p": 18.25, "pct_fp_p": 10.0, "pct_obras_": 7.25, "pct_rp_p": 2.0, "pct_jxp_d": 34.24, "pct_jxp_di": 36.26, "particip": 86.81, "pct_marq": 1.54, "pct_julian": 1.54, "pct_holg": 2.31, "pct_lopez": 0.0, "pct_edwin": 0.0, "pct_jancc": 1.73, "pct_veran": 1.35, "dist_m": 3398.9600537602473, "pty_gan": "JxP", "area_km2": 0.872, "dens_hab": 28.7 }, "geometry": { "type": "Polygon", "coordinates": [ [ [ -72.67818647089878, -12.826806371026287 ], [ -72.67661862204622, -12.814146875109302 ], [ -72.673354116041565, -12.81586718708494 ], [ -72.670456592202299, -12.822017006933635 ], [ -72.672894414132131, -12.828651776992341 ], [ -72.67818647089878, -12.826806371026287 ] ] ] } },
{ "type": "Feature", "properties": { "ubigeo": "080901", "nombre": "CARRIZALES", "categ": "OTROS", "poblacion": 0.0, "altitud": 1807.0, "provincia": "LA CONVENCION", "distrito": "SANTA ANA", "reg_nat": "YUNGA FLUVIAL", "lon_cp": -72.67195784, "lat_cp": -12.84233817, "codigo": "0809010089", "local_vot": "IE LA CONVENCION", "tot_vot": 2928, "electores": 4130, "v_jxp_p": 449, "v_an_p": 461, "v_fp_p": 220, "v_obras_p": 277, "v_rp_p": 142, "v_jxp_d": 354, "v_jxp_dip": 401, "pref_marq": 36, "pref_juli": 45, "pref_holg": 102, "pref_lopez": 18, "pref_edwin": 14, "pref_jancc": 28, "pref_veran": 37, "pct_jxp_p": 18.67, "pct_an_p": 19.17, "pct_fp_p": 9.15, "pct_obras_": 11.52, "pct_rp_p": 5.9, "pct_jxp_d": 19.09, "pct_jxp_di": 20.24, "particip": 70.9, "pct_marq": 1.23, "pct_julian": 1.54, "pct_holg": 3.48, "pct_lopez": 0.61, "pct_edwin": 0.48, "pct_jancc": 0.96, "pct_veran": 1.26, "dist_m": 3168.9723310579384, "pty_gan": "AhoraN", "area_km2": 1.44, "dens_hab": 0.0 }, "geometry": { "type": "Polygon", "coordinates": [ [ [ -72.674889732721581, -12.836586531988118 ], [ -72.671787055409141, -12.833399018978291 ], [ -72.660452660626319, -12.845000390015917 ], [ -72.661370165948711, -12.849045396164115 ], [ -72.661599190131994, -12.849504973327209 ], [ -72.676429394621536, -12.842038827718341 ], [ -72.674889732721581, -12.836586531988118 ] ] ] } },
{ "type": "Feature", "properties": { "ubigeo": "080901", "nombre": "CHOLA PAMPA", "categ": "OTROS", "poblacion": 31.0, "altitud": 2026.0, "provincia": "LA CONVENCION", "distrito": "SANTA ANA", "reg_nat": "YUNGA FLUVIAL", "lon_cp": -72.64963998, "lat_cp": -12.85345998, "codigo": "0809010042", "local_vot": "IE 51027 JUAN DE LA CRUZ MONTES SALAS", "tot_vot": 4034, "electores": 5030, "v_jxp_p": 691, "v_an_p": 733, "v_fp_p": 380, "v_obras_p": 411, "v_rp_p": 196, "v_jxp_d": 514, "v_jxp_dip": 559, "pref_marq": 46, "pref_juli": 49, "pref_holg": 146, "pref_lopez": 28, "pref_edwin": 5, "pref_jancc": 35, "pref_veran": 65, "pct_jxp_p": 20.29, "pct_an_p": 21.53, "pct_fp_p": 11.16, "pct_obras_": 12.07, "pct_rp_p": 5.76, "pct_jxp_d": 19.75, "pct_jxp_di": 20.36, "particip": 80.2, "pct_marq": 1.14, "pct_julian": 1.21, "pct_holg": 3.62, "pct_lopez": 0.69, "pct_edwin": 0.12, "pct_jancc": 0.87, "pct_veran": 1.61, "dist_m": 5120.0439777074944, "pty_gan": "AhoraN", "area_km2": 3.393, "dens_hab": 9.1 }, "geometry": { "type": "Polygon", "coordinates": [ [ [ -72.66466515321369, -12.858650499776919 ], [ -72.661370165948711, -12.849045396164115 ], [ -72.640978470845468, -12.851518332973789 ], [ -72.625682554034668, -12.856519960371028 ], [ -72.6256, -12.8604 ], [ -72.6446, -12.8606 ], [ -72.6506, -12.8594 ], [ -72.6563, -12.8557 ], [ -72.66466515321369, -12.858650499776919 ] ] ] } },
{ "type": "Feature", "properties": { "ubigeo": "080901", "nombre": "LA VICTORIA", "categ": "CASERIO", "poblacion": 33.0, "altitud": 1142.0, "provincia": "LA CONVENCION", "distrito": "SANTA ANA", "reg_nat": "RUPA RUPA O SELVA ALTA", "lon_cp": -72.66546914, "lat_cp": -12.77881659, "codigo": "0809010002", "local_vot": "IE TUPAC AMARU", "tot_vot": 520, "electores": 599, "v_jxp_p": 141, "v_an_p": 73, "v_fp_p": 40, "v_obras_p": 29, "v_rp_p": 8, "v_jxp_d": 101, "v_jxp_dip": 99, "pref_marq": 8, "pref_juli": 8, "pref_holg": 12, "pref_lopez": 0, "pref_edwin": 0, "pref_jancc": 9, "pref_veran": 7, "pct_jxp_p": 35.25, "pct_an_p": 18.25, "pct_fp_p": 10.0, "pct_obras_": 7.25, "pct_rp_p": 2.0, "pct_jxp_d": 34.24, "pct_jxp_di": 36.26, "particip": 86.81, "pct_marq": 1.54, "pct_julian": 1.54, "pct_holg": 2.31, "pct_lopez": 0.0, "pct_edwin": 0.0, "pct_jancc": 1.73, "pct_veran": 1.35, "dist_m": 6120.5645791369352, "pty_gan": "JxP", "area_km2": 14.137, "dens_hab": 2.3 }, "geometry": { "type": "Polygon", "coordinates": [ [ [ -72.662063171820719, -12.783708058622029 ], [ -72.697017842112913, -12.765766949906725 ], [ -72.6901, -12.7641 ], [ -72.6865, -12.7567 ], [ -72.6869, -12.7471 ], [ -72.6821, -12.7264 ], [ -72.6761, -12.7267 ], [ -72.6681, -12.7338 ], [ -72.6632, -12.733 ], [ -72.662465605547993, -12.735874629712161 ], [ -72.662063171820719, -12.783708058622029 ] ] ] } },
{ "type": "Feature", "properties": { "ubigeo": "080901", "nombre": "PLATANAL", "categ": "OTROS", "poblacion": 12.0, "altitud": 1292.0, "provincia": "LA CONVENCION", "distrito": "SANTA ANA", "reg_nat": "RUPA RUPA O SELVA ALTA", "lon_cp": -72.6715448, "lat_cp": -12.81164523, "codigo": "0809010084", "local_vot": "IE TUPAC AMARU", "tot_vot": 520, "electores": 599, "v_jxp_p": 141, "v_an_p": 73, "v_fp_p": 40, "v_obras_p": 29, "v_rp_p": 8, "v_jxp_d": 101, "v_jxp_dip": 99, "pref_marq": 8, "pref_juli": 8, "pref_holg": 12, "pref_lopez": 0, "pref_edwin": 0, "pref_jancc": 9, "pref_veran": 7, "pct_jxp_p": 35.25, "pct_an_p": 18.25, "pct_fp_p": 10.0, "pct_obras_": 7.25, "pct_rp_p": 2.0, "pct_jxp_d": 34.24, "pct_jxp_di": 36.26, "particip": 86.81, "pct_marq": 1.54, "pct_julian": 1.54, "pct_holg": 2.31, "pct_lopez": 0.0, "pct_edwin": 0.0, "pct_jancc": 1.73, "pct_veran": 1.35, "dist_m": 2695.9657608881516, "pty_gan": "JxP", "area_km2": 0.772, "dens_hab": 15.5 }, "geometry": { "type": "Polygon", "coordinates": [ [ [ -72.675383991101498, -12.806047864858396 ], [ -72.672363188764919, -12.804107809721028 ], [ -72.671692904387825, -12.804406455061525 ], [ -72.668439706858535, -12.813050583937118 ], [ -72.673354116041565, -12.81586718708494 ], [ -72.67661862204622, -12.814146875109302 ], [ -72.677309548592646, -12.813501982680007 ], [ -72.675383991101498, -12.806047864858396 ] ] ] } },
{ "type": "Feature", "properties": { "ubigeo": "080901", "nombre": "IPOLITAYOC", "categ": "OTROS", "poblacion": 8.0, "altitud": 1807.0, "provincia": "LA CONVENCION", "distrito": "SANTA ANA", "reg_nat": "YUNGA FLUVIAL", "lon_cp": -72.67352572, "lat_cp": -12.84545248, "codigo": "0809010088", "local_vot": "IE LA CONVENCION", "tot_vot": 2928, "electores": 4130, "v_jxp_p": 449, "v_an_p": 461, "v_fp_p": 220, "v_obras_p": 277, "v_rp_p": 142, "v_jxp_d": 354, "v_jxp_dip": 401, "pref_marq": 36, "pref_juli": 45, "pref_holg": 102, "pref_lopez": 18, "pref_edwin": 14, "pref_jancc": 28, "pref_veran": 37, "pct_jxp_p": 18.67, "pct_an_p": 19.17, "pct_fp_p": 9.15, "pct_obras_": 11.52, "pct_rp_p": 5.9, "pct_jxp_d": 19.09, "pct_jxp_di": 20.24, "particip": 70.9, "pct_marq": 1.23, "pct_julian": 1.54, "pct_holg": 3.48, "pct_lopez": 0.61, "pct_edwin": 0.48, "pct_jancc": 0.96, "pct_veran": 1.26, "dist_m": 2666.6639654878036, "pty_gan": "AhoraN", "area_km2": 1.646, "dens_hab": 4.9 }, "geometry": { "type": "Polygon", "coordinates": [ [ [ -72.676429394621536, -12.842038827718341 ], [ -72.661599190131994, -12.849504973327209 ], [ -72.66466515321369, -12.858650499776919 ], [ -72.666167709871914, -12.859180471311412 ], [ -72.679241139115049, -12.845553265517502 ], [ -72.676429394621536, -12.842038827718341 ] ] ] } },
{ "type": "Feature", "properties": { "ubigeo": "080901", "nombre": "PORONCOI BAJO", "categ": "OTROS", "poblacion": 37.0, "altitud": 1236.0, "provincia": "LA CONVENCION", "distrito": "SANTA ANA", "reg_nat": "RUPA RUPA O SELVA ALTA", "lon_cp": -72.66621181, "lat_cp": -12.79967577, "codigo": "0809010083", "local_vot": "IE TUPAC AMARU", "tot_vot": 520, "electores": 599, "v_jxp_p": 141, "v_an_p": 73, "v_fp_p": 40, "v_obras_p": 29, "v_rp_p": 8, "v_jxp_d": 101, "v_jxp_dip": 99, "pref_marq": 8, "pref_juli": 8, "pref_holg": 12, "pref_lopez": 0, "pref_edwin": 0, "pref_jancc": 9, "pref_veran": 7, "pct_jxp_p": 35.25, "pct_an_p": 18.25, "pct_fp_p": 10.0, "pct_obras_": 7.25, "pct_rp_p": 2.0, "pct_jxp_d": 34.24, "pct_jxp_di": 36.26, "particip": 86.81, "pct_marq": 1.54, "pct_julian": 1.54, "pct_holg": 2.31, "pct_lopez": 0.0, "pct_edwin": 0.0, "pct_jancc": 1.73, "pct_veran": 1.35, "dist_m": 2030.0144940934151, "pty_gan": "JxP", "area_km2": 1.364, "dens_hab": 27.1 }, "geometry": { "type": "Polygon", "coordinates": [ [ [ -72.672549094282545, -12.799846125920478 ], [ -72.669850625462786, -12.792045729582844 ], [ -72.666978988545011, -12.791718270049449 ], [ -72.660705585605939, -12.798139652829182 ], [ -72.663228840876144, -12.805082065255146 ], [ -72.671692904387825, -12.804406455061525 ], [ -72.672363188764919, -12.804107809721028 ], [ -72.672549094282545, -12.799846125920478 ] ] ] } },
{ "type": "Feature", "properties": { "ubigeo": "080901", "nombre": "PARAISO", "categ": "CASERIO", "poblacion": 23.0, "altitud": 1424.0, "provincia": "LA CONVENCION", "distrito": "SANTA ANA", "reg_nat": "RUPA RUPA O SELVA ALTA", "lon_cp": -72.66490363, "lat_cp": -12.82375514, "codigo": "0809010019", "local_vot": "IE TUPAC AMARU", "tot_vot": 520, "electores": 599, "v_jxp_p": 141, "v_an_p": 73, "v_fp_p": 40, "v_obras_p": 29, "v_rp_p": 8, "v_jxp_d": 101, "v_jxp_dip": 99, "pref_marq": 8, "pref_juli": 8, "pref_holg": 12, "pref_lopez": 0, "pref_edwin": 0, "pref_jancc": 9, "pref_veran": 7, "pct_jxp_p": 35.25, "pct_an_p": 18.25, "pct_fp_p": 10.0, "pct_obras_": 7.25, "pct_rp_p": 2.0, "pct_jxp_d": 34.24, "pct_jxp_di": 36.26, "particip": 86.81, "pct_marq": 1.54, "pct_julian": 1.54, "pct_holg": 2.31, "pct_lopez": 0.0, "pct_edwin": 0.0, "pct_jancc": 1.73, "pct_veran": 1.35, "dist_m": 2938.1549667898021, "pty_gan": "JxP", "area_km2": 1.231, "dens_hab": 18.7 }, "geometry": { "type": "Polygon", "coordinates": [ [ [ -72.672894414132131, -12.828651776992341 ], [ -72.670456592202299, -12.822017006933635 ], [ -72.663806055150673, -12.818477574164223 ], [ -72.658141777694183, -12.825619976781113 ], [ -72.660737027759879, -12.827928925744256 ], [ -72.671852178975044, -12.830290915584326 ], [ -72.672894414132131, -12.828651776992341 ] ] ] } },
{ "type": "Feature", "properties": { "ubigeo": "080901", "nombre": "SANTA BARBARA", "categ": "OTROS", "poblacion": 9.0, "altitud": 2108.0, "provincia": "LA CONVENCION", "distrito": "SANTA ANA", "reg_nat": "YUNGA FLUVIAL", "lon_cp": -72.6489248, "lat_cp": -12.84756262, "codigo": "0809010085", "local_vot": "IE LA CONVENCION", "tot_vot": 2928, "electores": 4130, "v_jxp_p": 449, "v_an_p": 461, "v_fp_p": 220, "v_obras_p": 277, "v_rp_p": 142, "v_jxp_d": 354, "v_jxp_dip": 401, "pref_marq": 36, "pref_juli": 45, "pref_holg": 102, "pref_lopez": 18, "pref_edwin": 14, "pref_jancc": 28, "pref_veran": 37, "pct_jxp_p": 18.67, "pct_an_p": 19.17, "pct_fp_p": 9.15, "pct_obras_": 11.52, "pct_rp_p": 5.9, "pct_jxp_d": 19.09, "pct_jxp_di": 20.24, "particip": 70.9, "pct_marq": 1.23, "pct_julian": 1.54, "pct_holg": 3.48, "pct_lopez": 0.61, "pct_edwin": 0.48, "pct_jancc": 0.96, "pct_veran": 1.26, "dist_m": 4500.7474860929342, "pty_gan": "AhoraN", "area_km2": 1.229, "dens_hab": 7.3 }, "geometry": { "type": "Polygon", "coordinates": [ [ [ -72.660452660626319, -12.845000390015917 ], [ -72.658428541773247, -12.84300560442656 ], [ -72.654661140502753, -12.840959569750433 ], [ -72.640978470845468, -12.851518332973789 ], [ -72.661370165948711, -12.849045396164115 ], [ -72.660452660626319, -12.845000390015917 ] ] ] } },
{ "type": "Feature", "properties": { "ubigeo": "080901", "nombre": "AMERICA", "categ": "ANEXO", "poblacion": 4.0, "altitud": 1341.0, "provincia": "LA CONVENCION", "distrito": "SANTA ANA", "reg_nat": "RUPA RUPA O SELVA ALTA", "lon_cp": -72.66879668, "lat_cp": -12.81644016, "codigo": "0809010033", "local_vot": "IE TUPAC AMARU", "tot_vot": 520, "electores": 599, "v_jxp_p": 141, "v_an_p": 73, "v_fp_p": 40, "v_obras_p": 29, "v_rp_p": 8, "v_jxp_d": 101, "v_jxp_dip": 99, "pref_marq": 8, "pref_juli": 8, "pref_holg": 12, "pref_lopez": 0, "pref_edwin": 0, "pref_jancc": 9, "pref_veran": 7, "pct_jxp_p": 35.25, "pct_an_p": 18.25, "pct_fp_p": 10.0, "pct_obras_": 7.25, "pct_rp_p": 2.0, "pct_jxp_d": 34.24, "pct_jxp_di": 36.26, "particip": 86.81, "pct_marq": 1.54, "pct_julian": 1.54, "pct_holg": 2.31, "pct_lopez": 0.0, "pct_edwin": 0.0, "pct_jancc": 1.73, "pct_veran": 1.35, "dist_m": 2516.6929976398869, "pty_gan": "JxP", "area_km2": 0.683, "dens_hab": 5.9 }, "geometry": { "type": "Polygon", "coordinates": [ [ [ -72.670456592202299, -12.822017006933635 ], [ -72.673354116041565, -12.81586718708494 ], [ -72.668439706858535, -12.813050583937118 ], [ -72.662981284834856, -12.814534276210381 ], [ -72.663806055150673, -12.818477574164223 ], [ -72.670456592202299, -12.822017006933635 ] ] ] } },
{ "type": "Feature", "properties": { "ubigeo": "080901", "nombre": "SAN JACINTO", "categ": "OTROS", "poblacion": 31.0, "altitud": 1100.0, "provincia": "LA CONVENCION", "distrito": "SANTA ANA", "reg_nat": "RUPA RUPA O SELVA ALTA", "lon_cp": -72.66802304, "lat_cp": -12.78379234, "codigo": "0809010004", "local_vot": "IE TUPAC AMARU", "tot_vot": 520, "electores": 599, "v_jxp_p": 141, "v_an_p": 73, "v_fp_p": 40, "v_obras_p": 29, "v_rp_p": 8, "v_jxp_d": 101, "v_jxp_dip": 99, "pref_marq": 8, "pref_juli": 8, "pref_holg": 12, "pref_lopez": 0, "pref_edwin": 0, "pref_jancc": 9, "pref_veran": 7, "pct_jxp_p": 35.25, "pct_an_p": 18.25, "pct_fp_p": 10.0, "pct_obras_": 7.25, "pct_rp_p": 2.0, "pct_jxp_d": 34.24, "pct_jxp_di": 36.26, "particip": 86.81, "pct_marq": 1.54, "pct_julian": 1.54, "pct_holg": 2.31, "pct_lopez": 0.0, "pct_edwin": 0.0, "pct_jancc": 1.73, "pct_veran": 1.35, "dist_m": 4193.9257909473599, "pty_gan": "JxP", "area_km2": 3.74, "dens_hab": 8.3 }, "geometry": { "type": "Polygon", "coordinates": [ [ [ -72.699483211607401, -12.768832647464126 ], [ -72.6984, -12.7661 ], [ -72.697017842112913, -12.765766949906725 ], [ -72.662063171820719, -12.783708058622029 ], [ -72.660999796271298, -12.785669637209896 ], [ -72.666978988545011, -12.791718270049449 ], [ -72.669850625462786, -12.792045729582844 ], [ -72.699483211607401, -12.768832647464126 ] ] ] } },
{ "type": "Feature", "properties": { "ubigeo": "080901", "nombre": "CACHICATA", "categ": "OTROS", "poblacion": 28.0, "altitud": 1647.0, "provincia": "LA CONVENCION", "distrito": "SANTA ANA", "reg_nat": "YUNGA FLUVIAL", "lon_cp": -72.66284635, "lat_cp": -12.83343636, "codigo": "0809010075", "local_vot": "IE TUPAC AMARU", "tot_vot": 520, "electores": 599, "v_jxp_p": 141, "v_an_p": 73, "v_fp_p": 40, "v_obras_p": 29, "v_rp_p": 8, "v_jxp_d": 101, "v_jxp_dip": 99, "pref_marq": 8, "pref_juli": 8, "pref_holg": 12, "pref_lopez": 0, "pref_edwin": 0, "pref_jancc": 9, "pref_veran": 7, "pct_jxp_p": 35.25, "pct_an_p": 18.25, "pct_fp_p": 10.0, "pct_obras_": 7.25, "pct_rp_p": 2.0, "pct_jxp_d": 34.24, "pct_jxp_di": 36.26, "particip": 86.81, "pct_marq": 1.54, "pct_julian": 1.54, "pct_holg": 2.31, "pct_lopez": 0.0, "pct_edwin": 0.0, "pct_jancc": 1.73, "pct_veran": 1.35, "dist_m": 3816.2140457759942, "pty_gan": "JxP", "area_km2": 1.563, "dens_hab": 17.9 }, "geometry": { "type": "Polygon", "coordinates": [ [ [ -72.671852178975044, -12.830290915584326 ], [ -72.660737027759879, -12.827928925744256 ], [ -72.658428541773247, -12.84300560442656 ], [ -72.660452660626319, -12.845000390015917 ], [ -72.671787055409141, -12.833399018978291 ], [ -72.671852178975044, -12.830290915584326 ] ] ] } },
{ "type": "Feature", "properties": { "ubigeo": "080901", "nombre": "MESADA", "categ": "OTROS", "poblacion": 20.0, "altitud": 1440.0, "provincia": "LA CONVENCION", "distrito": "SANTA ANA", "reg_nat": "RUPA RUPA O SELVA ALTA", "lon_cp": -72.66703165, "lat_cp": -12.80994671, "codigo": "0809010077", "local_vot": "IE TUPAC AMARU", "tot_vot": 520, "electores": 599, "v_jxp_p": 141, "v_an_p": 73, "v_fp_p": 40, "v_obras_p": 29, "v_rp_p": 8, "v_jxp_d": 101, "v_jxp_dip": 99, "pref_marq": 8, "pref_juli": 8, "pref_holg": 12, "pref_lopez": 0, "pref_edwin": 0, "pref_jancc": 9, "pref_veran": 7, "pct_jxp_p": 35.25, "pct_an_p": 18.25, "pct_fp_p": 10.0, "pct_obras_": 7.25, "pct_rp_p": 2.0, "pct_jxp_d": 34.24, "pct_jxp_di": 36.26, "particip": 86.81, "pct_marq": 1.54, "pct_julian": 1.54, "pct_holg": 2.31, "pct_lopez": 0.0, "pct_edwin": 0.0, "pct_jancc": 1.73, "pct_veran": 1.35, "dist_m": 1872.0492967459904, "pty_gan": "JxP", "area_km2": 0.944, "dens_hab": 21.2 }, "geometry": { "type": "Polygon", "coordinates": [ [ [ -72.671692904387825, -12.804406455061525 ], [ -72.663228840876144, -12.805082065255146 ], [ -72.660205826004074, -12.809156383748078 ], [ -72.660215924134818, -12.811784861899245 ], [ -72.662981284834856, -12.814534276210381 ], [ -72.668439706858535, -12.813050583937118 ], [ -72.671692904387825, -12.804406455061525 ] ] ] } },
{ "type": "Feature", "properties": { "ubigeo": "080901", "nombre": "RUFFUYOC", "categ": "CASERIO", "poblacion": 46.0, "altitud": 1232.0, "provincia": "LA CONVENCION", "distrito": "SANTA ANA", "reg_nat": "RUPA RUPA O SELVA ALTA", "lon_cp": -72.65904153, "lat_cp": -12.79267073, "codigo": "0809010007", "local_vot": "IE TUPAC AMARU", "tot_vot": 520, "electores": 599, "v_jxp_p": 141, "v_an_p": 73, "v_fp_p": 40, "v_obras_p": 29, "v_rp_p": 8, "v_jxp_d": 101, "v_jxp_dip": 99, "pref_marq": 8, "pref_juli": 8, "pref_holg": 12, "pref_lopez": 0, "pref_edwin": 0, "pref_jancc": 9, "pref_veran": 7, "pct_jxp_p": 35.25, "pct_an_p": 18.25, "pct_fp_p": 10.0, "pct_obras_": 7.25, "pct_rp_p": 2.0, "pct_jxp_d": 34.24, "pct_jxp_di": 36.26, "particip": 86.81, "pct_marq": 1.54, "pct_julian": 1.54, "pct_holg": 2.31, "pct_lopez": 0.0, "pct_edwin": 0.0, "pct_jancc": 1.73, "pct_veran": 1.35, "dist_m": 1735.5410204281663, "pty_gan": "JxP", "area_km2": 1.621, "dens_hab": 28.4 }, "geometry": { "type": "Polygon", "coordinates": [ [ [ -72.660999796271298, -12.785669637209896 ], [ -72.650997856645176, -12.785886454740373 ], [ -72.654314387974594, -12.797153640332725 ], [ -72.660705585605939, -12.798139652829182 ], [ -72.666978988545011, -12.791718270049449 ], [ -72.660999796271298, -12.785669637209896 ] ] ] } },
{ "type": "Feature", "properties": { "ubigeo": "080901", "nombre": "KCOSNIC ALTO", "categ": "OTROS", "poblacion": 15.0, "altitud": 1731.0, "provincia": "LA CONVENCION", "distrito": "SANTA ANA", "reg_nat": "YUNGA FLUVIAL", "lon_cp": -72.65841722, "lat_cp": -12.8186111, "codigo": "0809010020", "local_vot": "IE TUPAC AMARU", "tot_vot": 520, "electores": 599, "v_jxp_p": 141, "v_an_p": 73, "v_fp_p": 40, "v_obras_p": 29, "v_rp_p": 8, "v_jxp_d": 101, "v_jxp_dip": 99, "pref_marq": 8, "pref_juli": 8, "pref_holg": 12, "pref_lopez": 0, "pref_edwin": 0, "pref_jancc": 9, "pref_veran": 7, "pct_jxp_p": 35.25, "pct_an_p": 18.25, "pct_fp_p": 10.0, "pct_obras_": 7.25, "pct_rp_p": 2.0, "pct_jxp_d": 34.24, "pct_jxp_di": 36.26, "particip": 86.81, "pct_marq": 1.54, "pct_julian": 1.54, "pct_holg": 2.31, "pct_lopez": 0.0, "pct_edwin": 0.0, "pct_jancc": 1.73, "pct_veran": 1.35, "dist_m": 1922.9605415372757, "pty_gan": "JxP", "area_km2": 1.071, "dens_hab": 14.0 }, "geometry": { "type": "Polygon", "coordinates": [ [ [ -72.662981284834856, -12.814534276210381 ], [ -72.660215924134818, -12.811784861899245 ], [ -72.656324526218086, -12.81405814040709 ], [ -72.653074290938818, -12.82235730398029 ], [ -72.656604455888385, -12.825472130829876 ], [ -72.658141777694183, -12.825619976781113 ], [ -72.663806055150673, -12.818477574164223 ], [ -72.662981284834856, -12.814534276210381 ] ] ] } },
{ "type": "Feature", "properties": { "ubigeo": "080901", "nombre": "BOVEDA", "categ": "OTROS", "poblacion": 10.0, "altitud": 1008.0, "provincia": "LA CONVENCION", "distrito": "SANTA ANA", "reg_nat": "RUPA RUPA O SELVA ALTA", "lon_cp": -72.65873998, "lat_cp": -12.77875998, "codigo": "0809010003", "local_vot": "IE TUPAC AMARU", "tot_vot": 520, "electores": 599, "v_jxp_p": 141, "v_an_p": 73, "v_fp_p": 40, "v_obras_p": 29, "v_rp_p": 8, "v_jxp_d": 101, "v_jxp_dip": 99, "pref_marq": 8, "pref_juli": 8, "pref_holg": 12, "pref_lopez": 0, "pref_edwin": 0, "pref_jancc": 9, "pref_veran": 7, "pct_jxp_p": 35.25, "pct_an_p": 18.25, "pct_fp_p": 10.0, "pct_obras_": 7.25, "pct_rp_p": 2.0, "pct_jxp_d": 34.24, "pct_jxp_di": 36.26, "particip": 86.81, "pct_marq": 1.54, "pct_julian": 1.54, "pct_holg": 2.31, "pct_lopez": 0.0, "pct_edwin": 0.0, "pct_jancc": 1.73, "pct_veran": 1.35, "dist_m": 4087.4663469831689, "pty_gan": "JxP", "area_km2": 3.916, "dens_hab": 2.6 }, "geometry": { "type": "Polygon", "coordinates": [ [ [ -72.647195414581148, -12.783490916956858 ], [ -72.650997856645176, -12.785886454740373 ], [ -72.660999796271298, -12.785669637209896 ], [ -72.662063171820719, -12.783708058622029 ], [ -72.662465605547993, -12.735874629712161 ], [ -72.6597, -12.7467 ], [ -72.6549, -12.7555 ], [ -72.6555, -12.7646 ], [ -72.6531, -12.77 ], [ -72.6533, -12.7803 ], [ -72.6503, -12.7823 ], [ -72.646264521962934, -12.782037955971619 ], [ -72.647195414581148, -12.783490916956858 ] ] ] } },
{ "type": "Feature", "properties": { "ubigeo": "080901", "nombre": "PORONCOI", "categ": "CASERIO", "poblacion": 33.0, "altitud": 1410.0, "provincia": "LA CONVENCION", "distrito": "SANTA ANA", "reg_nat": "RUPA RUPA O SELVA ALTA", "lon_cp": -72.65747068, "lat_cp": -12.80285278, "codigo": "0809010009", "local_vot": "IE TUPAC AMARU", "tot_vot": 520, "electores": 599, "v_jxp_p": 141, "v_an_p": 73, "v_fp_p": 40, "v_obras_p": 29, "v_rp_p": 8, "v_jxp_d": 101, "v_jxp_dip": 99, "pref_marq": 8, "pref_juli": 8, "pref_holg": 12, "pref_lopez": 0, "pref_edwin": 0, "pref_jancc": 9, "pref_veran": 7, "pct_jxp_p": 35.25, "pct_an_p": 18.25, "pct_fp_p": 10.0, "pct_obras_": 7.25, "pct_rp_p": 2.0, "pct_jxp_d": 34.24, "pct_jxp_di": 36.26, "particip": 86.81, "pct_marq": 1.54, "pct_julian": 1.54, "pct_holg": 2.31, "pct_lopez": 0.0, "pct_edwin": 0.0, "pct_jancc": 1.73, "pct_veran": 1.35, "dist_m": 894.95932474604683, "pty_gan": "JxP", "area_km2": 1.149, "dens_hab": 28.7 }, "geometry": { "type": "Polygon", "coordinates": [ [ [ -72.663228840876144, -12.805082065255146 ], [ -72.660705585605939, -12.798139652829182 ], [ -72.654314387974594, -12.797153640332725 ], [ -72.649898482639742, -12.803265362666551 ], [ -72.660205826004074, -12.809156383748078 ], [ -72.663228840876144, -12.805082065255146 ] ] ] } },
{ "type": "Feature", "properties": { "ubigeo": "080901", "nombre": "QUEBRADA HONDA", "categ": "CASERIO", "poblacion": 19.0, "altitud": 1650.0, "provincia": "LA CONVENCION", "distrito": "SANTA ANA", "reg_nat": "YUNGA FLUVIAL", "lon_cp": -72.65707642, "lat_cp": -12.83255289, "codigo": "0809010015", "local_vot": "IE TUPAC AMARU", "tot_vot": 520, "electores": 599, "v_jxp_p": 141, "v_an_p": 73, "v_fp_p": 40, "v_obras_p": 29, "v_rp_p": 8, "v_jxp_d": 101, "v_jxp_dip": 99, "pref_marq": 8, "pref_juli": 8, "pref_holg": 12, "pref_lopez": 0, "pref_edwin": 0, "pref_jancc": 9, "pref_veran": 7, "pct_jxp_p": 35.25, "pct_an_p": 18.25, "pct_fp_p": 10.0, "pct_obras_": 7.25, "pct_rp_p": 2.0, "pct_jxp_d": 34.24, "pct_jxp_di": 36.26, "particip": 86.81, "pct_marq": 1.54, "pct_julian": 1.54, "pct_holg": 2.31, "pct_lopez": 0.0, "pct_edwin": 0.0, "pct_jancc": 1.73, "pct_veran": 1.35, "dist_m": 3411.8403268484572, "pty_gan": "JxP", "area_km2": 1.327, "dens_hab": 14.3 }, "geometry": { "type": "Polygon", "coordinates": [ [ [ -72.660737027759879, -12.827928925744256 ], [ -72.658141777694183, -12.825619976781113 ], [ -72.656604455888385, -12.825472130829876 ], [ -72.649558063300532, -12.836697762896069 ], [ -72.654661140502753, -12.840959569750433 ], [ -72.658428541773247, -12.84300560442656 ], [ -72.660737027759879, -12.827928925744256 ] ] ] } },
{ "type": "Feature", "properties": { "ubigeo": "080901", "nombre": "YANACCACCA", "categ": "OTROS", "poblacion": 33.0, "altitud": 1351.0, "provincia": "LA CONVENCION", "distrito": "SANTA ANA", "reg_nat": "RUPA RUPA O SELVA ALTA", "lon_cp": -72.6479124, "lat_cp": -12.79594663, "codigo": "0809010076", "local_vot": "IE TUPAC AMARU", "tot_vot": 520, "electores": 599, "v_jxp_p": 141, "v_an_p": 73, "v_fp_p": 40, "v_obras_p": 29, "v_rp_p": 8, "v_jxp_d": 101, "v_jxp_dip": 99, "pref_marq": 8, "pref_juli": 8, "pref_holg": 12, "pref_lopez": 0, "pref_edwin": 0, "pref_jancc": 9, "pref_veran": 7, "pct_jxp_p": 35.25, "pct_an_p": 18.25, "pct_fp_p": 10.0, "pct_obras_": 7.25, "pct_rp_p": 2.0, "pct_jxp_d": 34.24, "pct_jxp_di": 36.26, "particip": 86.81, "pct_marq": 1.54, "pct_julian": 1.54, "pct_holg": 2.31, "pct_lopez": 0.0, "pct_edwin": 0.0, "pct_jancc": 1.73, "pct_veran": 1.35, "dist_m": 1129.0042277087312, "pty_gan": "JxP", "area_km2": 1.64, "dens_hab": 20.1 }, "geometry": { "type": "Polygon", "coordinates": [ [ [ -72.642868095280988, -12.79428403789321 ], [ -72.648249282711674, -12.803907776564699 ], [ -72.649898482639742, -12.803265362666551 ], [ -72.654314387974594, -12.797153640332725 ], [ -72.650997856645176, -12.785886454740373 ], [ -72.647195414581148, -12.783490916956858 ], [ -72.642868095280988, -12.79428403789321 ] ] ] } },
{ "type": "Feature", "properties": { "ubigeo": "080901", "nombre": "AGUILAYOC", "categ": "COOPERATIVA AGRARIA", "poblacion": 71.0, "altitud": 1506.0, "provincia": "LA CONVENCION", "distrito": "SANTA ANA", "reg_nat": "YUNGA FLUVIAL", "lon_cp": -72.63807238, "lat_cp": -12.79200144, "codigo": "0809010005", "local_vot": "IE TUPAC AMARU", "tot_vot": 520, "electores": 599, "v_jxp_p": 141, "v_an_p": 73, "v_fp_p": 40, "v_obras_p": 29, "v_rp_p": 8, "v_jxp_d": 101, "v_jxp_dip": 99, "pref_marq": 8, "pref_juli": 8, "pref_holg": 12, "pref_lopez": 0, "pref_edwin": 0, "pref_jancc": 9, "pref_veran": 7, "pct_jxp_p": 35.25, "pct_an_p": 18.25, "pct_fp_p": 10.0, "pct_obras_": 7.25, "pct_rp_p": 2.0, "pct_jxp_d": 34.24, "pct_jxp_di": 36.26, "particip": 86.81, "pct_marq": 1.54, "pct_julian": 1.54, "pct_holg": 2.31, "pct_lopez": 0.0, "pct_edwin": 0.0, "pct_jancc": 1.73, "pct_veran": 1.35, "dist_m": 1857.1152631357365, "pty_gan": "JxP", "area_km2": 1.455, "dens_hab": 48.8 }, "geometry": { "type": "Polygon", "coordinates": [ [ [ -72.636919289788167, -12.79713508209243 ], [ -72.642868095280988, -12.79428403789321 ], [ -72.647195414581148, -12.783490916956858 ], [ -72.646264521962934, -12.782037955971619 ], [ -72.6426, -12.7818 ], [ -72.6406, -12.7869 ], [ -72.62838375107026, -12.792793265815353 ], [ -72.636919289788167, -12.79713508209243 ] ] ] } },
{ "type": "Feature", "properties": { "ubigeo": "080901", "nombre": "HUAYANAI BAJO", "categ": "CASERIO", "poblacion": 90.0, "altitud": 1616.0, "provincia": "LA CONVENCION", "distrito": "SANTA ANA", "reg_nat": "YUNGA FLUVIAL", "lon_cp": -72.65338628000001, "lat_cp": -12.80999913, "codigo": "0809010016", "local_vot": "IE TUPAC AMARU", "tot_vot": 520, "electores": 599, "v_jxp_p": 141, "v_an_p": 73, "v_fp_p": 40, "v_obras_p": 29, "v_rp_p": 8, "v_jxp_d": 101, "v_jxp_dip": 99, "pref_marq": 8, "pref_juli": 8, "pref_holg": 12, "pref_lopez": 0, "pref_edwin": 0, "pref_jancc": 9, "pref_veran": 7, "pct_jxp_p": 35.25, "pct_an_p": 18.25, "pct_fp_p": 10.0, "pct_obras_": 7.25, "pct_rp_p": 2.0, "pct_jxp_d": 34.24, "pct_jxp_di": 36.26, "particip": 86.81, "pct_marq": 1.54, "pct_julian": 1.54, "pct_holg": 2.31, "pct_lopez": 0.0, "pct_edwin": 0.0, "pct_jancc": 1.73, "pct_veran": 1.35, "dist_m": 634.13023156379518, "pty_gan": "JxP", "area_km2": 1.278, "dens_hab": 70.4 }, "geometry": { "type": "Polygon", "coordinates": [ [ [ -72.660215924134818, -12.811784861899245 ], [ -72.660205826004074, -12.809156383748078 ], [ -72.649898482639742, -12.803265362666551 ], [ -72.648249282711674, -12.803907776564699 ], [ -72.643141867668817, -12.809594373818408 ], [ -72.643622409252984, -12.810468716513778 ], [ -72.656324526218086, -12.81405814040709 ], [ -72.660215924134818, -12.811784861899245 ] ] ] } },
{ "type": "Feature", "properties": { "ubigeo": "080901", "nombre": "LA JOYA", "categ": "UNIDAD AGROPECUARIA", "poblacion": 13.0, "altitud": 1907.0, "provincia": "LA CONVENCION", "distrito": "SANTA ANA", "reg_nat": "YUNGA FLUVIAL", "lon_cp": -72.65002255, "lat_cp": -12.82812513, "codigo": "0809010022", "local_vot": "IE TUPAC AMARU", "tot_vot": 520, "electores": 599, "v_jxp_p": 141, "v_an_p": 73, "v_fp_p": 40, "v_obras_p": 29, "v_rp_p": 8, "v_jxp_d": 101, "v_jxp_dip": 99, "pref_marq": 8, "pref_juli": 8, "pref_holg": 12, "pref_lopez": 0, "pref_edwin": 0, "pref_jancc": 9, "pref_veran": 7, "pct_jxp_p": 35.25, "pct_an_p": 18.25, "pct_fp_p": 10.0, "pct_obras_": 7.25, "pct_rp_p": 2.0, "pct_jxp_d": 34.24, "pct_jxp_di": 36.26, "particip": 86.81, "pct_marq": 1.54, "pct_julian": 1.54, "pct_holg": 2.31, "pct_lopez": 0.0, "pct_edwin": 0.0, "pct_jancc": 1.73, "pct_veran": 1.35, "dist_m": 2779.5034011480379, "pty_gan": "JxP", "area_km2": 2.272, "dens_hab": 5.7 }, "geometry": { "type": "Polygon", "coordinates": [ [ [ -72.656604455888385, -12.825472130829876 ], [ -72.653074290938818, -12.82235730398029 ], [ -72.645587680692628, -12.821325546297034 ], [ -72.636101108407644, -12.833133154052978 ], [ -72.6365, -12.8337 ], [ -72.636423481511144, -12.834179979611937 ], [ -72.649558063300532, -12.836697762896069 ], [ -72.656604455888385, -12.825472130829876 ] ] ] } },
{ "type": "Feature", "properties": { "ubigeo": "080901", "nombre": "HUAYANAY CENTRO", "categ": "OTROS", "poblacion": 67.0, "altitud": 1754.0, "provincia": "LA CONVENCION", "distrito": "SANTA ANA", "reg_nat": "YUNGA FLUVIAL", "lon_cp": -72.65169646, "lat_cp": -12.81597902, "codigo": "0809010082", "local_vot": "IE TUPAC AMARU", "tot_vot": 520, "electores": 599, "v_jxp_p": 141, "v_an_p": 73, "v_fp_p": 40, "v_obras_p": 29, "v_rp_p": 8, "v_jxp_d": 101, "v_jxp_dip": 99, "pref_marq": 8, "pref_juli": 8, "pref_holg": 12, "pref_lopez": 0, "pref_edwin": 0, "pref_jancc": 9, "pref_veran": 7, "pct_jxp_p": 35.25, "pct_an_p": 18.25, "pct_fp_p": 10.0, "pct_obras_": 7.25, "pct_rp_p": 2.0, "pct_jxp_d": 34.24, "pct_jxp_di": 36.26, "particip": 86.81, "pct_marq": 1.54, "pct_julian": 1.54, "pct_holg": 2.31, "pct_lopez": 0.0, "pct_edwin": 0.0, "pct_jancc": 1.73, "pct_veran": 1.35, "dist_m": 1384.986433734618, "pty_gan": "JxP", "area_km2": 1.18, "dens_hab": 56.8 }, "geometry": { "type": "Polygon", "coordinates": [ [ [ -72.656324526218086, -12.81405814040709 ], [ -72.643622409252984, -12.810468716513778 ], [ -72.645587680692628, -12.821325546297034 ], [ -72.653074290938818, -12.82235730398029 ], [ -72.656324526218086, -12.81405814040709 ] ] ] } },
{ "type": "Feature", "properties": { "ubigeo": "080901", "nombre": "HUAYANAI ALTO", "categ": "CASERIO", "poblacion": 47.0, "altitud": 1989.0, "provincia": "LA CONVENCION", "distrito": "SANTA ANA", "reg_nat": "YUNGA FLUVIAL", "lon_cp": -72.63799233, "lat_cp": -12.8184597, "codigo": "0809010017", "local_vot": "IE TUPAC AMARU", "tot_vot": 520, "electores": 599, "v_jxp_p": 141, "v_an_p": 73, "v_fp_p": 40, "v_obras_p": 29, "v_rp_p": 8, "v_jxp_d": 101, "v_jxp_dip": 99, "pref_marq": 8, "pref_juli": 8, "pref_holg": 12, "pref_lopez": 0, "pref_edwin": 0, "pref_jancc": 9, "pref_veran": 7, "pct_jxp_p": 35.25, "pct_an_p": 18.25, "pct_fp_p": 10.0, "pct_obras_": 7.25, "pct_rp_p": 2.0, "pct_jxp_d": 34.24, "pct_jxp_di": 36.26, "particip": 86.81, "pct_marq": 1.54, "pct_julian": 1.54, "pct_holg": 2.31, "pct_lopez": 0.0, "pct_edwin": 0.0, "pct_jancc": 1.73, "pct_veran": 1.35, "dist_m": 2467.1735993186353, "pty_gan": "JxP", "area_km2": 5.182, "dens_hab": 9.1 }, "geometry": { "type": "Polygon", "coordinates": [ [ [ -72.645587680692628, -12.821325546297034 ], [ -72.643622409252984, -12.810468716513778 ], [ -72.643141867668817, -12.809594373818408 ], [ -72.639260948534044, -12.808848948262316 ], [ -72.614410505476584, -12.815348757372325 ], [ -72.6195, -12.8222 ], [ -72.6346, -12.831 ], [ -72.636101108407644, -12.833133154052978 ], [ -72.645587680692628, -12.821325546297034 ] ] ] } },
{ "type": "Feature", "properties": { "ubigeo": "080901", "nombre": "PAMPA ROSARIO", "categ": "ANEXO", "poblacion": 10.0, "altitud": 2117.0, "provincia": "LA CONVENCION", "distrito": "SANTA ANA", "reg_nat": "YUNGA FLUVIAL", "lon_cp": -72.64681952, "lat_cp": -12.84483448, "codigo": "0809010037", "local_vot": "IE TUPAC AMARU", "tot_vot": 520, "electores": 599, "v_jxp_p": 141, "v_an_p": 73, "v_fp_p": 40, "v_obras_p": 29, "v_rp_p": 8, "v_jxp_d": 101, "v_jxp_dip": 99, "pref_marq": 8, "pref_juli": 8, "pref_holg": 12, "pref_lopez": 0, "pref_edwin": 0, "pref_jancc": 9, "pref_veran": 7, "pct_jxp_p": 35.25, "pct_an_p": 18.25, "pct_fp_p": 10.0, "pct_obras_": 7.25, "pct_rp_p": 2.0, "pct_jxp_d": 34.24, "pct_jxp_di": 36.26, "particip": 86.81, "pct_marq": 1.54, "pct_julian": 1.54, "pct_holg": 2.31, "pct_lopez": 0.0, "pct_edwin": 0.0, "pct_jancc": 1.73, "pct_veran": 1.35, "dist_m": 4622.8121376768768, "pty_gan": "JxP", "area_km2": 3.739, "dens_hab": 2.7 }, "geometry": { "type": "Polygon", "coordinates": [ [ [ -72.640978470845468, -12.851518332973789 ], [ -72.654661140502753, -12.840959569750433 ], [ -72.649558063300532, -12.836697762896069 ], [ -72.636423481511144, -12.834179979611937 ], [ -72.6354, -12.8406 ], [ -72.6258, -12.851 ], [ -72.625682554034668, -12.856519960371028 ], [ -72.640978470845468, -12.851518332973789 ] ] ] } },
{ "type": "Feature", "properties": { "ubigeo": "080901", "nombre": "VILLA GLORIA", "categ": "CASERIO", "poblacion": 14.0, "altitud": 1509.0, "provincia": "LA CONVENCION", "distrito": "SANTA ANA", "reg_nat": "YUNGA FLUVIAL", "lon_cp": -72.6416432, "lat_cp": -12.7994521, "codigo": "0809010012", "local_vot": "IE TUPAC AMARU", "tot_vot": 520, "electores": 599, "v_jxp_p": 141, "v_an_p": 73, "v_fp_p": 40, "v_obras_p": 29, "v_rp_p": 8, "v_jxp_d": 101, "v_jxp_dip": 99, "pref_marq": 8, "pref_juli": 8, "pref_holg": 12, "pref_lopez": 0, "pref_edwin": 0, "pref_jancc": 9, "pref_veran": 7, "pct_jxp_p": 35.25, "pct_an_p": 18.25, "pct_fp_p": 10.0, "pct_obras_": 7.25, "pct_rp_p": 2.0, "pct_jxp_d": 34.24, "pct_jxp_di": 36.26, "particip": 86.81, "pct_marq": 1.54, "pct_julian": 1.54, "pct_holg": 2.31, "pct_lopez": 0.0, "pct_edwin": 0.0, "pct_jancc": 1.73, "pct_veran": 1.35, "dist_m": 786.79153571817608, "pty_gan": "JxP", "area_km2": 1.294, "dens_hab": 10.8 }, "geometry": { "type": "Polygon", "coordinates": [ [ [ -72.648249282711674, -12.803907776564699 ], [ -72.642868095280988, -12.79428403789321 ], [ -72.636919289788167, -12.79713508209243 ], [ -72.639260948534044, -12.808848948262316 ], [ -72.643141867668817, -12.809594373818408 ], [ -72.648249282711674, -12.803907776564699 ] ] ] } },
{ "type": "Feature", "properties": { "ubigeo": "080901", "nombre": "EMPALIZADA", "categ": "CASERIO", "poblacion": 100.0, "altitud": 1658.0, "provincia": "LA CONVENCION", "distrito": "SANTA ANA", "reg_nat": "YUNGA FLUVIAL", "lon_cp": -72.63344919, "lat_cp": -12.80109012, "codigo": "0809010011", "local_vot": "IE TUPAC AMARU", "tot_vot": 520, "electores": 599, "v_jxp_p": 141, "v_an_p": 73, "v_fp_p": 40, "v_obras_p": 29, "v_rp_p": 8, "v_jxp_d": 101, "v_jxp_dip": 99, "pref_marq": 8, "pref_juli": 8, "pref_holg": 12, "pref_lopez": 0, "pref_edwin": 0, "pref_jancc": 9, "pref_veran": 7, "pct_jxp_p": 35.25, "pct_an_p": 18.25, "pct_fp_p": 10.0, "pct_obras_": 7.25, "pct_rp_p": 2.0, "pct_jxp_d": 34.24, "pct_jxp_di": 36.26, "particip": 86.81, "pct_marq": 1.54, "pct_julian": 1.54, "pct_holg": 2.31, "pct_lopez": 0.0, "pct_edwin": 0.0, "pct_jancc": 1.73, "pct_veran": 1.35, "dist_m": 2379.7625003870594, "pty_gan": "JxP", "area_km2": 4.111, "dens_hab": 24.3 }, "geometry": { "type": "Polygon", "coordinates": [ [ [ -72.639260948534044, -12.808848948262316 ], [ -72.636919289788167, -12.79713508209243 ], [ -72.62838375107026, -12.792793265815353 ], [ -72.6207, -12.7965 ], [ -72.6143, -12.8152 ], [ -72.614410505476584, -12.815348757372325 ], [ -72.639260948534044, -12.808848948262316 ] ] ] } }
]
}
