{
"type": "FeatureCollection",
"name": "mapa_callao",
"crs": { "type": "name", "properties": { "name": "urn:ogc:def:crs:OGC:1.3:CRS84" } },
"features": [
{ "type": "Feature", "properties": { "nombre_distrito": "Bellavista", "distrito_key": "BELLAVISTA", "mesas": 243.0, "total_votantes": 54951.0, "votos_rp": 11595.0, "votos_validos": 48722.0, "votos_chirinos": 2.0, "pct_chirinos": 0.004, "pct_rp": 23.8 }, "geometry": { "type": "Polygon", "coordinates": [ [ [ -77.087257360999956, -12.06151135499988 ], [ -77.087279360999958, -12.061423853999941 ], [ -77.087613235999981, -12.061066354999923 ], [ -77.08776761199988, -12.060999978999916 ], [ -77.087882860999912, -12.060915979999891 ], [ -77.088033236999934, -12.060716853999963 ], [ -77.08811723599996, -12.06051172999986 ], [ -77.088167985999974, -12.060142604999953 ], [ -77.088203110999928, -12.059869104999962 ], [ -77.088255861999869, -12.059507854999936 ], [ -77.088371110999901, -12.058734354999956 ], [ -77.088267610999935, -12.057818354999938 ], [ -77.088218735999988, -12.057409979999818 ], [ -77.088052735999952, -12.055964979999885 ], [ -77.087855485999967, -12.054316354999912 ], [ -77.08772261099989, -12.053144479999958 ], [ -77.087576110999919, -12.051974604999941 ], [ -77.087600735999843, -12.051865729999918 ], [ -77.097935485999983, -12.053562479999869 ], [ -77.105841735999888, -12.055048854999939 ], [ -77.113136735999888, -12.056626979999976 ], [ -77.119492235999928, -12.057935604999955 ], [ -77.127800735999926, -12.05902935499995 ], [ -77.134236361999967, -12.059693354999979 ], [ -77.132939486999874, -12.067902354999944 ], [ -77.119876985999895, -12.065490229999909 ], [ -77.118355485999871, -12.065183604999959 ], [ -77.112988360999964, -12.064167104999967 ], [ -77.108628860999943, -12.063368979999836 ], [ -77.106886485999951, -12.063227229999939 ], [ -77.105619110999953, -12.063121104999937 ], [ -77.105367235999893, -12.063167979999889 ], [ -77.104826110999966, -12.063308604999975 ], [ -77.104571111999917, -12.063350604999926 ], [ -77.104365235999978, -12.063374979999878 ], [ -77.104119110999932, -12.063376979999873 ], [ -77.103166235999879, -12.063309229999959 ], [ -77.100860486999977, -12.063072479999903 ], [ -77.097906360999957, -12.06269135499997 ], [ -77.097040985999968, -12.062466854999968 ], [ -77.088171861999911, -12.061673854999981 ], [ -77.087257360999956, -12.06151135499988 ] ] ] } },
{ "type": "Feature", "properties": { "nombre_distrito": "Callao", "distrito_key": "CALLAO", "mesas": 1316.0, "total_votantes": 306711.0, "votos_rp": 41388.0, "votos_validos": 263988.0, "votos_chirinos": 72.0, "pct_chirinos": 0.023, "pct_rp": 15.68 }, "geometry": { "type": "Polygon", "coordinates": [ [ [ -77.128661361999946, -11.937477729999841 ], [ -77.128765860999977, -11.937427853999964 ], [ -77.128920110999843, -11.937331479999898 ], [ -77.12905511199989, -11.937232354999878 ], [ -77.129192860999922, -11.93714147899982 ], [ -77.129335110999989, -11.937055228999952 ], [ -77.129655111999909, -11.93688735499984 ], [ -77.129844860999981, -11.93683397999996 ], [ -77.130113735999942, -11.936794104999933 ], [ -77.130307986999924, -11.936809104999952 ], [ -77.130457360999912, -11.936838979999834 ], [ -77.130621736999956, -11.93692360499989 ], [ -77.130751236999913, -11.936993229999871 ], [ -77.13092048599998, -11.937117729999898 ], [ -77.131054985999981, -11.937232354999878 ], [ -77.131244110999944, -11.937401604999934 ], [ -77.131368610999914, -11.937526103999915 ], [ -77.131488111999943, -11.937620728999946 ], [ -77.131632610999986, -11.937755228999947 ], [ -77.13185173599993, -11.937919479999948 ], [ -77.132020985999986, -11.938043979999975 ], [ -77.132225110999912, -11.938193354999896 ], [ -77.132394485999896, -11.938268104999963 ], [ -77.132668360999901, -11.938302979999889 ], [ -77.132977110999946, -11.938372603999881 ], [ -77.133006985999941, -11.938383104999957 ], [ -77.133345611999971, -11.938502104999941 ], [ -77.133640735999961, -11.938591103999954 ], [ -77.133659235999914, -11.938596729999972 ], [ -77.133977985999934, -11.938691354999889 ], [ -77.134246861999941, -11.938780978999944 ], [ -77.134694985999886, -11.938890479999941 ], [ -77.134711986999889, -11.93890147999997 ], [ -77.135203110999953, -11.938978479999946 ], [ -77.13530473599991, -11.9390234789999 ], [ -77.135445361999984, -11.9390586049999 ], [ -77.135681610999939, -11.939101479999977 ], [ -77.135763735999944, -11.939109354999914 ], [ -77.137779361999947, -11.939199229999815 ], [ -77.138111360999972, -11.939257853999948 ], [ -77.138089861999958, -11.939371103999974 ], [ -77.138074235999909, -11.939425729999812 ], [ -77.138064485999905, -11.939480479999816 ], [ -77.138050735999911, -11.939550729999951 ], [ -77.13803711199995, -11.939650354999912 ], [ -77.138013610999963, -11.939765604999934 ], [ -77.137955111999986, -11.939988229999813 ], [ -77.137869111999976, -11.940279354999916 ], [ -77.137847610999984, -11.940341854999929 ], [ -77.137845736999907, -11.940412103999961 ], [ -77.137804861999825, -11.940601604999927 ], [ -77.137783235999905, -11.940714854999896 ], [ -77.137728485999901, -11.940931604999889 ], [ -77.137675736999881, -11.941206979999947 ], [ -77.137578110999982, -11.941664104999916 ], [ -77.13754486199997, -11.941753854999888 ], [ -77.137509735999913, -11.941837854999903 ], [ -77.137474611999949, -11.942013604999886 ], [ -77.137435485999902, -11.942185604999906 ], [ -77.137396485999943, -11.942343729999948 ], [ -77.137386735999939, -11.942417978999856 ], [ -77.137355485999933, -11.94257035399994 ], [ -77.137314486999912, -11.942703104999907 ], [ -77.137257861999956, -11.942974603999971 ], [ -77.1372069869999, -11.943195353999954 ], [ -77.137119110999947, -11.943576229999962 ], [ -77.137093736999873, -11.9437402289999 ], [ -77.137033236999912, -11.94401935399992 ], [ -77.136953111999958, -11.944439479999971 ], [ -77.136894486999893, -11.94474997999987 ], [ -77.13684761199994, -11.944921854999905 ], [ -77.136830111999984, -11.945025354999927 ], [ -77.136773485999925, -11.945277354999916 ], [ -77.136746111999969, -11.945412104999946 ], [ -77.136695360999965, -11.945642603999943 ], [ -77.136634735999905, -11.945806603999927 ], [ -77.136597610999956, -11.945921854999938 ], [ -77.136578110999949, -11.945998104999944 ], [ -77.136578110999949, -11.946107479999966 ], [ -77.136529235999888, -11.946361354999908 ], [ -77.136507861999974, -11.946546854999951 ], [ -77.136462860999984, -11.94671285499993 ], [ -77.136408235999909, -11.947148479999839 ], [ -77.136398486999894, -11.947273478999875 ], [ -77.136382861999948, -11.947357604999979 ], [ -77.136318360999951, -11.947591854999928 ], [ -77.13624223599993, -11.947988229999964 ], [ -77.136189485999921, -11.94819922999983 ], [ -77.136126986999898, -11.948374854999884 ], [ -77.136044860999959, -11.948705104999931 ], [ -77.136003860999949, -11.948849604999907 ], [ -77.135966860999986, -11.949013729999876 ], [ -77.135941361999983, -11.949089853999965 ], [ -77.135906235999926, -11.949189479999973 ], [ -77.13586323699991, -11.949378854999907 ], [ -77.135802736999892, -11.949595729999885 ], [ -77.135728485999891, -11.949900354999954 ], [ -77.135648486999912, -11.950228479999964 ], [ -77.135568361999958, -11.950496104999957 ], [ -77.135523485999954, -11.950691353999957 ], [ -77.135476610999831, -11.95079885499996 ], [ -77.135427610999955, -11.951029354999946 ], [ -77.135378860999936, -11.951240229999883 ], [ -77.135318360999975, -11.951519479999831 ], [ -77.135253860999967, -11.951845728999899 ], [ -77.135210985999947, -11.952144479999959 ], [ -77.135173861999988, -11.952369104999946 ], [ -77.135162111999989, -11.952496104999966 ], [ -77.135152360999825, -11.952720729999839 ], [ -77.135142610999821, -11.952931604999947 ], [ -77.135121110999989, -11.953136729999869 ], [ -77.135111361999975, -11.95326547999997 ], [ -77.135103486999867, -11.953382854999973 ], [ -77.135091736999982, -11.953443354999933 ], [ -77.135068360999981, -11.953494104999947 ], [ -77.135037110999974, -11.953640604999919 ], [ -77.135023485999909, -11.953783229999885 ], [ -77.135001986999896, -11.953865229999963 ], [ -77.134974611999951, -11.954029353999942 ], [ -77.134947111999963, -11.954187479999973 ], [ -77.134917985999948, -11.954322229999832 ], [ -77.134888610999951, -11.954404354999951 ], [ -77.134867235999934, -11.954539104999924 ], [ -77.134839860999989, -11.954671854999958 ], [ -77.134806610999988, -11.9548847289999 ], [ -77.134781236999913, -11.955054854999958 ], [ -77.134767611999962, -11.955179728999894 ], [ -77.134742235999909, -11.955302729999971 ], [ -77.134712860999969, -11.95547460399996 ], [ -77.134691361999955, -11.955587854999919 ], [ -77.134656235999898, -11.955748104999941 ], [ -77.134638611999947, -11.955865229999972 ], [ -77.134625110999878, -11.956019479999838 ], [ -77.134603486999879, -11.956140604999916 ], [ -77.134581985999887, -11.956308604999947 ], [ -77.134556610999937, -11.956539103999944 ], [ -77.13453123599993, -11.956769479999878 ], [ -77.134515610999983, -11.956914104999953 ], [ -77.134501985999918, -11.957066354999938 ], [ -77.134482360999982, -11.957208979999848 ], [ -77.134466860999964, -11.957544979999852 ], [ -77.134456985999918, -11.957871104999924 ], [ -77.134425736999901, -11.958156104999944 ], [ -77.134388610999963, -11.958292979999896 ], [ -77.134363235999899, -11.958343604999925 ], [ -77.134328110999945, -11.958476603999941 ], [ -77.134296860999939, -11.958560604999946 ], [ -77.134240235999926, -11.958755854999936 ], [ -77.134181610999974, -11.958949229999973 ], [ -77.134146486999896, -11.959126979999894 ], [ -77.134111360999952, -11.959248104999972 ], [ -77.134099610999954, -11.959324229999879 ], [ -77.134085985999945, -11.959443353999973 ], [ -77.134027360999823, -11.959958979999897 ], [ -77.134015611999985, -11.96012697999987 ], [ -77.133972610999933, -11.960482478999893 ], [ -77.133927735999919, -11.96093360499998 ], [ -77.133894485999917, -11.961285104999945 ], [ -77.133835986999884, -11.96169722999997 ], [ -77.133769485999892, -11.961988229999974 ], [ -77.133716860999982, -11.96218360499995 ], [ -77.133621110999968, -11.962673854999935 ], [ -77.133552735999899, -11.963134729999979 ], [ -77.13354498699988, -11.963498103999939 ], [ -77.133535111999947, -11.963664104999964 ], [ -77.13354098699989, -11.963880854999957 ], [ -77.133529236999891, -11.96400385499993 ], [ -77.133494110999948, -11.96468947999989 ], [ -77.133429736999915, -11.966025354999942 ], [ -77.133419985999922, -11.966152353999973 ], [ -77.133392610999977, -11.966349603999959 ], [ -77.133376985999917, -11.96664847999989 ], [ -77.133347611999966, -11.96698247899991 ], [ -77.133363235999923, -11.967382853999823 ], [ -77.133349610999971, -11.967746104999947 ], [ -77.133335985999906, -11.968093729999907 ], [ -77.133330111999953, -11.968175729999871 ], [ -77.133326111999963, -11.968248103999827 ], [ -77.133310485999914, -11.968374978999918 ], [ -77.13327348599995, -11.968636729999901 ], [ -77.133253860999957, -11.968773479999868 ], [ -77.133242235999944, -11.968949229999907 ], [ -77.133210985999938, -11.969236354999964 ], [ -77.133156110999948, -11.969685603999949 ], [ -77.133150360999934, -11.970380854999974 ], [ -77.133154485999967, -11.970587853999973 ], [ -77.133109361999971, -11.971064478999949 ], [ -77.133050735999916, -11.971601604999933 ], [ -77.13303511099997, -11.972119104999933 ], [ -77.133029360999956, -11.972218729999895 ], [ -77.133013610999967, -11.97234560499993 ], [ -77.132999986999891, -11.972451229999876 ], [ -77.132935486999884, -11.972677729999873 ], [ -77.13290036099994, -11.972767604999945 ], [ -77.132857360999935, -11.972849604999965 ], [ -77.132810486999858, -11.972956978999889 ], [ -77.132767611999952, -11.973033229999885 ], [ -77.13274611099996, -11.973083979999899 ], [ -77.132687485999895, -11.973294979999878 ], [ -77.132665986999882, -11.973460979999913 ], [ -77.13270111099996, -11.973564478999947 ], [ -77.132722610999963, -11.97349222999992 ], [ -77.132757860999959, -11.973355479999896 ], [ -77.132824235999919, -11.973164104999967 ], [ -77.132876985999928, -11.973212854999929 ], [ -77.132878860999938, -11.973292979999883 ], [ -77.132888736999917, -11.973357479999891 ], [ -77.132892611999978, -11.973539103999826 ], [ -77.132884736999983, -11.973644479999905 ], [ -77.132884735999937, -11.973830104999934 ], [ -77.132857360999935, -11.974066354999934 ], [ -77.132839861999969, -11.974169979999886 ], [ -77.132820360999972, -11.974298853999869 ], [ -77.132775360999972, -11.974427728999899 ], [ -77.132765610999968, -11.97454297999991 ], [ -77.132785110999976, -11.97465622999988 ], [ -77.132812485999921, -11.974794979999899 ], [ -77.132830110999976, -11.974914104999982 ], [ -77.132818361999966, -11.97503122899991 ], [ -77.132808485999874, -11.975273479999885 ], [ -77.132820360999972, -11.975373103999971 ], [ -77.132835985999918, -11.97552735499994 ], [ -77.132849610999983, -11.975626979999902 ], [ -77.132814485999916, -11.975787104999938 ], [ -77.132798861999959, -11.975982479999914 ], [ -77.132775360999972, -11.976201229999901 ], [ -77.132761736999896, -11.976310604999981 ], [ -77.132742235999899, -11.976492229999906 ], [ -77.132767610999963, -11.976607479999927 ], [ -77.132806610999978, -11.976734353999973 ], [ -77.132814486999905, -11.976831979999872 ], [ -77.132824236999909, -11.976939479999885 ], [ -77.132781360999957, -11.977009729999907 ], [ -77.13270111099996, -11.977062478999926 ], [ -77.132624985999939, -11.977126979999923 ], [ -77.132613235999884, -11.97719335499994 ], [ -77.132667986999877, -11.977248103999841 ], [ -77.132763736999891, -11.977316354999971 ], [ -77.132777360999967, -11.977490229999887 ], [ -77.132777361999956, -11.9775527299999 ], [ -77.132790986999908, -11.977615229999913 ], [ -77.132798860999969, -11.977736354999934 ], [ -77.132835986999908, -11.977900354999974 ], [ -77.132845735999922, -11.978039104999937 ], [ -77.132841860999974, -11.978287104999936 ], [ -77.132845735999922, -11.97857810499994 ], [ -77.132855485999926, -11.978707104999955 ], [ -77.132871110999986, -11.978884729999891 ], [ -77.13290036099994, -11.979134604999956 ], [ -77.13290036099994, -11.97933197999987 ], [ -77.132919860999948, -11.979490228999907 ], [ -77.132927735999942, -11.979693354999938 ], [ -77.132933610999942, -11.979951229999926 ], [ -77.132931611999936, -11.980058604999954 ], [ -77.132953110999949, -11.980292978999955 ], [ -77.132966985999929, -11.980415979999918 ], [ -77.132976610999947, -11.980513729999927 ], [ -77.132988235999903, -11.980587854999953 ], [ -77.132986360999951, -11.980759729999875 ], [ -77.13298236199995, -11.980949229999908 ], [ -77.133001985999897, -11.981165854999972 ], [ -77.133007861999943, -11.98132035499998 ], [ -77.133011735999901, -11.98143360499995 ], [ -77.132990235999898, -11.981574229999921 ], [ -77.13299223599995, -11.981734354999958 ], [ -77.132997985999907, -11.981806729999903 ], [ -77.13303511099997, -11.982050729999912 ], [ -77.133044860999973, -11.982261729999891 ], [ -77.133068360999971, -11.982513729999937 ], [ -77.133078110999975, -11.982808604999946 ], [ -77.133099610999977, -11.983044979999931 ], [ -77.133142610999982, -11.983335978999946 ], [ -77.133173860999989, -11.983599604999938 ], [ -77.133185485999888, -11.983689479999896 ], [ -77.13321873599989, -11.983865229999935 ], [ -77.133226610999827, -11.983976604999953 ], [ -77.133253860999957, -11.984130979999918 ], [ -77.133271486999888, -11.984464854999942 ], [ -77.133288985999911, -11.984574228999918 ], [ -77.133318360999965, -11.984732478999945 ], [ -77.133330110999964, -11.98481060499995 ], [ -77.133331986999906, -11.984906354999964 ], [ -77.133355485999914, -11.985101604999954 ], [ -77.133382861999962, -11.985320354999942 ], [ -77.133390610999982, -11.98542185499997 ], [ -77.133425736999982, -11.985550729999886 ], [ -77.133417985999927, -11.985736354999972 ], [ -77.133439486999919, -11.985898479999946 ], [ -77.133460985999932, -11.985998104999965 ], [ -77.133490237, -11.986117229999934 ], [ -77.133531235999897, -11.98626172999991 ], [ -77.133558610999955, -11.986501978999968 ], [ -77.133562486999892, -11.986701229999937 ], [ -77.133587860999967, -11.986910103999833 ], [ -77.133578111999952, -11.987095729999908 ], [ -77.133599611999955, -11.987218729999938 ], [ -77.133605486999897, -11.987437478999937 ], [ -77.133597610999971, -11.987503854999943 ], [ -77.133607360999974, -11.987623104999955 ], [ -77.133660110999983, -11.98794335499997 ], [ -77.133689610999966, -11.988181603999976 ], [ -77.133693361999974, -11.988273354999933 ], [ -77.133765610999944, -11.988669978999951 ], [ -77.133806611999944, -11.988808479999875 ], [ -77.133826110999962, -11.98887697999993 ], [ -77.1338339859999, -11.98893747999989 ], [ -77.133869110999967, -11.989017604999958 ], [ -77.13389061099997, -11.989183603999891 ], [ -77.133927735999919, -11.989314479999905 ], [ -77.133947235999926, -11.989449353999873 ], [ -77.133949235999921, -11.989535104999959 ], [ -77.133955110999977, -11.989679729999921 ], [ -77.133978485999933, -11.989765604999945 ], [ -77.133996111999977, -11.990060603999893 ], [ -77.134023485999933, -11.990349604999949 ], [ -77.134052735999944, -11.990533229999926 ], [ -77.134052735999944, -11.990593729999944 ], [ -77.134074236999879, -11.990736354999967 ], [ -77.134101610999949, -11.990888729999938 ], [ -77.134144610999954, -11.991134729999942 ], [ -77.134148486999891, -11.991251979999902 ], [ -77.134164110999961, -11.991341854999973 ], [ -77.134167986999898, -11.991503853999973 ], [ -77.134175736999907, -11.99156835499997 ], [ -77.13421286199997, -11.991910104999818 ], [ -77.134240235999926, -11.992164104999972 ], [ -77.134265610999989, -11.992281228999957 ], [ -77.134275360999936, -11.992353479999906 ], [ -77.134300737, -11.992431604999979 ], [ -77.134322235999889, -11.992546854999944 ], [ -77.134386735999897, -11.992884729999901 ], [ -77.134404360999952, -11.993027354999981 ], [ -77.134441360999972, -11.993228479999914 ], [ -77.134501985999918, -11.993435604999831 ], [ -77.13450586099998, -11.993636729999935 ], [ -77.134517735999964, -11.993843729999924 ], [ -77.134540985999934, -11.993978478999963 ], [ -77.134581986999876, -11.994158229999925 ], [ -77.134650361999945, -11.994419854999819 ], [ -77.134675735999906, -11.994601604999957 ], [ -77.134677735999901, -11.994708978999938 ], [ -77.134687485999905, -11.994906229999913 ], [ -77.13470111099997, -11.995015604999821 ], [ -77.134740235999914, -11.995177729999909 ], [ -77.13477148599992, -11.995281229999932 ], [ -77.134820360999981, -11.995533229999921 ], [ -77.134824236999918, -11.995673854999836 ], [ -77.134835986999917, -11.995728478999979 ], [ -77.134841735999885, -11.995847603999891 ], [ -77.134861360999821, -11.995990229999904 ], [ -77.134869110999944, -11.996101604999978 ], [ -77.134865360999981, -11.996236479999936 ], [ -77.134878861999937, -11.996406229999934 ], [ -77.134892485999899, -11.996533229999955 ], [ -77.134927736999884, -11.996703104999824 ], [ -77.134937486999888, -11.996839854999962 ], [ -77.134964860999958, -11.9970389799999 ], [ -77.1350117369999, -11.997285104999946 ], [ -77.135083985999927, -11.997501979999925 ], [ -77.135142611999981, -11.997888729999943 ], [ -77.135160235999933, -11.99799610499997 ], [ -77.135164111999984, -11.99820122999995 ], [ -77.135208985999896, -11.998410104999948 ], [ -77.135197235999897, -11.998755854999956 ], [ -77.13522661099995, -11.998826229999963 ], [ -77.135240110999973, -11.998906229999932 ], [ -77.135261735999904, -11.99909772999996 ], [ -77.135238235999907, -11.999314479999953 ], [ -77.135265611999955, -11.999376979999965 ], [ -77.135433610999826, -11.999665979999918 ], [ -77.135453235999933, -11.999765479999894 ], [ -77.135429735999935, -11.99985160499989 ], [ -77.135458985999946, -11.999943354999971 ], [ -77.135505861999945, -12.000052729999936 ], [ -77.135544861999961, -12.000142604999837 ], [ -77.135566360999974, -12.000197229999912 ], [ -77.136923736999904, -12.000156229999959 ], [ -77.137439485999948, -12.000154354999893 ], [ -77.137423861999935, -12.0002188549999 ], [ -77.135609360999979, -12.000296854999874 ], [ -77.135646485999928, -12.0003808539999 ], [ -77.13564261099998, -12.000458979999962 ], [ -77.135611360999974, -12.000511729999914 ], [ -77.135566360999974, -12.000593854999977 ], [ -77.135533360999887, -12.000693354999839 ], [ -77.135529235999911, -12.000767604999965 ], [ -77.135534986999971, -12.000939479999943 ], [ -77.135550736999903, -12.001019479999911 ], [ -77.135572236999906, -12.00108785499998 ], [ -77.135648485999923, -12.001187479999942 ], [ -77.135720611999943, -12.001294979999955 ], [ -77.135771485999896, -12.001552729999958 ], [ -77.135794861999955, -12.00172847999994 ], [ -77.135814486999891, -12.001857478999966 ], [ -77.135849610999969, -12.001984354999877 ], [ -77.135871110999972, -12.002046854999833 ], [ -77.135900360999983, -12.002205104999973 ], [ -77.135956986999986, -12.002605479999943 ], [ -77.135953111999982, -12.002695354999844 ], [ -77.135980485999937, -12.002867229999936 ], [ -77.136029361999988, -12.002941354999962 ], [ -77.136078110999961, -12.003050729999927 ], [ -77.136066360999962, -12.00318360499989 ], [ -77.136044860999959, -12.003320354999971 ], [ -77.13603711199994, -12.003396479999935 ], [ -77.136037110999951, -12.003519479999909 ], [ -77.136076111999955, -12.003572229999918 ], [ -77.136097610999968, -12.003636729999926 ], [ -77.136097610999968, -12.00371685499988 ], [ -77.136085985999955, -12.003841853999916 ], [ -77.1361034869999, -12.004120979999925 ], [ -77.136144485999921, -12.004330104999895 ], [ -77.136228610999979, -12.004562479999947 ], [ -77.136251985999934, -12.004695354999853 ], [ -77.136283236999873, -12.004800729999943 ], [ -77.136314485999947, -12.004998104999856 ], [ -77.136376985999902, -12.00531247999993 ], [ -77.136417986999902, -12.005531229999917 ], [ -77.136425735999921, -12.005703104999839 ], [ -77.136400360999971, -12.005792979999967 ], [ -77.136343735999901, -12.005867229999978 ], [ -77.136271485999941, -12.005919978999941 ], [ -77.136146485999916, -12.006037104999848 ], [ -77.136349610999957, -12.005976604999887 ], [ -77.136429736999901, -12.005980479999948 ], [ -77.136499985999933, -12.00600972899997 ], [ -77.136552735999942, -12.006044854999971 ], [ -77.136568360999945, -12.006130854999981 ], [ -77.136623111999938, -12.006406229999925 ], [ -77.136626986999886, -12.006498229999977 ], [ -77.136673860999963, -12.006830103999903 ], [ -77.136712860999978, -12.006984354999872 ], [ -77.136748111999964, -12.007210979999968 ], [ -77.136794861999988, -12.007531229999927 ], [ -77.136863235999897, -12.00787497999994 ], [ -77.136956985999916, -12.00829885499985 ], [ -77.137074235999933, -12.008867229999964 ], [ -77.137142611999934, -12.009240229999932 ], [ -77.137236360999964, -12.009572229999947 ], [ -77.137287110999978, -12.009953104999852 ], [ -77.137384735999944, -12.010324229999981 ], [ -77.137443361999942, -12.01058010499986 ], [ -77.137451111999951, -12.010656229999938 ], [ -77.137505861999955, -12.010853479999923 ], [ -77.137511610999979, -12.010949229999937 ], [ -77.137533235999911, -12.011027353999907 ], [ -77.137595736999913, -12.011216854999873 ], [ -77.137665986999878, -12.011398479999968 ], [ -77.137714860999949, -12.01152535499989 ], [ -77.13778123599991, -12.011792979999939 ], [ -77.137826111999971, -12.011953104999975 ], [ -77.137863236999863, -12.012130854999896 ], [ -77.137892611999973, -12.012181604999853 ], [ -77.13793548599989, -12.012328103999891 ], [ -77.137978485999895, -12.012486353999918 ], [ -77.138056610999968, -12.012681604999898 ], [ -77.138070360999961, -12.012781229999973 ], [ -77.138130860999979, -12.012956979999956 ], [ -77.13817573699987, -12.013058604999856 ], [ -77.138271485999951, -12.013345729999969 ], [ -77.138290985999902, -12.013398479999978 ], [ -77.138330111999949, -12.013460979999934 ], [ -77.138380860999973, -12.013583979999964 ], [ -77.138415985999927, -12.013691353999889 ], [ -77.138492235999934, -12.0138516049999 ], [ -77.138556610999956, -12.014007979999974 ], [ -77.13859173599991, -12.014136728999972 ], [ -77.138667986999906, -12.014326229999938 ], [ -77.138728486999867, -12.014451229999963 ], [ -77.138839860999951, -12.014681604999851 ], [ -77.138941361999969, -12.014886729999944 ], [ -77.13901561099982, -12.015027354999859 ], [ -77.139072235999947, -12.01521085499985 ], [ -77.139156235999906, -12.015380854999876 ], [ -77.139187485999912, -12.01544722899996 ], [ -77.139236360999973, -12.015621104999866 ], [ -77.139312485999938, -12.015744104999897 ], [ -77.139365235999946, -12.015865229999974 ], [ -77.139425736999897, -12.015966853999942 ], [ -77.139501985999914, -12.016154353999923 ], [ -77.139550735999933, -12.016289104999885 ], [ -77.139771486999905, -12.016757854999867 ], [ -77.139953110999954, -12.017089854999881 ], [ -77.140203110999948, -12.017675729999951 ], [ -77.140509735999899, -12.018351604999907 ], [ -77.140706985999941, -12.018755854999881 ], [ -77.141253735999896, -12.020035104999863 ], [ -77.141482360999987, -12.020540979999964 ], [ -77.141630860999953, -12.020855479999966 ], [ -77.14172848599992, -12.021117103999927 ], [ -77.141839985999979, -12.021386729999961 ], [ -77.141962860999968, -12.021665979999966 ], [ -77.142130861999988, -12.021972729999959 ], [ -77.142161985999905, -12.022035104999873 ], [ -77.142150361999938, -12.022097604999885 ], [ -77.142089861999978, -12.022134729999948 ], [ -77.141996110999969, -12.022128854999892 ], [ -77.141656235999903, -12.022066354999879 ], [ -77.141578110999831, -12.022031229999982 ], [ -77.141451236999899, -12.021949229999962 ], [ -77.141281235999941, -12.021861353999952 ], [ -77.141177735999918, -12.021781229999931 ], [ -77.141052735999949, -12.021691354999859 ], [ -77.141019485999948, -12.021636729999955 ], [ -77.140986360999989, -12.021515604999877 ], [ -77.140949235999926, -12.021411979999925 ], [ -77.140894485999922, -12.021267604999878 ], [ -77.140857485999959, -12.021212854999874 ], [ -77.140796860999956, -12.021134729999972 ], [ -77.140710985999931, -12.021060604999889 ], [ -77.140705110999988, -12.020988229999944 ], [ -77.140724610999825, -12.020912104999866 ], [ -77.140736360999881, -12.020843729999967 ], [ -77.140736361999984, -12.020771479999951 ], [ -77.140730485999939, -12.020472604999895 ], [ -77.140714860999879, -12.020255854999903 ], [ -77.140630860999977, -12.020148479999932 ], [ -77.140527361999943, -12.020058604999917 ], [ -77.140480485999944, -12.019972604999907 ], [ -77.140449235999938, -12.019851604999872 ], [ -77.140421860999822, -12.01980072899994 ], [ -77.140318235999928, -12.019689479999954 ], [ -77.140289110999959, -12.01961910499989 ], [ -77.140292986999896, -12.01953710499987 ], [ -77.140331986999911, -12.019327979999957 ], [ -77.140335986999901, -12.019265603999941 ], [ -77.140308611999956, -12.019121104999897 ], [ -77.140281236999897, -12.019048853999948 ], [ -77.140234360999955, -12.019001979999928 ], [ -77.140146486999924, -12.018886729999963 ], [ -77.140103610999972, -12.018833979999954 ], [ -77.139994110999965, -12.018761729999937 ], [ -77.139925736999885, -12.018736354999874 ], [ -77.139785110999981, -12.018701229999976 ], [ -77.139718735999907, -12.018701229999976 ], [ -77.139578110999821, -12.018720729999927 ], [ -77.139447236999899, -12.018765729999927 ], [ -77.139384735999897, -12.018812479999951 ], [ -77.139306610999824, -12.018912104999913 ], [ -77.139265611999974, -12.018966854999917 ], [ -77.139212860999976, -12.019011729999932 ], [ -77.139146485999902, -12.01904885499988 ], [ -77.138923860999967, -12.019078104999892 ], [ -77.138863235999906, -12.019113353999956 ], [ -77.138814486999877, -12.019177728999978 ], [ -77.138744110999824, -12.019289103999938 ], [ -77.13871873699992, -12.019349604999888 ], [ -77.138763610999945, -12.019404354999892 ], [ -77.138966860999972, -12.019456979999973 ], [ -77.139097610999954, -12.019499979999978 ], [ -77.13915823699989, -12.019482479999965 ], [ -77.139199235999911, -12.019427729999961 ], [ -77.139263611999979, -12.019435604999899 ], [ -77.139320360999989, -12.01947260399993 ], [ -77.139386736999882, -12.01948047999997 ], [ -77.13944723599991, -12.019453104999911 ], [ -77.139478486999906, -12.019388729999946 ], [ -77.139466736999907, -12.019228479999981 ], [ -77.139449236999894, -12.019037104999882 ], [ -77.139470736999897, -12.018976604999921 ], [ -77.139507861999959, -12.018919979999964 ], [ -77.139564485999927, -12.018892604999905 ], [ -77.139628860999949, -12.018873104999898 ], [ -77.1396874859999, -12.018908229999965 ], [ -77.139724610999963, -12.018962853999938 ], [ -77.139751985999908, -12.019025354999883 ], [ -77.139798860999974, -12.019169979999958 ], [ -77.139847611999983, -12.01929685499988 ], [ -77.13987111199998, -12.019427729999961 ], [ -77.139900360999945, -12.01952147999998 ], [ -77.139941360999956, -12.019583979999936 ], [ -77.140019485999915, -12.019667979999952 ], [ -77.140083985999922, -12.019746104999911 ], [ -77.140136736999921, -12.019800729999929 ], [ -77.140224610999951, -12.019917979999946 ], [ -77.140273485999955, -12.019968603999871 ], [ -77.14035936099998, -12.020087854999872 ], [ -77.140410110999824, -12.02017385399995 ], [ -77.140439486999924, -12.020267604999901 ], [ -77.140451235999933, -12.020349603999932 ], [ -77.140435485999944, -12.020456979999949 ], [ -77.140437485999939, -12.020548854999902 ], [ -77.140445360999877, -12.020660104999877 ], [ -77.140406235999933, -12.020746104999887 ], [ -77.140361360999975, -12.020792979999953 ], [ -77.140328111999963, -12.020855479999966 ], [ -77.140314485999909, -12.020919979999974 ], [ -77.140322235999918, -12.020982604999915 ], [ -77.140374986999916, -12.021078103999912 ], [ -77.140412111999979, -12.021162104999917 ], [ -77.140443360999825, -12.021251979999931 ], [ -77.14047261199994, -12.021316354999897 ], [ -77.14048636099983, -12.021378854999909 ], [ -77.140478361999953, -12.021451229999968 ], [ -77.140392610999982, -12.021523479999928 ], [ -77.140326110999979, -12.021605479999948 ], [ -77.140328110999974, -12.021669979999956 ], [ -77.140451235999933, -12.021632854999893 ], [ -77.140507860999833, -12.021595729999945 ], [ -77.140574235999907, -12.02157810499989 ], [ -77.140652360999979, -12.021613229999957 ], [ -77.140722610999944, -12.021671854999909 ], [ -77.140777361999938, -12.021749979999981 ], [ -77.140828111999951, -12.021822229999941 ], [ -77.140878985999962, -12.0219003549999 ], [ -77.140915986999914, -12.021972729999959 ], [ -77.140955111999972, -12.022025353999936 ], [ -77.141064610999877, -12.022132729999953 ], [ -77.141121110999961, -12.022177729999953 ], [ -77.141265610999824, -12.02224010499998 ], [ -77.141417985999908, -12.022257854999907 ], [ -77.141554736999922, -12.022248104999903 ], [ -77.141630860999953, -12.022238229999971 ], [ -77.14176948699992, -12.022236354999905 ], [ -77.141833985999938, -12.022244104999913 ], [ -77.141896485999951, -12.022236354999905 ], [ -77.141958985999906, -12.022199228999966 ], [ -77.142027485999961, -12.022199229999956 ], [ -77.14211136199998, -12.022218729999963 ], [ -77.142164111999989, -12.022242228999971 ], [ -77.142232485999955, -12.022224604999906 ], [ -77.142304735999915, -12.022177729999953 ], [ -77.14241411099988, -12.022068354999874 ], [ -77.142476610999836, -12.022050728999943 ], [ -77.142546860999971, -12.022050729999933 ], [ -77.142607360999989, -12.022040979999929 ], [ -77.142689485999938, -12.022048854999923 ], [ -77.1427382359999, -12.02212110399995 ], [ -77.1427382359999, -12.022193354999899 ], [ -77.142777360999958, -12.022255854999912 ], [ -77.142869111999971, -12.022372979999943 ], [ -77.142919860999825, -12.02249022999996 ], [ -77.142960986999924, -12.022634729999936 ], [ -77.142974610999829, -12.022859354999866 ], [ -77.142982360999952, -12.023031229999958 ], [ -77.143027360999838, -12.023185604999924 ], [ -77.14311323599992, -12.023347604999913 ], [ -77.143158236999909, -12.023472603999892 ], [ -77.143214861, -12.023617228999967 ], [ -77.143351610999844, -12.024158229999955 ], [ -77.14341411099997, -12.024357479999935 ], [ -77.143468735999932, -12.024482478999971 ], [ -77.143517610999879, -12.024626979999937 ], [ -77.143621110999959, -12.024943354999891 ], [ -77.143681610999977, -12.025144479999938 ], [ -77.143767611999976, -12.025486354999884 ], [ -77.143816361999939, -12.025691354999879 ], [ -77.143873110999891, -12.025935604999916 ], [ -77.143925860999843, -12.026171854999916 ], [ -77.143990235999922, -12.026367229999948 ], [ -77.144025360999876, -12.026521479999928 ], [ -77.144078110999828, -12.026728478999871 ], [ -77.144134736999888, -12.026845728999831 ], [ -77.144189486999892, -12.027134729999943 ], [ -77.144292986999915, -12.027513729999953 ], [ -77.144331985999941, -12.027748104999887 ], [ -77.144390611999938, -12.02796485499988 ], [ -77.14441986199995, -12.028037104999896 ], [ -77.144492235999962, -12.028234354999881 ], [ -77.14453123699991, -12.028386604999866 ], [ -77.144552735999923, -12.028540979999946 ], [ -77.144658235999941, -12.029228478999869 ], [ -77.144783235999967, -12.029705104999891 ], [ -77.144822236999914, -12.029849604999924 ], [ -77.144872986999872, -12.029984354999897 ], [ -77.144900360999827, -12.030058604999908 ], [ -77.144919860999948, -12.030128854999873 ], [ -77.144951111999944, -12.030210979999936 ], [ -77.144988236999893, -12.030336104999947 ], [ -77.14501948599991, -12.030400354999927 ], [ -77.145048861999953, -12.030480479999937 ], [ -77.145058610999968, -12.030544979999945 ], [ -77.145187485999941, -12.030562479999958 ], [ -77.145257860999891, -12.030556604999902 ], [ -77.145308610999962, -12.030580104999899 ], [ -77.145365236999908, -12.030617229999962 ], [ -77.145437486999924, -12.030712729999948 ], [ -77.145486360999882, -12.030769479999947 ], [ -77.145617235999964, -12.030878854999912 ], [ -77.145611361999954, -12.030964853999933 ], [ -77.145640610999976, -12.031037104999882 ], [ -77.14574611099988, -12.031046854999886 ], [ -77.145861360999845, -12.031107479999946 ], [ -77.145945360999974, -12.031154354999899 ], [ -77.146017610999877, -12.031195354999909 ], [ -77.146095736999939, -12.03124022999998 ], [ -77.147718735999945, -12.030800729999953 ], [ -77.148189485999922, -12.030671854999923 ], [ -77.14828323699993, -12.030673854999918 ], [ -77.148384735999912, -12.030705104999925 ], [ -77.148480486999915, -12.030775354999889 ], [ -77.148542986999928, -12.030892604999906 ], [ -77.148554735999937, -12.030978603999927 ], [ -77.14851561099988, -12.03127147999993 ], [ -77.148460985999975, -12.031623104999937 ], [ -77.148347610999963, -12.032326229999967 ], [ -77.147830111999951, -12.032882854999912 ], [ -77.147943361999978, -12.033992228999978 ], [ -77.147925735999934, -12.036406229999955 ], [ -77.147888611999974, -12.036857354999881 ], [ -77.147843736999903, -12.037101604999918 ], [ -77.147808610999846, -12.03728510499991 ], [ -77.147773360999963, -12.03754097999996 ], [ -77.147726611999985, -12.037769479999952 ], [ -77.147712861999935, -12.037853479999967 ], [ -77.148220736999917, -12.038158229999965 ], [ -77.148499985999933, -12.038337854999895 ], [ -77.148716735999926, -12.038523479999981 ], [ -77.148833985999943, -12.038640604999898 ], [ -77.149134735999951, -12.038978479999969 ], [ -77.149460985999951, -12.039369104999935 ], [ -77.149859360999983, -12.03980660499991 ], [ -77.150361360999852, -12.04038085499991 ], [ -77.151013610999883, -12.041140604999896 ], [ -77.151730486999895, -12.041955104999943 ], [ -77.153310485999953, -12.043792979999978 ], [ -77.154320236999922, -12.044958979999876 ], [ -77.154818361999958, -12.045535104999942 ], [ -77.155144485999926, -12.045902354999953 ], [ -77.155755861999978, -12.046642604999931 ], [ -77.155869110999845, -12.046726604999947 ], [ -77.156283236999911, -12.046841854999968 ], [ -77.156287110999983, -12.046921854999937 ], [ -77.156078110999886, -12.046871104999923 ], [ -77.155824235999944, -12.046787104999908 ], [ -77.155740235999929, -12.04673822999996 ], [ -77.155683735999958, -12.046685603999947 ], [ -77.155503860999886, -12.046476604999953 ], [ -77.155224611999984, -12.046132854999939 ], [ -77.154011735999973, -12.04473822999995 ], [ -77.153244111999982, -12.043849604999934 ], [ -77.152646485999924, -12.043146478999859 ], [ -77.151792985999975, -12.042162104999932 ], [ -77.151081986999884, -12.04133397999982 ], [ -77.150488235999944, -12.04066210499991 ], [ -77.149980486999937, -12.040078104999907 ], [ -77.149925735999943, -12.040123104999907 ], [ -77.149742236999941, -12.039933604999931 ], [ -77.149787110999966, -12.039861354999914 ], [ -77.149583985999925, -12.039628854999933 ], [ -77.149589986999956, -12.039701229999878 ], [ -77.149609360999989, -12.039765603999967 ], [ -77.149552736999908, -12.03978122999996 ], [ -77.149425736999888, -12.039683603999947 ], [ -77.14927348599997, -12.039521479999962 ], [ -77.149191235999922, -12.039404353999942 ], [ -77.149148486999934, -12.039324229999977 ], [ -77.149249986999905, -12.039242229999957 ], [ -77.148962860999973, -12.038912104999895 ], [ -77.149029236999922, -12.039046854999924 ], [ -77.149058610999987, -12.039154354999937 ], [ -77.148968735999915, -12.039060604999918 ], [ -77.148869235999939, -12.038937479999959 ], [ -77.148718736999911, -12.038775354999927 ], [ -77.148580110999887, -12.038660104999906 ], [ -77.148468611999988, -12.038568479999981 ], [ -77.148343735999958, -12.038490229999979 ], [ -77.14819723699992, -12.038400354999908 ], [ -77.147986485999979, -12.038339854999947 ], [ -77.147826110999972, -12.038249978999886 ], [ -77.147685486999876, -12.038132854999901 ], [ -77.147619111999973, -12.038097604999905 ], [ -77.147550735999914, -12.038080104999949 ], [ -77.147423861999982, -12.038072229999955 ], [ -77.14670111199996, -12.039333978999878 ], [ -77.146281236999926, -12.039130854999939 ], [ -77.145787110999834, -12.038867229999823 ], [ -77.142953111999987, -12.037437479999937 ], [ -77.141185610999969, -12.038005854999938 ], [ -77.141097611999953, -12.03819335399993 ], [ -77.142626985999925, -12.038929728999904 ], [ -77.142556610999975, -12.039068354999927 ], [ -77.141035110999951, -12.038302729999941 ], [ -77.140706985999941, -12.038892604999944 ], [ -77.143683610999972, -12.040378854999915 ], [ -77.14363473599991, -12.04047847999982 ], [ -77.140665860999945, -12.038999979999971 ], [ -77.140380860999983, -12.039517604999901 ], [ -77.140580110999963, -12.039679729999875 ], [ -77.141081985999904, -12.039951229999872 ], [ -77.142357486999913, -12.04059572999995 ], [ -77.142294861999972, -12.040714854999919 ], [ -77.139195235999921, -12.039148479999824 ], [ -77.138765610999826, -12.039105478999886 ], [ -77.139080111999988, -12.03937497999982 ], [ -77.139558610999984, -12.039615229999981 ], [ -77.140392610999982, -12.04004297899985 ], [ -77.140494110999953, -12.04018560499992 ], [ -77.140505860999951, -12.040384729999971 ], [ -77.140341860999968, -12.040753854999934 ], [ -77.140154361999976, -12.041119104999893 ], [ -77.142642485999943, -12.042402354999922 ], [ -77.142562611999949, -12.042537104999951 ], [ -77.141681485999925, -12.042093729999976 ], [ -77.141097610999964, -12.041798854999911 ], [ -77.141054735999944, -12.041845729999977 ], [ -77.141009735999944, -12.041900354999939 ], [ -77.140970736999918, -12.041972604999899 ], [ -77.140943360999984, -12.042035104999911 ], [ -77.140904236999916, -12.042117229999974 ], [ -77.140859360999968, -12.042205103999947 ], [ -77.14080473599995, -12.042326229999958 ], [ -77.14077161199998, -12.042378854999924 ], [ -77.140749985999946, -12.042460979999873 ], [ -77.140749986999879, -12.042539103999957 ], [ -77.140775360999953, -12.042615229999967 ], [ -77.140800735999903, -12.042695354999921 ], [ -77.14083198599991, -12.042839854999954 ], [ -77.140833985999905, -12.042921854999918 ], [ -77.140828110999962, -12.042994103999945 ], [ -77.140822235999906, -12.043074229999831 ], [ -77.140828110999962, -12.043138729999839 ], [ -77.140738235999947, -12.043314478999889 ], [ -77.14084761099997, -12.043310603999942 ], [ -77.140863236999905, -12.0433906049999 ], [ -77.140871110999967, -12.043455104999907 ], [ -77.140896485999917, -12.043544978999876 ], [ -77.140906111999982, -12.043626979999829 ], [ -77.140915986999914, -12.043693354999903 ], [ -77.140915985999925, -12.043779229999814 ], [ -77.140925735999929, -12.043851604999929 ], [ -77.141142610999964, -12.043742229999964 ], [ -77.140986360999989, -12.043878854999946 ], [ -77.141025361999937, -12.043951229999834 ], [ -77.140933611999969, -12.043956979999962 ], [ -77.14093361099998, -12.044097604999934 ], [ -77.140925735999929, -12.044160104999946 ], [ -77.140908236999906, -12.044232603999944 ], [ -77.140894486999912, -12.044287229999895 ], [ -77.140972610999825, -12.044283229999962 ], [ -77.141279235999946, -12.044271479999964 ], [ -77.141275360999828, -12.044347604999928 ], [ -77.141068361999942, -12.044351604999918 ], [ -77.141249985999934, -12.045376979999958 ], [ -77.1413534859999, -12.045414104999963 ], [ -77.14133398599995, -12.045546854999941 ], [ -77.140837860999966, -12.045453104999922 ], [ -77.140824360999886, -12.045617229999834 ], [ -77.141107360999968, -12.045990229999973 ], [ -77.141283236999925, -12.046195354999952 ], [ -77.141367235999951, -12.046472604999906 ], [ -77.141583985999944, -12.046718854999938 ], [ -77.14177348599992, -12.046818354999914 ], [ -77.142056610999987, -12.046761729999957 ], [ -77.14248636099984, -12.046222604999912 ], [ -77.142748235999989, -12.04595310499991 ], [ -77.142781235999905, -12.045820354999933 ], [ -77.142728485999953, -12.045699229999968 ], [ -77.144017610999981, -12.044181479999963 ], [ -77.145015611999952, -12.04299997999982 ], [ -77.146271485999932, -12.04407222999987 ], [ -77.145755861999987, -12.044677729999876 ], [ -77.145269485999904, -12.045263729999874 ], [ -77.144007860999977, -12.046718854999938 ], [ -77.144040985999936, -12.047181604999935 ], [ -77.145662235999964, -12.047111354999913 ], [ -77.145685611999966, -12.047347604999914 ], [ -77.144033235999927, -12.047441478999872 ], [ -77.144126985999947, -12.04824997999998 ], [ -77.145748110999989, -12.048169979999841 ], [ -77.145798860999889, -12.048943354999949 ], [ -77.144171861999951, -12.049072104999937 ], [ -77.144292985999925, -12.049861354999962 ], [ -77.145884735999914, -12.049785103999966 ], [ -77.14593161199997, -12.050546854999936 ], [ -77.144324236999921, -12.050660104999906 ], [ -77.144390610999835, -12.051523479999844 ], [ -77.145997986999873, -12.051363229999879 ], [ -77.146005861999981, -12.051712854999948 ], [ -77.144392610999887, -12.051855479999972 ], [ -77.144437486999891, -12.052343729999961 ], [ -77.146923860999891, -12.055308604999937 ], [ -77.14751561099996, -12.056013729999904 ], [ -77.148714860999974, -12.057414104999964 ], [ -77.148828110999887, -12.057031229999893 ], [ -77.148994111999968, -12.057031229999893 ], [ -77.149111360999882, -12.056954978999897 ], [ -77.149634736999928, -12.05649222999989 ], [ -77.149964735999902, -12.05622260399997 ], [ -77.14994923699993, -12.055939354999907 ], [ -77.149062485999934, -12.054943354999921 ], [ -77.147324236999907, -12.05288472999996 ], [ -77.147634735999929, -12.052656228999865 ], [ -77.149826110999982, -12.055197228999873 ], [ -77.149705110999889, -12.055281229999878 ], [ -77.15030273699989, -12.055999979999967 ], [ -77.153607361999946, -12.05108985499993 ], [ -77.154585985999972, -12.049683604999927 ], [ -77.15565623599997, -12.048771479999971 ], [ -77.156320360999985, -12.04847460499991 ], [ -77.156380860999889, -12.048566354999934 ], [ -77.155664110999908, -12.048831854999889 ], [ -77.154632860999982, -12.049740229999884 ], [ -77.153667986999949, -12.051146479999886 ], [ -77.150365360999899, -12.056081979999874 ], [ -77.150396486999909, -12.056171854999945 ], [ -77.148892611999941, -12.057439479999857 ], [ -77.148851610999884, -12.057693354999969 ], [ -77.149224610999966, -12.05811322999989 ], [ -77.149148485999945, -12.058185604999949 ], [ -77.149111361999985, -12.058119104999946 ], [ -77.148818360999883, -12.057792979999874 ], [ -77.148621110999841, -12.058607479999864 ], [ -77.149230485999965, -12.058720729999891 ], [ -77.149283235999974, -12.05843947999989 ], [ -77.149285110999983, -12.058376979999878 ], [ -77.149402361999989, -12.05843947999989 ], [ -77.149275361999969, -12.058816354999919 ], [ -77.149380860999884, -12.05888672999987 ], [ -77.149484235999921, -12.058974604999946 ], [ -77.149560485999928, -12.059064479999904 ], [ -77.149646486999927, -12.059169979999865 ], [ -77.149714860999893, -12.059308604999956 ], [ -77.14980273599997, -12.059451229999866 ], [ -77.149859360999983, -12.059802729999888 ], [ -77.149994111999945, -12.060091854999939 ], [ -77.150093735999917, -12.060343729999886 ], [ -77.150246110999888, -12.060451229999899 ], [ -77.150435486999925, -12.060560604999978 ], [ -77.150615235999965, -12.060757854999963 ], [ -77.150814485999945, -12.060919978999891 ], [ -77.151066360999835, -12.061171854999941 ], [ -77.151335985999935, -12.061371104999978 ], [ -77.151537111999971, -12.061501979999889 ], [ -77.151712860999965, -12.061607479999907 ], [ -77.151802735999922, -12.061687478999886 ], [ -77.151810360999946, -12.06175385399996 ], [ -77.15176948699991, -12.061857479999901 ], [ -77.151800735999927, -12.061984354999936 ], [ -77.151861485999973, -12.061999979999882 ], [ -77.151898486999926, -12.061910104999924 ], [ -77.151935485999957, -12.061855479999906 ], [ -77.151992236999945, -12.061876979999909 ], [ -77.152052736999906, -12.061919979999914 ], [ -77.152124985999933, -12.061984354999936 ], [ -77.152191360999836, -12.062013729999876 ], [ -77.152257861999828, -12.06206447999989 ], [ -77.152285111999959, -12.062136729999906 ], [ -77.15224223599995, -12.062183604999973 ], [ -77.152214860999891, -12.062296854999943 ], [ -77.152267611999946, -12.062339854999948 ], [ -77.152367236999908, -12.062271479999879 ], [ -77.152513610999961, -12.062398479999899 ], [ -77.152908235999973, -12.062578104999943 ], [ -77.153203110999982, -12.062708978999922 ], [ -77.153679610999973, -12.062951229999896 ], [ -77.154115235999939, -12.063199228999906 ], [ -77.154410110999891, -12.063404354999932 ], [ -77.154683610999882, -12.063638729999866 ], [ -77.154978486999937, -12.063878854999928 ], [ -77.155185486999926, -12.064087854999968 ], [ -77.155412111999965, -12.064343729999905 ], [ -77.155509735999942, -12.064462854999931 ], [ -77.155583985999954, -12.064580104999948 ], [ -77.155640611999956, -12.064634729999852 ], [ -77.15641986199995, -12.063912104999929 ], [ -77.156462861999955, -12.063951229999873 ], [ -77.155705111999964, -12.064679729999909 ], [ -77.156029235999938, -12.0649199799999 ], [ -77.156206986999905, -12.065040978999889 ], [ -77.156255860999977, -12.065081979999889 ], [ -77.15630661199998, -12.065117229999885 ], [ -77.156353486999933, -12.065158354999937 ], [ -77.156392611999877, -12.065199229999905 ], [ -77.156443361999948, -12.065251979999914 ], [ -77.156509736999908, -12.065289104999977 ], [ -77.156595735999986, -12.065326229999869 ], [ -77.156687485999953, -12.065382854999939 ], [ -77.156752110999889, -12.065437478999911 ], [ -77.156833986999914, -12.065470729999902 ], [ -77.156906235999941, -12.065468728999917 ], [ -77.157007860999897, -12.065523479999911 ], [ -77.157070361999956, -12.065570354999977 ], [ -77.157128861999979, -12.065601604999927 ], [ -77.157189486999926, -12.065634729999886 ], [ -77.157244110999898, -12.065673854999943 ], [ -77.157324235999965, -12.065722604999962 ], [ -77.157494110999892, -12.06554685499998 ], [ -77.157404236999923, -12.065779354999961 ], [ -77.157484361999821, -12.06585935499993 ], [ -77.157576235999954, -12.065935354999908 ], [ -77.157697235999933, -12.066031229999908 ], [ -77.157796860999895, -12.066123104999974 ], [ -77.157915985999978, -12.066218729999889 ], [ -77.158015610999882, -12.066312479999908 ], [ -77.158078110999895, -12.066384729999982 ], [ -77.158122986999899, -12.066419979999921 ], [ -77.158187485999974, -12.066472604999944 ], [ -77.158244111999977, -12.066509729999893 ], [ -77.158308610999882, -12.066558604999955 ], [ -77.15837698699994, -12.066613229999859 ], [ -77.158214860999863, -12.066876979999904 ], [ -77.158132860999899, -12.067015604999938 ], [ -77.158062610999878, -12.067134729999907 ], [ -77.157997985999941, -12.067240229999868 ], [ -77.157956860999832, -12.067306604999942 ], [ -77.157929736999961, -12.067380854999953 ], [ -77.157992236999917, -12.067427729999906 ], [ -77.157929736999961, -12.067496104999975 ], [ -77.157658236999907, -12.067843729999879 ], [ -77.157597610999971, -12.067919979999886 ], [ -77.157533236999939, -12.068001979999906 ], [ -77.157404235999934, -12.068167979999885 ], [ -77.157341610999822, -12.068248104999952 ], [ -77.157251985999949, -12.068320354999969 ], [ -77.15718361099988, -12.068230479999897 ], [ -77.157146485999931, -12.068171854999946 ], [ -77.157105485999978, -12.068115229999876 ], [ -77.157054735999964, -12.068046854999977 ], [ -77.157003861999954, -12.067937479999898 ], [ -77.156956986999944, -12.06787697999988 ], [ -77.156876986999919, -12.067820354999981 ], [ -77.156769486999906, -12.067814479999868 ], [ -77.156683610999892, -12.067814479999868 ], [ -77.156580110999982, -12.067843729999879 ], [ -77.156511860999899, -12.067865229999882 ], [ -77.156419860999847, -12.067919979999886 ], [ -77.156267611999965, -12.067623104999939 ], [ -77.156232360999979, -12.067470729999911 ], [ -77.156156235999958, -12.067415979999907 ], [ -77.155956985999921, -12.067365229999893 ], [ -77.155699236999908, -12.067312479999885 ], [ -77.155414110999857, -12.067267604999927 ], [ -77.15517386199997, -12.067232479999916 ], [ -77.154874986999914, -12.067181604999973 ], [ -77.154701236999927, -12.067185604999963 ], [ -77.154431610999893, -12.06717572999986 ], [ -77.154210986999942, -12.067152354999962 ], [ -77.154009735999921, -12.06717572999986 ], [ -77.153831985999943, -12.067222604999927 ], [ -77.153540986999928, -12.067283229999873 ], [ -77.153456985999924, -12.067306604999942 ], [ -77.153249986999924, -12.067419979999897 ], [ -77.153107360999968, -12.067511729999865 ], [ -77.153015610999887, -12.067572229999882 ], [ -77.152976610999985, -12.067638729999885 ], [ -77.152943360999984, -12.067681604999962 ], [ -77.152914111999962, -12.067744104999974 ], [ -77.152955111999972, -12.068605604999959 ], [ -77.153378861999954, -12.068585979999909 ], [ -77.153425736999907, -12.068621104999977 ], [ -77.153451235999967, -12.06870310499994 ], [ -77.153365236999946, -12.068728479999891 ], [ -77.15191986099984, -12.0687812299999 ], [ -77.151916110999878, -12.068623104999972 ], [ -77.152796860999842, -12.068597604999979 ], [ -77.152785111999947, -12.068121104999932 ], [ -77.152738235999948, -12.068048854999972 ], [ -77.152654235999933, -12.067919979999886 ], [ -77.15249798699989, -12.067658229999893 ], [ -77.152322235999918, -12.067482604999952 ], [ -77.152152361999981, -12.067345729999886 ], [ -77.15190423599995, -12.067220729999917 ], [ -77.151636736999933, -12.067121104999956 ], [ -77.151419860999965, -12.067070354999942 ], [ -77.151126986999941, -12.067031229999884 ], [ -77.150865235999959, -12.067050729999892 ], [ -77.150605610999889, -12.067121104999956 ], [ -77.150435486999925, -12.06720122999991 ], [ -77.150056611999958, -12.0673964799999 ], [ -77.14982223599992, -12.067585979999876 ], [ -77.14963861099983, -12.067755854999973 ], [ -77.149480486999892, -12.068017729999895 ], [ -77.149513610999975, -12.0682519799999 ], [ -77.149578110999983, -12.068716854999934 ], [ -77.150136735999922, -12.068640604999928 ], [ -77.150156236999919, -12.0687812299999 ], [ -77.148999985999922, -12.068933604999927 ], [ -77.148980485999971, -12.068806604999963 ], [ -77.149423860999889, -12.068736354999942 ], [ -77.149386736999929, -12.068392479999886 ], [ -77.149322235999932, -12.067841854999926 ], [ -77.149191235999922, -12.067697229999908 ], [ -77.149046860999988, -12.067581979999886 ], [ -77.148818360999883, -12.067470729999911 ], [ -77.148697235999919, -12.067449229999909 ], [ -77.148525360999884, -12.067415979999907 ], [ -77.148349611999947, -12.067392604999952 ], [ -77.148113235999915, -12.067392604999952 ], [ -77.147978486999932, -12.067415979999907 ], [ -77.147869110999977, -12.067455104999965 ], [ -77.147763610999959, -12.067496104999975 ], [ -77.147544860999972, -12.067576229999872 ], [ -77.147355486999913, -12.067658229999893 ], [ -77.147249985999963, -12.067703104999964 ], [ -77.147177735999946, -12.067736354999965 ], [ -77.147095735999926, -12.067775354999981 ], [ -77.147029235999923, -12.067816354999934 ], [ -77.146970860999886, -12.067865229999882 ], [ -77.14692573699989, -12.0679297289999 ], [ -77.146873110999877, -12.067999979999911 ], [ -77.146816361999981, -12.068080104999979 ], [ -77.146824235999929, -12.068142604999935 ], [ -77.146861360999878, -12.06845122999988 ], [ -77.146908236999934, -12.068851604999963 ], [ -77.146929735999947, -12.06908610499994 ], [ -77.147410111999989, -12.06903710499995 ], [ -77.147501985999952, -12.069158229999914 ], [ -77.147128860999828, -12.06923635499993 ], [ -77.147081985999932, -12.06919135499993 ], [ -77.146962861999953, -12.069228479999879 ], [ -77.146787110999981, -12.069265604999941 ], [ -77.146734361999961, -12.069228479999879 ], [ -77.146736360999967, -12.069044979999887 ], [ -77.146740235999914, -12.068935604999979 ], [ -77.146736360999967, -12.068789104999951 ], [ -77.146720735999963, -12.068603479999865 ], [ -77.146679735999953, -12.068314479999913 ], [ -77.146622985999954, -12.068040979999864 ], [ -77.146535110999878, -12.067999979999911 ], [ -77.146455110999966, -12.067976604999956 ], [ -77.146337860999836, -12.067951229999892 ], [ -77.146158235999962, -12.067935604999946 ], [ -77.145605485999965, -12.067933604999951 ], [ -77.145498110999881, -12.067953104999958 ], [ -77.145361360999971, -12.067964728999925 ], [ -77.145218735999947, -12.067976604999956 ], [ -77.145085986999902, -12.067988229999855 ], [ -77.144927735999943, -12.068001979999906 ], [ -77.144761735999964, -12.068017729999895 ], [ -77.144658235999941, -12.068037104999974 ], [ -77.144517610999969, -12.068046854999977 ], [ -77.143902360999959, -12.068091854999977 ], [ -77.143369111999959, -12.06818160499995 ], [ -77.142783235999957, -12.068220729999894 ], [ -77.142078110999989, -12.068324229999916 ], [ -77.140816360999963, -12.068535104999967 ], [ -77.140433611999981, -12.068632729999877 ], [ -77.140072235999924, -12.068730479999886 ], [ -77.139464860999965, -12.068843729999912 ], [ -77.138986360999979, -12.068986354999936 ], [ -77.138714860999983, -12.069007854999938 ], [ -77.138039110999955, -12.069158229999914 ], [ -77.13734961099982, -12.069353479999904 ], [ -77.13661136199994, -12.069509729999879 ], [ -77.135943360999988, -12.069623104999948 ], [ -77.135396486999866, -12.069726603999982 ], [ -77.135179736999874, -12.069769479999877 ], [ -77.134906235999892, -12.069820354999933 ], [ -77.134656235999898, -12.069873104999942 ], [ -77.134388611999952, -12.069953104999968 ], [ -77.134148485999901, -12.070029353999871 ], [ -77.133757860999822, -12.070148479999887 ], [ -77.133550735999904, -12.070212854999966 ], [ -77.133357485999909, -12.070273479999912 ], [ -77.133150360999934, -12.070337854999934 ], [ -77.132941360999951, -12.070394479999891 ], [ -77.132771485999911, -12.070431604999953 ], [ -77.132593860999975, -12.0704922299999 ], [ -77.132810485999926, -12.069162104999975 ], [ -77.132907235999937, -12.06820810499994 ], [ -77.132939486999874, -12.067902354999944 ], [ -77.134236361999967, -12.059693354999979 ], [ -77.127800735999926, -12.05902935499995 ], [ -77.119492235999928, -12.057935604999955 ], [ -77.113136735999888, -12.056626979999976 ], [ -77.105841735999888, -12.055048854999939 ], [ -77.097935485999983, -12.053562479999869 ], [ -77.087600735999843, -12.051865729999918 ], [ -77.08514848599998, -12.051472604999958 ], [ -77.07821873599994, -12.050042979999887 ], [ -77.077482360999909, -12.048644354999908 ], [ -77.077068361999977, -12.048001854999939 ], [ -77.076894486999947, -12.047451229999979 ], [ -77.076867235999941, -12.047009729999957 ], [ -77.077027361999853, -12.046644479999827 ], [ -77.07867973599997, -12.046740229999955 ], [ -77.081546860999936, -12.047017604999951 ], [ -77.098320360999935, -12.048519479999982 ], [ -77.099130861999924, -12.039984479999873 ], [ -77.097296860999961, -12.039269479999973 ], [ -77.094458860999907, -12.038677729999961 ], [ -77.093466985999896, -12.038436604999958 ], [ -77.093587861999879, -12.037519479999958 ], [ -77.09346286199991, -12.03627935499992 ], [ -77.095085985999845, -12.036630854999942 ], [ -77.094951110999943, -12.034285104999924 ], [ -77.096183611999891, -12.033703104999915 ], [ -77.094415985999831, -12.030003854999904 ], [ -77.094007860999966, -12.030040979999967 ], [ -77.093240236999975, -12.028267604999883 ], [ -77.092580110999961, -12.026789104999921 ], [ -77.091476610999962, -12.024685603999956 ], [ -77.090677735999975, -12.023072229999968 ], [ -77.091374985999948, -12.022662104999881 ], [ -77.089839861999906, -12.019410104999906 ], [ -77.087861360999909, -12.016214853999941 ], [ -77.087771486999941, -12.016124979999972 ], [ -77.087415985999939, -12.015970728999946 ], [ -77.087310485999978, -12.015861354999913 ], [ -77.087271486999953, -12.015759729999957 ], [ -77.087285110999915, -12.01563085499987 ], [ -77.08760936199991, -12.014543104999916 ], [ -77.089119110999945, -12.012158229999955 ], [ -77.089589860999922, -12.011738103999903 ], [ -77.09006048699996, -12.011533228999951 ], [ -77.090799235999896, -12.011765853999918 ], [ -77.091152610999984, -12.011091354999962 ], [ -77.091619110999943, -12.010183604999895 ], [ -77.091608110999857, -12.009715479999898 ], [ -77.09162411199992, -12.009479854999938 ], [ -77.091731236999919, -12.009496478999893 ], [ -77.09206261099996, -12.009501228999966 ], [ -77.092751986999986, -12.009593729999949 ], [ -77.093511735999982, -12.009992229999966 ], [ -77.094175736999944, -12.008699229999934 ], [ -77.094128986999976, -12.00862885499987 ], [ -77.094112985999971, -12.008537854999815 ], [ -77.094211611999981, -12.008271229999934 ], [ -77.094225360999872, -12.008146979999879 ], [ -77.094150486, -12.0080934799999 ], [ -77.093935360999922, -12.007950854999933 ], [ -77.093920110999989, -12.00783110499998 ], [ -77.094305735999967, -12.00699072999987 ], [ -77.094409735999932, -12.006678604999877 ], [ -77.094455610999887, -12.006540979999954 ], [ -77.094420360999948, -12.006483729999957 ], [ -77.094412735999981, -12.006471479999902 ], [ -77.094200235999836, -12.006391354999948 ], [ -77.094086235999896, -12.006348229999901 ], [ -77.094080610999981, -12.006341104999933 ], [ -77.094032610999989, -12.006278729999963 ], [ -77.09404873599982, -12.006166229999963 ], [ -77.09410761099997, -12.005994978999979 ], [ -77.094193360999952, -12.005909354999915 ], [ -77.094322111999986, -12.005919229999961 ], [ -77.09458198599998, -12.006021479999959 ], [ -77.094691110999861, -12.00598422999991 ], [ -77.094771485999956, -12.005882604999954 ], [ -77.095017860999974, -12.00534185399988 ], [ -77.095269235999979, -12.004843979999976 ], [ -77.095451360999959, -12.00477460399992 ], [ -77.095928986999979, -12.005013854999902 ], [ -77.096162860999925, -12.005192479999948 ], [ -77.097739110999896, -12.005787479999981 ], [ -77.098339860999943, -12.005146479999951 ], [ -77.098246110999924, -12.004890604999844 ], [ -77.09816598599997, -12.004529354999875 ], [ -77.098491985999942, -12.004453228999978 ], [ -77.099359235999941, -12.004223104999937 ], [ -77.099731860999952, -12.004109479999954 ], [ -77.100143360999937, -12.004229604999864 ], [ -77.100316360999955, -12.003908228999933 ], [ -77.102488235999886, -11.999615229999961 ], [ -77.102758735999885, -11.998966104999909 ], [ -77.103074361999916, -11.998163104999833 ], [ -77.10311498599998, -11.998095728999942 ], [ -77.10329386199993, -11.997799104999899 ], [ -77.103411610999842, -11.997777603999907 ], [ -77.103588360999879, -11.997927479999873 ], [ -77.103770360999931, -11.998462854999957 ], [ -77.104388735999862, -12.000238228999933 ], [ -77.107048860999953, -11.999361354999962 ], [ -77.109486361999927, -11.994949229999918 ], [ -77.110170611999877, -11.994157479999956 ], [ -77.110404236999955, -11.9942694799999 ], [ -77.111072986999943, -11.995020854999893 ], [ -77.112539111, -11.996667978999938 ], [ -77.112833986999988, -11.996860603999949 ], [ -77.112984360999974, -11.996959104999974 ], [ -77.113256360999912, -11.997001354999895 ], [ -77.114064735999932, -11.996722979999959 ], [ -77.114965235999932, -11.996243978999928 ], [ -77.116243610999902, -11.995641729999932 ], [ -77.117186486999969, -11.995044729999904 ], [ -77.117308861999959, -11.994967104999887 ], [ -77.117377361999957, -11.994904479999946 ], [ -77.117683610999961, -11.994624604999956 ], [ -77.117913735999821, -11.994287229999941 ], [ -77.118090486999961, -11.993875103999869 ], [ -77.11834211099989, -11.993189854999912 ], [ -77.118422360999887, -11.99280972899993 ], [ -77.118433110999888, -11.992504604999965 ], [ -77.118427735999887, -11.992172729999879 ], [ -77.118384861999971, -11.991787229999943 ], [ -77.118289110999967, -11.991499979999901 ], [ -77.118234360999963, -11.991443353999898 ], [ -77.118149360999951, -11.99136435399987 ], [ -77.117924485999822, -11.99119847999998 ], [ -77.117382986999871, -11.990864104999957 ], [ -77.117076235999889, -11.990528228999949 ], [ -77.116623360999881, -11.989856354999972 ], [ -77.116360485999905, -11.988965354999948 ], [ -77.116199860999927, -11.988483229999872 ], [ -77.115819985999963, -11.987592354999947 ], [ -77.115703735999944, -11.987153854999917 ], [ -77.115630111999963, -11.986876604999964 ], [ -77.115231735999942, -11.986138354999923 ], [ -77.114666110999963, -11.985138354999947 ], [ -77.113935985999944, -11.984086729999888 ], [ -77.113307735999911, -11.983254229999943 ], [ -77.112767235999968, -11.982772104999924 ], [ -77.1123437359999, -11.981983354999954 ], [ -77.112314486999878, -11.981267729999956 ], [ -77.112621235999882, -11.980245229999923 ], [ -77.112647110999887, -11.979612478999968 ], [ -77.112650485999893, -11.97952947999994 ], [ -77.112402110999938, -11.978696979999881 ], [ -77.111780860999886, -11.977564104999942 ], [ -77.111333860999935, -11.977348854999832 ], [ -77.111237485999936, -11.976437979999957 ], [ -77.111131485999977, -11.976071729999944 ], [ -77.110679736999884, -11.97544135499993 ], [ -77.111138611999934, -11.974845729999913 ], [ -77.111790985999903, -11.974244104999968 ], [ -77.112027110999918, -11.973820104999959 ], [ -77.112193360999981, -11.973521478999942 ], [ -77.112702485999932, -11.973180354999897 ], [ -77.113193986999931, -11.972891229999959 ], [ -77.113926485999968, -11.972476729999926 ], [ -77.114552985999921, -11.97233222899996 ], [ -77.114793986999985, -11.972197229999892 ], [ -77.115748110999959, -11.97150385499998 ], [ -77.116201111999942, -11.97121422999993 ], [ -77.1165384869999, -11.971204479999926 ], [ -77.116923985999904, -11.971194853999918 ], [ -77.117470735999916, -11.970914979999861 ], [ -77.117707485999972, -11.970507229999953 ], [ -77.117523236999943, -11.970112354999969 ], [ -77.117115486999921, -11.969480979999958 ], [ -77.116799736999951, -11.968625854999971 ], [ -77.116589235999925, -11.967283854999891 ], [ -77.116523485999892, -11.966481478999924 ], [ -77.116839236999908, -11.965507854999942 ], [ -77.117483860999869, -11.964323729999933 ], [ -77.117825860999915, -11.962416104999932 ], [ -77.117874735999976, -11.962241854999888 ], [ -77.118010111, -11.961758353999926 ], [ -77.118010111, -11.960429604999945 ], [ -77.117760485999952, -11.958943479999903 ], [ -77.117733860999863, -11.958784979999962 ], [ -77.117444361999958, -11.957693104999919 ], [ -77.117549610999959, -11.956969604999927 ], [ -77.117840360999878, -11.956580103999954 ], [ -77.118286360999832, -11.955982729999903 ], [ -77.119404610999879, -11.954851354999903 ], [ -77.119930862, -11.954101354999921 ], [ -77.120048485999973, -11.953666729999952 ], [ -77.120233360999976, -11.952983104999873 ], [ -77.120391360999918, -11.95153597999996 ], [ -77.12057548699994, -11.950509729999965 ], [ -77.121124986999973, -11.94970697899987 ], [ -77.122160110999971, -11.948964853999939 ], [ -77.122923860999947, -11.948345729999971 ], [ -77.123296860999972, -11.947249979999981 ], [ -77.124031235999894, -11.945960979999882 ], [ -77.126456986999983, -11.943656229999817 ], [ -77.127462985999898, -11.942412104999903 ], [ -77.128488235999896, -11.93927535399996 ], [ -77.128661361999946, -11.937477729999841 ] ] ] } },
{ "type": "Feature", "properties": { "nombre_distrito": "Carmen de la Legua Reynoso", "distrito_key": "CARMEN DE LA LEGUA - REYNOSO", "mesas": 147.0, "total_votantes": 34340.0, "votos_rp": 4903.0, "votos_validos": 29826.0, "votos_chirinos": 3.0, "pct_chirinos": 0.009, "pct_rp": 16.44 }, "geometry": { "type": "Polygon", "coordinates": [ [ [ -77.081546860999936, -12.047017604999951 ], [ -77.081722610999918, -12.044956853999906 ], [ -77.082632861999912, -12.045037104999949 ], [ -77.083169985999973, -12.039246104999904 ], [ -77.082593611999982, -12.039205104999951 ], [ -77.082940485999984, -12.036417853999922 ], [ -77.083619985999974, -12.036489979999942 ], [ -77.084191110999882, -12.036675354999829 ], [ -77.084911985999952, -12.036782104999872 ], [ -77.085562485999958, -12.036888229999931 ], [ -77.086743236999951, -12.037149854999939 ], [ -77.087492360999931, -12.037287979999974 ], [ -77.088090360999956, -12.037339479999957 ], [ -77.088828986999943, -12.037524479999831 ], [ -77.089705610999829, -12.037687104999975 ], [ -77.090843986999971, -12.037920479999912 ], [ -77.091844486999946, -12.038142354999877 ], [ -77.092839985999888, -12.038289979999945 ], [ -77.093466985999896, -12.038436604999958 ], [ -77.094458860999907, -12.038677729999961 ], [ -77.097296860999961, -12.039269479999973 ], [ -77.099130861999924, -12.039984479999873 ], [ -77.098320360999935, -12.048519479999982 ], [ -77.081546860999936, -12.047017604999951 ] ] ] } },
{ "type": "Feature", "properties": { "nombre_distrito": "La Perla", "distrito_key": "LA PERLA", "mesas": 195.0, "total_votantes": 43556.0, "votos_rp": 9720.0, "votos_validos": 38736.0, "votos_chirinos": 10.0, "pct_chirinos": 0.023, "pct_rp": 25.09 }, "geometry": { "type": "Polygon", "coordinates": [ [ [ -77.104571111999917, -12.063350604999926 ], [ -77.104826110999966, -12.063308604999975 ], [ -77.105367235999893, -12.063167979999889 ], [ -77.105619110999953, -12.063121104999937 ], [ -77.106886485999951, -12.063227229999939 ], [ -77.108628860999943, -12.063368979999836 ], [ -77.112988360999964, -12.064167104999967 ], [ -77.118355485999871, -12.065183604999959 ], [ -77.119876985999895, -12.065490229999909 ], [ -77.132939486999874, -12.067902354999944 ], [ -77.132907235999937, -12.06820810499994 ], [ -77.132810485999926, -12.069162104999975 ], [ -77.132593860999975, -12.0704922299999 ], [ -77.132263610999985, -12.070615229999873 ], [ -77.13197661099997, -12.070742229999894 ], [ -77.131689485999914, -12.070849604999978 ], [ -77.131287111999939, -12.071007854999948 ], [ -77.13110548599991, -12.071054729999901 ], [ -77.130800735999912, -12.071205104999933 ], [ -77.130552735999913, -12.071298854999952 ], [ -77.130289110999968, -12.071386729999915 ], [ -77.129857361999939, -12.071580104999953 ], [ -77.129509736999978, -12.071749979999879 ], [ -77.128792985999894, -12.07204497999993 ], [ -77.12847261099995, -12.072181604999969 ], [ -77.128126985999927, -12.072341854999934 ], [ -77.127718735999906, -12.072529353999869 ], [ -77.127023485999928, -12.072847604999936 ], [ -77.126578111999947, -12.073035104999974 ], [ -77.126269486999888, -12.07314260499993 ], [ -77.125925735999886, -12.073302729999909 ], [ -77.125626986999862, -12.073415979999879 ], [ -77.125400360999947, -12.073503854999956 ], [ -77.125044860999935, -12.073658229999921 ], [ -77.124767610999982, -12.073800729999903 ], [ -77.124529236999877, -12.07386522999991 ], [ -77.124191360999987, -12.074025354999947 ], [ -77.123914111999966, -12.074123104999956 ], [ -77.123529236999843, -12.074253854999938 ], [ -77.123281235999912, -12.074376979999897 ], [ -77.12296673599991, -12.074456979999866 ], [ -77.122779360999971, -12.074517604999926 ], [ -77.122511735999922, -12.074621104999949 ], [ -77.122408235999899, -12.07465435499995 ], [ -77.122224736999897, -12.074755854999978 ], [ -77.122037110999941, -12.074808603999827 ], [ -77.121562485999902, -12.074986354999965 ], [ -77.121179736999977, -12.075126854999951 ], [ -77.120921861999932, -12.07524997999991 ], [ -77.120712860999959, -12.07533785499993 ], [ -77.120353486999988, -12.075494104999962 ], [ -77.120152360999953, -12.075595729999918 ], [ -77.119589861999941, -12.075822354999957 ], [ -77.119298860999947, -12.07595310499994 ], [ -77.118917985999872, -12.07612110499997 ], [ -77.118703110999945, -12.076206979999881 ], [ -77.11841211199993, -12.076337853999974 ], [ -77.118044860999987, -12.076492229999928 ], [ -77.117706986999963, -12.076669979999906 ], [ -77.1173984859999, -12.076839854999946 ], [ -77.117228360999945, -12.076900354999964 ], [ -77.116769485999896, -12.077070354999933 ], [ -77.116451360999974, -12.077210854999976 ], [ -77.116029235999861, -12.077382854999939 ], [ -77.115644486999827, -12.077599604999932 ], [ -77.115220735999912, -12.077777354999967 ], [ -77.11479886199993, -12.077964854999948 ], [ -77.11445698599988, -12.078101604999972 ], [ -77.114195360999986, -12.07823247999994 ], [ -77.113997985999902, -12.078312479999909 ], [ -77.11370698699983, -12.078449229999933 ], [ -77.113546860999975, -12.078521354999964 ], [ -77.113253860999976, -12.078624979999915 ], [ -77.112931610999965, -12.078785104999952 ], [ -77.112664110999958, -12.078925729999924 ], [ -77.112294861999942, -12.079107604999876 ], [ -77.111900361999915, -12.079341854999939 ], [ -77.111533236999833, -12.079492229999914 ], [ -77.111474610999949, -12.079406229999904 ], [ -77.110902361999933, -12.078406229999928 ], [ -77.110466860999964, -12.077244104999977 ], [ -77.109976610999979, -12.077455104999956 ], [ -77.109343860999957, -12.076324229999898 ], [ -77.109175735999884, -12.076376979999907 ], [ -77.107564486999877, -12.073619104999977 ], [ -77.105988235999973, -12.074249979999877 ], [ -77.105044860999953, -12.071910104999972 ], [ -77.104857360999915, -12.071990229999869 ], [ -77.104439486, -12.070195354999953 ], [ -77.104138610999939, -12.068785104999961 ], [ -77.103958985999896, -12.067568354999935 ], [ -77.103955110999948, -12.066820354999948 ], [ -77.104109361999917, -12.065798854999969 ], [ -77.104308610999965, -12.064679729999909 ], [ -77.104571111999917, -12.063350604999926 ] ] ] } },
{ "type": "Feature", "properties": { "nombre_distrito": "La Punta", "distrito_key": "LA PUNTA", "mesas": 22.0, "total_votantes": 4650.0, "votos_rp": 2008.0, "votos_validos": 4312.0, "votos_chirinos": 0.0, "pct_chirinos": 0.0, "pct_rp": 46.57 }, "geometry": { "type": "Polygon", "coordinates": [ [ [ -77.15837698699994, -12.066613229999859 ], [ -77.158433611999953, -12.066646479999861 ], [ -77.158496110999863, -12.066685604999975 ], [ -77.158576110999888, -12.066736354999932 ], [ -77.158656235999956, -12.066656104999936 ], [ -77.158544986999914, -12.066572229999906 ], [ -77.158619110999894, -12.066462854999941 ], [ -77.158740235999971, -12.066546854999956 ], [ -77.158836110999914, -12.066453104999937 ], [ -77.158818361999977, -12.066519479999897 ], [ -77.158732361999967, -12.066644479999979 ], [ -77.158662110999899, -12.066804729999888 ], [ -77.159050735999926, -12.067080104999945 ], [ -77.159124985999938, -12.067164104999961 ], [ -77.159244111999953, -12.067273479999869 ], [ -77.159322236999913, -12.067353479999895 ], [ -77.15938673699992, -12.067423854999959 ], [ -77.159447235999949, -12.067474604999973 ], [ -77.159490235999954, -12.067511729999865 ], [ -77.159552736999956, -12.067556604999936 ], [ -77.159621111999968, -12.067626979999886 ], [ -77.159718860999874, -12.067722604999972 ], [ -77.159779235999963, -12.067771479999863 ], [ -77.159853360999989, -12.06783597999987 ], [ -77.159919985999977, -12.067884854999932 ], [ -77.159984360999886, -12.067923854999947 ], [ -77.160068361999834, -12.067958979999901 ], [ -77.160158236999962, -12.067994104999968 ], [ -77.160216735999938, -12.068019354999933 ], [ -77.160292985999945, -12.068054729999915 ], [ -77.160349611999834, -12.068087854999931 ], [ -77.160413986999913, -12.068119104999937 ], [ -77.160486361999972, -12.068162104999942 ], [ -77.160562485999947, -12.068201229999886 ], [ -77.160640611999952, -12.068234354999959 ], [ -77.160685485999977, -12.06826760499996 ], [ -77.160755861999974, -12.068304729999909 ], [ -77.160847610999895, -12.068341854999971 ], [ -77.160966860999906, -12.068378854999935 ], [ -77.16103323599998, -12.068400354999937 ], [ -77.161091860999875, -12.068423854999935 ], [ -77.16114648599995, -12.068460979999884 ], [ -77.16124411099986, -12.06850785499995 ], [ -77.161421860999894, -12.06807235499997 ], [ -77.161353485999939, -12.068040979999864 ], [ -77.161449236999943, -12.067792979999865 ], [ -77.161593735999986, -12.067849603999946 ], [ -77.161339860999988, -12.068558604999964 ], [ -77.161402485999986, -12.068578104999972 ], [ -77.161466735999966, -12.068619104999982 ], [ -77.161529236999911, -12.068664104999982 ], [ -77.161580111999967, -12.068691354999942 ], [ -77.161667985999941, -12.068736354999942 ], [ -77.161751986999946, -12.068773479999891 ], [ -77.161849611999969, -12.068814479999901 ], [ -77.161931611999989, -12.068847479999874 ], [ -77.16200586199983, -12.068880854999975 ], [ -77.162056611999958, -12.068900478999922 ], [ -77.162128860999985, -12.068925729999876 ], [ -77.162195360999874, -12.068941354999936 ], [ -77.162257735999958, -12.068962854999938 ], [ -77.162322235999966, -12.068986354999936 ], [ -77.162384736999911, -12.069013729999881 ], [ -77.162497985999948, -12.069076229999894 ], [ -77.162585985999954, -12.069109354999966 ], [ -77.16269336199997, -12.068919979999919 ], [ -77.162871111999834, -12.06899610499994 ], [ -77.162789110999881, -12.069177729999865 ], [ -77.16285348599996, -12.069203104999929 ], [ -77.162921860999859, -12.069224604999931 ], [ -77.163013611999986, -12.069259729999885 ], [ -77.163105486999939, -12.069292979999886 ], [ -77.163240236999911, -12.069326354999816 ], [ -77.16333011099988, -12.069341854999948 ], [ -77.163406235999958, -12.06935935499996 ], [ -77.163501985999972, -12.069386729999906 ], [ -77.163583985999935, -12.069412104999969 ], [ -77.16365236099989, -12.069433604999972 ], [ -77.163706985999966, -12.069451229999913 ], [ -77.163775360999864, -12.069476604999977 ], [ -77.16383786199998, -12.069503854999937 ], [ -77.163914236999972, -12.069548854999937 ], [ -77.163974611999834, -12.069583979999891 ], [ -77.164033236999956, -12.069609354999955 ], [ -77.164117235999981, -12.069642604999956 ], [ -77.16419723599995, -12.06967772999991 ], [ -77.164306611999962, -12.069726604999971 ], [ -77.164386735999983, -12.069761729999868 ], [ -77.164441360999888, -12.06979097999988 ], [ -77.164531236999949, -12.069841854999936 ], [ -77.164595735999967, -12.069873104999942 ], [ -77.164650361999975, -12.069904354999949 ], [ -77.164724611999986, -12.069935604999955 ], [ -77.164808611999888, -12.069964853999977 ], [ -77.164874985999973, -12.069990229999917 ], [ -77.164937486999918, -12.070007854999972 ], [ -77.16499611099988, -12.07003122999987 ], [ -77.1650781109999, -12.070052729999873 ], [ -77.165160111999967, -12.070076104999941 ], [ -77.16524798599994, -12.070107479999876 ], [ -77.165320360999885, -12.070132853999951 ], [ -77.165406236999956, -12.070167979999894 ], [ -77.165466860999913, -12.070187479999902 ], [ -77.165550736999933, -12.070195354999953 ], [ -77.165699235999966, -12.070220729999903 ], [ -77.165781235999987, -12.070240228999921 ], [ -77.165884736999942, -12.070246103999978 ], [ -77.16599823599995, -12.070273479999912 ], [ -77.166056611999977, -12.070289229999901 ], [ -77.166115235999939, -12.07029297999992 ], [ -77.166218735999962, -12.070294979999915 ], [ -77.16627148699996, -12.070169978999957 ], [ -77.16630861099992, -12.070035104999931 ], [ -77.166374986999926, -12.069783229999871 ], [ -77.166480361999959, -12.069386729999906 ], [ -77.166675735999945, -12.068654354999978 ], [ -77.166771486999949, -12.068677729999877 ], [ -77.166695360999881, -12.068962853999949 ], [ -77.166220735999957, -12.070736354999951 ], [ -77.167675736999911, -12.071324229999902 ], [ -77.168210985999963, -12.071537104999948 ], [ -77.168322235999938, -12.07151760499994 ], [ -77.168306611999981, -12.071423853999875 ], [ -77.168253861999972, -12.070945354999935 ], [ -77.168402360999892, -12.070923854999933 ], [ -77.168390610999893, -12.070869104999929 ], [ -77.168300735999935, -12.07078910499996 ], [ -77.168269485999986, -12.070529479999948 ], [ -77.16847848599997, -12.070498104999956 ], [ -77.16832411099989, -12.069390604999967 ], [ -77.168310486999928, -12.069253854999943 ], [ -77.168257860999915, -12.069080104999955 ], [ -77.168191486999945, -12.068921853999939 ], [ -77.168021486999919, -12.068691354999942 ], [ -77.167892611999889, -12.068562479999912 ], [ -77.167736235999939, -12.06847272899995 ], [ -77.167167985999981, -12.068119104999937 ], [ -77.166921860999878, -12.067841853999823 ], [ -77.166777361999891, -12.067648479999889 ], [ -77.16682798699992, -12.067623104999939 ], [ -77.167302735999954, -12.068128854999941 ], [ -77.167583985999954, -12.068279353999969 ], [ -77.167789235999976, -12.068392479999886 ], [ -77.167917986999953, -12.068476604999944 ], [ -77.168013736999967, -12.06855285499995 ], [ -77.168122985999958, -12.068671854999934 ], [ -77.168208986999957, -12.068787104999956 ], [ -77.168279361999851, -12.06890822999992 ], [ -77.168349611999986, -12.0690624799999 ], [ -77.168394485999954, -12.06919722899994 ], [ -77.168419861999837, -12.069326354999816 ], [ -77.168576110999879, -12.070503979999899 ], [ -77.168665985999951, -12.071173854999927 ], [ -77.169158236999976, -12.071593729999904 ], [ -77.169302735999963, -12.071681604999981 ], [ -77.169410110999877, -12.071785104999947 ], [ -77.169482360999893, -12.071853479999902 ], [ -77.169527235999965, -12.071890604999965 ], [ -77.169578110999907, -12.071935604999965 ], [ -77.169630860999916, -12.071976604999975 ], [ -77.169689485999982, -12.072021479999876 ], [ -77.169761735999941, -12.072074229999885 ], [ -77.169824235999954, -12.07212885499996 ], [ -77.169906236999964, -12.072185604999959 ], [ -77.170001985999988, -12.072248104999971 ], [ -77.170078110999896, -12.072308604999932 ], [ -77.170128861999842, -12.072343729999886 ], [ -77.170199235999974, -12.072402354999952 ], [ -77.170271485999933, -12.072484354999972 ], [ -77.170339861999878, -12.072564479999926 ], [ -77.170380860999899, -12.072617229999878 ], [ -77.170435485999974, -12.072679729999891 ], [ -77.170490235999978, -12.072755854999969 ], [ -77.170540985999935, -12.072816354999929 ], [ -77.170605485999943, -12.072874979999881 ], [ -77.170683610999902, -12.072929729999885 ], [ -77.170742236999956, -12.073003854999968 ], [ -77.170724611999844, -12.073068354999975 ], [ -77.170654236999951, -12.073119104999932 ], [ -77.170578110999884, -12.073169979999932 ], [ -77.170525360999875, -12.073195354999939 ], [ -77.170458986999961, -12.073216854999941 ], [ -77.170378860999904, -12.073238229999902 ], [ -77.170304736999981, -12.073277354999959 ], [ -77.170269485999938, -12.073374978999937 ], [ -77.170261735999986, -12.07344535399983 ], [ -77.170263611999985, -12.073589854999966 ], [ -77.170253861999981, -12.073681604999933 ], [ -77.170234361999974, -12.073769479999896 ], [ -77.170199235999974, -12.0738242299999 ], [ -77.17013673699995, -12.073870979999981 ], [ -77.170087985999942, -12.073902354999973 ], [ -77.170021486999929, -12.073939479999922 ], [ -77.169951111999978, -12.073974604999933 ], [ -77.169915985999978, -12.074042979999888 ], [ -77.169884735999972, -12.074154354999962 ], [ -77.169861360999903, -12.074257854999928 ], [ -77.169837860999905, -12.074349604999952 ], [ -77.16979886199988, -12.074441354999976 ], [ -77.16976948699994, -12.074517604999926 ], [ -77.169734361999986, -12.074576229999934 ], [ -77.169669860999988, -12.074632854999948 ], [ -77.169581860999983, -12.074642604999951 ], [ -77.16949223599994, -12.0746347299999 ], [ -77.169390611999972, -12.07460935499995 ], [ -77.169331986999964, -12.074591729999895 ], [ -77.169275360999904, -12.074572229999887 ], [ -77.169216735999953, -12.074556604999941 ], [ -77.169150361999982, -12.074535104999939 ], [ -77.169091735999984, -12.074494104999928 ], [ -77.169009735999964, -12.074460978999923 ], [ -77.168863235999936, -12.074419853999814 ], [ -77.168747985999971, -12.07439447999991 ], [ -77.168609360999881, -12.074363229999904 ], [ -77.168484485999954, -12.074361354999951 ], [ -77.16842973599995, -12.074351479999905 ], [ -77.168361361999985, -12.074343729999896 ], [ -77.168249985999978, -12.074322229999893 ], [ -77.168107360999898, -12.074298729999896 ], [ -77.168021486999919, -12.074287104999939 ], [ -77.167888735999952, -12.074283228999946 ], [ -77.167771485999936, -12.074277354999936 ], [ -77.167706986999917, -12.074271603999875 ], [ -77.167624985999964, -12.074253853999949 ], [ -77.167499986999928, -12.074246104999929 ], [ -77.167257860999882, -12.074238228999945 ], [ -77.167173860999924, -12.074230479999926 ], [ -77.167048861999888, -12.074216979999903 ], [ -77.166964860999883, -12.074189479999916 ], [ -77.166871110999921, -12.074154354999962 ], [ -77.166812485999969, -12.074150354999972 ], [ -77.166720611999949, -12.074126979999903 ], [ -77.166656236999927, -12.074105479999901 ], [ -77.166595736999966, -12.074087854999959 ], [ -77.16647848599996, -12.074056604999953 ], [ -77.166293110999902, -12.074037104999945 ], [ -77.166124985999943, -12.074007854999934 ], [ -77.166039111999851, -12.07399410499994 ], [ -77.165923860999897, -12.074007854999934 ], [ -77.165845735999937, -12.07403510499995 ], [ -77.165783235999982, -12.074058479999906 ], [ -77.165703110999914, -12.074111229999858 ], [ -77.165628861999835, -12.074167979999913 ], [ -77.165570486999968, -12.074226604999978 ], [ -77.165519360999838, -12.074335979999887 ], [ -77.165515611999979, -12.0743984799999 ], [ -77.165632860999892, -12.074429729999906 ], [ -77.165683611999839, -12.074486354999976 ], [ -77.165636736999943, -12.074529354999981 ], [ -77.165359361999833, -12.07445510499997 ], [ -77.165066361999834, -12.074365229999898 ], [ -77.164521485999956, -12.074722603999817 ], [ -77.163691360999906, -12.075251979999905 ], [ -77.163566361999983, -12.075308604999975 ], [ -77.163453111999956, -12.07533997999991 ], [ -77.163322236999932, -12.07536322999988 ], [ -77.163173861999837, -12.075361353999881 ], [ -77.162997985999937, -12.075328104999926 ], [ -77.162794985999938, -12.075277354999969 ], [ -77.159208986999943, -12.074326229999883 ], [ -77.159126986, -12.074294979999934 ], [ -77.159056610999983, -12.074255854999933 ], [ -77.15899223599996, -12.074206979999872 ], [ -77.15894136199995, -12.074150354999972 ], [ -77.158902360999889, -12.074091729999907 ], [ -77.158789111999965, -12.073927729999923 ], [ -77.158533236999915, -12.073556604999965 ], [ -77.158238236999921, -12.073121104999927 ], [ -77.1581211109999, -12.073005854999963 ], [ -77.158052735999945, -12.072955104999949 ], [ -77.157996110999989, -12.072921854999947 ], [ -77.156843736999917, -12.072466854999959 ], [ -77.156818360999978, -12.07241010499996 ], [ -77.156859486999963, -12.072363229999894 ], [ -77.156966860999887, -12.072384729999897 ], [ -77.157132861999969, -12.072445354999957 ], [ -77.157193360999884, -12.072445354999957 ], [ -77.157267610999895, -12.072427854999944 ], [ -77.157341610999822, -12.072402354999952 ], [ -77.157417986999917, -12.072374854999964 ], [ -77.157529111999963, -12.072341854999934 ], [ -77.157628860999978, -12.072290979999877 ], [ -77.157687485999929, -12.07225585499998 ], [ -77.157740235999938, -12.072197229999915 ], [ -77.157777360999887, -12.072146479999901 ], [ -77.157806610999899, -12.072083978999899 ], [ -77.157820485999935, -12.072029354999927 ], [ -77.157847610999852, -12.071935604999965 ], [ -77.157876985999962, -12.071749979999879 ], [ -77.157888736999951, -12.071664104999968 ], [ -77.157896486999903, -12.071556604999955 ], [ -77.157898486999954, -12.07147660499993 ], [ -77.157898486999954, -12.071328104999964 ], [ -77.157890610999857, -12.07126172999989 ], [ -77.157878860999972, -12.071193354999934 ], [ -77.157861360999902, -12.07110747999991 ], [ -77.157839861999832, -12.071021479999899 ], [ -77.15779886099989, -12.070863229999873 ], [ -77.157785111999942, -12.070806604999973 ], [ -77.157765610999888, -12.070749979999903 ], [ -77.157701236999912, -12.070613229999879 ], [ -77.157591735999972, -12.070382854999934 ], [ -77.157248110999888, -12.069658229999902 ], [ -77.156917985999939, -12.068962854999938 ], [ -77.156568360999984, -12.068249979999905 ], [ -77.156492236999952, -12.068230478999908 ], [ -77.156408236999937, -12.06818560499994 ], [ -77.156464860999904, -12.068093729999873 ], [ -77.156419860999847, -12.067919979999886 ], [ -77.156511860999899, -12.067865229999882 ], [ -77.156580110999982, -12.067843729999879 ], [ -77.156683610999892, -12.067814479999868 ], [ -77.156769486999906, -12.067814479999868 ], [ -77.156876986999919, -12.067820354999981 ], [ -77.156956986999944, -12.06787697999988 ], [ -77.157003861999954, -12.067937479999898 ], [ -77.157054735999964, -12.068046854999977 ], [ -77.157105485999978, -12.068115229999876 ], [ -77.157146485999931, -12.068171854999946 ], [ -77.15718361099988, -12.068230479999897 ], [ -77.157251985999949, -12.068320354999969 ], [ -77.157341610999822, -12.068248104999952 ], [ -77.157404235999934, -12.068167979999885 ], [ -77.157533236999939, -12.068001979999906 ], [ -77.157597610999971, -12.067919979999886 ], [ -77.157658236999907, -12.067843729999879 ], [ -77.157929736999961, -12.067496104999975 ], [ -77.157992236999917, -12.067427729999906 ], [ -77.157929736999961, -12.067380854999953 ], [ -77.157956860999832, -12.067306604999942 ], [ -77.157997985999941, -12.067240229999868 ], [ -77.158062610999878, -12.067134729999907 ], [ -77.158132860999899, -12.067015604999938 ], [ -77.158214860999863, -12.066876979999904 ], [ -77.15837698699994, -12.066613229999859 ] ] ] } },
{ "type": "Feature", "properties": { "nombre_distrito": "Mi Peru", "distrito_key": "MI PERU", "mesas": null, "total_votantes": null, "votos_rp": null, "votos_validos": null, "votos_chirinos": null, "pct_chirinos": null, "pct_rp": null }, "geometry": { "type": "Polygon", "coordinates": [ [ [ -77.110822865999921, -11.853706697999939 ], [ -77.110890848999986, -11.853650289999962 ], [ -77.110963971, -11.853561745999912 ], [ -77.110965493999913, -11.853556338999908 ], [ -77.111017855999989, -11.853433554999981 ], [ -77.111050996999893, -11.853323308999904 ], [ -77.111062380999954, -11.853268973999946 ], [ -77.111079097999891, -11.85318918899992 ], [ -77.111085479999986, -11.853071969999974 ], [ -77.111082316999898, -11.852976342999966 ], [ -77.111079300999904, -11.852899844999968 ], [ -77.111121659999981, -11.852814794999858 ], [ -77.111131898999929, -11.852794236999955 ], [ -77.11118914899987, -11.852662290999945 ], [ -77.111215244999983, -11.852583183999968 ], [ -77.111214822999955, -11.852528188999941 ], [ -77.111182400999951, -11.852416040999969 ], [ -77.111113528999908, -11.852299382999945 ], [ -77.111063856999976, -11.852153885999883 ], [ -77.111023802999966, -11.851996361999909 ], [ -77.111012395999978, -11.85188875699987 ], [ -77.111008098999889, -11.851848220999898 ], [ -77.111001883999904, -11.85167131299994 ], [ -77.111013156999945, -11.851558839999939 ], [ -77.111104244999865, -11.851309804999858 ], [ -77.111120153999934, -11.851266307999879 ], [ -77.111215674999926, -11.851059946999953 ], [ -77.111248925999917, -11.850964048999913 ], [ -77.111278334999952, -11.850897608999958 ], [ -77.111354633999952, -11.850819784999885 ], [ -77.11158155399994, -11.850653094999871 ], [ -77.111784730999943, -11.850555928999938 ], [ -77.111973433999935, -11.85047082799997 ], [ -77.112062939999873, -11.850429508999923 ], [ -77.112162431999934, -11.850423983999917 ], [ -77.112337084999979, -11.850405941999952 ], [ -77.112407335999933, -11.850386287999982 ], [ -77.112484685999959, -11.850342667999939 ], [ -77.112562090999972, -11.850306220999869 ], [ -77.112617923999949, -11.850305804999834 ], [ -77.112676423999915, -11.850336454999876 ], [ -77.112928039999929, -11.850540224999975 ], [ -77.112995100999967, -11.850555082999961 ], [ -77.113073211999961, -11.850571423999952 ], [ -77.113154665999957, -11.850556467999979 ], [ -77.113273923999884, -11.850532621999946 ], [ -77.113352597999892, -11.850534903999971 ], [ -77.113422863999858, -11.850580291999961 ], [ -77.113564190999909, -11.85077436399996 ], [ -77.113799671999971, -11.851068817999817 ], [ -77.113944866999987, -11.851250375999825 ], [ -77.114504238999984, -11.850583066999945 ], [ -77.114829166999868, -11.849972757999979 ], [ -77.114890794999894, -11.849971276999952 ], [ -77.115210177999927, -11.849832589999949 ], [ -77.115265688999898, -11.849768350999966 ], [ -77.115680011999984, -11.849365675999934 ], [ -77.115935163999893, -11.849004851999837 ], [ -77.116065289999824, -11.848820832999877 ], [ -77.116215315999966, -11.848608673999934 ], [ -77.115647474999889, -11.848293150999837 ], [ -77.115992915999982, -11.847765264999964 ], [ -77.115644033999956, -11.84747329399994 ], [ -77.115671461999909, -11.847424799999942 ], [ -77.115327984999908, -11.847197172999927 ], [ -77.114901559999907, -11.847790372999896 ], [ -77.114516209999977, -11.847553585999947 ], [ -77.114096265999876, -11.84819751099991 ], [ -77.113867004999918, -11.848097958999915 ], [ -77.113646904999939, -11.848019928999975 ], [ -77.112970820999919, -11.847567633999915 ], [ -77.113043136999977, -11.847327530999962 ], [ -77.113098545999947, -11.847143556999924 ], [ -77.113104613999894, -11.847083120999969 ], [ -77.11323314599997, -11.846698343999947 ], [ -77.113463303999936, -11.846024963999923 ], [ -77.113435268999979, -11.845505389999914 ], [ -77.113506662999953, -11.84549370499991 ], [ -77.113524714999926, -11.845329596999932 ], [ -77.11347923999989, -11.845022585999857 ], [ -77.113471042999947, -11.844967246999886 ], [ -77.113319014999945, -11.844489457999885 ], [ -77.113339097999926, -11.843500073999905 ], [ -77.113340145999928, -11.843379112999855 ], [ -77.113343686999883, -11.842970450999871 ], [ -77.113456964999841, -11.842874323999922 ], [ -77.11434612599993, -11.842119787999934 ], [ -77.114499318999947, -11.842267153999956 ], [ -77.115086238999822, -11.841718253999943 ], [ -77.117723058999957, -11.844428295999876 ], [ -77.117736848999925, -11.844442468999887 ], [ -77.118731762999914, -11.845649784999978 ], [ -77.118864358999872, -11.845844874999955 ], [ -77.119271389999881, -11.846999195999956 ], [ -77.119632, -11.84779995699995 ], [ -77.119950709999955, -11.848204083999917 ], [ -77.120571574999985, -11.848754204999977 ], [ -77.122003338999889, -11.849312595999891 ], [ -77.122792102999938, -11.849598414999832 ], [ -77.123225158999901, -11.849719512999968 ], [ -77.123938917999965, -11.849723724999876 ], [ -77.125103229999979, -11.849600208999959 ], [ -77.125734675, -11.849633728999891 ], [ -77.126220951999983, -11.849730508999926 ], [ -77.126551794999898, -11.849818891999973 ], [ -77.126971508999986, -11.850097904999927 ], [ -77.127259582999955, -11.850306169999953 ], [ -77.128066807999915, -11.851093994999928 ], [ -77.128932816999907, -11.851948328999924 ], [ -77.129438408999988, -11.852657114999943 ], [ -77.12978501099991, -11.853524916999902 ], [ -77.130375305999962, -11.858891664999931 ], [ -77.130413736999969, -11.859339014999932 ], [ -77.130398217999925, -11.859591645999956 ], [ -77.130354280999939, -11.85993631499997 ], [ -77.130280544999948, -11.860195122999869 ], [ -77.130154684999923, -11.860494496999877 ], [ -77.129589415999988, -11.861233339999899 ], [ -77.129185676999953, -11.861764363999953 ], [ -77.12830448699998, -11.861574612999959 ], [ -77.128315081999972, -11.861390795999966 ], [ -77.123400364999839, -11.859169196999915 ], [ -77.123360509999827, -11.860566967999944 ], [ -77.12383008199987, -11.860579674999883 ], [ -77.123773818999894, -11.862948890999917 ], [ -77.123189392999961, -11.862946048999959 ], [ -77.123014135999938, -11.864570761999971 ], [ -77.122697191999919, -11.86457932799982 ], [ -77.122949928999958, -11.865332728999874 ], [ -77.122635387999935, -11.865374633999977 ], [ -77.121019365999985, -11.865103538999847 ], [ -77.1210332039999, -11.864808292999953 ], [ -77.120992882999928, -11.864617295999949 ], [ -77.120877904999929, -11.864315904999955 ], [ -77.120787177999887, -11.864136762999976 ], [ -77.120665465999934, -11.863969331999954 ], [ -77.120543783999892, -11.863805726999942 ], [ -77.120481104999953, -11.863737328999946 ], [ -77.120438259999958, -11.863722345999975 ], [ -77.120391649999931, -11.863722695999968 ], [ -77.120340629999987, -11.863711046999981 ], [ -77.120218504999912, -11.863635230999932 ], [ -77.120121561999952, -11.863556376999895 ], [ -77.120051054999919, -11.863480384999946 ], [ -77.120013103999952, -11.863394966999977 ], [ -77.120013262999976, -11.863214378999942 ], [ -77.120012233999887, -11.863081241999964 ], [ -77.119978755999966, -11.862971303999927 ], [ -77.119928174999984, -11.862859963999938 ], [ -77.119859226999949, -11.86279495399998 ], [ -77.119681499999956, -11.862707242999818 ], [ -77.119389980999927, -11.862582403999966 ], [ -77.118918320999967, -11.862423773999978 ], [ -77.118755010999962, -11.862247412999977 ], [ -77.118580673999929, -11.862005384999918 ], [ -77.118378182999948, -11.861739080999826 ], [ -77.118302767999921, -11.861630987999945 ], [ -77.118213758999957, -11.861573498999974 ], [ -77.118140618999917, -11.861558742999932 ], [ -77.117938735999928, -11.861572496999884 ], [ -77.117601398999909, -11.861550536999857 ], [ -77.117231156999935, -11.861304062999977 ], [ -77.11702754199996, -11.861080406999861 ], [ -77.116974055999947, -11.860995104999972 ], [ -77.116819493999969, -11.860697832999904 ], [ -77.116760780999982, -11.860539110999923 ], [ -77.116701488999979, -11.860305402999927 ], [ -77.116603379999958, -11.860075045999963 ], [ -77.116524516999959, -11.859922595999876 ], [ -77.116390924999962, -11.859767961999978 ], [ -77.116183044999957, -11.85956550599991 ], [ -77.115834217999975, -11.859262033999869 ], [ -77.115643489999911, -11.859139188999904 ], [ -77.115420221999898, -11.858969761999845 ], [ -77.115312405999987, -11.858890987999871 ], [ -77.115199928999971, -11.858812246999946 ], [ -77.115073751999944, -11.858770338999932 ], [ -77.114908792999984, -11.858736372999886 ], [ -77.114599673999976, -11.858616382999912 ], [ -77.114617831999965, -11.858481439999935 ], [ -77.114629258999912, -11.858351269999901 ], [ -77.114601702999948, -11.858203026999888 ], [ -77.114543105999985, -11.857919539999898 ], [ -77.114460173999987, -11.857781692999936 ], [ -77.114344142999983, -11.857644823999976 ], [ -77.114186304999976, -11.857526631999974 ], [ -77.113989188999824, -11.85735210799993 ], [ -77.113731009999867, -11.857042974999956 ], [ -77.113669710999943, -11.857025456999907 ], [ -77.113548336999941, -11.857001876999902 ], [ -77.113390628999923, -11.856900517999975 ], [ -77.113317100999893, -11.856835259999968 ], [ -77.113243678999936, -11.856783773999894 ], [ -77.113123740999981, -11.856744879999951 ], [ -77.113008605999937, -11.856724313999962 ], [ -77.112921448999941, -11.856705068999929 ], [ -77.112854582999887, -11.856697915999973 ], [ -77.112817012999983, -11.856661466999981 ], [ -77.1127556429999, -11.856560917999843 ], [ -77.112725133999959, -11.856432591999976 ], [ -77.112715034999894, -11.856331660999956 ], [ -77.112683063999953, -11.856282487999977 ], [ -77.112576759999911, -11.856130678999932 ], [ -77.11247643199988, -11.856015117999959 ], [ -77.112413767999954, -11.855948246999958 ], [ -77.112385648999918, -11.855928561999917 ], [ -77.112408329999937, -11.855847280999967 ], [ -77.112430574999905, -11.855709378999904 ], [ -77.112426442999947, -11.855576263999978 ], [ -77.112410305999902, -11.855498333999947 ], [ -77.112379478999969, -11.855460613999924 ], [ -77.112229211999932, -11.8553864349999 ], [ -77.112099894999972, -11.855339957999888 ], [ -77.111972024999886, -11.855279695999968 ], [ -77.111897108999983, -11.85523587299997 ], [ -77.111830521999934, -11.855113401999972 ], [ -77.111779524999974, -11.854997853999919 ], [ -77.111763137999844, -11.85491338199995 ], [ -77.111745826999936, -11.854824147999921 ], [ -77.111737055999981, -11.854778939999903 ], [ -77.111675104999847, -11.854602639999882 ], [ -77.11166980899992, -11.854520037999976 ], [ -77.111626592999983, -11.854469911999956 ], [ -77.111456456999974, -11.854355197999951 ], [ -77.111284338999951, -11.854248587999905 ], [ -77.111167427999931, -11.85419895699988 ], [ -77.111050613999964, -11.854161949999934 ], [ -77.110926860999939, -11.854131881999933 ], [ -77.11079607299996, -11.854096127999981 ], [ -77.110742216999938, -11.854063242999928 ], [ -77.110703305999891, -11.854003847999934 ], [ -77.110699209999837, -11.853925826999955 ], [ -77.110726592999981, -11.853849867999884 ], [ -77.110778392999975, -11.853766839999935 ], [ -77.110822865999921, -11.853706697999939 ] ] ] } },
{ "type": "Feature", "properties": { "nombre_distrito": "Ventanilla", "distrito_key": "VENTANILLA", "mesas": 859.0, "total_votantes": 199030.0, "votos_rp": 15228.0, "votos_validos": 167762.0, "votos_chirinos": 63.0, "pct_chirinos": 0.032, "pct_rp": 9.08 }, "geometry": { "type": "Polygon", "coordinates": [ [ [ -77.135207750999882, -11.817821212999945 ], [ -77.137039385999969, -11.817991645999939 ], [ -77.137897165999902, -11.818071461999864 ], [ -77.138349993999896, -11.818113597999968 ], [ -77.139450635999935, -11.818216006999933 ], [ -77.139540103999934, -11.818260898999881 ], [ -77.139647514999979, -11.818589121999878 ], [ -77.139805946999843, -11.818985827999938 ], [ -77.139965091999954, -11.81947435099994 ], [ -77.140231728999879, -11.819801372999905 ], [ -77.140445374999899, -11.819963371999904 ], [ -77.140800985999988, -11.820087852999961 ], [ -77.141104555999902, -11.820169733999933 ], [ -77.141330098999902, -11.820206291999909 ], [ -77.141587720999894, -11.820372689999942 ], [ -77.141928703999952, -11.820660879999878 ], [ -77.142446147999976, -11.820886540999879 ], [ -77.142827687999841, -11.821006090999845 ], [ -77.143294487999981, -11.821102039999971 ], [ -77.143674657999838, -11.821045604999938 ], [ -77.144040730999905, -11.820955094999874 ], [ -77.144364081999925, -11.820803187999843 ], [ -77.144502221999915, -11.820587890999946 ], [ -77.144670951999956, -11.820311146999813 ], [ -77.144956545999946, -11.820079431999886 ], [ -77.145313174999956, -11.819992564999893 ], [ -77.145739587999969, -11.819889866999858 ], [ -77.146018247999962, -11.819765329999939 ], [ -77.146381986999927, -11.819594236999933 ], [ -77.146714716999952, -11.819431030999908 ], [ -77.147105360999944, -11.819277354999883 ], [ -77.147423599999968, -11.819204003999971 ], [ -77.147544926999956, -11.819228761999966 ], [ -77.1480732899999, -11.819336580999902 ], [ -77.148308210999971, -11.819579662999956 ], [ -77.148420828999974, -11.820076182999912 ], [ -77.148416403999931, -11.820504721999839 ], [ -77.148555461999933, -11.820996132999824 ], [ -77.148749903999942, -11.821435726999937 ], [ -77.149201766999909, -11.821608297999944 ], [ -77.149723176999885, -11.821734430999982 ], [ -77.150367366999888, -11.821668334999913 ], [ -77.150909806999948, -11.821503533999874 ], [ -77.151272095999957, -11.821320386999901 ], [ -77.151351611999985, -11.821314479999955 ], [ -77.152020067999956, -11.821280889999912 ], [ -77.152131449999956, -11.821275292999928 ], [ -77.152478486999939, -11.821257853999896 ], [ -77.153304860999924, -11.82140622999998 ], [ -77.153768897999953, -11.821831326999927 ], [ -77.153983779999976, -11.822245402999954 ], [ -77.154295899999966, -11.822426677999943 ], [ -77.154715081999939, -11.822392887999911 ], [ -77.155180866999899, -11.822358742999938 ], [ -77.155511031999879, -11.822434372999965 ], [ -77.155790591999903, -11.822851481999919 ], [ -77.155996909999942, -11.823408498999925 ], [ -77.156278823999969, -11.824062807999894 ], [ -77.156505450999987, -11.824866135999912 ], [ -77.15665686299991, -11.825354702999959 ], [ -77.156771490999972, -11.82584733099992 ], [ -77.161251217999904, -11.824830083999871 ], [ -77.161810573999901, -11.824848714999973 ], [ -77.162433323999949, -11.825019959999963 ], [ -77.162877025999876, -11.825227953999843 ], [ -77.163049991999969, -11.825405501999967 ], [ -77.163216347999878, -11.825817430999962 ], [ -77.16336849299995, -11.826397807999911 ], [ -77.16355002399996, -11.826763710999899 ], [ -77.163824039999895, -11.827037085999962 ], [ -77.164135417999887, -11.827122705999955 ], [ -77.164414975999932, -11.827112920999923 ], [ -77.16482920299984, -11.827057173999947 ], [ -77.165462938999951, -11.827028403999975 ], [ -77.165920297999946, -11.826910134999935 ], [ -77.166198047999956, -11.82667080799996 ], [ -77.166382471999839, -11.826416890999894 ], [ -77.166590618999919, -11.826216353999826 ], [ -77.166788108999981, -11.826108891999979 ], [ -77.16716762599998, -11.825902303999953 ], [ -77.167510280999977, -11.825767692999932 ], [ -77.167899990999899, -11.825690109999869 ], [ -77.168288429999961, -11.825669184999924 ], [ -77.168634749999853, -11.825782053999944 ], [ -77.168821499999922, -11.825947051999833 ], [ -77.169001831999935, -11.826159923999967 ], [ -77.169213713999966, -11.826433767999958 ], [ -77.169448415999852, -11.826646222999955 ], [ -77.169651084999941, -11.826736493999874 ], [ -77.170032008999897, -11.826810846999877 ], [ -77.170122524999954, -11.826803665999932 ], [ -77.170296741999948, -11.826733466999883 ], [ -77.170848699999965, -11.826545600999964 ], [ -77.171307542999955, -11.826369923999891 ], [ -77.172022155999912, -11.826123421999966 ], [ -77.17260278599997, -11.825877944999888 ], [ -77.17316670799994, -11.825730154999917 ], [ -77.173643929999969, -11.825669109999922 ], [ -77.174129728999958, -11.825606038999865 ], [ -77.174423658999899, -11.825554096999895 ], [ -77.174790334999955, -11.825511113999823 ], [ -77.175280792999956, -11.825650823999922 ], [ -77.175742941999943, -11.825894048999885 ], [ -77.175776718999941, -11.825912327999959 ], [ -77.176234398999895, -11.82616000299987 ], [ -77.176672203999885, -11.826271419999955 ], [ -77.176906877999954, -11.826375194999912 ], [ -77.177071693999892, -11.826549300999943 ], [ -77.177096688999939, -11.826763357999937 ], [ -77.177005299999905, -11.82699361199991 ], [ -77.176890668999931, -11.827231695999899 ], [ -77.176730585999906, -11.827615511999966 ], [ -77.176701634999915, -11.827883544999906 ], [ -77.176718863999952, -11.828097661999948 ], [ -77.176853325999957, -11.82840269999997 ], [ -77.177045834999888, -11.828643222999972 ], [ -77.177197378999892, -11.82869082499991 ], [ -77.177687071999912, -11.828732975999969 ], [ -77.17811426399993, -11.828729694999936 ], [ -77.178525316999924, -11.828650019999941 ], [ -77.178826477999962, -11.828425806999917 ], [ -77.179267446999972, -11.82820051799996 ], [ -77.179682150999895, -11.827999661999911 ], [ -77.179736141999911, -11.827985342999909 ], [ -77.180127849999906, -11.827881459999901 ], [ -77.180439006999904, -11.827851049999879 ], [ -77.180710457999965, -11.827886545999888 ], [ -77.181158202999882, -11.828026572999931 ], [ -77.181846245999964, -11.82819599499993 ], [ -77.182622651999907, -11.828151761999891 ], [ -77.183141768999974, -11.827937234999922 ], [ -77.183271888999968, -11.82789030999993 ], [ -77.183336248999979, -11.827808956999945 ], [ -77.183373035999921, -11.827550427999881 ], [ -77.183563342999946, -11.827061165999908 ], [ -77.183745647999956, -11.826787169999875 ], [ -77.183847943999979, -11.826667727999961 ], [ -77.184005395999918, -11.826483883999913 ], [ -77.184032915999978, -11.826439894999908 ], [ -77.18418276999995, -11.826200360999906 ], [ -77.184350624, -11.825940822999939 ], [ -77.184558110999944, -11.825781408999887 ], [ -77.18470332499993, -11.82572768499989 ], [ -77.184866884999963, -11.825712083999917 ], [ -77.185077301999968, -11.825748715999964 ], [ -77.185374329999945, -11.825861203999921 ], [ -77.185649339999884, -11.826001924999844 ], [ -77.185788661999936, -11.826073215999884 ], [ -77.186736178, -11.826732895999839 ], [ -77.186782813999969, -11.826765364999972 ], [ -77.187292875999958, -11.827253436999911 ], [ -77.187442932999943, -11.827459497999939 ], [ -77.187535016999959, -11.827585947999978 ], [ -77.187587814999972, -11.827659267999934 ], [ -77.187770642999965, -11.827913153999873 ], [ -77.187905602999876, -11.828279393999878 ], [ -77.187943992999919, -11.828503023999929 ], [ -77.187955173999967, -11.828568154999971 ], [ -77.187955466999824, -11.828569930999947 ], [ -77.187937485999953, -11.828570228999979 ], [ -77.187808611999913, -11.828529353999954 ], [ -77.187728486999958, -11.82846872999994 ], [ -77.187609360999943, -11.828515603999904 ], [ -77.187548860999925, -11.828503853999905 ], [ -77.187458861999858, -11.82846872999994 ], [ -77.187367236999989, -11.828425729999935 ], [ -77.187259735999987, -11.828388728999869 ], [ -77.187097610999899, -11.828361354999913 ], [ -77.18694723599998, -11.828361354999913 ], [ -77.186863236999955, -11.828371104999917 ], [ -77.186798860999943, -11.828400354999872 ], [ -77.18675198699998, -11.828443354999877 ], [ -77.186681610999926, -11.828572229999963 ], [ -77.186638610999921, -11.828650478999975 ], [ -77.186589861999892, -11.828777354999886 ], [ -77.186499986999934, -11.828878854999914 ], [ -77.186394485999983, -11.82899222899988 ], [ -77.18634186099996, -11.829091854999888 ], [ -77.186232361999885, -11.829253854999877 ], [ -77.186244110999894, -11.829345603999911 ], [ -77.186210986999981, -11.829414103999909 ], [ -77.186173861999919, -11.829462853999928 ], [ -77.186165985999821, -11.829540979999933 ], [ -77.186165985999821, -11.829634729999952 ], [ -77.186181610999938, -11.829703104999908 ], [ -77.186202985999955, -11.82976172899987 ], [ -77.186304735999954, -11.829886728999952 ], [ -77.186386735999974, -11.829949229999954 ], [ -77.186480486999983, -11.829999979999968 ], [ -77.18655661199989, -11.830078103999938 ], [ -77.186587860999907, -11.830189479999945 ], [ -77.18661323699996, -11.830283228999974 ], [ -77.186644486999967, -11.830335979999973 ], [ -77.186744110999939, -11.830380854999873 ], [ -77.186804735999829, -11.830388729999981 ], [ -77.18686523699995, -11.830388729999981 ], [ -77.186972610999931, -11.830413979999946 ], [ -77.187023485999987, -11.83045310499989 ], [ -77.187056610999946, -11.830496104999895 ], [ -77.187099611999884, -11.830630853999935 ], [ -77.187103485999955, -11.830693353999948 ], [ -77.187126985999953, -11.830748104999884 ], [ -77.187189485999966, -11.830763728999841 ], [ -77.187247985999988, -11.830810604999897 ], [ -77.187267611999914, -11.830863229999977 ], [ -77.187283236999974, -11.830988229999946 ], [ -77.187277360999929, -11.8310683549999 ], [ -77.187242235999975, -11.831144478999818 ], [ -77.187191361999908, -11.83118160499987 ], [ -77.187146485999961, -11.831226603999937 ], [ -77.187119110999902, -11.831290979999949 ], [ -77.187160110999912, -11.831404353999915 ], [ -77.187152360999903, -11.83152535399995 ], [ -77.187150360999908, -11.831597604999899 ], [ -77.187132860999952, -11.831652354999903 ], [ -77.187093735999952, -11.831705104999912 ], [ -77.187021485999821, -11.831746104999922 ], [ -77.186929735999968, -11.831761729999926 ], [ -77.186843860999943, -11.831728479999981 ], [ -77.18671098599998, -11.831671854999911 ], [ -77.186636735999969, -11.831671854999911 ], [ -77.186548860999949, -11.831689479999966 ], [ -77.186478485999942, -11.831685604999905 ], [ -77.186361360999911, -11.831716854999911 ], [ -77.186228485999948, -11.831773478999878 ], [ -77.186189486999979, -11.83185347999995 ], [ -77.186132861999909, -11.832068353999944 ], [ -77.186115236999967, -11.832242229999963 ], [ -77.18607611199991, -11.832449229999952 ], [ -77.186013610999908, -11.832728479999957 ], [ -77.185917985999822, -11.832962853999902 ], [ -77.185886735999986, -11.833095729999968 ], [ -77.185837861999914, -11.83339060499992 ], [ -77.185718735999956, -11.833705104999922 ], [ -77.185691360999897, -11.833878854999909 ], [ -77.185658235999824, -11.834017603999939 ], [ -77.18561511199988, -11.834130853999909 ], [ -77.185583985999983, -11.834183603999918 ], [ -77.185499985999968, -11.834275354999875 ], [ -77.185443360999898, -11.834357479999937 ], [ -77.185345736999977, -11.834466854999903 ], [ -77.185279235999985, -11.834605478999833 ], [ -77.185251986999958, -11.834675728999969 ], [ -77.185193361999893, -11.834800728999824 ], [ -77.185064485999987, -11.835118979999947 ], [ -77.184994111999913, -11.835335979999968 ], [ -77.184929736999948, -11.835529354999892 ], [ -77.184880861999886, -11.835667978999879 ], [ -77.184824235999827, -11.835777353999958 ], [ -77.184773485999983, -11.835917979999977 ], [ -77.184728486999973, -11.8360663549999 ], [ -77.184658235999962, -11.836283228999889 ], [ -77.184617235999951, -11.836402354999905 ], [ -77.184605486999942, -11.836482478999869 ], [ -77.184617235999951, -11.836583979999943 ], [ -77.184644485999968, -11.836636729999952 ], [ -77.184664110999904, -11.836710979999964 ], [ -77.184662110999909, -11.836873104999938 ], [ -77.18469536099991, -11.836962729999982 ], [ -77.184720735999974, -11.837029353999924 ], [ -77.184724610999922, -11.837128854999889 ], [ -77.184753861999866, -11.837240229999964 ], [ -77.184790986999985, -11.837328104999926 ], [ -77.184837861999881, -11.83743560399995 ], [ -77.184872985999959, -11.837509729999965 ], [ -77.184915985999965, -11.837542979999967 ], [ -77.184974611999905, -11.837560603999975 ], [ -77.185031235999986, -11.837560604999908 ], [ -77.185085985999876, -11.837527353999917 ], [ -77.185191361999898, -11.83743560399995 ], [ -77.185302736999972, -11.83736147999997 ], [ -77.185531235999974, -11.837355478999882 ], [ -77.185607360999938, -11.837322229999927 ], [ -77.185691360999897, -11.83733785499993 ], [ -77.185744110999906, -11.83738285499993 ], [ -77.185794861999909, -11.837462854999899 ], [ -77.185826235999969, -11.837544978999972 ], [ -77.18581048599998, -11.837599604999923 ], [ -77.185804735999966, -11.837662103999946 ], [ -77.185845736999966, -11.83770697999995 ], [ -77.185968736999939, -11.837734353999963 ], [ -77.186105485999974, -11.837790854999866 ], [ -77.186093736999965, -11.837867229999972 ], [ -77.186021486999948, -11.837958978999836 ], [ -77.186011736999944, -11.838042978999965 ], [ -77.186029361999886, -11.83812697999997 ], [ -77.18607611199991, -11.838165979999928 ], [ -77.186193361999869, -11.838181604999932 ], [ -77.186294985999837, -11.838251978999892 ], [ -77.186388610999927, -11.8383066049999 ], [ -77.186439485999983, -11.838351479999972 ], [ -77.186488235999946, -11.838374979999969 ], [ -77.186550861999933, -11.83845697899983 ], [ -77.186593736999953, -11.838550729999952 ], [ -77.186580110999955, -11.838720729999977 ], [ -77.186664110999914, -11.838796854999885 ], [ -77.186720735999984, -11.838828103999958 ], [ -77.186861360999956, -11.838837854999895 ], [ -77.186894486999961, -11.838882854999895 ], [ -77.186861361999888, -11.838982478999981 ], [ -77.186804735999829, -11.839042978999885 ], [ -77.186714861999917, -11.839095728999894 ], [ -77.186577985999975, -11.839146479999954 ], [ -77.186431610999932, -11.839234228999942 ], [ -77.186331985999971, -11.83934572999982 ], [ -77.186191360999942, -11.839458978999971 ], [ -77.186246111999878, -11.839521479999974 ], [ -77.186261735999949, -11.839583979999816 ], [ -77.186306610999907, -11.839652353999952 ], [ -77.18637298699997, -11.839683603999958 ], [ -77.186429736999969, -11.839699229999951 ], [ -77.186494110999945, -11.839726603999964 ], [ -77.186537111999883, -11.839861354999925 ], [ -77.186548860999949, -11.839949228999842 ], [ -77.186548860999949, -11.84003910399997 ], [ -77.186525360999894, -11.840148479999982 ], [ -77.186466735999943, -11.840189478999889 ], [ -77.186345735999964, -11.840173854999932 ], [ -77.186238236999941, -11.840179728999885 ], [ -77.186119111999915, -11.840212854999891 ], [ -77.186001985999951, -11.84028122899997 ], [ -77.185919860999888, -11.840345728999978 ], [ -77.185818360999917, -11.84039260499992 ], [ -77.185671860999946, -11.840394479999929 ], [ -77.185578110999927, -11.840412104999928 ], [ -77.185509735999972, -11.840412104999928 ], [ -77.185355486999981, -11.840394479999929 ], [ -77.185269485999981, -11.840404354999919 ], [ -77.185121111999877, -11.840378854999926 ], [ -77.185042985999985, -11.840365229999975 ], [ -77.1849316119999, -11.840298853999968 ], [ -77.184790986999985, -11.840261729999952 ], [ -77.184673861999897, -11.840236354999945 ], [ -77.184607361999895, -11.840261728999849 ], [ -77.184507860999929, -11.840308604999905 ], [ -77.18438473599997, -11.84032222999997 ], [ -77.184277360999943, -11.840359354999919 ], [ -77.184150360999922, -11.840378854999926 ], [ -77.184048860999951, -11.840357479999966 ], [ -77.183972611999877, -11.840298853999968 ], [ -77.183894485999986, -11.840240229999949 ], [ -77.183810611999888, -11.840216854999937 ], [ -77.183701110999891, -11.840269479999961 ], [ -77.183583861999978, -11.84028710399997 ], [ -77.18348636099995, -11.840285104999907 ], [ -77.183398486999977, -11.840255854999896 ], [ -77.183341985999846, -11.840269479999961 ], [ -77.183269485999972, -11.840269479999961 ], [ -77.183185486999946, -11.840290979999963 ], [ -77.183068361999915, -11.840277354999898 ], [ -77.182953110999904, -11.840242228999898 ], [ -77.182843735999938, -11.840197229999944 ], [ -77.182722611999907, -11.840179728999885 ], [ -77.182667985999956, -11.840230478999842 ], [ -77.182640611999886, -11.840312478999977 ], [ -77.182503861999862, -11.840529354999944 ], [ -77.182462860999919, -11.840601604999904 ], [ -77.182433610999908, -11.840705104999927 ], [ -77.182419860999914, -11.840824229999953 ], [ -77.182400361999896, -11.840968728999883 ], [ -77.182374985999957, -11.841072229999952 ], [ -77.182376985999952, -11.841205103999926 ], [ -77.182396485999959, -11.84128910499993 ], [ -77.182374986999946, -11.84141010399992 ], [ -77.182324236999989, -11.841539103999935 ], [ -77.182259735999935, -11.841660103999914 ], [ -77.182195360999913, -11.841810604999921 ], [ -77.182212860999925, -11.841865229999939 ], [ -77.182261736999976, -11.841898478999894 ], [ -77.182320361999871, -11.841910104999897 ], [ -77.182439485999964, -11.841906103999918 ], [ -77.182558610999934, -11.841929728999901 ], [ -77.182638736999934, -11.841978478999977 ], [ -77.182681610999907, -11.84203322999997 ], [ -77.182722610999917, -11.842105478999883 ], [ -77.182790986999976, -11.842158229999825 ], [ -77.182857361999879, -11.842167979999942 ], [ -77.182966736999958, -11.842175728999962 ], [ -77.183064486999967, -11.842193354999893 ], [ -77.183162111999877, -11.842246103999969 ], [ -77.183206986999949, -11.842302728999869 ], [ -77.183216860999948, -11.842386604999888 ], [ -77.183031236999966, -11.842560604999903 ], [ -77.182994110999914, -11.842646479999814 ], [ -77.182990235999966, -11.842728479999948 ], [ -77.183001985999965, -11.842830104999905 ], [ -77.183001985999965, -11.842931604999933 ], [ -77.183027361999905, -11.843007854999939 ], [ -77.183107360999884, -11.84297072999982 ], [ -77.183177735999948, -11.84297072999982 ], [ -77.183249986999954, -11.843013729999825 ], [ -77.183345736999968, -11.843124978999981 ], [ -77.183470735999947, -11.843175729999814 ], [ -77.183531110999922, -11.843183604999922 ], [ -77.183622985999989, -11.843201229999977 ], [ -77.183740235999949, -11.843185604999917 ], [ -77.183896485999981, -11.843144478999875 ], [ -77.184066236999968, -11.843111353999973 ], [ -77.184154236999973, -11.843109229999982 ], [ -77.184242236999978, -11.843070354999952 ], [ -77.184332110999947, -11.843080104999899 ], [ -77.184287111999879, -11.843150354999921 ], [ -77.184201235999979, -11.843169979999971 ], [ -77.184140610999918, -11.843189478999875 ], [ -77.184095735999961, -11.843234354999936 ], [ -77.184140610999918, -11.843351604999953 ], [ -77.184199110999884, -11.843412104999913 ], [ -77.184285110999895, -11.843466854999917 ], [ -77.184333985999956, -11.843546854999943 ], [ -77.184320360999948, -11.843609354999899 ], [ -77.184304861999919, -11.843734353999935 ], [ -77.184228486999984, -11.843839854999942 ], [ -77.184191360999932, -11.843927729999962 ], [ -77.184128861999909, -11.843994104999922 ], [ -77.184087860999909, -11.844044978999875 ], [ -77.184040985999957, -11.84415622899985 ], [ -77.183976610999935, -11.844263729999966 ], [ -77.183890610999924, -11.844365104999895 ], [ -77.183767610999951, -11.844439479999949 ], [ -77.183617235999975, -11.84446872999996 ], [ -77.18352148699995, -11.844484354999906 ], [ -77.183417985999824, -11.844486354999901 ], [ -77.183261736999953, -11.844509728999981 ], [ -77.183130860999938, -11.844515604999913 ], [ -77.183009736999963, -11.844517604999908 ], [ -77.182927735999954, -11.844476604999954 ], [ -77.182851611999922, -11.844408229999829 ], [ -77.182814485999984, -11.844365104999895 ], [ -77.182761735999975, -11.844343729999821 ], [ -77.182671861999893, -11.844388729999878 ], [ -77.182595736999986, -11.844394478999845 ], [ -77.18252348599998, -11.844367228999886 ], [ -77.182474610999918, -11.844331979999936 ], [ -77.182433611999897, -11.844284979999941 ], [ -77.182415985999967, -11.844226604999903 ], [ -77.182421861999899, -11.844132854999941 ], [ -77.182349610999893, -11.84409960499994 ], [ -77.182206985999983, -11.844158228999902 ], [ -77.182089860999895, -11.844214854999905 ], [ -77.18201561099994, -11.844251979999967 ], [ -77.18197461099993, -11.84429885499992 ], [ -77.18195323599997, -11.844369104999942 ], [ -77.181941360999929, -11.844429729999831 ], [ -77.181902361999903, -11.844533229999968 ], [ -77.181867236999949, -11.844601604999923 ], [ -77.181767610999941, -11.844720728999903 ], [ -77.181689486999971, -11.844783229999962 ], [ -77.181591861999891, -11.844837854999923 ], [ -77.181511736999937, -11.844867228999874 ], [ -77.181443361999868, -11.844908228999884 ], [ -77.181380860999923, -11.844958979999944 ], [ -77.181341736999968, -11.845019479999962 ], [ -77.181337860999918, -11.845087854999917 ], [ -77.181351610999911, -11.84518747899989 ], [ -77.181328110999914, -11.845294979999835 ], [ -77.181265610999901, -11.845386729999973 ], [ -77.181199235999941, -11.845398479999972 ], [ -77.181134736999979, -11.845371104999913 ], [ -77.181066361999854, -11.845324228999857 ], [ -77.180980485999953, -11.845290978999969 ], [ -77.180921861999877, -11.84528322999995 ], [ -77.180808610999918, -11.845220728999891 ], [ -77.180730486999948, -11.845208978999892 ], [ -77.180609360999938, -11.845181604999937 ], [ -77.180550735999987, -11.84519535499993 ], [ -77.180466735999971, -11.845201229999873 ], [ -77.18038086099989, -11.845205103999945 ], [ -77.180324110999891, -11.845181603999947 ], [ -77.18028711199986, -11.845130854999923 ], [ -77.180251985999973, -11.84504297999996 ], [ -77.180216860999906, -11.844988229999956 ], [ -77.180142610999894, -11.844929728999887 ], [ -77.180080111999871, -11.84487310499992 ], [ -77.180003735999946, -11.844855479999978 ], [ -77.17990423599997, -11.844816354999921 ], [ -77.179855485999951, -11.84474997999996 ], [ -77.179773485999988, -11.844681603999959 ], [ -77.179705110999919, -11.844646478999891 ], [ -77.179648485999962, -11.844665978999842 ], [ -77.179638611999849, -11.844720729999949 ], [ -77.179646486999957, -11.844837853999934 ], [ -77.179624985999965, -11.844912104999935 ], [ -77.179527360999941, -11.845003854999902 ], [ -77.179458986999975, -11.845035104999909 ], [ -77.179384735999975, -11.84504297999996 ], [ -77.179300736999949, -11.845023479999952 ], [ -77.17922073699998, -11.844992229999832 ], [ -77.179099610999913, -11.844917979999821 ], [ -77.179027360999896, -11.844915979999939 ], [ -77.17888073599994, -11.844908229999874 ], [ -77.178818360999912, -11.844888728999877 ], [ -77.178746235999881, -11.844822229999977 ], [ -77.178591860999916, -11.844744104999904 ], [ -77.178519485999971, -11.844736353999963 ], [ -77.178408236999985, -11.844712729999969 ], [ -77.178302735999978, -11.844664103999946 ], [ -77.178246110999908, -11.844605353999953 ], [ -77.178294861999973, -11.844542979999972 ], [ -77.178355485999987, -11.844503853999925 ], [ -77.178232361999846, -11.844476604999954 ], [ -77.178105361999883, -11.844462854999904 ], [ -77.178019486999972, -11.844476604999954 ], [ -77.177931611999895, -11.84457222899988 ], [ -77.177802736999979, -11.844665979999945 ], [ -77.177732486999957, -11.84471272899998 ], [ -77.177669985999955, -11.844706979999955 ], [ -77.177607486999989, -11.844658104999894 ], [ -77.177568361999988, -11.844613229999936 ], [ -77.177509735999934, -11.844576229999973 ], [ -77.177445360999911, -11.844556603999933 ], [ -77.177388611999845, -11.844476604999954 ], [ -77.177388610999913, -11.844402354999943 ], [ -77.177363236999952, -11.844337978999874 ], [ -77.177290985999946, -11.844324228999881 ], [ -77.177099610999903, -11.84429885499992 ], [ -77.177005860999884, -11.844246104999911 ], [ -77.176917985999978, -11.844218729999966 ], [ -77.176816361999897, -11.844275354999922 ], [ -77.176765611999883, -11.844347604999939 ], [ -77.176730486999986, -11.844455104999952 ], [ -77.176636736999967, -11.844546854999919 ], [ -77.176550735999967, -11.844556604999923 ], [ -77.17643748699993, -11.844607479999979 ], [ -77.176312485999972, -11.844623104999926 ], [ -77.176253860999907, -11.844650354999942 ], [ -77.176160110999888, -11.844711104999931 ], [ -77.176115235999987, -11.844777354999906 ], [ -77.176099610999927, -11.844831979999981 ], [ -77.176060485999983, -11.84487310499992 ], [ -77.17608398699997, -11.844937479999942 ], [ -77.176165986999933, -11.844986354999946 ], [ -77.176228486999946, -11.84500197999995 ], [ -77.176320361999899, -11.845005728999979 ], [ -77.176400360999878, -11.845009729999958 ], [ -77.176445361999868, -11.845060603999968 ], [ -77.176371110999924, -11.845101604999911 ], [ -77.176273486999946, -11.845156229999816 ], [ -77.176189485999942, -11.845146479999869 ], [ -77.176072236999971, -11.845156229999816 ], [ -77.175925735999954, -11.845249979999949 ], [ -77.175872985999945, -11.845222603999957 ], [ -77.175818360999926, -11.845160104999934 ], [ -77.175714860999904, -11.845087854999917 ], [ -77.175685486999953, -11.845031229999961 ], [ -77.175654360999943, -11.844960979999826 ], [ -77.175585985999987, -11.84485347899988 ], [ -77.175464860999909, -11.844711104999931 ], [ -77.175410110999906, -11.844613229999936 ], [ -77.175367235999943, -11.84456060399998 ], [ -77.175306611999986, -11.844490229999963 ], [ -77.175212861999853, -11.844410104999895 ], [ -77.175124985999958, -11.844388729999878 ], [ -77.174999986999978, -11.844388729999878 ], [ -77.174902361999898, -11.844371104999937 ], [ -77.174822236999944, -11.844369104999942 ], [ -77.174667986999964, -11.844363229999942 ], [ -77.174593736999952, -11.844373104999931 ], [ -77.17453123599995, -11.844371103999947 ], [ -77.174400361999972, -11.844419979999827 ], [ -77.174306611999896, -11.844439479999949 ], [ -77.174255860999892, -11.844464854999899 ], [ -77.174099610999917, -11.844521479999969 ], [ -77.173931612, -11.844619104999936 ], [ -77.173824236999963, -11.844677729999944 ], [ -77.173691361999886, -11.844787104999909 ], [ -77.173630860999879, -11.84486910499993 ], [ -77.173583985999983, -11.84491410499993 ], [ -77.173509610999986, -11.845005729999968 ], [ -77.173429735999946, -11.845099603999927 ], [ -77.17339448599995, -11.845146478999879 ], [ -77.173337860999879, -11.845206979999944 ], [ -77.173267735999957, -11.845304729999953 ], [ -77.173236360999908, -11.845359354999914 ], [ -77.173165986999948, -11.845341854999958 ], [ -77.17310548599994, -11.845414104999918 ], [ -77.172955111999897, -11.845544978999897 ], [ -77.172919861999844, -11.845593853999958 ], [ -77.172843736999937, -11.845679729999972 ], [ -77.172740236999971, -11.845912103999979 ], [ -77.172671860999912, -11.845978479999815 ], [ -77.172593735999953, -11.846023479999872 ], [ -77.172437486999968, -11.846134728999971 ], [ -77.172341735999964, -11.846224603999929 ], [ -77.172154235999983, -11.846355479999829 ], [ -77.172089860999904, -11.846415979999961 ], [ -77.172033235999947, -11.846478479999973 ], [ -77.17195698699993, -11.846574229999874 ], [ -77.171904235999989, -11.846664104999945 ], [ -77.171853486999964, -11.846763728999861 ], [ -77.171775360999902, -11.846888729999876 ], [ -77.171605486999965, -11.847152354999935 ], [ -77.171527361999892, -11.847374978999881 ], [ -77.171458986999937, -11.847581979999973 ], [ -77.171398485999987, -11.847722603999955 ], [ -77.17135161099992, -11.847824229999958 ], [ -77.171310485999982, -11.847882854999909 ], [ -77.171277360999909, -11.847931604999928 ], [ -77.171134736999932, -11.848085979999837 ], [ -77.171029235999981, -11.848181604999922 ], [ -77.170872985999949, -11.848367228999905 ], [ -77.170818360999874, -11.84844135499992 ], [ -77.170648611999923, -11.848642604999952 ], [ -77.170499985999982, -11.848806603999947 ], [ -77.170292985999936, -11.849109354999939 ], [ -77.170162111999844, -11.849331979999818 ], [ -77.170119110999906, -11.849369104999937 ], [ -77.170078110999896, -11.849423854999941 ], [ -77.170015610999883, -11.849490229999958 ], [ -77.169849610999904, -11.849669978999884 ], [ -77.169736360999877, -11.849804728999914 ], [ -77.169542985999954, -11.850048854999955 ], [ -77.169421860999876, -11.850228479999828 ], [ -77.169374986999969, -11.85028710499995 ], [ -77.16920686099985, -11.850505853999948 ], [ -77.169083986999965, -11.850687478999873 ], [ -77.169001985999955, -11.850841853999952 ], [ -77.168847611999979, -11.851121104999947 ], [ -77.168826110999987, -11.851199229999963 ], [ -77.16871873599996, -11.851466854999956 ], [ -77.168611360999876, -11.851748103999967 ], [ -77.168550735999986, -11.851851604999922 ], [ -77.168497985999977, -11.851956979999954 ], [ -77.16842973699994, -11.852056604999916 ], [ -77.168314485999986, -11.852183604999937 ], [ -77.168244235999964, -11.852285104999908 ], [ -77.168162111999891, -11.852423853999937 ], [ -77.168124985999953, -11.852499979999834 ], [ -77.168081985999947, -11.852539103999959 ], [ -77.16805073699993, -11.852593729999967 ], [ -77.167960985999969, -11.852683604999925 ], [ -77.167869110999902, -11.852798853999957 ], [ -77.167736235999939, -11.852933604999919 ], [ -77.167654235999976, -11.853119104999905 ], [ -77.167546860999892, -11.853251979999982 ], [ -77.167480486999921, -11.853302729999882 ], [ -77.167439486999967, -11.853355478999902 ], [ -77.167394485999978, -11.853419978999909 ], [ -77.167398485999968, -11.853476728999908 ], [ -77.167468860999918, -11.853568354999936 ], [ -77.16752923699994, -11.85361910499995 ], [ -77.167595735999953, -11.85366597999996 ], [ -77.16768348599993, -11.85370510499996 ], [ -77.167738236999924, -11.853724603999979 ], [ -77.167816360999893, -11.853779354999972 ], [ -77.167884736999952, -11.853810604999921 ], [ -77.168035110999881, -11.853921853999964 ], [ -77.168126985999947, -11.853974603999973 ], [ -77.168203110999912, -11.854054729999973 ], [ -77.168353485999944, -11.854117354999971 ], [ -77.168412111999885, -11.854208979999839 ], [ -77.168390611999882, -11.85428122999997 ], [ -77.16832411099989, -11.854298854999968 ], [ -77.168249986999967, -11.854273478999914 ], [ -77.168080111999984, -11.854140604999941 ], [ -77.167810611999982, -11.853972603999978 ], [ -77.167667985999969, -11.853833979999877 ], [ -77.167583986999944, -11.853783229999976 ], [ -77.167476610999927, -11.853740229999971 ], [ -77.167388611999968, -11.853757854999969 ], [ -77.167314485999952, -11.853810603999932 ], [ -77.167273485999942, -11.853863228999899 ], [ -77.16720298599995, -11.853925729999958 ], [ -77.167144486999916, -11.854048853999927 ], [ -77.167074235999962, -11.854177729999833 ], [ -77.167068485999948, -11.854273478999914 ], [ -77.167042986999945, -11.854345728999874 ], [ -77.166949236999926, -11.854527354999959 ], [ -77.166857361999973, -11.854757853999956 ], [ -77.166732360999902, -11.8549882289999 ], [ -77.166683610999883, -11.855070354999953 ], [ -77.16666211099988, -11.855138729999851 ], [ -77.166622986999926, -11.855218729999876 ], [ -77.16658986099992, -11.85528910499994 ], [ -77.166513736999946, -11.855410104999919 ], [ -77.166423860999885, -11.855542978999893 ], [ -77.166369111999984, -11.855605478999905 ], [ -77.166312485999981, -11.855669979999846 ], [ -77.166220735999957, -11.855841854999937 ], [ -77.166111360999878, -11.855978479999976 ], [ -77.165921860999902, -11.856183603999966 ], [ -77.165802735999989, -11.856328103999942 ], [ -77.165634735999959, -11.856529353999974 ], [ -77.165581986999939, -11.856591854999976 ], [ -77.165544861999877, -11.856654354999932 ], [ -77.165511736999918, -11.856697229999838 ], [ -77.165390610999907, -11.856902353999942 ], [ -77.165341861999877, -11.856999979999841 ], [ -77.165326111999832, -11.857058479999978 ], [ -77.165249985999935, -11.85723247999988 ], [ -77.165201236999962, -11.857331978999866 ], [ -77.165160111999967, -11.8574044799999 ], [ -77.165074235999953, -11.857537104999949 ], [ -77.165013735999935, -11.857650353999929 ], [ -77.16493948599998, -11.857769479999831 ], [ -77.164818360999902, -11.857968729999982 ], [ -77.164753860999895, -11.858068354999943 ], [ -77.164699236, -11.858165978999864 ], [ -77.164603485999976, -11.85836522999989 ], [ -77.164525361999836, -11.858523479999974 ], [ -77.164480486999935, -11.858585979999873 ], [ -77.164410110999881, -11.858693354999957 ], [ -77.164382860999922, -11.85875585399998 ], [ -77.164355485999977, -11.858820354999978 ], [ -77.164273485999956, -11.858949228999904 ], [ -77.164228485999956, -11.859015603999978 ], [ -77.164193360999889, -11.85909372999987 ], [ -77.164124985999933, -11.859212853999963 ], [ -77.164003860999856, -11.85941022999998 ], [ -77.163722611999958, -11.859837978999906 ], [ -77.163675611999963, -11.859884729999976 ], [ -77.163593860999924, -11.860009729999888 ], [ -77.163517610999918, -11.860146479999969 ], [ -77.163414111999884, -11.860314478999896 ], [ -77.163384735999955, -11.860373103999962 ], [ -77.163320360999876, -11.860474604999922 ], [ -77.163269486999923, -11.860556604999942 ], [ -77.163212861999966, -11.860652354999957 ], [ -77.163124985999957, -11.860785104999934 ], [ -77.163044985999989, -11.860917979999897 ], [ -77.163005985999973, -11.86099022999997 ], [ -77.162956985999983, -11.861074229999872 ], [ -77.162917986999958, -11.86115435499994 ], [ -77.162878860999854, -11.861205104999954 ], [ -77.162804736999931, -11.86133410399998 ], [ -77.162777360999883, -11.861392604999935 ], [ -77.162732486999971, -11.861458978999906 ], [ -77.162679735999973, -11.861544978999916 ], [ -77.162640610999858, -11.861623104999978 ], [ -77.162550736999947, -11.861789103999968 ], [ -77.162525486999925, -11.861847604999923 ], [ -77.162496110999882, -11.861908229999869 ], [ -77.16238086099986, -11.862169979999862 ], [ -77.162331986999902, -11.862271478999901 ], [ -77.162238235999951, -11.862464853999938 ], [ -77.162218736999932, -11.862523479999879 ], [ -77.162165985999934, -11.862609353999972 ], [ -77.162117235999972, -11.862706978999881 ], [ -77.162019485999963, -11.862945353999976 ], [ -77.161953110999889, -11.863064479999878 ], [ -77.161810610999908, -11.863273479999862 ], [ -77.161779235999973, -11.863349604999939 ], [ -77.161732360999849, -11.863415979999843 ], [ -77.161656235999942, -11.863513729999909 ], [ -77.161585985999977, -11.86361522999988 ], [ -77.161517611999841, -11.863755854999965 ], [ -77.161449236999943, -11.863904353999942 ], [ -77.161374985999942, -11.864109354999925 ], [ -77.161285111999973, -11.864267603999963 ], [ -77.161177736999946, -11.864492229999883 ], [ -77.161117235999939, -11.864574229999903 ], [ -77.161007860999916, -11.864831979999849 ], [ -77.160933610999905, -11.864970728999936 ], [ -77.160841860999881, -11.865111354999954 ], [ -77.160806610999884, -11.865191354999922 ], [ -77.16073048699991, -11.865345729999888 ], [ -77.16069536099991, -11.865400354999963 ], [ -77.16060161099989, -11.865611354999942 ], [ -77.16057623599994, -11.865677729999902 ], [ -77.160527360999879, -11.865787104999981 ], [ -77.160478485999931, -11.865890604999947 ], [ -77.16037698599996, -11.866107479999869 ], [ -77.160349610999901, -11.866181604999952 ], [ -77.160265610999886, -11.866308604999972 ], [ -77.160132860999909, -11.866669978999937 ], [ -77.159966736999934, -11.86692185499993 ], [ -77.159753861999945, -11.867253854999944 ], [ -77.159710985999936, -11.867333978999909 ], [ -77.159640611999976, -11.867546853999954 ], [ -77.159585985999968, -11.867677729999855 ], [ -77.159548860999905, -11.867749979999871 ], [ -77.159458985999947, -11.868013853999969 ], [ -77.159374986999921, -11.868158229999892 ], [ -77.159312485999976, -11.868249978999927 ], [ -77.159236361999831, -11.868380853999952 ], [ -77.159175736999941, -11.868511729999909 ], [ -77.159136736999926, -11.868581979999874 ], [ -77.159066360999987, -11.868744104999962 ], [ -77.159019485999977, -11.868822229999978 ], [ -77.158958985999959, -11.868994103999967 ], [ -77.158892610999885, -11.869193353999947 ], [ -77.158841736999932, -11.869365229999858 ], [ -77.158787110999981, -11.86946872999988 ], [ -77.158724610999855, -11.869654354999966 ], [ -77.158685610999896, -11.869746104999933 ], [ -77.158585986999924, -11.869939354999929 ], [ -77.158476610999912, -11.870191354999974 ], [ -77.158345735999944, -11.870540979999873 ], [ -77.158292985999935, -11.870615229999885 ], [ -77.158203110999978, -11.870810604999974 ], [ -77.158097611999949, -11.87103322999991 ], [ -77.158025360999886, -11.871259729999906 ], [ -77.157951110999988, -11.87142772999988 ], [ -77.157906236999906, -11.871523478999904 ], [ -77.157808610999894, -11.871783104999963 ], [ -77.157765611999821, -11.871876979999911 ], [ -77.157718735999936, -11.872080104999952 ], [ -77.157669860999988, -11.872248104999926 ], [ -77.157621110999855, -11.872474604999979 ], [ -77.157580235999944, -11.872609354999952 ], [ -77.157533235999949, -11.872710979999908 ], [ -77.157435610999869, -11.87291010499996 ], [ -77.157367110999985, -11.873103479999884 ], [ -77.15732223599997, -11.873197229999903 ], [ -77.15727536199995, -11.873289104999969 ], [ -77.157214861999989, -11.873392604999935 ], [ -77.157193361999987, -11.873449228999903 ], [ -77.157080110999857, -11.87370897999989 ], [ -77.15703511199996, -11.87381060499996 ], [ -77.156945360999885, -11.87400585499995 ], [ -77.156830111999966, -11.874302728999908 ], [ -77.156742235999957, -11.87462885399998 ], [ -77.156662110999889, -11.874941354999976 ], [ -77.156622985999945, -11.875029354999981 ], [ -77.156554735999975, -11.875228479999862 ], [ -77.156507861999955, -11.875425729999904 ], [ -77.156415985999956, -11.875751978999915 ], [ -77.156396486999938, -11.87580660499998 ], [ -77.156365236999932, -11.875945354999942 ], [ -77.15619336099985, -11.876341854999964 ], [ -77.156156236999948, -11.876398478999931 ], [ -77.156031361999965, -11.87673247999993 ], [ -77.15598436199997, -11.876841854999952 ], [ -77.155931610999971, -11.877005854999936 ], [ -77.155869110999845, -11.877195354999969 ], [ -77.155806610999889, -11.877359354999953 ], [ -77.155746110999985, -11.877531229999875 ], [ -77.155699235999975, -11.877626979999889 ], [ -77.155664110999908, -11.87775785499997 ], [ -77.155607486999941, -11.877947229999904 ], [ -77.155550860999881, -11.87811722999993 ], [ -77.15551761099988, -11.878203103999965 ], [ -77.155427735999979, -11.878562479999914 ], [ -77.155320361999827, -11.878939479999929 ], [ -77.155271485999947, -11.879154354999969 ], [ -77.155234360999884, -11.879296853999961 ], [ -77.15521486199998, -11.879394479999917 ], [ -77.155210985999986, -11.879484354999931 ], [ -77.155191360999879, -11.879558603999953 ], [ -77.155165985999929, -11.879624979999903 ], [ -77.155035110999847, -11.879960853999819 ], [ -77.154976610999881, -11.880136728999958 ], [ -77.154921861999981, -11.880318354999929 ], [ -77.15486523699991, -11.880474604999961 ], [ -77.15466598699993, -11.880955103999838 ], [ -77.15456448599997, -11.881390603999876 ], [ -77.154521486999897, -11.881548854999949 ], [ -77.154484360999845, -11.881652354999972 ], [ -77.154455110999891, -11.881941354999981 ], [ -77.154433610999888, -11.882037104999938 ], [ -77.154408235999938, -11.882224604999976 ], [ -77.154400360999887, -11.882468729999914 ], [ -77.154355486999918, -11.882714854999961 ], [ -77.154275360999975, -11.883025354999972 ], [ -77.154249985999968, -11.883101603999876 ], [ -77.154210986999942, -11.883183604999942 ], [ -77.154154235999954, -11.883294979999903 ], [ -77.154132985999979, -11.883345728999927 ], [ -77.154101610999987, -11.883414104999815 ], [ -77.154056610999987, -11.883517604999952 ], [ -77.154042985999979, -11.883589854999968 ], [ -77.153996111999959, -11.883716854999818 ], [ -77.153976610999905, -11.88384372999991 ], [ -77.153953110999851, -11.883953104999932 ], [ -77.153943360999847, -11.884033229999886 ], [ -77.1539336109999, -11.884089853999967 ], [ -77.153923860999896, -11.88417772899993 ], [ -77.153917985999954, -11.884269479999887 ], [ -77.153908236999939, -11.884394479999912 ], [ -77.153902360999894, -11.884482479999917 ], [ -77.153884736999942, -11.8846132299999 ], [ -77.153874985999948, -11.884675729999913 ], [ -77.15386323599995, -11.884783229999925 ], [ -77.153847611999936, -11.884865229999889 ], [ -77.153822235999939, -11.884956979999913 ], [ -77.153800736999926, -11.885019479999926 ], [ -77.153775361999976, -11.885109353999837 ], [ -77.153747986999917, -11.88522847999991 ], [ -77.153689486999951, -11.885472604999961 ], [ -77.153636735999953, -11.885593729999925 ], [ -77.153587861999938, -11.885716854999941 ], [ -77.153527361999977, -11.885861353999871 ], [ -77.15350786099998, -11.885935603999883 ], [ -77.15346098599997, -11.886035104999962 ], [ -77.153423860999851, -11.886134604999938 ], [ -77.153384736999897, -11.886216854999816 ], [ -77.153367235999951, -11.886314479999896 ], [ -77.153355486999942, -11.886386729999913 ], [ -77.153337860999841, -11.886453103999884 ], [ -77.15331836099989, -11.886527353999838 ], [ -77.153300736999938, -11.88661322899992 ], [ -77.153269485999942, -11.886753854999938 ], [ -77.153255860999877, -11.886816354999951 ], [ -77.153234360999988, -11.886902354999961 ], [ -77.153218736999918, -11.886958978999928 ], [ -77.15317973599997, -11.887048854999819 ], [ -77.153142610999851, -11.887119104999954 ], [ -77.153115236999895, -11.88719135499997 ], [ -77.153064610999877, -11.887336104999974 ], [ -77.153025360999891, -11.887496229999954 ], [ -77.152999985999941, -11.8875779789999 ], [ -77.152980485999933, -11.887644479999892 ], [ -77.152947236999921, -11.887726604999955 ], [ -77.15291798699991, -11.88781822999988 ], [ -77.152873111999952, -11.887960979999946 ], [ -77.152837861999956, -11.888095728999929 ], [ -77.152822235999963, -11.888208979999888 ], [ -77.152792985999952, -11.888320353999973 ], [ -77.152757860999884, -11.88845310499994 ], [ -77.152722611999934, -11.88858010499996 ], [ -77.152665985999931, -11.888804729999947 ], [ -77.152644485999929, -11.888892604999967 ], [ -77.152626985999973, -11.888968728999942 ], [ -77.152576111999963, -11.889089854999952 ], [ -77.152552735999961, -11.88916010399987 ], [ -77.152531110999973, -11.889240229999928 ], [ -77.152499985999953, -11.889322228999958 ], [ -77.152460985999937, -11.889420104999886 ], [ -77.15242573699993, -11.889513729999919 ], [ -77.152382860999978, -11.889603479999892 ], [ -77.152365236999913, -11.889658229999895 ], [ -77.152320360999852, -11.889777354999978 ], [ -77.152298860999849, -11.88983597999993 ], [ -77.152255860999844, -11.889937478999968 ], [ -77.152173861999984, -11.890066353999885 ], [ -77.152132861999974, -11.890148479999937 ], [ -77.152109360999987, -11.890201229999946 ], [ -77.152064485999972, -11.890279354999961 ], [ -77.152052736999906, -11.890351604999978 ], [ -77.152029360999904, -11.890423854999824 ], [ -77.151995985999918, -11.890498104999949 ], [ -77.151956985999959, -11.890587853999875 ], [ -77.151931611999942, -11.890656229999934 ], [ -77.151878862, -11.890728479999893 ], [ -77.151845735999927, -11.890792979999901 ], [ -77.151806611999973, -11.890873104999969 ], [ -77.151757860999851, -11.890966854999874 ], [ -77.151699235999956, -11.891052729999899 ], [ -77.151671860999841, -11.89114260499997 ], [ -77.151615235999941, -11.891310604999831 ], [ -77.151587860999882, -11.891388729999903 ], [ -77.151572236999925, -11.891458978999935 ], [ -77.151556611999979, -11.891517604999819 ], [ -77.151540985999929, -11.891587854999955 ], [ -77.151513611999974, -11.891662104999966 ], [ -77.151486360999854, -11.891730478999932 ], [ -77.1514472369999, -11.891855479999947 ], [ -77.151429735999955, -11.891917979999903 ], [ -77.151410111999951, -11.891970729999912 ], [ -77.151384735999955, -11.892027353999879 ], [ -77.151361360999886, -11.892128853999964 ], [ -77.151341736999882, -11.892203104999965 ], [ -77.15131836099988, -11.892263728999978 ], [ -77.151275236999879, -11.892330103999882 ], [ -77.15126361199998, -11.892400353999847 ], [ -77.151249985999925, -11.892468603999873 ], [ -77.151212861999966, -11.892537103999871 ], [ -77.151171861999956, -11.892603479999934 ], [ -77.151060485999949, -11.89276760499996 ], [ -77.151031235999938, -11.892822229999922 ], [ -77.150982486999908, -11.892906229999937 ], [ -77.150949235999974, -11.892953104999947 ], [ -77.150929735999966, -11.893037104999962 ], [ -77.150878860999967, -11.893130854999981 ], [ -77.150843736999889, -11.893228478999958 ], [ -77.150787110999886, -11.893386729999918 ], [ -77.150728486999924, -11.893460979999929 ], [ -77.150662110999974, -11.893540979999898 ], [ -77.150621111999953, -11.893621104999966 ], [ -77.150583985999958, -11.89368160399988 ], [ -77.150539110999887, -11.893761729999937 ], [ -77.150482361999934, -11.893865229999903 ], [ -77.15043748599993, -11.893947229999924 ], [ -77.150365360999899, -11.894142604999956 ], [ -77.150333986999897, -11.894204979999927 ], [ -77.150300736999895, -11.894279354999981 ], [ -77.150257985999986, -11.894345729999941 ], [ -77.150212861999989, -11.894427729999904 ], [ -77.150150361999977, -11.894509729999925 ], [ -77.150091735999922, -11.894613229999891 ], [ -77.150048860999846, -11.894701229999953 ], [ -77.150011736999943, -11.894757854999966 ], [ -77.149976610999886, -11.89481835499987 ], [ -77.149933610999881, -11.894880854999826 ], [ -77.149894486999926, -11.894958979999899 ], [ -77.149849611999969, -11.895050728999934 ], [ -77.14982223599992, -11.895109354999818 ], [ -77.149777486999938, -11.895183604999829 ], [ -77.149736360999896, -11.895253854999964 ], [ -77.149703110999837, -11.895326354999895 ], [ -77.149681611999938, -11.895398479999926 ], [ -77.149574236999911, -11.895554729999958 ], [ -77.149505861999955, -11.895658229999924 ], [ -77.149429860999874, -11.8957676039999 ], [ -77.14937111099988, -11.89588085399987 ], [ -77.149347611999985, -11.895935603999874 ], [ -77.149294861999977, -11.896035104999953 ], [ -77.149265611999965, -11.896107479999955 ], [ -77.14922261199996, -11.89617772999992 ], [ -77.149193361999949, -11.896236229999886 ], [ -77.149132860999885, -11.896318353999902 ], [ -77.149085986999921, -11.896363229999906 ], [ -77.149013735999972, -11.896449353999913 ], [ -77.148933611999951, -11.896525354999824 ], [ -77.148874986999886, -11.896632854999837 ], [ -77.148814610999864, -11.896730479999917 ], [ -77.148755860999984, -11.896812479999937 ], [ -77.148701235999965, -11.89687685499996 ], [ -77.148642610999843, -11.896929854999883 ], [ -77.148597610999957, -11.897001978999981 ], [ -77.148564485999941, -11.897052729999928 ], [ -77.148511735999932, -11.897123104999878 ], [ -77.148445361999961, -11.897224729999948 ], [ -77.148384735999912, -11.897374979999938 ], [ -77.148347610999963, -11.897480479999956 ], [ -77.148337860999959, -11.897560604999967 ], [ -77.148292985999944, -11.897683604999827 ], [ -77.148269485999947, -11.897759604999976 ], [ -77.148222611999984, -11.897845729999915 ], [ -77.148187485999927, -11.897915979999937 ], [ -77.148152360999973, -11.89798635499983 ], [ -77.148109360999968, -11.898042979999957 ], [ -77.148052736999887, -11.898123103999865 ], [ -77.148021485999948, -11.898205103999885 ], [ -77.147990235999941, -11.898271478999959 ], [ -77.147966735999944, -11.89834572999996 ], [ -77.147945361999973, -11.898412104999977 ], [ -77.147908235999921, -11.898519479999948 ], [ -77.147890611999969, -11.898583979999955 ], [ -77.147833985999966, -11.898740228999941 ], [ -77.147794861999955, -11.898837854999954 ], [ -77.147769485999959, -11.898902354999962 ], [ -77.147710985999936, -11.899025354999822 ], [ -77.147673860999987, -11.899119104999954 ], [ -77.14763861199998, -11.899173854999958 ], [ -77.147603485999923, -11.89924810499997 ], [ -77.147574235999969, -11.899310604999869 ], [ -77.147525360999964, -11.899386729999947 ], [ -77.147501985999952, -11.899455103999912 ], [ -77.147460985999942, -11.89952147899993 ], [ -77.147414111999979, -11.899609354999825 ], [ -77.147349610999981, -11.899695354999835 ], [ -77.147298861999957, -11.899796853999874 ], [ -77.147263735999957, -11.899863228999948 ], [ -77.14720311099984, -11.899984354999958 ], [ -77.147156235999944, -11.900128854999821 ], [ -77.147097610999879, -11.90031635399987 ], [ -77.147056610999982, -11.900453104999826 ], [ -77.147029235999923, -11.900540979999903 ], [ -77.147001985999964, -11.900613229999919 ], [ -77.146978485999909, -11.900669978999929 ], [ -77.146955110999841, -11.900726604999875 ], [ -77.146892611999988, -11.900851604999843 ], [ -77.146833986999923, -11.900943354999981 ], [ -77.146800736999921, -11.901001979999933 ], [ -77.146747985999923, -11.901085979999948 ], [ -77.146716735999917, -11.90115622899998 ], [ -77.146679736999943, -11.901214853999875 ], [ -77.146658235999951, -11.901269479999939 ], [ -77.146640611999942, -11.901324229999943 ], [ -77.146583985999939, -11.901429729999961 ], [ -77.146552736999922, -11.901501979999921 ], [ -77.146535111999981, -11.901558604999877 ], [ -77.146486361999962, -11.901667978999967 ], [ -77.146435486999906, -11.90183197999994 ], [ -77.146404360999895, -11.901978478999979 ], [ -77.14639648699989, -11.902044979999971 ], [ -77.14639261099984, -11.902103479999937 ], [ -77.14639648699989, -11.902193354999838 ], [ -77.146396485999958, -11.902275479999957 ], [ -77.14639261099984, -11.902351604999978 ], [ -77.146382985999935, -11.90249997899997 ], [ -77.146367235999946, -11.902581979999923 ], [ -77.146355485999948, -11.902677729999937 ], [ -77.146353485999953, -11.902736354999888 ], [ -77.146345735999944, -11.902806604999967 ], [ -77.146324235999941, -11.902896479999924 ], [ -77.146289111999977, -11.903017604999889 ], [ -77.146273485999927, -11.903089853999916 ], [ -77.146255860999986, -11.903164104999973 ], [ -77.146244110999987, -11.903249979999941 ], [ -77.146318360999885, -11.903318229999911 ], [ -77.146365235999951, -11.903382854999847 ], [ -77.14632036099988, -11.903472603999887 ], [ -77.146285110999827, -11.903525354999829 ], [ -77.146179736999898, -11.903613104999977 ], [ -77.146154360999844, -11.903712854999981 ], [ -77.14613673599996, -11.903785104999827 ], [ -77.146105486999886, -11.903874978999966 ], [ -77.146074235999947, -11.903956979999919 ], [ -77.146036985999899, -11.904021479999926 ], [ -77.145992235999927, -11.904095729999938 ], [ -77.145941361999974, -11.9041543539999 ], [ -77.145886735999966, -11.90423635399992 ], [ -77.145882860999848, -11.904330104999872 ], [ -77.145900361999963, -11.904402354999888 ], [ -77.145937485999923, -11.90444722899997 ], [ -77.146025360999829, -11.904527354999971 ], [ -77.14609961099984, -11.904615229999933 ], [ -77.14613673599996, -11.904662104999886 ], [ -77.146201110999982, -11.904720729999951 ], [ -77.146263610999824, -11.904769479999914 ], [ -77.146300735999944, -11.904851604999976 ], [ -77.146289111999977, -11.904941353999902 ], [ -77.146265611999979, -11.905017604999841 ], [ -77.146242235999921, -11.905113228999937 ], [ -77.146197360999849, -11.905173853999884 ], [ -77.146109361999947, -11.905212854999832 ], [ -77.146058611999933, -11.905251978999956 ], [ -77.145996110999988, -11.90530272899997 ], [ -77.145929611999975, -11.905351603999918 ], [ -77.145876985999962, -11.905392604999975 ], [ -77.145728486999928, -11.905439478999938 ], [ -77.14565036099998, -11.905443354999875 ], [ -77.145613235999917, -11.905488228999957 ], [ -77.145548860999838, -11.905580104999842 ], [ -77.145468735999941, -11.905642479999926 ], [ -77.145431610999879, -11.905710978999934 ], [ -77.145429735999926, -11.905769479999947 ], [ -77.145548861999941, -11.905796853999902 ], [ -77.145562486999893, -11.905869104999965 ], [ -77.145527360999836, -11.905914104999852 ], [ -77.145484361999934, -11.905951229999971 ], [ -77.145511735999946, -11.906013729999927 ], [ -77.14556836099996, -11.90603122999994 ], [ -77.145646485999919, -11.906027353999889 ], [ -77.14573636199998, -11.906011728999943 ], [ -77.145790985999952, -11.905984354999873 ], [ -77.145849486999907, -11.905974604999869 ], [ -77.145904110999936, -11.906035103999898 ], [ -77.145927735999919, -11.906109354999842 ], [ -77.145968735999929, -11.906173853999917 ], [ -77.145982361999984, -11.906253854999875 ], [ -77.146011736999924, -11.906333979999943 ], [ -77.146117236999942, -11.90635347999995 ], [ -77.146244110999987, -11.906371104999891 ], [ -77.146312485999943, -11.906427729999962 ], [ -77.146347611999943, -11.906558604999873 ], [ -77.146365235999951, -11.906638729999941 ], [ -77.146417986999893, -11.906724603999919 ], [ -77.146447235999915, -11.906794979999972 ], [ -77.146474610999974, -11.906902354999886 ], [ -77.146503860999985, -11.906986354999844 ], [ -77.146535110999878, -11.90708197999993 ], [ -77.146580111999981, -11.907117229999926 ], [ -77.146638610999958, -11.907124979999935 ], [ -77.14670111099997, -11.907115228999942 ], [ -77.146775360999982, -11.907072229999926 ], [ -77.146855485999936, -11.90702935499985 ], [ -77.146937485999956, -11.907050729999924 ], [ -77.146964860999844, -11.907134729999939 ], [ -77.147007861999953, -11.907185604999881 ], [ -77.147070360999976, -11.907248104999894 ], [ -77.147169860999952, -11.907331978999935 ], [ -77.147214860999838, -11.907402354999874 ], [ -77.147185485999955, -11.907470728999954 ], [ -77.147115235999934, -11.907474603999901 ], [ -77.147042985999917, -11.907519479999962 ], [ -77.146978485999909, -11.907580104999852 ], [ -77.146888610999952, -11.907615229999919 ], [ -77.146790985999928, -11.90764060499987 ], [ -77.146677860999887, -11.907621104999976 ], [ -77.146595736999927, -11.907613228999935 ], [ -77.146560485999942, -11.907660104999877 ], [ -77.146539110999981, -11.907746103999898 ], [ -77.146482486999901, -11.907873103999918 ], [ -77.14641798599996, -11.907945353999878 ], [ -77.146349610999835, -11.907996104999881 ], [ -77.146322235999946, -11.908056604999842 ], [ -77.146331861999954, -11.908123104999902 ], [ -77.146410111999955, -11.908167979999973 ], [ -77.146488236999915, -11.908228479999934 ], [ -77.146503861999975, -11.908302729999946 ], [ -77.146509735999928, -11.908365229999959 ], [ -77.146548860999985, -11.908408229999964 ], [ -77.146593736999932, -11.908445354999856 ], [ -77.146640610999839, -11.90851172999993 ], [ -77.146624861999953, -11.908599604999893 ], [ -77.146558610999989, -11.908617229999948 ], [ -77.146484360999978, -11.908658228999968 ], [ -77.146415986999898, -11.908748103999926 ], [ -77.146386736999887, -11.908835979999935 ], [ -77.146398485999953, -11.908921854999846 ], [ -77.146435485999916, -11.908988228999931 ], [ -77.14653123599993, -11.90904497899993 ], [ -77.146593735999943, -11.909132854999882 ], [ -77.146622986999887, -11.909261729999969 ], [ -77.146648485999947, -11.909349604999875 ], [ -77.146699235999961, -11.909421854999891 ], [ -77.14675198599997, -11.909474604999843 ], [ -77.146798860999979, -11.90952735399992 ], [ -77.146822235999934, -11.909609353999883 ], [ -77.146781236999914, -11.909697229999949 ], [ -77.146634736999886, -11.909728478999966 ], [ -77.14654686199998, -11.909738229999959 ], [ -77.146470735999969, -11.909798853999916 ], [ -77.146421860999965, -11.909828104999974 ], [ -77.146339861999934, -11.909851604999858 ], [ -77.146246111999972, -11.909802729999967 ], [ -77.146160111999961, -11.909777354999846 ], [ -77.146093735999955, -11.909806604999972 ], [ -77.14600198699992, -11.909935603999884 ], [ -77.145966736999924, -11.910013729999946 ], [ -77.145953110999983, -11.910068354999851 ], [ -77.145902485999954, -11.910150353999882 ], [ -77.145820361999938, -11.910187479999934 ], [ -77.145677735999925, -11.910175729999935 ], [ -77.145574235999959, -11.910156229999927 ], [ -77.145492235999939, -11.910152353999877 ], [ -77.145462860999828, -11.910226604999878 ], [ -77.145292985999959, -11.910474604999877 ], [ -77.145218735999947, -11.910626979999961 ], [ -77.145203111999933, -11.910681604999979 ], [ -77.145177736999926, -11.910734353999885 ], [ -77.145162110999877, -11.910789104999878 ], [ -77.145138610999823, -11.910847603999912 ], [ -77.145113235999929, -11.910927729999969 ], [ -77.145025361999956, -11.91111522999995 ], [ -77.144935485999952, -11.911222604999978 ], [ -77.144953111999939, -11.911314478999941 ], [ -77.145025361999956, -11.911359354999888 ], [ -77.145081986999912, -11.911376979999943 ], [ -77.145175735999942, -11.911431604999848 ], [ -77.145195360999878, -11.911564478999935 ], [ -77.145287110999959, -11.911660103999907 ], [ -77.145386735999921, -11.911726604999899 ], [ -77.145380860999978, -11.911798854999859 ], [ -77.145265611999946, -11.911859354999876 ], [ -77.145195360999878, -11.911908229999938 ], [ -77.145189485999936, -11.911972604999846 ], [ -77.145173861999979, -11.91202735499985 ], [ -77.145160110999825, -11.912097604999872 ], [ -77.145144485999936, -11.912224604999892 ], [ -77.145154236999872, -11.9122891049999 ], [ -77.145160111999985, -11.912367228999813 ], [ -77.145175736999875, -11.912501979999945 ], [ -77.145158235999929, -11.912580104999904 ], [ -77.145103485999925, -11.912673853999934 ], [ -77.145037110999965, -11.912736354999879 ], [ -77.144958985999949, -11.912835979999954 ], [ -77.144913985999949, -11.912882854999907 ], [ -77.144861360999982, -11.912931604999869 ], [ -77.144808611999963, -11.913015603999895 ], [ -77.144767611999953, -11.913101604999895 ], [ -77.144761736999897, -11.913210979999974 ], [ -77.144777361999957, -11.913285104999886 ], [ -77.144810485999926, -11.913339728999972 ], [ -77.144843735999928, -11.91341210499985 ], [ -77.144861361999972, -11.913511729999982 ], [ -77.144857360999822, -11.913601604999883 ], [ -77.144816360999982, -11.913665979999962 ], [ -77.144724610999958, -11.913783229999979 ], [ -77.14462498599994, -11.913937479999959 ], [ -77.144605485999932, -11.914013729999965 ], [ -77.144574236999915, -11.914126979999935 ], [ -77.144548861999965, -11.914181604999897 ], [ -77.144533235999916, -11.914265603999922 ], [ -77.144460985999956, -11.914398479999932 ], [ -77.144388735999939, -11.914462729999912 ], [ -77.144353360999958, -11.91457222899993 ], [ -77.144285111999977, -11.914681603999895 ], [ -77.14426561099998, -11.914767604999895 ], [ -77.144255861999966, -11.914841854999906 ], [ -77.144248111999957, -11.914917979999927 ], [ -77.144216736999908, -11.914994104999892 ], [ -77.144177735999961, -11.915091854999901 ], [ -77.14413861099996, -11.915242229999933 ], [ -77.144140611999944, -11.915304729999946 ], [ -77.144152361999943, -11.915359353999918 ], [ -77.144150360999959, -11.915431604999981 ], [ -77.14411523699988, -11.915519479999944 ], [ -77.144078110999828, -11.915607479999949 ], [ -77.144029235999938, -11.915730479999979 ], [ -77.143998110999974, -11.915822229999947 ], [ -77.143978610999852, -11.915880854999898 ], [ -77.143962861999967, -11.915966854999908 ], [ -77.143931610999971, -11.916064604999917 ], [ -77.143892611999945, -11.91615435499989 ], [ -77.143865236999886, -11.916220728999974 ], [ -77.143845736999936, -11.916273479999973 ], [ -77.143826111999942, -11.916339854999876 ], [ -77.143796860999828, -11.916402354999889 ], [ -77.143779236999876, -11.916462853999917 ], [ -77.143755860999988, -11.916513729999963 ], [ -77.143730485999924, -11.916564479999977 ], [ -77.143705110999974, -11.916636728999947 ], [ -77.143691360999981, -11.916718729999957 ], [ -77.143687485999919, -11.916775354999857 ], [ -77.143660111999964, -11.916880854999874 ], [ -77.14365036099997, -11.916933603999894 ], [ -77.143630986999938, -11.917000104999886 ], [ -77.143607485999951, -11.917058604999909 ], [ -77.143572236999887, -11.917130854999982 ], [ -77.143517611999982, -11.917216854999879 ], [ -77.143470611999987, -11.917308604999903 ], [ -77.14343548699992, -11.917398479999974 ], [ -77.143417860999989, -11.917462854999883 ], [ -77.143380861999958, -11.917535229999942 ], [ -77.143337735999921, -11.917609354999854 ], [ -77.143302735999953, -11.917689479999979 ], [ -77.143265611999936, -11.917769479999947 ], [ -77.143236360999879, -11.917849603999912 ], [ -77.143214861999979, -11.917900353999926 ], [ -77.143181610999989, -11.91797460499987 ], [ -77.143160111999975, -11.918050728999958 ], [ -77.143140610999978, -11.918115229999955 ], [ -77.143107360999977, -11.918201229999966 ], [ -77.143076235999956, -11.918289103999939 ], [ -77.143048860999841, -11.918367228999955 ], [ -77.143017610999834, -11.918462854999859 ], [ -77.142937360999952, -11.918656229999954 ], [ -77.142890611999974, -11.918767603999925 ], [ -77.142845735999913, -11.918853479999939 ], [ -77.142810486999906, -11.91892772999995 ], [ -77.142777360999958, -11.919003853999925 ], [ -77.142673861999981, -11.919222604999902 ], [ -77.142634736999923, -11.919312478999814 ], [ -77.142605485999923, -11.919382853999934 ], [ -77.142585986999904, -11.919462854999892 ], [ -77.142589860999976, -11.919572229999972 ], [ -77.142593735999924, -11.919628854999871 ], [ -77.142587860999981, -11.919705104999878 ], [ -77.14256073599995, -11.919781229999955 ], [ -77.142550735999919, -11.919837853999923 ], [ -77.142535110999972, -11.919900354999982 ], [ -77.142525361999958, -11.919962854999881 ], [ -77.142503861999955, -11.920039104999887 ], [ -77.142484360999958, -11.920115228999975 ], [ -77.142456860999971, -11.920216853999932 ], [ -77.142435611999986, -11.920308604999889 ], [ -77.142414111999983, -11.920386729999962 ], [ -77.142384736999873, -11.920505853999941 ], [ -77.142347610999821, -11.920626978999962 ], [ -77.14232048599996, -11.92068747999997 ], [ -77.142298860999972, -11.920748103999927 ], [ -77.142275361999964, -11.920798854999873 ], [ -77.142244111999958, -11.920861354999886 ], [ -77.142179736999935, -11.920978478999814 ], [ -77.14213861199994, -11.921078103999889 ], [ -77.142121110999881, -11.921150354999895 ], [ -77.142101610999987, -11.921236353999916 ], [ -77.14208023599997, -11.921322228999941 ], [ -77.142039110999974, -11.921402354999884 ], [ -77.142023485999914, -11.921468729999958 ], [ -77.141980485999909, -11.921548854999912 ], [ -77.141949236999892, -11.921621104999872 ], [ -77.141927735999957, -11.921718729999952 ], [ -77.141896485999951, -11.921820354999909 ], [ -77.141966860999844, -11.921853479999982 ], [ -77.141923860999839, -11.921951229999934 ], [ -77.141867110999954, -11.922044978999963 ], [ -77.141837861999988, -11.922136729999977 ], [ -77.141839986999912, -11.922228479999944 ], [ -77.14183011199998, -11.922285104999901 ], [ -77.141824236999923, -11.92235347999997 ], [ -77.141851610999879, -11.922503853999899 ], [ -77.141738236999913, -11.922507853999946 ], [ -77.141705111999954, -11.922640603999923 ], [ -77.141681485999925, -11.922753853999893 ], [ -77.141646485999956, -11.922812479999948 ], [ -77.141615236999883, -11.922880854999903 ], [ -77.141580111999986, -11.922994104999873 ], [ -77.141540986999871, -11.923093854999934 ], [ -77.141523485999926, -11.923162104999903 ], [ -77.141509736999922, -11.923218729999974 ], [ -77.141482361999977, -11.923302729999932 ], [ -77.141447236999909, -11.923400353999909 ], [ -77.141415985999913, -11.923488229999975 ], [ -77.141345735999948, -11.923681729999942 ], [ -77.141324235999946, -11.923763729999962 ], [ -77.141298860999882, -11.923859354999877 ], [ -77.141283235999936, -11.923921979999932 ], [ -77.141263736999917, -11.923996104999901 ], [ -77.141240235999931, -11.924083979999978 ], [ -77.141208985999924, -11.924179729999935 ], [ -77.141189486999906, -11.92425585399991 ], [ -77.141164110999966, -11.924328104999915 ], [ -77.14113286099996, -11.924410104999879 ], [ -77.141099610999959, -11.924488229999952 ], [ -77.141056611999943, -11.924636729999975 ], [ -77.141042986999878, -11.924701229999926 ], [ -77.141021486999875, -11.924783229999946 ], [ -77.141003860999945, -11.924873104999904 ], [ -77.140986361999978, -11.92494535499992 ], [ -77.140964860999986, -11.925017479999951 ], [ -77.140945360999979, -11.925089853999907 ], [ -77.140923860999976, -11.925144479999972 ], [ -77.140886735999914, -11.925226604999921 ], [ -77.140865235999911, -11.925287103999949 ], [ -77.14083986199995, -11.925367229999949 ], [ -77.140812485999902, -11.925453104999917 ], [ -77.140783235999947, -11.925542979999932 ], [ -77.140769485999897, -11.925601603999951 ], [ -77.140753860999951, -11.925675729999966 ], [ -77.140724611999985, -11.92580272999993 ], [ -77.140701110999942, -11.925906229999953 ], [ -77.140687486999923, -11.92596285399992 ], [ -77.140673860999982, -11.926017604999913 ], [ -77.140656236999916, -11.926091854999925 ], [ -77.140630860999977, -11.926212854999903 ], [ -77.140613236999911, -11.926312479999979 ], [ -77.140597610999976, -11.926384728999949 ], [ -77.140578110999968, -11.926447228999962 ], [ -77.140562485999908, -11.926521479999963 ], [ -77.140550735999909, -11.926607479999973 ], [ -77.140542985999957, -11.926679728999829 ], [ -77.140509735999899, -11.92687497899982 ], [ -77.140501985999947, -11.926949229999934 ], [ -77.140488236999886, -11.927023479999946 ], [ -77.140478360999964, -11.927081979999969 ], [ -77.140462860999946, -11.927138729999967 ], [ -77.140437485999939, -11.927203104999876 ], [ -77.140417985999932, -11.927277353999955 ], [ -77.140394485999934, -11.927369228999964 ], [ -77.140372986999864, -11.927576229999943 ], [ -77.140441360999944, -11.927624979999962 ], [ -77.140468735999946, -11.927677729999971 ], [ -77.140464861999988, -11.927769479999938 ], [ -77.140453111999989, -11.927849729999821 ], [ -77.140451235999933, -11.92792572999997 ], [ -77.140449235999938, -11.927982604999954 ], [ -77.140435485999944, -11.928060603999938 ], [ -77.140378861999977, -11.928271479999978 ], [ -77.140357360999985, -11.928351604999932 ], [ -77.140331985999921, -11.928458979999959 ], [ -77.140310485999919, -11.928546853999933 ], [ -77.14029111099984, -11.928628853999896 ], [ -77.140269486999898, -11.928714854999896 ], [ -77.140240236999887, -11.928792979999969 ], [ -77.14020511099983, -11.928904354999929 ], [ -77.140160110999943, -11.929027354999903 ], [ -77.140087860999984, -11.92938085499992 ], [ -77.140076111999974, -11.929456979999941 ], [ -77.140062486999909, -11.929511728999955 ], [ -77.140052735999916, -11.929574228999968 ], [ -77.140040985999917, -11.92963672999997 ], [ -77.140025360999971, -11.929742229999931 ], [ -77.140003860999968, -11.929851603999964 ], [ -77.139951235999945, -11.930033229999935 ], [ -77.139906235999945, -11.930167979999965 ], [ -77.139884736999875, -11.930253854999876 ], [ -77.139863361999971, -11.930341853999948 ], [ -77.139845736999916, -11.930419979999954 ], [ -77.139824236999914, -11.930494104999923 ], [ -77.139812486999915, -11.930556604999879 ], [ -77.139794860999984, -11.93063085499989 ], [ -77.1397734869999, -11.930701229999954 ], [ -77.139761735999912, -11.930757853999921 ], [ -77.13974811099996, -11.930818354999928 ], [ -77.139738235999914, -11.930873103999943 ], [ -77.139726610999958, -11.930933604999893 ], [ -77.139710985999955, -11.931023479999965 ], [ -77.139691361999951, -11.931111354999928 ], [ -77.139677736999886, -11.931191479999939 ], [ -77.139667985999949, -11.931249979999961 ], [ -77.139658236999878, -11.931310604999908 ], [ -77.139644486999885, -11.931373104999921 ], [ -77.139626985999939, -11.931425729999944 ], [ -77.139601611999979, -11.93148635499989 ], [ -77.139585986999919, -11.931583979999971 ], [ -77.139568485999973, -11.931671978999873 ], [ -77.139550735999933, -11.931755854999892 ], [ -77.139535110999987, -11.931853479999972 ], [ -77.139517610999974, -11.931945354999925 ], [ -77.13950786099997, -11.932011729999942 ], [ -77.139496110999971, -11.932083979999959 ], [ -77.139476610999964, -11.932169979999969 ], [ -77.139461111999822, -11.932248104999928 ], [ -77.139449236999894, -11.932306604999894 ], [ -77.139437485999906, -11.932374979999963 ], [ -77.139431611999953, -11.932433604999915 ], [ -77.139419986999883, -11.932490229999928 ], [ -77.139409985999919, -11.932568353999955 ], [ -77.139402361999942, -11.932628854999905 ], [ -77.139386736999882, -11.932705104999911 ], [ -77.13937498599995, -11.932763729999976 ], [ -77.139357486999927, -11.932859354999891 ], [ -77.139341735999892, -11.932937479999964 ], [ -77.139320360999989, -11.933013728999981 ], [ -77.139294986999914, -11.93309185499993 ], [ -77.139275485999917, -11.933175729999959 ], [ -77.139263611, -11.933240229999967 ], [ -77.139249986999914, -11.933312479999927 ], [ -77.139230485999917, -11.933421854999892 ], [ -77.139208985999915, -11.933517604999906 ], [ -77.139195235999921, -11.933597479999946 ], [ -77.139171860999966, -11.93369722999995 ], [ -77.13915823699989, -11.933769479999967 ], [ -77.139148485999954, -11.933839853999928 ], [ -77.139134736999893, -11.933912104999933 ], [ -77.139124986999889, -11.933968728999957 ], [ -77.139119111999946, -11.934039104999897 ], [ -77.13910161099983, -11.934160104999876 ], [ -77.139080110999828, -11.934298854999895 ], [ -77.139050735999945, -11.934505854999884 ], [ -77.139042985999936, -11.934587853999915 ], [ -77.139033235999932, -11.934648479999964 ], [ -77.13901561199998, -11.934720729999981 ], [ -77.138999985999931, -11.934826228999896 ], [ -77.13897461199997, -11.934959103999972 ], [ -77.138951110999983, -11.935062479999942 ], [ -77.13893361199996, -11.93513285399996 ], [ -77.138919860999977, -11.935191354999915 ], [ -77.138894486999902, -11.935292978999883 ], [ -77.138884735999909, -11.935351604999937 ], [ -77.138871110999958, -11.93540822999995 ], [ -77.138853485999903, -11.935488228999873 ], [ -77.138837860999956, -11.935589854999932 ], [ -77.138816360999954, -11.93572260499991 ], [ -77.138800736999883, -11.935820354999919 ], [ -77.138790985999947, -11.935876979999819 ], [ -77.138781235999943, -11.935939479999945 ], [ -77.138767485999892, -11.936027479999836 ], [ -77.138755860999822, -11.936123104999922 ], [ -77.138747985999942, -11.936187479999944 ], [ -77.138730486999918, -11.936285104999911 ], [ -77.138714860999983, -11.936369103999937 ], [ -77.138703111999973, -11.936425729999939 ], [ -77.13869336099998, -11.936482479999825 ], [ -77.138644485999919, -11.936693354999932 ], [ -77.138628860999972, -11.936802854999939 ], [ -77.138593735999905, -11.936941353999941 ], [ -77.13856448599995, -11.937037104999888 ], [ -77.138552735999951, -11.937111353999967 ], [ -77.138533236999876, -11.937214854999922 ], [ -77.138509735999946, -11.937314479999941 ], [ -77.138501985999937, -11.937374979999959 ], [ -77.138484361999986, -11.937462854999922 ], [ -77.138458986999922, -11.937574228999893 ], [ -77.138433610999982, -11.937669979999953 ], [ -77.138419860999988, -11.93772260399993 ], [ -77.138394360999939, -11.937816354999882 ], [ -77.138374985999917, -11.937898354999902 ], [ -77.138353485999914, -11.938013729999966 ], [ -77.138337861999958, -11.938083979999817 ], [ -77.138320361999945, -11.938177728999847 ], [ -77.138308610999957, -11.938242228999854 ], [ -77.138285110999959, -11.938392604999933 ], [ -77.138269485999899, -11.938507853999965 ], [ -77.13824223599994, -11.938654354999926 ], [ -77.138224611999988, -11.93875197999995 ], [ -77.138189485999931, -11.938902353999936 ], [ -77.138165985999933, -11.939019479999956 ], [ -77.138152485999967, -11.939083979999964 ], [ -77.138142611999967, -11.939140603999931 ], [ -77.138111360999972, -11.939257853999948 ], [ -77.137779361999947, -11.939199229999815 ], [ -77.135763735999944, -11.939109354999914 ], [ -77.135681610999939, -11.939101479999977 ], [ -77.135445361999984, -11.9390586049999 ], [ -77.13530473599991, -11.9390234789999 ], [ -77.135203110999953, -11.938978479999946 ], [ -77.134711986999889, -11.93890147999997 ], [ -77.134694985999886, -11.938890479999941 ], [ -77.134246861999941, -11.938780978999944 ], [ -77.133977985999934, -11.938691354999889 ], [ -77.133659235999914, -11.938596729999972 ], [ -77.133640735999961, -11.938591103999954 ], [ -77.133345611999971, -11.938502104999941 ], [ -77.133006985999941, -11.938383104999957 ], [ -77.132977110999946, -11.938372603999881 ], [ -77.132668360999901, -11.938302979999889 ], [ -77.132394485999896, -11.938268104999963 ], [ -77.132225110999912, -11.938193354999896 ], [ -77.132020985999986, -11.938043979999975 ], [ -77.13185173599993, -11.937919479999948 ], [ -77.131632610999986, -11.937755228999947 ], [ -77.131488111999943, -11.937620728999946 ], [ -77.131368610999914, -11.937526103999915 ], [ -77.131244110999944, -11.937401604999934 ], [ -77.131054985999981, -11.937232354999878 ], [ -77.13092048599998, -11.937117729999898 ], [ -77.130751236999913, -11.936993229999871 ], [ -77.130621736999956, -11.93692360499989 ], [ -77.130457360999912, -11.936838979999834 ], [ -77.130307986999924, -11.936809104999952 ], [ -77.130113735999942, -11.936794104999933 ], [ -77.129844860999981, -11.93683397999996 ], [ -77.129655111999909, -11.93688735499984 ], [ -77.129335110999989, -11.937055228999952 ], [ -77.129192860999922, -11.93714147899982 ], [ -77.12905511199989, -11.937232354999878 ], [ -77.128920110999843, -11.937331479999898 ], [ -77.128765860999977, -11.937427853999964 ], [ -77.128661361999946, -11.937477729999841 ], [ -77.128424485999972, -11.937650979999944 ], [ -77.128354235999893, -11.937764603999938 ], [ -77.128234360999954, -11.937958979999962 ], [ -77.128106110999909, -11.938128479999932 ], [ -77.127948985999979, -11.938331104999918 ], [ -77.127853985999934, -11.938413854999908 ], [ -77.12772161099997, -11.938529604999928 ], [ -77.127568610999845, -11.938653604999956 ], [ -77.127407361999985, -11.938769354999863 ], [ -77.127233736999926, -11.938926478999974 ], [ -77.127043485999934, -11.939079479999918 ], [ -77.126890486999969, -11.939158104999876 ], [ -77.126696235999873, -11.939207604999979 ], [ -77.126489486999901, -11.939273854999954 ], [ -77.126262110999903, -11.939294479999944 ], [ -77.126063611999939, -11.939315103999888 ], [ -77.125885861999961, -11.939335854999911 ], [ -77.125579860999949, -11.939335854999911 ], [ -77.125260986999933, -11.939317729999914 ], [ -77.125028610999891, -11.939345854999942 ], [ -77.124893485999905, -11.939397853999878 ], [ -77.124756985999909, -11.93950947999997 ], [ -77.124666110999954, -11.939670729999932 ], [ -77.124645360999978, -11.939844354999877 ], [ -77.124587485999939, -11.940034604999937 ], [ -77.124554486999955, -11.940158603999976 ], [ -77.12448823699998, -11.940373604999877 ], [ -77.124438611999949, -11.940650729999902 ], [ -77.124393236999936, -11.940880103999973 ], [ -77.124343610999972, -11.941082729999948 ], [ -77.124281610999901, -11.94115297999997 ], [ -77.124219485999845, -11.941210978999891 ], [ -77.12408723599998, -11.941272979999951 ], [ -77.123950735999983, -11.941372229999843 ], [ -77.123892860999888, -11.941492104999895 ], [ -77.123872236999887, -11.941566479999835 ], [ -77.123872235999954, -11.941694729999881 ], [ -77.123872236999887, -11.941839354999956 ], [ -77.123880486999951, -11.941950978999955 ], [ -77.123847360999946, -11.942050229999893 ], [ -77.123781236999889, -11.942137103999869 ], [ -77.123677861999965, -11.942203229999961 ], [ -77.123578610999914, -11.942265229999919 ], [ -77.123479360999966, -11.942368604999956 ], [ -77.123342986999887, -11.942513354999846 ], [ -77.123243735999949, -11.942691104999881 ], [ -77.123127985999929, -11.942901978999942 ], [ -77.123020485999916, -11.943145978999951 ], [ -77.122945235999907, -11.943323728999928 ], [ -77.122891485999901, -11.94342297999998 ], [ -77.122705361999977, -11.943484979999937 ], [ -77.122556610999936, -11.943484979999937 ], [ -77.122300236999934, -11.943468479999979 ], [ -77.122097610999958, -11.943501479999952 ], [ -77.121919860999981, -11.94365447999985 ], [ -77.121766860999969, -11.943894354999884 ], [ -77.121547735999854, -11.944063854999968 ], [ -77.121311985999967, -11.944262354999978 ], [ -77.121142485999883, -11.944369854999877 ], [ -77.121001860999968, -11.944456604999971 ], [ -77.120935736999911, -11.944559979999894 ], [ -77.120886111999823, -11.944799854999928 ], [ -77.120836485999973, -11.944989978999956 ], [ -77.12072898699995, -11.945105854999952 ], [ -77.120584360999885, -11.945126479999942 ], [ -77.120451986999967, -11.945052103999956 ], [ -77.120278360999976, -11.944965229999923 ], [ -77.120126735999975, -11.94489522899994 ], [ -77.12006336099995, -11.944865979999975 ], [ -77.11991448699996, -11.944853604999935 ], [ -77.119798735999893, -11.94487010499995 ], [ -77.11960023599994, -11.944940354999915 ], [ -77.119467985999904, -11.944915604999835 ], [ -77.119343860999948, -11.944832854999902 ], [ -77.119219860999976, -11.944820478999929 ], [ -77.119075110999972, -11.944886604999908 ], [ -77.119012485999974, -11.944919354999968 ], [ -77.118868360999954, -11.945002478999982 ], [ -77.118860111999879, -11.944998354999939 ], [ -77.118664986999988, -11.945147104999876 ], [ -77.11851198699992, -11.945204979999971 ], [ -77.118197736999946, -11.945258729999978 ], [ -77.117962110999827, -11.945287729999961 ], [ -77.117734736999921, -11.945300104999944 ], [ -77.117523861999985, -11.94531247999987 ], [ -77.117307361999906, -11.945323104999886 ], [ -77.117141610999965, -11.945425854999939 ], [ -77.11706373699991, -11.945510853999963 ], [ -77.116971735999925, -11.945631104999961 ], [ -77.116908111999919, -11.945715979999875 ], [ -77.116794861999949, -11.945744354999931 ], [ -77.116688735999958, -11.945751353999981 ], [ -77.11657548699992, -11.945765479999977 ], [ -77.116407235999873, -11.945828853999899 ], [ -77.116269986999953, -11.945929979999903 ], [ -77.115919985999881, -11.946149979999916 ], [ -77.11559998599995, -11.946260104999965 ], [ -77.115380610999921, -11.946283854999876 ], [ -77.115368678999914, -11.946280190999914 ], [ -77.114983361999919, -11.9461618549999 ], [ -77.11492518599988, -11.946160523999879 ], [ -77.114671985999905, -11.946154729999932 ], [ -77.114381861999959, -11.946006104999981 ], [ -77.114098860999945, -11.945999104999942 ], [ -77.113561278999953, -11.946136039999828 ], [ -77.112912106999943, -11.946351351999965 ], [ -77.111806694999984, -11.946608351999828 ], [ -77.111195262999843, -11.946679901999971 ], [ -77.110826963999898, -11.946787883999946 ], [ -77.110371761999829, -11.946963472999812 ], [ -77.1098779269999, -11.947168046999934 ], [ -77.109442149999893, -11.947343488999877 ], [ -77.109016456999939, -11.947566679999966 ], [ -77.108600623999905, -11.947808926999926 ], [ -77.10800067699995, -11.948109943999896 ], [ -77.107564896999918, -11.948285383999917 ], [ -77.106954197999926, -11.948452569999915 ], [ -77.106217515999901, -11.948658958999943 ], [ -77.105305913999985, -11.948857092999901 ], [ -77.10464642099987, -11.948995944999922 ], [ -77.104198589999953, -11.949073664999958 ], [ -77.103724805999889, -11.94915588799995 ], [ -77.103044997999973, -11.949180108999883 ], [ -77.102365631999987, -11.949261713999874 ], [ -77.101599433, -11.949420487999873 ], [ -77.101250034999964, -11.949461361999965 ], [ -77.100881135999884, -11.949492815999918 ], [ -77.100541894999878, -11.949591002999966 ], [ -77.100134509999918, -11.949670569999967 ], [ -77.09987305899989, -11.949678804999962 ], [ -77.099736321999956, -11.949683111999946 ], [ -77.099396268999953, -11.949676087999876 ], [ -77.099037229999908, -11.949726595999891 ], [ -77.098658984999986, -11.949805942999888 ], [ -77.098164174999965, -11.949886159999949 ], [ -77.097271101999979, -11.94996934999989 ], [ -77.096764186999962, -11.949973133999947 ], [ -77.096727132999831, -11.949973410999974 ], [ -77.096179547999895, -11.949918570999955 ], [ -77.096104938999929, -11.949911098999962 ], [ -77.095637428999908, -11.949751979999974 ], [ -77.095612871999833, -11.949747586999933 ], [ -77.095222699999965, -11.949677774999941 ], [ -77.095306153999957, -11.949587849999944 ], [ -77.095401092999964, -11.949485548999917 ], [ -77.09545757099994, -11.94942469199998 ], [ -77.095619656999929, -11.94928000699997 ], [ -77.095874685999888, -11.949094454999909 ], [ -77.096066354999948, -11.949006938999958 ], [ -77.096327122999867, -11.948809865999976 ], [ -77.096373502999882, -11.948700837999922 ], [ -77.096189584999934, -11.948357506999969 ], [ -77.096134966999955, -11.948076700999877 ], [ -77.096106946999953, -11.947428878999858 ], [ -77.095962946999919, -11.94691494999995 ], [ -77.095880797999882, -11.946621763999872 ], [ -77.09587277299994, -11.946593123999889 ], [ -77.095494913999914, -11.946135083999934 ], [ -77.095272486999988, -11.945821948999935 ], [ -77.095171112999935, -11.945524274999912 ], [ -77.095233633999896, -11.945317202999945 ], [ -77.095330568999941, -11.945211330999939 ], [ -77.096154166999952, -11.944864731999871 ], [ -77.096646957999951, -11.944675365999956 ], [ -77.097065714999871, -11.944457286999921 ], [ -77.097150073999899, -11.944413354999938 ], [ -77.097293830999888, -11.944311769999956 ], [ -77.097673448999956, -11.944043513999873 ], [ -77.097978146999935, -11.94346023199995 ], [ -77.098023105999857, -11.942991207999967 ], [ -77.098067180999863, -11.942407409999873 ], [ -77.098031413999934, -11.941546820999974 ], [ -77.098076593999906, -11.941106489999981 ], [ -77.098236102999977, -11.940708507999886 ], [ -77.098528189999968, -11.940462259999947 ], [ -77.098769772999901, -11.940297849999922 ], [ -77.099049545999947, -11.940047068999888 ], [ -77.099259703999962, -11.939586376999955 ], [ -77.099382662999972, -11.939155030999871 ], [ -77.099497012999961, -11.938867224999967 ], [ -77.099699820999945, -11.938749824999945 ], [ -77.099991359999819, -11.938729621999926 ], [ -77.100369662999924, -11.938659840999946 ], [ -77.100616932999969, -11.938611545999947 ], [ -77.10098071699997, -11.938540494999927 ], [ -77.101561891999893, -11.938325719999909 ], [ -77.102102837999894, -11.937972790999936 ], [ -77.102380809999886, -11.937449177999952 ], [ -77.10262046899993, -11.937036088999889 ], [ -77.102995522999947, -11.936545466999974 ], [ -77.103333713999973, -11.936313376999976 ], [ -77.103894570999898, -11.935983969999882 ], [ -77.104068238999901, -11.935816286999966 ], [ -77.104114577999894, -11.935632313999918 ], [ -77.103696543999945, -11.935497633999944 ], [ -77.103276663999964, -11.935213822999913 ], [ -77.103097844, -11.934698647999937 ], [ -77.103065089999859, -11.934230205999881 ], [ -77.103103787999942, -11.933790013999896 ], [ -77.103303122999989, -11.933606697999892 ], [ -77.103397598999834, -11.933261649999963 ], [ -77.103383533999988, -11.932697416999929 ], [ -77.103225100999964, -11.932306434999873 ], [ -77.102794997999979, -11.931955743999936 ], [ -77.10255922999994, -11.931613163999884 ], [ -77.102485381999941, -11.931299961999912 ], [ -77.102553038999929, -11.931011088999981 ], [ -77.102573347999851, -11.930924374999847 ], [ -77.102604643999939, -11.93024738399987 ], [ -77.102652213999988, -11.929814239999928 ], [ -77.102707321999901, -11.929402530999937 ], [ -77.102664194999988, -11.928848079999909 ], [ -77.10259126599982, -11.928207765999957 ], [ -77.102499116999923, -11.927824172999919 ], [ -77.102188319999982, -11.92759861299993 ], [ -77.10178891299995, -11.927448555999945 ], [ -77.101438194999957, -11.92723276299995 ], [ -77.101319452999917, -11.927031198999941 ], [ -77.101024825999957, -11.926612535999936 ], [ -77.100624536999987, -11.926347702999976 ], [ -77.100215638999885, -11.92622640899998 ], [ -77.099787680999952, -11.926003302999902 ], [ -77.099706395999931, -11.925914741999861 ], [ -77.099531838999894, -11.925724561999914 ], [ -77.099306382999885, -11.925458421999849 ], [ -77.098799917999827, -11.925280462999979 ], [ -77.098216117999925, -11.925150903999963 ], [ -77.097649979999971, -11.924791650999907 ], [ -77.0972701419999, -11.924306137999963 ], [ -77.097312246999934, -11.923818528999959 ], [ -77.097442177999937, -11.922711029999903 ], [ -77.097424843999988, -11.922038584999939 ], [ -77.097302119999881, -11.921236031999968 ], [ -77.097187806999955, -11.920718 ], [ -77.097141473999898, -11.920508032999976 ], [ -77.096885444999941, -11.920100889999958 ], [ -77.096705328999974, -11.919413543999895 ], [ -77.096885549999968, -11.918589844999872 ], [ -77.097016370999938, -11.918177331999971 ], [ -77.097351022999931, -11.91748615299997 ], [ -77.09738221799995, -11.917406305999918 ], [ -77.09757964399995, -11.916900979999923 ], [ -77.097673389999954, -11.916460287999882 ], [ -77.097618516999944, -11.916291100999956 ], [ -77.097214036999958, -11.91609066999996 ], [ -77.096922513999914, -11.916073709999978 ], [ -77.096591553999986, -11.915980522999973 ], [ -77.096123224999872, -11.91570662099997 ], [ -77.09563729499996, -11.91519475199982 ], [ -77.095339252999906, -11.914803769999878 ], [ -77.095111610999936, -11.914250686999935 ], [ -77.095126781999909, -11.913695797999935 ], [ -77.095122967999885, -11.913198440999906 ], [ -77.095122772999957, -11.913197354999909 ], [ -77.095001210999953, -11.912520223999934 ], [ -77.09471463899996, -11.911881492999953 ], [ -77.094477737999966, -11.91141740899991 ], [ -77.09387233699988, -11.910969502999876 ], [ -77.093520200999876, -11.910646905999954 ], [ -77.093079594999836, -11.909867226999893 ], [ -77.093006143999958, -11.909663923999972 ], [ -77.092967795999982, -11.90922229999984 ], [ -77.092974132999984, -11.908527824999908 ], [ -77.093028187999948, -11.907976472999962 ], [ -77.092975646999946, -11.907774281999934 ], [ -77.092787136999959, -11.90744644199998 ], [ -77.092540649999989, -11.90671367099992 ], [ -77.092361971999878, -11.906149856999889 ], [ -77.092103866999935, -11.904467195999928 ], [ -77.092077512999879, -11.904069481999898 ], [ -77.091997078999952, -11.903819513999906 ], [ -77.091716067999982, -11.903544168999872 ], [ -77.091331901, -11.903095544999871 ], [ -77.090806007999902, -11.90240310299987 ], [ -77.09035743499993, -11.901787210999885 ], [ -77.089996142999951, -11.901154160999909 ], [ -77.089467451999838, -11.900094435999904 ], [ -77.089273967999986, -11.899177614999871 ], [ -77.089374119999945, -11.898543489999895 ], [ -77.08966933499994, -11.898042172999908 ], [ -77.090113884999937, -11.897473884999954 ], [ -77.090724698999963, -11.896848274999968 ], [ -77.091203015999895, -11.896400906999929 ], [ -77.091364302999921, -11.896154843999966 ], [ -77.091409223999904, -11.895932599999981 ], [ -77.091385576999983, -11.895814001999952 ], [ -77.091298579999886, -11.895688552999957 ], [ -77.091142049999917, -11.895540496999956 ], [ -77.090969308999945, -11.895304561999978 ], [ -77.090803753999978, -11.894992051999964 ], [ -77.090801663999912, -11.894765910999979 ], [ -77.090943921999951, -11.894524234999892 ], [ -77.09112822499992, -11.894239740999978 ], [ -77.091408826999952, -11.893847403999928 ], [ -77.091943945999844, -11.893208311999899 ], [ -77.092278170999975, -11.892716098999927 ], [ -77.09302095299995, -11.891799989999981 ], [ -77.093238867999958, -11.891339247999895 ], [ -77.093285887999855, -11.890883598999949 ], [ -77.093263263999916, -11.890646422999964 ], [ -77.092971428999931, -11.890403848999938 ], [ -77.092708787999982, -11.89009588599987 ], [ -77.092444574999945, -11.889158548999944 ], [ -77.092257900999982, -11.888530512999921 ], [ -77.092166886999905, -11.887898009999901 ], [ -77.092170055999986, -11.887595901999873 ], [ -77.092173629999934, -11.887255181999933 ], [ -77.092227952999963, -11.88673826299987 ], [ -77.092209809999986, -11.885889012999939 ], [ -77.092298304999929, -11.885268535999955 ], [ -77.092481344999896, -11.884819531999938 ], [ -77.092571504999967, -11.884417127999939 ], [ -77.092510255999969, -11.884027323999931 ], [ -77.092413518999876, -11.883568913999909 ], [ -77.092434126999876, -11.883081971999957 ], [ -77.092651432999958, -11.882770662999974 ], [ -77.092847089999964, -11.882447823999883 ], [ -77.092995867999946, -11.882090898999934 ], [ -77.092979274999948, -11.881760005999979 ], [ -77.092989796999973, -11.881247362999943 ], [ -77.093080102999977, -11.880864087999953 ], [ -77.093317745999911, -11.880316738999966 ], [ -77.093607512999881, -11.879727667999873 ], [ -77.093784504999974, -11.879504444999895 ], [ -77.094031240999982, -11.87925774799993 ], [ -77.094154199999934, -11.879080838999926 ], [ -77.094184402999929, -11.878907134999963 ], [ -77.094242573999963, -11.878445058999887 ], [ -77.094247769999924, -11.878108327999939 ], [ -77.094347439999922, -11.877706289999878 ], [ -77.094335324999975, -11.877365424999937 ], [ -77.094185084999822, -11.877022193999949 ], [ -77.094182160999935, -11.876639609999927 ], [ -77.094311308999977, -11.876256047999959 ], [ -77.094448751999948, -11.875941292999926 ], [ -77.094484497999986, -11.87553546599986 ], [ -77.094558089999964, -11.874944156999959 ], [ -77.094883846999892, -11.87446688599988 ], [ -77.095072603999881, -11.873930501999951 ], [ -77.095168598999919, -11.873603913999887 ], [ -77.095328498999947, -11.873178036999946 ], [ -77.095511616999886, -11.872740508999982 ], [ -77.095844820999901, -11.872118218999901 ], [ -77.096073321999825, -11.871519660999923 ], [ -77.096396099999879, -11.871058140999935 ], [ -77.096661317999974, -11.870770496999967 ], [ -77.097133131999954, -11.870668155999908 ], [ -77.097359444999938, -11.870545955999944 ], [ -77.097649323999917, -11.870354415999884 ], [ -77.098050256999954, -11.87020796399986 ], [ -77.098270874999912, -11.870103022999956 ], [ -77.098468098999888, -11.869986777999941 ], [ -77.098699973999885, -11.869830101999923 ], [ -77.098967202999972, -11.869724813999937 ], [ -77.099592965999989, -11.869581837999931 ], [ -77.099731554999892, -11.869606269999906 ], [ -77.099891310999965, -11.86967012599996 ], [ -77.100109683999904, -11.869779458999915 ], [ -77.100355393999905, -11.869907718999968 ], [ -77.10061649499994, -11.870016733999933 ], [ -77.100907850999988, -11.870018394999875 ], [ -77.101307761999919, -11.869992465999871 ], [ -77.101664974999892, -11.869970679999938 ], [ -77.10195226999997, -11.869949413999962 ], [ -77.102270228999885, -11.869874354999979 ], [ -77.102397766999957, -11.869789233999938 ], [ -77.102839818999939, -11.869686468999873 ], [ -77.103122934999931, -11.869626971999935 ], [ -77.103301760999898, -11.869644771999958 ], [ -77.103566746999888, -11.86975375499992 ], [ -77.103737862999935, -11.869779263999931 ], [ -77.103896533999887, -11.869701561999875 ], [ -77.104051114999891, -11.869597108999926 ], [ -77.104251719999979, -11.869415791999927 ], [ -77.104467744999909, -11.869219056999839 ], [ -77.104781737999872, -11.868874885999958 ], [ -77.105016776999946, -11.86871503499998 ], [ -77.105248719999963, -11.86856791799994 ], [ -77.105519505999894, -11.868420512999933 ], [ -77.105790526999954, -11.868303712999932 ], [ -77.106029943999943, -11.868118280999965 ], [ -77.106199442999923, -11.867933368999957 ], [ -77.106344871999966, -11.867649158999882 ], [ -77.10649836399989, -11.867403149999973 ], [ -77.106660269999963, -11.867241250999882 ], [ -77.106929348999927, -11.866871946999879 ], [ -77.10716909599995, -11.866533275999927 ], [ -77.107282471999838, -11.866318367999895 ], [ -77.107297185999983, -11.866211129999897 ], [ -77.107288182999866, -11.866050503999929 ], [ -77.107185251999965, -11.865798752999979 ], [ -77.107097858999907, -11.865546886999937 ], [ -77.106993517999911, -11.865111496999873 ], [ -77.106936493999967, -11.864767579999921 ], [ -77.106872288999909, -11.864500235999913 ], [ -77.10673039999989, -11.864233471999967 ], [ -77.106401596999945, -11.863906881999867 ], [ -77.106112461999942, -11.863560866999933 ], [ -77.105677, -11.863128898999889 ], [ -77.105520712999976, -11.863010498999927 ], [ -77.105523526999946, -11.862961817999917 ], [ -77.10553785899998, -11.862713853999935 ], [ -77.105608522999887, -11.862431157999879 ], [ -77.105650605999983, -11.862220412999932 ], [ -77.105663336999896, -11.86198119099987 ], [ -77.105626964999885, -11.861670596999943 ], [ -77.105488407999985, -11.861204852999947 ], [ -77.10543184799991, -11.860985273999972 ], [ -77.105441518999839, -11.860789120999982 ], [ -77.105474734999916, -11.860688440999922 ], [ -77.105619034999961, -11.860510412999929 ], [ -77.105778010999984, -11.860346622999884 ], [ -77.105926688999944, -11.860106389999828 ], [ -77.10592915899997, -11.859795505999955 ], [ -77.105917319999946, -11.859518206999837 ], [ -77.105901469999878, -11.859350935999942 ], [ -77.105920326999922, -11.859261563999894 ], [ -77.106041097999878, -11.859196855999869 ], [ -77.106123269999955, -11.859148418999951 ], [ -77.106243989999882, -11.859061434999944 ], [ -77.106316340999911, -11.858998722999843 ], [ -77.106407782999952, -11.858892825999874 ], [ -77.106536155999891, -11.858664221999959 ], [ -77.106687274999956, -11.858395161999908 ], [ -77.10678904599996, -11.858210867999844 ], [ -77.106764683999984, -11.858073311999931 ], [ -77.106670113999883, -11.85789801899989 ], [ -77.106535644999951, -11.85758528599996 ], [ -77.106488297999931, -11.85750238299994 ], [ -77.106370279999965, -11.857295737999891 ], [ -77.106274535999944, -11.856967412999893 ], [ -77.106209981999939, -11.856654158999902 ], [ -77.106223992999901, -11.856455100999881 ], [ -77.106331222999984, -11.85625534899998 ], [ -77.106535616999963, -11.856017620999921 ], [ -77.107003303999988, -11.855760613999962 ], [ -77.107242651999911, -11.855567530999963 ], [ -77.107597406999957, -11.855228198999953 ], [ -77.107945567999877, -11.855041956999912 ], [ -77.108154666999951, -11.854919758999927 ], [ -77.108377093999877, -11.854583444999889 ], [ -77.108531135999954, -11.854410126999937 ], [ -77.108646571999884, -11.854267703999881 ], [ -77.108747350999977, -11.854098801999953 ], [ -77.108869, -11.853894921999881 ], [ -77.108984024999927, -11.85369893799998 ], [ -77.109438032999947, -11.853604193999956 ], [ -77.109774909999828, -11.853501742999924 ], [ -77.109836082999891, -11.853486714999917 ], [ -77.109999775999938, -11.853446501999883 ], [ -77.110209692999831, -11.853467893999891 ], [ -77.110501763999935, -11.853565192999952 ], [ -77.110599659999934, -11.853667764999898 ], [ -77.110759289999919, -11.85371631299995 ], [ -77.110822865999921, -11.853706697999939 ], [ -77.110778392999975, -11.853766839999935 ], [ -77.110726592999981, -11.853849867999884 ], [ -77.110699209999837, -11.853925826999955 ], [ -77.110703305999891, -11.854003847999934 ], [ -77.110742216999938, -11.854063242999928 ], [ -77.11079607299996, -11.854096127999981 ], [ -77.110926860999939, -11.854131881999933 ], [ -77.111050613999964, -11.854161949999934 ], [ -77.111167427999931, -11.85419895699988 ], [ -77.111284338999951, -11.854248587999905 ], [ -77.111456456999974, -11.854355197999951 ], [ -77.111626592999983, -11.854469911999956 ], [ -77.11166980899992, -11.854520037999976 ], [ -77.111675104999847, -11.854602639999882 ], [ -77.111737055999981, -11.854778939999903 ], [ -77.111745826999936, -11.854824147999921 ], [ -77.111763137999844, -11.85491338199995 ], [ -77.111779524999974, -11.854997853999919 ], [ -77.111830521999934, -11.855113401999972 ], [ -77.111897108999983, -11.85523587299997 ], [ -77.111972024999886, -11.855279695999968 ], [ -77.112099894999972, -11.855339957999888 ], [ -77.112229211999932, -11.8553864349999 ], [ -77.112379478999969, -11.855460613999924 ], [ -77.112410305999902, -11.855498333999947 ], [ -77.112426442999947, -11.855576263999978 ], [ -77.112430574999905, -11.855709378999904 ], [ -77.112408329999937, -11.855847280999967 ], [ -77.112385648999918, -11.855928561999917 ], [ -77.112413767999954, -11.855948246999958 ], [ -77.11247643199988, -11.856015117999959 ], [ -77.112576759999911, -11.856130678999932 ], [ -77.112683063999953, -11.856282487999977 ], [ -77.112715034999894, -11.856331660999956 ], [ -77.112725133999959, -11.856432591999976 ], [ -77.1127556429999, -11.856560917999843 ], [ -77.112817012999983, -11.856661466999981 ], [ -77.112854582999887, -11.856697915999973 ], [ -77.112921448999941, -11.856705068999929 ], [ -77.113008605999937, -11.856724313999962 ], [ -77.113123740999981, -11.856744879999951 ], [ -77.113243678999936, -11.856783773999894 ], [ -77.113317100999893, -11.856835259999968 ], [ -77.113390628999923, -11.856900517999975 ], [ -77.113548336999941, -11.857001876999902 ], [ -77.113669710999943, -11.857025456999907 ], [ -77.113731009999867, -11.857042974999956 ], [ -77.113989188999824, -11.85735210799993 ], [ -77.114186304999976, -11.857526631999974 ], [ -77.114344142999983, -11.857644823999976 ], [ -77.114460173999987, -11.857781692999936 ], [ -77.114543105999985, -11.857919539999898 ], [ -77.114601702999948, -11.858203026999888 ], [ -77.114629258999912, -11.858351269999901 ], [ -77.114617831999965, -11.858481439999935 ], [ -77.114599673999976, -11.858616382999912 ], [ -77.114908792999984, -11.858736372999886 ], [ -77.115073751999944, -11.858770338999932 ], [ -77.115199928999971, -11.858812246999946 ], [ -77.115312405999987, -11.858890987999871 ], [ -77.115420221999898, -11.858969761999845 ], [ -77.115643489999911, -11.859139188999904 ], [ -77.115834217999975, -11.859262033999869 ], [ -77.116183044999957, -11.85956550599991 ], [ -77.116390924999962, -11.859767961999978 ], [ -77.116524516999959, -11.859922595999876 ], [ -77.116603379999958, -11.860075045999963 ], [ -77.116701488999979, -11.860305402999927 ], [ -77.116760780999982, -11.860539110999923 ], [ -77.116819493999969, -11.860697832999904 ], [ -77.116974055999947, -11.860995104999972 ], [ -77.11702754199996, -11.861080406999861 ], [ -77.117231156999935, -11.861304062999977 ], [ -77.117601398999909, -11.861550536999857 ], [ -77.117938735999928, -11.861572496999884 ], [ -77.118140618999917, -11.861558742999932 ], [ -77.118213758999957, -11.861573498999974 ], [ -77.118302767999921, -11.861630987999945 ], [ -77.118378182999948, -11.861739080999826 ], [ -77.118580673999929, -11.862005384999918 ], [ -77.118755010999962, -11.862247412999977 ], [ -77.118918320999967, -11.862423773999978 ], [ -77.119389980999927, -11.862582403999966 ], [ -77.119681499999956, -11.862707242999818 ], [ -77.119859226999949, -11.86279495399998 ], [ -77.119928174999984, -11.862859963999938 ], [ -77.119978755999966, -11.862971303999927 ], [ -77.120012233999887, -11.863081241999964 ], [ -77.120013262999976, -11.863214378999942 ], [ -77.120013103999952, -11.863394966999977 ], [ -77.120051054999919, -11.863480384999946 ], [ -77.120121561999952, -11.863556376999895 ], [ -77.120218504999912, -11.863635230999932 ], [ -77.120340629999987, -11.863711046999981 ], [ -77.120391649999931, -11.863722695999968 ], [ -77.120438259999958, -11.863722345999975 ], [ -77.120481104999953, -11.863737328999946 ], [ -77.120543783999892, -11.863805726999942 ], [ -77.120665465999934, -11.863969331999954 ], [ -77.120787177999887, -11.864136762999976 ], [ -77.120877904999929, -11.864315904999955 ], [ -77.120992882999928, -11.864617295999949 ], [ -77.1210332039999, -11.864808292999953 ], [ -77.121019365999985, -11.865103538999847 ], [ -77.122635387999935, -11.865374633999977 ], [ -77.122949928999958, -11.865332728999874 ], [ -77.122697191999919, -11.86457932799982 ], [ -77.123014135999938, -11.864570761999971 ], [ -77.123189392999961, -11.862946048999959 ], [ -77.123773818999894, -11.862948890999917 ], [ -77.12383008199987, -11.860579674999883 ], [ -77.123360509999827, -11.860566967999944 ], [ -77.123400364999839, -11.859169196999915 ], [ -77.128315081999972, -11.861390795999966 ], [ -77.12830448699998, -11.861574612999959 ], [ -77.129185676999953, -11.861764363999953 ], [ -77.129589415999988, -11.861233339999899 ], [ -77.130154684999923, -11.860494496999877 ], [ -77.130280544999948, -11.860195122999869 ], [ -77.130354280999939, -11.85993631499997 ], [ -77.130398217999925, -11.859591645999956 ], [ -77.130413736999969, -11.859339014999932 ], [ -77.130375305999962, -11.858891664999931 ], [ -77.12978501099991, -11.853524916999902 ], [ -77.129438408999988, -11.852657114999943 ], [ -77.128932816999907, -11.851948328999924 ], [ -77.128066807999915, -11.851093994999928 ], [ -77.127259582999955, -11.850306169999953 ], [ -77.126971508999986, -11.850097904999927 ], [ -77.126551794999898, -11.849818891999973 ], [ -77.126220951999983, -11.849730508999926 ], [ -77.125734675, -11.849633728999891 ], [ -77.125103229999979, -11.849600208999959 ], [ -77.123938917999965, -11.849723724999876 ], [ -77.123225158999901, -11.849719512999968 ], [ -77.122792102999938, -11.849598414999832 ], [ -77.122003338999889, -11.849312595999891 ], [ -77.120571574999985, -11.848754204999977 ], [ -77.119950709999955, -11.848204083999917 ], [ -77.119632, -11.84779995699995 ], [ -77.119271389999881, -11.846999195999956 ], [ -77.118864358999872, -11.845844874999955 ], [ -77.118731762999914, -11.845649784999978 ], [ -77.117736848999925, -11.844442468999887 ], [ -77.117723058999957, -11.844428295999876 ], [ -77.115086238999822, -11.841718253999943 ], [ -77.114512580999872, -11.841123816999925 ], [ -77.114957217999972, -11.84064095899987 ], [ -77.115740696999978, -11.839790129999926 ], [ -77.115888988999984, -11.839502071999959 ], [ -77.115929921999907, -11.83914307799995 ], [ -77.115893472999971, -11.838822920999974 ], [ -77.115743498999848, -11.838253494999947 ], [ -77.115663416999951, -11.837949438999942 ], [ -77.114882860999955, -11.834937495999952 ], [ -77.114779417999898, -11.834809980999978 ], [ -77.116014488999951, -11.833965511999907 ], [ -77.116325310999912, -11.83375298999988 ], [ -77.117419079999934, -11.832436461999976 ], [ -77.11641182999989, -11.831223896999973 ], [ -77.119295862999934, -11.82890727299997 ], [ -77.121156085999928, -11.826867497999956 ], [ -77.124323417999904, -11.823239095999952 ], [ -77.125412101999927, -11.821991931999946 ], [ -77.125955654999984, -11.820710455999972 ], [ -77.125963577999983, -11.820690602999946 ], [ -77.126844320999965, -11.818483510999954 ], [ -77.12727136999996, -11.818752726999833 ], [ -77.128004742999963, -11.819233695999912 ], [ -77.12851776999986, -11.819361004999962 ], [ -77.128761264999923, -11.81888151499993 ], [ -77.128908258999843, -11.818818370999907 ], [ -77.129140672999881, -11.818739151999864 ], [ -77.129353097999967, -11.818711732999816 ], [ -77.129524767999953, -11.818687488999956 ], [ -77.12972238499998, -11.818628615999955 ], [ -77.129963278999981, -11.81851641999998 ], [ -77.130784401999904, -11.818359949999945 ], [ -77.130906692999986, -11.8180763229999 ], [ -77.13138365199984, -11.8179992069999 ], [ -77.131571987999962, -11.818006219999972 ], [ -77.131671714999982, -11.817872696999927 ], [ -77.131912376999878, -11.818021403999978 ], [ -77.131902367999942, -11.818260834999876 ], [ -77.132106137999926, -11.818373549999876 ], [ -77.132301325999833, -11.818835465999939 ], [ -77.132469073999857, -11.818936955999959 ], [ -77.132650472999956, -11.819260073999885 ], [ -77.133179531999929, -11.818472075999978 ], [ -77.133386066999947, -11.818185961999916 ], [ -77.133916622999891, -11.818559307999976 ], [ -77.134057256999881, -11.818326351999815 ], [ -77.134256836999896, -11.818343450999976 ], [ -77.134393382999974, -11.818244752999874 ], [ -77.134842080999988, -11.818265744999962 ], [ -77.13504463299995, -11.818198660999883 ], [ -77.13515806199996, -11.818212756999912 ], [ -77.135207750999882, -11.817821212999945 ] ] ] } }
]
}
