{
"type": "FeatureCollection",
"name": "mapa_final_sorochuco",
"crs": { "type": "name", "properties": { "name": "urn:ogc:def:crs:OGC:1.3:CRS84" } },
"features": [
{ "type": "Feature", "properties": { "ubigeo": "060309", "nombre": "CHANCHE", "categoria": "ANEXO", "provincia": "CELENDIN", "distrito": "SOROCHUCO", "altitud": 3546.0, "area_km2": 7.196, "densidad_hab_km2": 1.9, "poblacion": 14.0, "local_votacion": "IE QUENGOMAYO", "electores_hab": 176, "total_votantes": 128, "mesas": 1, "participacion": 72.7, "ausentismo": 27.3, "partido_ganador": "Juntos por el Peru", "pct_ganador": 61.7, "margen_victoria": 48.93, "pct_an": 1.06, "pct_app": 0.0, "pct_fp": 12.77, "pct_jxp": 61.7, "pct_lp": 1.06, "pct_obra": 9.57, "pct_pbg": 0.0, "pct_pl": 0.0, "pct_pp": 4.26, "pct_ppt": 4.25, "pct_rp": 0.0, "pct_sp": 0.0, "pct_otros": 5.31, "pref_yenifer": 0, "pref_gabriel": 0, "pref_jessica": 0, "pref_juan": 0, "pref_jibaja": 0, "pref_ticlla": 0, "pref_yenifer_pct": 14.84, "pref_gabriel_pct": 4.69, "pref_jessica_pct": 1.56, "pref_juan_pct": 0.0, "pref_jibaja_pct": 0.78, "pref_ticlla_pct": 0.78, "diputado_dom": "Yenifer Paredes" }, "geometry": { "type": "Polygon", "coordinates": [ [ [ -78.301451667435799, -6.999367922608563 ], [ -78.283507459859891, -6.988324037260413 ], [ -78.261851808384975, -6.993047287620641 ], [ -78.261618577735817, -6.993185772225954 ], [ -78.258854178077556, -6.999534055986512 ], [ -78.2832, -6.9953 ], [ -78.2853, -7.0033 ], [ -78.2847, -7.0116 ], [ -78.289, -7.0188 ], [ -78.294, -7.0182 ], [ -78.301, -7.0118 ], [ -78.3071, -7.0141 ], [ -78.3088, -7.0135 ], [ -78.30989146677652, -7.011498977576381 ], [ -78.301451667435799, -6.999367922608563 ] ] ] } },
{ "type": "Feature", "properties": { "ubigeo": "060309", "nombre": "SANTA ROSA DE MILPOC", "categoria": "ANEXO", "provincia": "CELENDIN", "distrito": "SOROCHUCO", "altitud": 3778.0, "area_km2": 9.615, "densidad_hab_km2": 5.5, "poblacion": 53.0, "local_votacion": "IE 82424 ANTERO MEDINA SANCHEZ", "electores_hab": 1733, "total_votantes": 890, "mesas": 6, "participacion": 51.4, "ausentismo": 48.6, "partido_ganador": "Juntos por el Peru", "pct_ganador": 53.52, "margen_victoria": 41.62, "pct_an": 3.6, "pct_app": 0.94, "pct_fp": 11.42, "pct_jxp": 53.52, "pct_lp": 0.47, "pct_obra": 9.08, "pct_pbg": 1.72, "pct_pl": 0.0, "pct_pp": 4.38, "pct_ppt": 1.25, "pct_rp": 1.72, "pct_sp": 0.0, "pct_otros": 11.9, "pref_yenifer": 42, "pref_gabriel": 18, "pref_jessica": 2, "pref_juan": 1, "pref_jibaja": 1, "pref_ticlla": 3, "pref_yenifer_pct": 4.72, "pref_gabriel_pct": 2.02, "pref_jessica_pct": 0.22, "pref_juan_pct": 0.11, "pref_jibaja_pct": 0.11, "pref_ticlla_pct": 0.34, "diputado_dom": "Yenifer Paredes" }, "geometry": { "type": "Polygon", "coordinates": [ [ [ -78.308329815574979, -6.961864916462109 ], [ -78.294584449284571, -6.957948225788667 ], [ -78.294392681491559, -6.971508402921433 ], [ -78.301451667435799, -6.999367922608563 ], [ -78.30989146677652, -7.011498977576381 ], [ -78.3106, -7.0102 ], [ -78.3088, -7.0034 ], [ -78.3144, -6.9961 ], [ -78.3118, -6.99 ], [ -78.3122, -6.987 ], [ -78.3194, -6.9798 ], [ -78.325350284908353, -6.976087895653506 ], [ -78.308329815574979, -6.961864916462109 ] ] ] } },
{ "type": "Feature", "properties": { "ubigeo": "060309", "nombre": "ALFORJACOCHA", "categoria": "OTROS", "provincia": "CELENDIN", "distrito": "SOROCHUCO", "altitud": 3784.0, "area_km2": 5.266, "densidad_hab_km2": 8.2, "poblacion": 43.0, "local_votacion": "IE LA CHORRERA", "electores_hab": 507, "total_votantes": 313, "mesas": 2, "participacion": 61.7, "ausentismo": 38.3, "partido_ganador": "Juntos por el Peru", "pct_ganador": 62.7, "margen_victoria": 52.45, "pct_an": 0.41, "pct_app": 0.41, "pct_fp": 10.25, "pct_jxp": 62.7, "pct_lp": 0.82, "pct_obra": 6.56, "pct_pbg": 1.64, "pct_pl": 0.0, "pct_pp": 5.74, "pct_ppt": 0.82, "pct_rp": 1.23, "pct_sp": 0.0, "pct_otros": 9.43, "pref_yenifer": 2, "pref_gabriel": 1, "pref_jessica": 0, "pref_juan": 0, "pref_jibaja": 0, "pref_ticlla": 0, "pref_yenifer_pct": 11.5, "pref_gabriel_pct": 6.39, "pref_jessica_pct": 1.28, "pref_juan_pct": 1.6, "pref_jibaja_pct": 0.0, "pref_ticlla_pct": 0.64, "diputado_dom": "Yenifer Paredes" }, "geometry": { "type": "Polygon", "coordinates": [ [ [ -78.334029877228772, -6.937898794226818 ], [ -78.326669239096361, -6.95001922692125 ], [ -78.32665446145262, -6.951477209767275 ], [ -78.334544867396261, -6.964014111875442 ], [ -78.338, -6.9567 ], [ -78.3421, -6.9538 ], [ -78.35, -6.9518 ], [ -78.3541, -6.9441 ], [ -78.361, -6.9391 ], [ -78.361405680928925, -6.939005053399614 ], [ -78.334029877228772, -6.937898794226818 ] ] ] } },
{ "type": "Feature", "properties": { "ubigeo": "060309", "nombre": "LA COLPA", "categoria": "ANEXO", "provincia": "CELENDIN", "distrito": "SOROCHUCO", "altitud": 3633.0, "area_km2": 4.829, "densidad_hab_km2": 6.0, "poblacion": 29.0, "local_votacion": "IE QUENGOMAYO", "electores_hab": 176, "total_votantes": 128, "mesas": 1, "participacion": 72.7, "ausentismo": 27.3, "partido_ganador": "Juntos por el Peru", "pct_ganador": 61.7, "margen_victoria": 48.93, "pct_an": 1.06, "pct_app": 0.0, "pct_fp": 12.77, "pct_jxp": 61.7, "pct_lp": 1.06, "pct_obra": 9.57, "pct_pbg": 0.0, "pct_pl": 0.0, "pct_pp": 4.26, "pct_ppt": 4.25, "pct_rp": 0.0, "pct_sp": 0.0, "pct_otros": 5.31, "pref_yenifer": 1, "pref_gabriel": 0, "pref_jessica": 0, "pref_juan": 0, "pref_jibaja": 0, "pref_ticlla": 0, "pref_yenifer_pct": 14.84, "pref_gabriel_pct": 4.69, "pref_jessica_pct": 1.56, "pref_juan_pct": 0.0, "pref_jibaja_pct": 0.78, "pref_ticlla_pct": 0.78, "diputado_dom": "Yenifer Paredes" }, "geometry": { "type": "Polygon", "coordinates": [ [ [ -78.294392681491559, -6.971508402921433 ], [ -78.272365994131064, -6.974177399881008 ], [ -78.27469089305508, -6.979447857712565 ], [ -78.283507459859891, -6.988324037260413 ], [ -78.301451667435799, -6.999367922608563 ], [ -78.294392681491559, -6.971508402921433 ] ] ] } },
{ "type": "Feature", "properties": { "ubigeo": "060309", "nombre": "SAN LORENZO DE LIPIAC", "categoria": null, "provincia": "CELENDIN", "distrito": "SOROCHUCO", "altitud": 3773.0, "area_km2": 4.729, "densidad_hab_km2": 7.0, "poblacion": 33.0, "local_votacion": "IE LA CHORRERA", "electores_hab": 507, "total_votantes": 313, "mesas": 2, "participacion": 61.7, "ausentismo": 38.3, "partido_ganador": "Juntos por el Peru", "pct_ganador": 62.7, "margen_victoria": 52.45, "pct_an": 0.41, "pct_app": 0.41, "pct_fp": 10.25, "pct_jxp": 62.7, "pct_lp": 0.82, "pct_obra": 6.56, "pct_pbg": 1.64, "pct_pl": 0.0, "pct_pp": 5.74, "pct_ppt": 0.82, "pct_rp": 1.23, "pct_sp": 0.0, "pct_otros": 9.43, "pref_yenifer": 2, "pref_gabriel": 1, "pref_jessica": 0, "pref_juan": 0, "pref_jibaja": 0, "pref_ticlla": 0, "pref_yenifer_pct": 11.5, "pref_gabriel_pct": 6.39, "pref_jessica_pct": 1.28, "pref_juan_pct": 1.6, "pref_jibaja_pct": 0.0, "pref_ticlla_pct": 0.64, "diputado_dom": "Yenifer Paredes" }, "geometry": { "type": "Polygon", "coordinates": [ [ [ -78.32665446145262, -6.951477209767275 ], [ -78.317552179573866, -6.951536265291877 ], [ -78.308329815574979, -6.961864916462109 ], [ -78.325350284908353, -6.976087895653506 ], [ -78.3303, -6.973 ], [ -78.334544867396261, -6.964014111875442 ], [ -78.32665446145262, -6.951477209767275 ] ] ] } },
{ "type": "Feature", "properties": { "ubigeo": "060309", "nombre": "CORRAL VIEJO", "categoria": "ANEXO", "provincia": "CELENDIN", "distrito": "SOROCHUCO", "altitud": 3795.0, "area_km2": 2.418, "densidad_hab_km2": 0.0, "poblacion": 0.0, "local_votacion": "IE DANIEL ALCIDES CARRION", "electores_hab": 400, "total_votantes": 295, "mesas": 2, "participacion": 73.8, "ausentismo": 26.2, "partido_ganador": "Juntos por el Peru", "pct_ganador": 47.32, "margen_victoria": 19.52, "pct_an": 0.98, "pct_app": 0.49, "pct_fp": 27.8, "pct_jxp": 47.32, "pct_lp": 0.0, "pct_obra": 5.85, "pct_pbg": 0.0, "pct_pl": 0.0, "pct_pp": 7.8, "pct_ppt": 1.47, "pct_rp": 0.49, "pct_sp": 0.0, "pct_otros": 7.82, "pref_yenifer": 0, "pref_gabriel": 0, "pref_jessica": 0, "pref_juan": 0, "pref_jibaja": 0, "pref_ticlla": 0, "pref_yenifer_pct": 6.1, "pref_gabriel_pct": 2.03, "pref_jessica_pct": 1.02, "pref_juan_pct": 0.0, "pref_jibaja_pct": 0.34, "pref_ticlla_pct": 0.68, "diputado_dom": "Yenifer Paredes" }, "geometry": { "type": "Polygon", "coordinates": [ [ [ -78.308329815574979, -6.961864916462109 ], [ -78.317552179573866, -6.951536265291877 ], [ -78.310295756796847, -6.947424337809859 ], [ -78.293110965452769, -6.95423054576625 ], [ -78.292692616684363, -6.954613569630385 ], [ -78.294584449284571, -6.957948225788667 ], [ -78.308329815574979, -6.961864916462109 ] ] ] } },
{ "type": "Feature", "properties": { "ubigeo": "060309", "nombre": "EL HIJADERO", "categoria": "ANEXO", "provincia": "CELENDIN", "distrito": "SOROCHUCO", "altitud": 3799.0, "area_km2": 1.931, "densidad_hab_km2": 17.1, "poblacion": 33.0, "local_votacion": "IE DANIEL ALCIDES CARRION", "electores_hab": 400, "total_votantes": 295, "mesas": 2, "participacion": 73.8, "ausentismo": 26.2, "partido_ganador": "Juntos por el Peru", "pct_ganador": 47.32, "margen_victoria": 19.52, "pct_an": 0.98, "pct_app": 0.49, "pct_fp": 27.8, "pct_jxp": 47.32, "pct_lp": 0.0, "pct_obra": 5.85, "pct_pbg": 0.0, "pct_pl": 0.0, "pct_pp": 7.8, "pct_ppt": 1.47, "pct_rp": 0.49, "pct_sp": 0.0, "pct_otros": 7.82, "pref_yenifer": 18, "pref_gabriel": 6, "pref_jessica": 3, "pref_juan": 0, "pref_jibaja": 1, "pref_ticlla": 2, "pref_yenifer_pct": 6.1, "pref_gabriel_pct": 2.03, "pref_jessica_pct": 1.02, "pref_juan_pct": 0.0, "pref_jibaja_pct": 0.34, "pref_ticlla_pct": 0.68, "diputado_dom": "Yenifer Paredes" }, "geometry": { "type": "Polygon", "coordinates": [ [ [ -78.310382643600448, -6.93526480883695 ], [ -78.309036546494497, -6.935406974843095 ], [ -78.297761199248882, -6.945311331648362 ], [ -78.293110965452769, -6.95423054576625 ], [ -78.310295756796847, -6.947424337809859 ], [ -78.31279928605133, -6.937207663036554 ], [ -78.310382643600448, -6.93526480883695 ] ] ] } },
{ "type": "Feature", "properties": { "ubigeo": "060309", "nombre": "LA CHORRERA", "categoria": "CASERIO", "provincia": "CELENDIN", "distrito": "SOROCHUCO", "altitud": 3676.0, "area_km2": 1.873, "densidad_hab_km2": 141.0, "poblacion": 264.0, "local_votacion": "IE LA CHORRERA", "electores_hab": 507, "total_votantes": 313, "mesas": 2, "participacion": 61.7, "ausentismo": 38.3, "partido_ganador": "Juntos por el Peru", "pct_ganador": 62.7, "margen_victoria": 52.45, "pct_an": 0.41, "pct_app": 0.41, "pct_fp": 10.25, "pct_jxp": 62.7, "pct_lp": 0.82, "pct_obra": 6.56, "pct_pbg": 1.64, "pct_pl": 0.0, "pct_pp": 5.74, "pct_ppt": 0.82, "pct_rp": 1.23, "pct_sp": 0.0, "pct_otros": 9.43, "pref_yenifer": 13, "pref_gabriel": 7, "pref_jessica": 1, "pref_juan": 2, "pref_jibaja": 0, "pref_ticlla": 1, "pref_yenifer_pct": 11.5, "pref_gabriel_pct": 6.39, "pref_jessica_pct": 1.28, "pref_juan_pct": 1.6, "pref_jibaja_pct": 0.0, "pref_ticlla_pct": 0.64, "diputado_dom": "Yenifer Paredes" }, "geometry": { "type": "Polygon", "coordinates": [ [ [ -78.318494296611235, -6.937385412583394 ], [ -78.31279928605133, -6.937207663036554 ], [ -78.310295756796847, -6.947424337809859 ], [ -78.317552179573866, -6.951536265291877 ], [ -78.32665446145262, -6.951477209767275 ], [ -78.326669239096361, -6.95001922692125 ], [ -78.318494296611235, -6.937385412583394 ] ] ] } },
{ "type": "Feature", "properties": { "ubigeo": "060309", "nombre": "CHIMCHIM", "categoria": null, "provincia": "CELENDIN", "distrito": "SOROCHUCO", "altitud": 3652.0, "area_km2": 2.697, "densidad_hab_km2": 12.2, "poblacion": 33.0, "local_votacion": "IE 821093", "electores_hab": 728, "total_votantes": 542, "mesas": 3, "participacion": 74.5, "ausentismo": 25.5, "partido_ganador": "Juntos por el Peru", "pct_ganador": 59.3, "margen_victoria": 41.96, "pct_an": 1.26, "pct_app": 0.5, "pct_fp": 17.34, "pct_jxp": 59.3, "pct_lp": 0.25, "pct_obra": 4.02, "pct_pbg": 0.0, "pct_pl": 0.0, "pct_pp": 3.27, "pct_ppt": 2.01, "pct_rp": 1.51, "pct_sp": 0.0, "pct_otros": 10.54, "pref_yenifer": 5, "pref_gabriel": 1, "pref_jessica": 0, "pref_juan": 0, "pref_jibaja": 0, "pref_ticlla": 1, "pref_yenifer_pct": 7.75, "pref_gabriel_pct": 2.4, "pref_jessica_pct": 0.74, "pref_juan_pct": 0.0, "pref_jibaja_pct": 0.55, "pref_ticlla_pct": 0.92, "diputado_dom": "Yenifer Paredes" }, "geometry": { "type": "Polygon", "coordinates": [ [ [ -78.293110965452769, -6.95423054576625 ], [ -78.297761199248882, -6.945311331648362 ], [ -78.298703854010654, -6.93414059830761 ], [ -78.288995264143679, -6.932415863800178 ], [ -78.284907330850686, -6.940295008995631 ], [ -78.286727086079694, -6.950299734252336 ], [ -78.287773798038501, -6.952751044545094 ], [ -78.292692616684363, -6.954613569630385 ], [ -78.293110965452769, -6.95423054576625 ] ] ] } },
{ "type": "Feature", "properties": { "ubigeo": "060309", "nombre": "CHAQUICOCHA", "categoria": "ANEXO", "provincia": "CELENDIN", "distrito": "SOROCHUCO", "altitud": 3523.0, "area_km2": 0.856, "densidad_hab_km2": 19.9, "poblacion": 17.0, "local_votacion": "IE 821093", "electores_hab": 728, "total_votantes": 542, "mesas": 3, "participacion": 74.5, "ausentismo": 25.5, "partido_ganador": "Juntos por el Peru", "pct_ganador": 59.3, "margen_victoria": 41.96, "pct_an": 1.26, "pct_app": 0.5, "pct_fp": 17.34, "pct_jxp": 59.3, "pct_lp": 0.25, "pct_obra": 4.02, "pct_pbg": 0.0, "pct_pl": 0.0, "pct_pp": 3.27, "pct_ppt": 2.01, "pct_rp": 1.51, "pct_sp": 0.0, "pct_otros": 10.54, "pref_yenifer": 2, "pref_gabriel": 1, "pref_jessica": 0, "pref_juan": 0, "pref_jibaja": 0, "pref_ticlla": 0, "pref_yenifer_pct": 7.75, "pref_gabriel_pct": 2.4, "pref_jessica_pct": 0.74, "pref_juan_pct": 0.0, "pref_jibaja_pct": 0.55, "pref_ticlla_pct": 0.92, "diputado_dom": "Yenifer Paredes" }, "geometry": { "type": "Polygon", "coordinates": [ [ [ -78.309036546494497, -6.935406974843095 ], [ -78.301486996564364, -6.932302989989513 ], [ -78.300021708792684, -6.932990232580964 ], [ -78.298703854010654, -6.93414059830761 ], [ -78.297761199248882, -6.945311331648362 ], [ -78.309036546494497, -6.935406974843095 ] ] ] } },
{ "type": "Feature", "properties": { "ubigeo": "060309", "nombre": "CARUACONGA", "categoria": "ANEXO", "provincia": "CELENDIN", "distrito": "SOROCHUCO", "altitud": 3446.0, "area_km2": 3.954, "densidad_hab_km2": 28.3, "poblacion": 112.0, "local_votacion": "IE QUENGOMAYO", "electores_hab": 176, "total_votantes": 128, "mesas": 1, "participacion": 72.7, "ausentismo": 27.3, "partido_ganador": "Juntos por el Peru", "pct_ganador": 61.7, "margen_victoria": 48.93, "pct_an": 1.06, "pct_app": 0.0, "pct_fp": 12.77, "pct_jxp": 61.7, "pct_lp": 1.06, "pct_obra": 9.57, "pct_pbg": 0.0, "pct_pl": 0.0, "pct_pp": 4.26, "pct_ppt": 4.25, "pct_rp": 0.0, "pct_sp": 0.0, "pct_otros": 5.31, "pref_yenifer": 3, "pref_gabriel": 1, "pref_jessica": 0, "pref_juan": 0, "pref_jibaja": 0, "pref_ticlla": 0, "pref_yenifer_pct": 14.84, "pref_gabriel_pct": 4.69, "pref_jessica_pct": 1.56, "pref_juan_pct": 0.0, "pref_jibaja_pct": 0.78, "pref_ticlla_pct": 0.78, "diputado_dom": "Yenifer Paredes" }, "geometry": { "type": "Polygon", "coordinates": [ [ [ -78.261618577735817, -6.993185772225954 ], [ -78.259189076059954, -6.979406668741801 ], [ -78.246953139327985, -6.976274885376069 ], [ -78.2468, -6.9775 ], [ -78.2421, -6.9854 ], [ -78.2426, -6.9894 ], [ -78.2523, -6.9994 ], [ -78.2556, -7.0001 ], [ -78.258854178077556, -6.999534055986512 ], [ -78.261618577735817, -6.993185772225954 ] ] ] } },
{ "type": "Feature", "properties": { "ubigeo": "060309", "nombre": "LA CARPA", "categoria": "CASERIO", "provincia": "CELENDIN", "distrito": "SOROCHUCO", "altitud": 2983.0, "area_km2": 1.981, "densidad_hab_km2": 59.1, "poblacion": 117.0, "local_votacion": "IE 82426 - CCPP SAN JUAN DE REJOPAMPA", "electores_hab": 738, "total_votantes": 315, "mesas": 3, "participacion": 42.7, "ausentismo": 57.3, "partido_ganador": "Juntos por el Peru", "pct_ganador": 57.21, "margen_victoria": 45.86, "pct_an": 1.31, "pct_app": 2.18, "pct_fp": 11.35, "pct_jxp": 57.21, "pct_lp": 0.44, "pct_obra": 11.35, "pct_pbg": 1.31, "pct_pl": 0.0, "pct_pp": 5.24, "pct_ppt": 0.0, "pct_rp": 1.31, "pct_sp": 0.0, "pct_otros": 8.32, "pref_yenifer": 1, "pref_gabriel": 1, "pref_jessica": 0, "pref_juan": 0, "pref_jibaja": 0, "pref_ticlla": 0, "pref_yenifer_pct": 5.71, "pref_gabriel_pct": 4.44, "pref_jessica_pct": 1.27, "pref_juan_pct": 0.63, "pref_jibaja_pct": 0.0, "pref_ticlla_pct": 0.32, "diputado_dom": "Yenifer Paredes" }, "geometry": { "type": "Polygon", "coordinates": [ [ [ -78.253937252765866, -6.956901686737107 ], [ -78.249773886588031, -6.949889311431376 ], [ -78.243477726143155, -6.946521280343982 ], [ -78.240285057901829, -6.946959853785248 ], [ -78.2409, -6.9492 ], [ -78.2378, -6.9545 ], [ -78.242435440844773, -6.96377088168956 ], [ -78.253937252765866, -6.956901686737107 ] ] ] } },
{ "type": "Feature", "properties": { "ubigeo": "060309", "nombre": "LLAVIDQUE", "categoria": "CASERIO", "provincia": "CELENDIN", "distrito": "SOROCHUCO", "altitud": 3176.0, "area_km2": 1.978, "densidad_hab_km2": 133.5, "poblacion": 264.0, "local_votacion": "IE QUENGOMAYO", "electores_hab": 176, "total_votantes": 128, "mesas": 1, "participacion": 72.7, "ausentismo": 27.3, "partido_ganador": "Juntos por el Peru", "pct_ganador": 61.7, "margen_victoria": 48.93, "pct_an": 1.06, "pct_app": 0.0, "pct_fp": 12.77, "pct_jxp": 61.7, "pct_lp": 1.06, "pct_obra": 9.57, "pct_pbg": 0.0, "pct_pl": 0.0, "pct_pp": 4.26, "pct_ppt": 4.25, "pct_rp": 0.0, "pct_sp": 0.0, "pct_otros": 5.31, "pref_yenifer": 7, "pref_gabriel": 2, "pref_jessica": 1, "pref_juan": 0, "pref_jibaja": 0, "pref_ticlla": 0, "pref_yenifer_pct": 14.84, "pref_gabriel_pct": 4.69, "pref_jessica_pct": 1.56, "pref_juan_pct": 0.0, "pref_jibaja_pct": 0.78, "pref_ticlla_pct": 0.78, "diputado_dom": "Yenifer Paredes" }, "geometry": { "type": "Polygon", "coordinates": [ [ [ -78.259242651311013, -6.964369666574486 ], [ -78.247257762411124, -6.973837900710968 ], [ -78.246953139327985, -6.976274885376069 ], [ -78.259189076059954, -6.979406668741801 ], [ -78.266710508393615, -6.973959400458983 ], [ -78.259242651311013, -6.964369666574486 ] ] ] } },
{ "type": "Feature", "properties": { "ubigeo": "060309", "nombre": "PUQUIO", "categoria": "ANEXO", "provincia": "CELENDIN", "distrito": "SOROCHUCO", "altitud": 3069.0, "area_km2": 1.872, "densidad_hab_km2": 58.2, "poblacion": 109.0, "local_votacion": "IE QUENGOMAYO", "electores_hab": 176, "total_votantes": 128, "mesas": 1, "participacion": 72.7, "ausentismo": 27.3, "partido_ganador": "Juntos por el Peru", "pct_ganador": 61.7, "margen_victoria": 48.93, "pct_an": 1.06, "pct_app": 0.0, "pct_fp": 12.77, "pct_jxp": 61.7, "pct_lp": 1.06, "pct_obra": 9.57, "pct_pbg": 0.0, "pct_pl": 0.0, "pct_pp": 4.26, "pct_ppt": 4.25, "pct_rp": 0.0, "pct_sp": 0.0, "pct_otros": 5.31, "pref_yenifer": 3, "pref_gabriel": 1, "pref_jessica": 0, "pref_juan": 0, "pref_jibaja": 0, "pref_ticlla": 0, "pref_yenifer_pct": 14.84, "pref_gabriel_pct": 4.69, "pref_jessica_pct": 1.56, "pref_juan_pct": 0.0, "pref_jibaja_pct": 0.78, "pref_ticlla_pct": 0.78, "diputado_dom": "Yenifer Paredes" }, "geometry": { "type": "Polygon", "coordinates": [ [ [ -78.259248834367924, -6.962312880556106 ], [ -78.255996466250977, -6.957429889850611 ], [ -78.253937252765866, -6.956901686737107 ], [ -78.242435440844773, -6.96377088168956 ], [ -78.2473, -6.9735 ], [ -78.247257762411124, -6.973837900710968 ], [ -78.259242651311013, -6.964369666574486 ], [ -78.259248834367924, -6.962312880556106 ] ] ] } },
{ "type": "Feature", "properties": { "ubigeo": "060309", "nombre": "CRIULLO", "categoria": "ANEXO", "provincia": "CELENDIN", "distrito": "SOROCHUCO", "altitud": 3229.0, "area_km2": 1.559, "densidad_hab_km2": 90.4, "poblacion": 141.0, "local_votacion": "IE 82426 - CCPP SAN JUAN DE REJOPAMPA", "electores_hab": 738, "total_votantes": 315, "mesas": 3, "participacion": 42.7, "ausentismo": 57.3, "partido_ganador": "Juntos por el Peru", "pct_ganador": 57.21, "margen_victoria": 45.86, "pct_an": 1.31, "pct_app": 2.18, "pct_fp": 11.35, "pct_jxp": 57.21, "pct_lp": 0.44, "pct_obra": 11.35, "pct_pbg": 1.31, "pct_pl": 0.0, "pct_pp": 5.24, "pct_ppt": 0.0, "pct_rp": 1.31, "pct_sp": 0.0, "pct_otros": 8.32, "pref_yenifer": 2, "pref_gabriel": 1, "pref_jessica": 0, "pref_juan": 0, "pref_jibaja": 0, "pref_ticlla": 0, "pref_yenifer_pct": 5.71, "pref_gabriel_pct": 4.44, "pref_jessica_pct": 1.27, "pref_juan_pct": 0.63, "pref_jibaja_pct": 0.0, "pref_ticlla_pct": 0.32, "diputado_dom": "Yenifer Paredes" }, "geometry": { "type": "Polygon", "coordinates": [ [ [ -78.275213035699167, -6.957319275254731 ], [ -78.265423473968227, -6.950201760349414 ], [ -78.263228450717392, -6.950048605636284 ], [ -78.261928697883562, -6.950630348270314 ], [ -78.255996466250977, -6.957429889850611 ], [ -78.259248834367924, -6.962312880556106 ], [ -78.275213035699167, -6.957319275254731 ] ] ] } },
{ "type": "Feature", "properties": { "ubigeo": "060309", "nombre": "GUARGUAR", "categoria": "ANEXO", "provincia": "CELENDIN", "distrito": "SOROCHUCO", "altitud": 3126.0, "area_km2": 0.933, "densidad_hab_km2": 8.6, "poblacion": 8.0, "local_votacion": "IE 82426 - CCPP SAN JUAN DE REJOPAMPA", "electores_hab": 738, "total_votantes": 315, "mesas": 3, "participacion": 42.7, "ausentismo": 57.3, "partido_ganador": "Juntos por el Peru", "pct_ganador": 57.21, "margen_victoria": 45.86, "pct_an": 1.31, "pct_app": 2.18, "pct_fp": 11.35, "pct_jxp": 57.21, "pct_lp": 0.44, "pct_obra": 11.35, "pct_pbg": 1.31, "pct_pl": 0.0, "pct_pp": 5.24, "pct_ppt": 0.0, "pct_rp": 1.31, "pct_sp": 0.0, "pct_otros": 8.32, "pref_yenifer": 0, "pref_gabriel": 0, "pref_jessica": 0, "pref_juan": 0, "pref_jibaja": 0, "pref_ticlla": 0, "pref_yenifer_pct": 5.71, "pref_gabriel_pct": 4.44, "pref_jessica_pct": 1.27, "pref_juan_pct": 0.63, "pref_jibaja_pct": 0.0, "pref_ticlla_pct": 0.32, "diputado_dom": "Yenifer Paredes" }, "geometry": { "type": "Polygon", "coordinates": [ [ [ -78.249773886588031, -6.949889311431376 ], [ -78.253937252765866, -6.956901686737107 ], [ -78.255996466250977, -6.957429889850611 ], [ -78.261928697883562, -6.950630348270314 ], [ -78.255399459733965, -6.945861685601124 ], [ -78.249773886588031, -6.949889311431376 ] ] ] } },
{ "type": "Feature", "properties": { "ubigeo": "060309", "nombre": "OCSHA", "categoria": "CASERIO", "provincia": "CELENDIN", "distrito": "SOROCHUCO", "altitud": 3266.0, "area_km2": 0.541, "densidad_hab_km2": 292.1, "poblacion": 158.0, "local_votacion": "IE 82426 - CCPP SAN JUAN DE REJOPAMPA", "electores_hab": 738, "total_votantes": 315, "mesas": 3, "participacion": 42.7, "ausentismo": 57.3, "partido_ganador": "Juntos por el Peru", "pct_ganador": 57.21, "margen_victoria": 45.86, "pct_an": 1.31, "pct_app": 2.18, "pct_fp": 11.35, "pct_jxp": 57.21, "pct_lp": 0.44, "pct_obra": 11.35, "pct_pbg": 1.31, "pct_pl": 0.0, "pct_pp": 5.24, "pct_ppt": 0.0, "pct_rp": 1.31, "pct_sp": 0.0, "pct_otros": 8.32, "pref_yenifer": 2, "pref_gabriel": 1, "pref_jessica": 0, "pref_juan": 0, "pref_jibaja": 0, "pref_ticlla": 0, "pref_yenifer_pct": 5.71, "pref_gabriel_pct": 4.44, "pref_jessica_pct": 1.27, "pref_juan_pct": 0.63, "pref_jibaja_pct": 0.0, "pref_ticlla_pct": 0.32, "diputado_dom": "Yenifer Paredes" }, "geometry": { "type": "Polygon", "coordinates": [ [ [ -78.260478456670683, -6.940924324086445 ], [ -78.258425988546009, -6.941411109902383 ], [ -78.255769739354264, -6.94329762779483 ], [ -78.255399459733965, -6.945861685601124 ], [ -78.261928697883562, -6.950630348270314 ], [ -78.263228450717392, -6.950048605636284 ], [ -78.2611042020865, -6.941315037392751 ], [ -78.260478456670683, -6.940924324086445 ] ] ] } },
{ "type": "Feature", "properties": { "ubigeo": "060309", "nombre": "OJO DE AGUA", "categoria": "ANEXO", "provincia": "CELENDIN", "distrito": "SOROCHUCO", "altitud": 3228.0, "area_km2": 0.539, "densidad_hab_km2": 94.6, "poblacion": 51.0, "local_votacion": "IE 82426 - CCPP SAN JUAN DE REJOPAMPA", "electores_hab": 738, "total_votantes": 315, "mesas": 3, "participacion": 42.7, "ausentismo": 57.3, "partido_ganador": "Juntos por el Peru", "pct_ganador": 57.21, "margen_victoria": 45.86, "pct_an": 1.31, "pct_app": 2.18, "pct_fp": 11.35, "pct_jxp": 57.21, "pct_lp": 0.44, "pct_obra": 11.35, "pct_pbg": 1.31, "pct_pl": 0.0, "pct_pp": 5.24, "pct_ppt": 0.0, "pct_rp": 1.31, "pct_sp": 0.0, "pct_otros": 8.32, "pref_yenifer": 1, "pref_gabriel": 0, "pref_jessica": 0, "pref_juan": 0, "pref_jibaja": 0, "pref_ticlla": 0, "pref_yenifer_pct": 5.71, "pref_gabriel_pct": 4.44, "pref_jessica_pct": 1.27, "pref_juan_pct": 0.63, "pref_jibaja_pct": 0.0, "pref_ticlla_pct": 0.32, "diputado_dom": "Yenifer Paredes" }, "geometry": { "type": "Polygon", "coordinates": [ [ [ -78.266497457911385, -6.941542124959053 ], [ -78.264822956787995, -6.940612739700913 ], [ -78.2611042020865, -6.941315037392751 ], [ -78.263228450717392, -6.950048605636284 ], [ -78.265423473968227, -6.950201760349414 ], [ -78.268131824519301, -6.94483793377561 ], [ -78.266497457911385, -6.941542124959053 ] ] ] } },
{ "type": "Feature", "properties": { "ubigeo": "060309", "nombre": "NUEVO PORVENIR", "categoria": "OTROS", "provincia": "CELENDIN", "distrito": "SOROCHUCO", "altitud": 3102.0, "area_km2": 0.877, "densidad_hab_km2": 63.9, "poblacion": 56.0, "local_votacion": "IE 82426 - CCPP SAN JUAN DE REJOPAMPA", "electores_hab": 738, "total_votantes": 315, "mesas": 3, "participacion": 42.7, "ausentismo": 57.3, "partido_ganador": "Juntos por el Peru", "pct_ganador": 57.21, "margen_victoria": 45.86, "pct_an": 1.31, "pct_app": 2.18, "pct_fp": 11.35, "pct_jxp": 57.21, "pct_lp": 0.44, "pct_obra": 11.35, "pct_pbg": 1.31, "pct_pl": 0.0, "pct_pp": 5.24, "pct_ppt": 0.0, "pct_rp": 1.31, "pct_sp": 0.0, "pct_otros": 8.32, "pref_yenifer": 1, "pref_gabriel": 1, "pref_jessica": 0, "pref_juan": 0, "pref_jibaja": 0, "pref_ticlla": 0, "pref_yenifer_pct": 5.71, "pref_gabriel_pct": 4.44, "pref_jessica_pct": 1.27, "pref_juan_pct": 0.63, "pref_jibaja_pct": 0.0, "pref_ticlla_pct": 0.32, "diputado_dom": "Yenifer Paredes" }, "geometry": { "type": "Polygon", "coordinates": [ [ [ -78.255399459733965, -6.945861685601124 ], [ -78.255769739354264, -6.94329762779483 ], [ -78.249352668096336, -6.939395637941525 ], [ -78.243477726143155, -6.946521280343982 ], [ -78.249773886588031, -6.949889311431376 ], [ -78.255399459733965, -6.945861685601124 ] ] ] } },
{ "type": "Feature", "properties": { "ubigeo": "060309", "nombre": "AMARCUCHO", "categoria": "CASERIO", "provincia": "CELENDIN", "distrito": "SOROCHUCO", "altitud": 2644.0, "area_km2": 1.258, "densidad_hab_km2": 44.5, "poblacion": 56.0, "local_votacion": "IE 82426 - CCPP SAN JUAN DE REJOPAMPA", "electores_hab": 738, "total_votantes": 315, "mesas": 3, "participacion": 42.7, "ausentismo": 57.3, "partido_ganador": "Juntos por el Peru", "pct_ganador": 57.21, "margen_victoria": 45.86, "pct_an": 1.31, "pct_app": 2.18, "pct_fp": 11.35, "pct_jxp": 57.21, "pct_lp": 0.44, "pct_obra": 11.35, "pct_pbg": 1.31, "pct_pl": 0.0, "pct_pp": 5.24, "pct_ppt": 0.0, "pct_rp": 1.31, "pct_sp": 0.0, "pct_otros": 8.32, "pref_yenifer": 1, "pref_gabriel": 1, "pref_jessica": 0, "pref_juan": 0, "pref_jibaja": 0, "pref_ticlla": 0, "pref_yenifer_pct": 5.71, "pref_gabriel_pct": 4.44, "pref_jessica_pct": 1.27, "pref_juan_pct": 0.63, "pref_jibaja_pct": 0.0, "pref_ticlla_pct": 0.32, "diputado_dom": "Yenifer Paredes" }, "geometry": { "type": "Polygon", "coordinates": [ [ [ -78.243477726143155, -6.946521280343982 ], [ -78.249352668096336, -6.939395637941525 ], [ -78.249646519212916, -6.937890166887377 ], [ -78.244520937108447, -6.930896020795112 ], [ -78.24330051493348, -6.93049897013303 ], [ -78.2401, -6.9369 ], [ -78.2395, -6.9441 ], [ -78.240285057901829, -6.946959853785248 ], [ -78.243477726143155, -6.946521280343982 ] ] ] } },
{ "type": "Feature", "properties": { "ubigeo": "060309", "nombre": "QUENGOMAYO", "categoria": "CASERIO", "provincia": "CELENDIN", "distrito": "SOROCHUCO", "altitud": 3562.0, "area_km2": 1.431, "densidad_hab_km2": 85.3, "poblacion": 122.0, "local_votacion": "IE QUENGOMAYO", "electores_hab": 176, "total_votantes": 128, "mesas": 1, "participacion": 72.7, "ausentismo": 27.3, "partido_ganador": "Juntos por el Peru", "pct_ganador": 61.7, "margen_victoria": 48.93, "pct_an": 1.06, "pct_app": 0.0, "pct_fp": 12.77, "pct_jxp": 61.7, "pct_lp": 1.06, "pct_obra": 9.57, "pct_pbg": 0.0, "pct_pl": 0.0, "pct_pp": 4.26, "pct_ppt": 4.25, "pct_rp": 0.0, "pct_sp": 0.0, "pct_otros": 5.31, "pref_yenifer": 3, "pref_gabriel": 1, "pref_jessica": 0, "pref_juan": 0, "pref_jibaja": 0, "pref_ticlla": 0, "pref_yenifer_pct": 14.84, "pref_gabriel_pct": 4.69, "pref_jessica_pct": 1.56, "pref_juan_pct": 0.0, "pref_jibaja_pct": 0.78, "pref_ticlla_pct": 0.78, "diputado_dom": "Yenifer Paredes" }, "geometry": { "type": "Polygon", "coordinates": [ [ [ -78.27469089305508, -6.979447857712565 ], [ -78.261851808384975, -6.993047287620641 ], [ -78.283507459859891, -6.988324037260413 ], [ -78.27469089305508, -6.979447857712565 ] ] ] } },
{ "type": "Feature", "properties": { "ubigeo": "060309", "nombre": "UÑIGAN CHILANO", "categoria": null, "provincia": "CELENDIN", "distrito": "SOROCHUCO", "altitud": 3561.0, "area_km2": 2.019, "densidad_hab_km2": 10.4, "poblacion": 21.0, "local_votacion": "IE QUENGOMAYO", "electores_hab": 176, "total_votantes": 128, "mesas": 1, "participacion": 72.7, "ausentismo": 27.3, "partido_ganador": "Juntos por el Peru", "pct_ganador": 61.7, "margen_victoria": 48.93, "pct_an": 1.06, "pct_app": 0.0, "pct_fp": 12.77, "pct_jxp": 61.7, "pct_lp": 1.06, "pct_obra": 9.57, "pct_pbg": 0.0, "pct_pl": 0.0, "pct_pp": 4.26, "pct_ppt": 4.25, "pct_rp": 0.0, "pct_sp": 0.0, "pct_otros": 5.31, "pref_yenifer": 1, "pref_gabriel": 0, "pref_jessica": 0, "pref_juan": 0, "pref_jibaja": 0, "pref_ticlla": 0, "pref_yenifer_pct": 14.84, "pref_gabriel_pct": 4.69, "pref_jessica_pct": 1.56, "pref_juan_pct": 0.0, "pref_jibaja_pct": 0.78, "pref_ticlla_pct": 0.78, "diputado_dom": "Yenifer Paredes" }, "geometry": { "type": "Polygon", "coordinates": [ [ [ -78.272217535618481, -6.974000537972003 ], [ -78.266710508393615, -6.973959400458983 ], [ -78.259189076059954, -6.979406668741801 ], [ -78.261618577735817, -6.993185772225954 ], [ -78.261851808384975, -6.993047287620641 ], [ -78.27469089305508, -6.979447857712565 ], [ -78.272365994131064, -6.974177399881008 ], [ -78.272217535618481, -6.974000537972003 ] ] ] } },
{ "type": "Feature", "properties": { "ubigeo": "060309", "nombre": "DUENDE", "categoria": "OTROS", "provincia": "CELENDIN", "distrito": "SOROCHUCO", "altitud": 3469.0, "area_km2": 2.276, "densidad_hab_km2": 0.0, "poblacion": 0.0, "local_votacion": "IE QUENGOMAYO", "electores_hab": 176, "total_votantes": 128, "mesas": 1, "participacion": 72.7, "ausentismo": 27.3, "partido_ganador": "Juntos por el Peru", "pct_ganador": 61.7, "margen_victoria": 48.93, "pct_an": 1.06, "pct_app": 0.0, "pct_fp": 12.77, "pct_jxp": 61.7, "pct_lp": 1.06, "pct_obra": 9.57, "pct_pbg": 0.0, "pct_pl": 0.0, "pct_pp": 4.26, "pct_ppt": 4.25, "pct_rp": 0.0, "pct_sp": 0.0, "pct_otros": 5.31, "pref_yenifer": 0, "pref_gabriel": 0, "pref_jessica": 0, "pref_juan": 0, "pref_jibaja": 0, "pref_ticlla": 0, "pref_yenifer_pct": 14.84, "pref_gabriel_pct": 4.69, "pref_jessica_pct": 1.56, "pref_juan_pct": 0.0, "pref_jibaja_pct": 0.78, "pref_ticlla_pct": 0.78, "diputado_dom": "Yenifer Paredes" }, "geometry": { "type": "Polygon", "coordinates": [ [ [ -78.277583419551334, -6.957922833697356 ], [ -78.275213035699167, -6.957319275254731 ], [ -78.259248834367924, -6.962312880556106 ], [ -78.259242651311013, -6.964369666574486 ], [ -78.266710508393615, -6.973959400458983 ], [ -78.272217535618481, -6.974000537972003 ], [ -78.277583419551334, -6.957922833697356 ] ] ] } },
{ "type": "Feature", "properties": { "ubigeo": "060309", "nombre": "CONDORCANA", "categoria": null, "provincia": "CELENDIN", "distrito": "SOROCHUCO", "altitud": 3737.0, "area_km2": 4.155, "densidad_hab_km2": 2.4, "poblacion": 10.0, "local_votacion": "IE QUENGOMAYO", "electores_hab": 176, "total_votantes": 128, "mesas": 1, "participacion": 72.7, "ausentismo": 27.3, "partido_ganador": "Juntos por el Peru", "pct_ganador": 61.7, "margen_victoria": 48.93, "pct_an": 1.06, "pct_app": 0.0, "pct_fp": 12.77, "pct_jxp": 61.7, "pct_lp": 1.06, "pct_obra": 9.57, "pct_pbg": 0.0, "pct_pl": 0.0, "pct_pp": 4.26, "pct_ppt": 4.25, "pct_rp": 0.0, "pct_sp": 0.0, "pct_otros": 5.31, "pref_yenifer": 0, "pref_gabriel": 0, "pref_jessica": 0, "pref_juan": 0, "pref_jibaja": 0, "pref_ticlla": 0, "pref_yenifer_pct": 14.84, "pref_gabriel_pct": 4.69, "pref_jessica_pct": 1.56, "pref_juan_pct": 0.0, "pref_jibaja_pct": 0.78, "pref_ticlla_pct": 0.78, "diputado_dom": "Yenifer Paredes" }, "geometry": { "type": "Polygon", "coordinates": [ [ [ -78.292692616684363, -6.954613569630385 ], [ -78.287773798038501, -6.952751044545094 ], [ -78.277583419551334, -6.957922833697356 ], [ -78.272217535618481, -6.974000537972003 ], [ -78.272365994131064, -6.974177399881008 ], [ -78.294392681491559, -6.971508402921433 ], [ -78.294584449284571, -6.957948225788667 ], [ -78.292692616684363, -6.954613569630385 ] ] ] } },
{ "type": "Feature", "properties": { "ubigeo": "060309", "nombre": "TANDAYOC", "categoria": "CASERIO", "provincia": "CELENDIN", "distrito": "SOROCHUCO", "altitud": 3393.0, "area_km2": 2.238, "densidad_hab_km2": 92.9, "poblacion": 208.0, "local_votacion": "IE 82426 - CCPP SAN JUAN DE REJOPAMPA", "electores_hab": 738, "total_votantes": 315, "mesas": 3, "participacion": 42.7, "ausentismo": 57.3, "partido_ganador": "Juntos por el Peru", "pct_ganador": 57.21, "margen_victoria": 45.86, "pct_an": 1.31, "pct_app": 2.18, "pct_fp": 11.35, "pct_jxp": 57.21, "pct_lp": 0.44, "pct_obra": 11.35, "pct_pbg": 1.31, "pct_pl": 0.0, "pct_pp": 5.24, "pct_ppt": 0.0, "pct_rp": 1.31, "pct_sp": 0.0, "pct_otros": 8.32, "pref_yenifer": 3, "pref_gabriel": 2, "pref_jessica": 1, "pref_juan": 0, "pref_jibaja": 0, "pref_ticlla": 0, "pref_yenifer_pct": 5.71, "pref_gabriel_pct": 4.44, "pref_jessica_pct": 1.27, "pref_juan_pct": 0.63, "pref_jibaja_pct": 0.0, "pref_ticlla_pct": 0.32, "diputado_dom": "Yenifer Paredes" }, "geometry": { "type": "Polygon", "coordinates": [ [ [ -78.286727086079694, -6.950299734252336 ], [ -78.272300104109249, -6.943558014482124 ], [ -78.268131824519301, -6.94483793377561 ], [ -78.265423473968227, -6.950201760349414 ], [ -78.275213035699167, -6.957319275254731 ], [ -78.277583419551334, -6.957922833697356 ], [ -78.287773798038501, -6.952751044545094 ], [ -78.286727086079694, -6.950299734252336 ] ] ] } },
{ "type": "Feature", "properties": { "ubigeo": "060309", "nombre": "TUCTO GRANDE", "categoria": "ANEXO", "provincia": "CELENDIN", "distrito": "SOROCHUCO", "altitud": 3233.0, "area_km2": 1.491, "densidad_hab_km2": 3.4, "poblacion": 5.0, "local_votacion": "IE 82426 - CCPP SAN JUAN DE REJOPAMPA", "electores_hab": 738, "total_votantes": 315, "mesas": 3, "participacion": 42.7, "ausentismo": 57.3, "partido_ganador": "Juntos por el Peru", "pct_ganador": 57.21, "margen_victoria": 45.86, "pct_an": 1.31, "pct_app": 2.18, "pct_fp": 11.35, "pct_jxp": 57.21, "pct_lp": 0.44, "pct_obra": 11.35, "pct_pbg": 1.31, "pct_pl": 0.0, "pct_pp": 5.24, "pct_ppt": 0.0, "pct_rp": 1.31, "pct_sp": 0.0, "pct_otros": 8.32, "pref_yenifer": 0, "pref_gabriel": 0, "pref_jessica": 0, "pref_juan": 0, "pref_jibaja": 0, "pref_ticlla": 0, "pref_yenifer_pct": 5.71, "pref_gabriel_pct": 4.44, "pref_jessica_pct": 1.27, "pref_juan_pct": 0.63, "pref_jibaja_pct": 0.0, "pref_ticlla_pct": 0.32, "diputado_dom": "Yenifer Paredes" }, "geometry": { "type": "Polygon", "coordinates": [ [ [ -78.284907330850686, -6.940295008995631 ], [ -78.280389201878592, -6.936851649174582 ], [ -78.271097836618679, -6.938089906231082 ], [ -78.270996340072116, -6.93854381469539 ], [ -78.272300104109249, -6.943558014482124 ], [ -78.286727086079694, -6.950299734252336 ], [ -78.284907330850686, -6.940295008995631 ] ] ] } },
{ "type": "Feature", "properties": { "ubigeo": "060309", "nombre": "COCHACOCHA", "categoria": "ANEXO", "provincia": "CELENDIN", "distrito": "SOROCHUCO", "altitud": 3161.0, "area_km2": 0.259, "densidad_hab_km2": 258.7, "poblacion": 67.0, "local_votacion": "IE 82426 - CCPP SAN JUAN DE REJOPAMPA", "electores_hab": 738, "total_votantes": 315, "mesas": 3, "participacion": 42.7, "ausentismo": 57.3, "partido_ganador": "Juntos por el Peru", "pct_ganador": 57.21, "margen_victoria": 45.86, "pct_an": 1.31, "pct_app": 2.18, "pct_fp": 11.35, "pct_jxp": 57.21, "pct_lp": 0.44, "pct_obra": 11.35, "pct_pbg": 1.31, "pct_pl": 0.0, "pct_pp": 5.24, "pct_ppt": 0.0, "pct_rp": 1.31, "pct_sp": 0.0, "pct_otros": 8.32, "pref_yenifer": 1, "pref_gabriel": 1, "pref_jessica": 0, "pref_juan": 0, "pref_jibaja": 0, "pref_ticlla": 0, "pref_yenifer_pct": 5.71, "pref_gabriel_pct": 4.44, "pref_jessica_pct": 1.27, "pref_juan_pct": 0.63, "pref_jibaja_pct": 0.0, "pref_ticlla_pct": 0.32, "diputado_dom": "Yenifer Paredes" }, "geometry": { "type": "Polygon", "coordinates": [ [ [ -78.270996340072116, -6.93854381469539 ], [ -78.266497457911385, -6.941542124959053 ], [ -78.268131824519301, -6.94483793377561 ], [ -78.272300104109249, -6.943558014482124 ], [ -78.270996340072116, -6.93854381469539 ] ] ] } },
{ "type": "Feature", "properties": { "ubigeo": "060309", "nombre": "TUCTO CHICO", "categoria": "ANEXO", "provincia": "CELENDIN", "distrito": "SOROCHUCO", "altitud": 3084.0, "area_km2": 0.281, "densidad_hab_km2": 256.2, "poblacion": 72.0, "local_votacion": "IE 82426 - CCPP SAN JUAN DE REJOPAMPA", "electores_hab": 738, "total_votantes": 315, "mesas": 3, "participacion": 42.7, "ausentismo": 57.3, "partido_ganador": "Juntos por el Peru", "pct_ganador": 57.21, "margen_victoria": 45.86, "pct_an": 1.31, "pct_app": 2.18, "pct_fp": 11.35, "pct_jxp": 57.21, "pct_lp": 0.44, "pct_obra": 11.35, "pct_pbg": 1.31, "pct_pl": 0.0, "pct_pp": 5.24, "pct_ppt": 0.0, "pct_rp": 1.31, "pct_sp": 0.0, "pct_otros": 8.32, "pref_yenifer": 1, "pref_gabriel": 1, "pref_jessica": 0, "pref_juan": 0, "pref_jibaja": 0, "pref_ticlla": 0, "pref_yenifer_pct": 5.71, "pref_gabriel_pct": 4.44, "pref_jessica_pct": 1.27, "pref_juan_pct": 0.63, "pref_jibaja_pct": 0.0, "pref_ticlla_pct": 0.32, "diputado_dom": "Yenifer Paredes" }, "geometry": { "type": "Polygon", "coordinates": [ [ [ -78.271097836618679, -6.938089906231082 ], [ -78.269510702123981, -6.935700162620576 ], [ -78.266491431771371, -6.935650149376669 ], [ -78.264822956787995, -6.940612739700913 ], [ -78.266497457911385, -6.941542124959053 ], [ -78.270996340072116, -6.93854381469539 ], [ -78.271097836618679, -6.938089906231082 ] ] ] } },
{ "type": "Feature", "properties": { "ubigeo": "060309", "nombre": "LIRIO", "categoria": "ANEXO", "provincia": "CELENDIN", "distrito": "SOROCHUCO", "altitud": 3059.0, "area_km2": 0.671, "densidad_hab_km2": 47.7, "poblacion": 32.0, "local_votacion": "IE 82426 - CCPP SAN JUAN DE REJOPAMPA", "electores_hab": 738, "total_votantes": 315, "mesas": 3, "participacion": 42.7, "ausentismo": 57.3, "partido_ganador": "Juntos por el Peru", "pct_ganador": 57.21, "margen_victoria": 45.86, "pct_an": 1.31, "pct_app": 2.18, "pct_fp": 11.35, "pct_jxp": 57.21, "pct_lp": 0.44, "pct_obra": 11.35, "pct_pbg": 1.31, "pct_pl": 0.0, "pct_pp": 5.24, "pct_ppt": 0.0, "pct_rp": 1.31, "pct_sp": 0.0, "pct_otros": 8.32, "pref_yenifer": 0, "pref_gabriel": 0, "pref_jessica": 0, "pref_juan": 0, "pref_jibaja": 0, "pref_ticlla": 0, "pref_yenifer_pct": 5.71, "pref_gabriel_pct": 4.44, "pref_jessica_pct": 1.27, "pref_juan_pct": 0.63, "pref_jibaja_pct": 0.0, "pref_ticlla_pct": 0.32, "diputado_dom": "Yenifer Paredes" }, "geometry": { "type": "Polygon", "coordinates": [ [ [ -78.277180259523846, -6.931626503975767 ], [ -78.272285696201081, -6.930003143738347 ], [ -78.269510702123981, -6.935700162620576 ], [ -78.271097836618679, -6.938089906231082 ], [ -78.280389201878592, -6.936851649174582 ], [ -78.277180259523846, -6.931626503975767 ] ] ] } },
{ "type": "Feature", "properties": { "ubigeo": "060309", "nombre": "FARO ALTO", "categoria": "CASERIO", "provincia": "CELENDIN", "distrito": "SOROCHUCO", "altitud": 3142.0, "area_km2": 1.296, "densidad_hab_km2": 73.3, "poblacion": 95.0, "local_votacion": "IE 821093", "electores_hab": 728, "total_votantes": 542, "mesas": 3, "participacion": 74.5, "ausentismo": 25.5, "partido_ganador": "Juntos por el Peru", "pct_ganador": 59.3, "margen_victoria": 41.96, "pct_an": 1.26, "pct_app": 0.5, "pct_fp": 17.34, "pct_jxp": 59.3, "pct_lp": 0.25, "pct_obra": 4.02, "pct_pbg": 0.0, "pct_pl": 0.0, "pct_pp": 3.27, "pct_ppt": 2.01, "pct_rp": 1.51, "pct_sp": 0.0, "pct_otros": 10.54, "pref_yenifer": 14, "pref_gabriel": 4, "pref_jessica": 1, "pref_juan": 0, "pref_jibaja": 1, "pref_ticlla": 2, "pref_yenifer_pct": 7.75, "pref_gabriel_pct": 2.4, "pref_jessica_pct": 0.74, "pref_juan_pct": 0.0, "pref_jibaja_pct": 0.55, "pref_ticlla_pct": 0.92, "diputado_dom": "Yenifer Paredes" }, "geometry": { "type": "Polygon", "coordinates": [ [ [ -78.280275100288947, -6.925957923515681 ], [ -78.277180259523846, -6.931626503975767 ], [ -78.280389201878592, -6.936851649174582 ], [ -78.284907330850686, -6.940295008995631 ], [ -78.288995264143679, -6.932415863800178 ], [ -78.289248022674059, -6.928770638822234 ], [ -78.280275100288947, -6.925957923515681 ] ] ] } },
{ "type": "Feature", "properties": { "ubigeo": "060309", "nombre": "EL CHIQUERO", "categoria": "ANEXO", "provincia": "CELENDIN", "distrito": "SOROCHUCO", "altitud": 3050.0, "area_km2": 0.421, "densidad_hab_km2": 54.6, "poblacion": 23.0, "local_votacion": "IE 82426 - CCPP SAN JUAN DE REJOPAMPA", "electores_hab": 738, "total_votantes": 315, "mesas": 3, "participacion": 42.7, "ausentismo": 57.3, "partido_ganador": "Juntos por el Peru", "pct_ganador": 57.21, "margen_victoria": 45.86, "pct_an": 1.31, "pct_app": 2.18, "pct_fp": 11.35, "pct_jxp": 57.21, "pct_lp": 0.44, "pct_obra": 11.35, "pct_pbg": 1.31, "pct_pl": 0.0, "pct_pp": 5.24, "pct_ppt": 0.0, "pct_rp": 1.31, "pct_sp": 0.0, "pct_otros": 8.32, "pref_yenifer": 0, "pref_gabriel": 0, "pref_jessica": 0, "pref_juan": 0, "pref_jibaja": 0, "pref_ticlla": 0, "pref_yenifer_pct": 5.71, "pref_gabriel_pct": 4.44, "pref_jessica_pct": 1.27, "pref_juan_pct": 0.63, "pref_jibaja_pct": 0.0, "pref_ticlla_pct": 0.32, "diputado_dom": "Yenifer Paredes" }, "geometry": { "type": "Polygon", "coordinates": [ [ [ -78.258425988546009, -6.941411109902383 ], [ -78.253491429366179, -6.935778385895839 ], [ -78.249646519212916, -6.937890166887377 ], [ -78.249352668096336, -6.939395637941525 ], [ -78.255769739354264, -6.94329762779483 ], [ -78.258425988546009, -6.941411109902383 ] ] ] } },
{ "type": "Feature", "properties": { "ubigeo": "060309", "nombre": "SAN JUAN PAMPA", "categoria": "ANEXO", "provincia": "CELENDIN", "distrito": "SOROCHUCO", "altitud": 3046.0, "area_km2": 0.394, "densidad_hab_km2": 0.0, "poblacion": 0.0, "local_votacion": "IE 82426 - CCPP SAN JUAN DE REJOPAMPA", "electores_hab": 738, "total_votantes": 315, "mesas": 3, "participacion": 42.7, "ausentismo": 57.3, "partido_ganador": "Juntos por el Peru", "pct_ganador": 57.21, "margen_victoria": 45.86, "pct_an": 1.31, "pct_app": 2.18, "pct_fp": 11.35, "pct_jxp": 57.21, "pct_lp": 0.44, "pct_obra": 11.35, "pct_pbg": 1.31, "pct_pl": 0.0, "pct_pp": 5.24, "pct_ppt": 0.0, "pct_rp": 1.31, "pct_sp": 0.0, "pct_otros": 8.32, "pref_yenifer": 0, "pref_gabriel": 0, "pref_jessica": 0, "pref_juan": 0, "pref_jibaja": 0, "pref_ticlla": 0, "pref_yenifer_pct": 5.71, "pref_gabriel_pct": 4.44, "pref_jessica_pct": 1.27, "pref_juan_pct": 0.63, "pref_jibaja_pct": 0.0, "pref_ticlla_pct": 0.32, "diputado_dom": "Yenifer Paredes" }, "geometry": { "type": "Polygon", "coordinates": [ [ [ -78.260353691909756, -6.934507163995128 ], [ -78.254417253797001, -6.934709971313801 ], [ -78.253491429366179, -6.935778385895839 ], [ -78.258425988546009, -6.941411109902383 ], [ -78.260478456670683, -6.940924324086445 ], [ -78.260353691909756, -6.934507163995128 ] ] ] } },
{ "type": "Feature", "properties": { "ubigeo": "060309", "nombre": "PACHICHACA", "categoria": "ANEXO", "provincia": "CELENDIN", "distrito": "SOROCHUCO", "altitud": 3079.0, "area_km2": 0.471, "densidad_hab_km2": 55.2, "poblacion": 26.0, "local_votacion": "IE 82426 - CCPP SAN JUAN DE REJOPAMPA", "electores_hab": 738, "total_votantes": 315, "mesas": 3, "participacion": 42.7, "ausentismo": 57.3, "partido_ganador": "Juntos por el Peru", "pct_ganador": 57.21, "margen_victoria": 45.86, "pct_an": 1.31, "pct_app": 2.18, "pct_fp": 11.35, "pct_jxp": 57.21, "pct_lp": 0.44, "pct_obra": 11.35, "pct_pbg": 1.31, "pct_pl": 0.0, "pct_pp": 5.24, "pct_ppt": 0.0, "pct_rp": 1.31, "pct_sp": 0.0, "pct_otros": 8.32, "pref_yenifer": 0, "pref_gabriel": 0, "pref_jessica": 0, "pref_juan": 0, "pref_jibaja": 0, "pref_ticlla": 0, "pref_yenifer_pct": 5.71, "pref_gabriel_pct": 4.44, "pref_jessica_pct": 1.27, "pref_juan_pct": 0.63, "pref_jibaja_pct": 0.0, "pref_ticlla_pct": 0.32, "diputado_dom": "Yenifer Paredes" }, "geometry": { "type": "Polygon", "coordinates": [ [ [ -78.266491431771371, -6.935650149376669 ], [ -78.26224994890282, -6.932437681475101 ], [ -78.260353691909756, -6.934507163995128 ], [ -78.260478456670683, -6.940924324086445 ], [ -78.2611042020865, -6.941315037392751 ], [ -78.264822956787995, -6.940612739700913 ], [ -78.266491431771371, -6.935650149376669 ] ] ] } },
{ "type": "Feature", "properties": { "ubigeo": "060309", "nombre": "HUAYLLAPAMPA", "categoria": "ANEXO", "provincia": "CELENDIN", "distrito": "SOROCHUCO", "altitud": 2804.0, "area_km2": 0.738, "densidad_hab_km2": 117.9, "poblacion": 87.0, "local_votacion": "IE 82426 - CCPP SAN JUAN DE REJOPAMPA", "electores_hab": 738, "total_votantes": 315, "mesas": 3, "participacion": 42.7, "ausentismo": 57.3, "partido_ganador": "Juntos por el Peru", "pct_ganador": 57.21, "margen_victoria": 45.86, "pct_an": 1.31, "pct_app": 2.18, "pct_fp": 11.35, "pct_jxp": 57.21, "pct_lp": 0.44, "pct_obra": 11.35, "pct_pbg": 1.31, "pct_pl": 0.0, "pct_pp": 5.24, "pct_ppt": 0.0, "pct_rp": 1.31, "pct_sp": 0.0, "pct_otros": 8.32, "pref_yenifer": 1, "pref_gabriel": 1, "pref_jessica": 0, "pref_juan": 0, "pref_jibaja": 0, "pref_ticlla": 0, "pref_yenifer_pct": 5.71, "pref_gabriel_pct": 4.44, "pref_jessica_pct": 1.27, "pref_juan_pct": 0.63, "pref_jibaja_pct": 0.0, "pref_ticlla_pct": 0.32, "diputado_dom": "Yenifer Paredes" }, "geometry": { "type": "Polygon", "coordinates": [ [ [ -78.254417253797001, -6.934709971313801 ], [ -78.253223230129151, -6.927307030553749 ], [ -78.244520937108447, -6.930896020795112 ], [ -78.249646519212916, -6.937890166887377 ], [ -78.253491429366179, -6.935778385895839 ], [ -78.254417253797001, -6.934709971313801 ] ] ] } },
{ "type": "Feature", "properties": { "ubigeo": "060309", "nombre": "COCHA PAMPA", "categoria": "CASERIO", "provincia": "CELENDIN", "distrito": "SOROCHUCO", "altitud": 2944.0, "area_km2": 0.698, "densidad_hab_km2": 117.5, "poblacion": 82.0, "local_votacion": "IE 82426 - CCPP SAN JUAN DE REJOPAMPA", "electores_hab": 738, "total_votantes": 315, "mesas": 3, "participacion": 42.7, "ausentismo": 57.3, "partido_ganador": "Juntos por el Peru", "pct_ganador": 57.21, "margen_victoria": 45.86, "pct_an": 1.31, "pct_app": 2.18, "pct_fp": 11.35, "pct_jxp": 57.21, "pct_lp": 0.44, "pct_obra": 11.35, "pct_pbg": 1.31, "pct_pl": 0.0, "pct_pp": 5.24, "pct_ppt": 0.0, "pct_rp": 1.31, "pct_sp": 0.0, "pct_otros": 8.32, "pref_yenifer": 1, "pref_gabriel": 1, "pref_jessica": 0, "pref_juan": 0, "pref_jibaja": 0, "pref_ticlla": 0, "pref_yenifer_pct": 5.71, "pref_gabriel_pct": 4.44, "pref_jessica_pct": 1.27, "pref_juan_pct": 0.63, "pref_jibaja_pct": 0.0, "pref_ticlla_pct": 0.32, "diputado_dom": "Yenifer Paredes" }, "geometry": { "type": "Polygon", "coordinates": [ [ [ -78.262289939654352, -6.93197508575464 ], [ -78.255323015647306, -6.92430693614728 ], [ -78.253223230129151, -6.927307030553749 ], [ -78.254417253797001, -6.934709971313801 ], [ -78.260353691909756, -6.934507163995128 ], [ -78.26224994890282, -6.932437681475101 ], [ -78.262289939654352, -6.93197508575464 ] ] ] } },
{ "type": "Feature", "properties": { "ubigeo": "060309", "nombre": "CHOCTA", "categoria": "ANEXO", "provincia": "CELENDIN", "distrito": "SOROCHUCO", "altitud": 2893.0, "area_km2": 0.956, "densidad_hab_km2": 3.1, "poblacion": 3.0, "local_votacion": "IEI 073", "electores_hab": 292, "total_votantes": 107, "mesas": 1, "participacion": 36.6, "ausentismo": 63.4, "partido_ganador": "Juntos por el Peru", "pct_ganador": 60.67, "margen_victoria": 42.69, "pct_an": 3.37, "pct_app": 0.0, "pct_fp": 5.62, "pct_jxp": 60.67, "pct_lp": 0.0, "pct_obra": 17.98, "pct_pbg": 1.12, "pct_pl": 0.0, "pct_pp": 0.0, "pct_ppt": 2.25, "pct_rp": 2.25, "pct_sp": 0.0, "pct_otros": 6.74, "pref_yenifer": 0, "pref_gabriel": 0, "pref_jessica": 0, "pref_juan": 0, "pref_jibaja": 0, "pref_ticlla": 0, "pref_yenifer_pct": 11.21, "pref_gabriel_pct": 5.61, "pref_jessica_pct": 0.0, "pref_juan_pct": 0.0, "pref_jibaja_pct": 0.0, "pref_ticlla_pct": 0.0, "diputado_dom": "Yenifer Paredes" }, "geometry": { "type": "Polygon", "coordinates": [ [ [ -78.265889407609322, -6.928656243976867 ], [ -78.262632997248829, -6.919615973067012 ], [ -78.255659126961234, -6.92079826271718 ], [ -78.255323015647306, -6.92430693614728 ], [ -78.262289939654352, -6.93197508575464 ], [ -78.265889407609322, -6.928656243976867 ] ] ] } },
{ "type": "Feature", "properties": { "ubigeo": "060309", "nombre": "SENDAMAL", "categoria": "CASERIO", "provincia": "CELENDIN", "distrito": "SOROCHUCO", "altitud": 2554.0, "area_km2": 1.26, "densidad_hab_km2": 65.9, "poblacion": 83.0, "local_votacion": "IEI 073", "electores_hab": 292, "total_votantes": 107, "mesas": 1, "participacion": 36.6, "ausentismo": 63.4, "partido_ganador": "Juntos por el Peru", "pct_ganador": 60.67, "margen_victoria": 42.69, "pct_an": 3.37, "pct_app": 0.0, "pct_fp": 5.62, "pct_jxp": 60.67, "pct_lp": 0.0, "pct_obra": 17.98, "pct_pbg": 1.12, "pct_pl": 0.0, "pct_pp": 0.0, "pct_ppt": 2.25, "pct_rp": 2.25, "pct_sp": 0.0, "pct_otros": 6.74, "pref_yenifer": 0, "pref_gabriel": 0, "pref_jessica": 0, "pref_juan": 0, "pref_jibaja": 0, "pref_ticlla": 0, "pref_yenifer_pct": 11.21, "pref_gabriel_pct": 5.61, "pref_jessica_pct": 0.0, "pref_juan_pct": 0.0, "pref_jibaja_pct": 0.0, "pref_ticlla_pct": 0.0, "diputado_dom": "Yenifer Paredes" }, "geometry": { "type": "Polygon", "coordinates": [ [ [ -78.255568490953522, -6.920708599539336 ], [ -78.250834002390434, -6.918175643761674 ], [ -78.243683105504275, -6.919442962618671 ], [ -78.2452, -6.9238 ], [ -78.2449, -6.9273 ], [ -78.24330051493348, -6.93049897013303 ], [ -78.244520937108447, -6.930896020795112 ], [ -78.253223230129151, -6.927307030553749 ], [ -78.255323015647306, -6.92430693614728 ], [ -78.255659126961234, -6.92079826271718 ], [ -78.255568490953522, -6.920708599539336 ] ] ] } },
{ "type": "Feature", "properties": { "ubigeo": "060309", "nombre": "LA RAMADA", "categoria": "ANEXO", "provincia": "CELENDIN", "distrito": "SOROCHUCO", "altitud": 2681.0, "area_km2": 1.212, "densidad_hab_km2": 85.0, "poblacion": 103.0, "local_votacion": "IEI 073", "electores_hab": 292, "total_votantes": 107, "mesas": 1, "participacion": 36.6, "ausentismo": 63.4, "partido_ganador": "Juntos por el Peru", "pct_ganador": 60.67, "margen_victoria": 42.69, "pct_an": 3.37, "pct_app": 0.0, "pct_fp": 5.62, "pct_jxp": 60.67, "pct_lp": 0.0, "pct_obra": 17.98, "pct_pbg": 1.12, "pct_pl": 0.0, "pct_pp": 0.0, "pct_ppt": 2.25, "pct_rp": 2.25, "pct_sp": 0.0, "pct_otros": 6.74, "pref_yenifer": 1, "pref_gabriel": 0, "pref_jessica": 0, "pref_juan": 0, "pref_jibaja": 0, "pref_ticlla": 0, "pref_yenifer_pct": 11.21, "pref_gabriel_pct": 5.61, "pref_jessica_pct": 0.0, "pref_juan_pct": 0.0, "pref_jibaja_pct": 0.0, "pref_ticlla_pct": 0.0, "diputado_dom": "Yenifer Paredes" }, "geometry": { "type": "Polygon", "coordinates": [ [ [ -78.26454833666935, -6.909080148219751 ], [ -78.259019304340782, -6.9067177189973 ], [ -78.255568490953522, -6.920708599539336 ], [ -78.255659126961234, -6.92079826271718 ], [ -78.262632997248829, -6.919615973067012 ], [ -78.265274677159439, -6.917955909224986 ], [ -78.266477971862727, -6.912198311859751 ], [ -78.26454833666935, -6.909080148219751 ] ] ] } },
{ "type": "Feature", "properties": { "ubigeo": "060309", "nombre": "SOROCHUCO", "categoria": "PUEBLO", "provincia": "CELENDIN", "distrito": "SOROCHUCO", "altitud": 2663.0, "area_km2": 0.922, "densidad_hab_km2": 731.0, "poblacion": 674.0, "local_votacion": "IEI 073", "electores_hab": 292, "total_votantes": 107, "mesas": 1, "participacion": 36.6, "ausentismo": 63.4, "partido_ganador": "Juntos por el Peru", "pct_ganador": 60.67, "margen_victoria": 42.69, "pct_an": 3.37, "pct_app": 0.0, "pct_fp": 5.62, "pct_jxp": 60.67, "pct_lp": 0.0, "pct_obra": 17.98, "pct_pbg": 1.12, "pct_pl": 0.0, "pct_pp": 0.0, "pct_ppt": 2.25, "pct_rp": 2.25, "pct_sp": 0.0, "pct_otros": 6.74, "pref_yenifer": 3, "pref_gabriel": 2, "pref_jessica": 0, "pref_juan": 0, "pref_jibaja": 0, "pref_ticlla": 0, "pref_yenifer_pct": 11.21, "pref_gabriel_pct": 5.61, "pref_jessica_pct": 0.0, "pref_juan_pct": 0.0, "pref_jibaja_pct": 0.0, "pref_ticlla_pct": 0.0, "diputado_dom": "Yenifer Paredes" }, "geometry": { "type": "Polygon", "coordinates": [ [ [ -78.258422388274326, -6.90610311046321 ], [ -78.250363033315566, -6.910523399765387 ], [ -78.250834002390434, -6.918175643761674 ], [ -78.255568490953522, -6.920708599539336 ], [ -78.259019304340782, -6.9067177189973 ], [ -78.258422388274326, -6.90610311046321 ] ] ] } },
{ "type": "Feature", "properties": { "ubigeo": "060309", "nombre": "PAUCAPAMPA", "categoria": "ANEXO", "provincia": "CELENDIN", "distrito": "SOROCHUCO", "altitud": 2563.0, "area_km2": 1.529, "densidad_hab_km2": 22.9, "poblacion": 35.0, "local_votacion": "IEI 073", "electores_hab": 292, "total_votantes": 107, "mesas": 1, "participacion": 36.6, "ausentismo": 63.4, "partido_ganador": "Juntos por el Peru", "pct_ganador": 60.67, "margen_victoria": 42.69, "pct_an": 3.37, "pct_app": 0.0, "pct_fp": 5.62, "pct_jxp": 60.67, "pct_lp": 0.0, "pct_obra": 17.98, "pct_pbg": 1.12, "pct_pl": 0.0, "pct_pp": 0.0, "pct_ppt": 2.25, "pct_rp": 2.25, "pct_sp": 0.0, "pct_otros": 6.74, "pref_yenifer": 0, "pref_gabriel": 0, "pref_jessica": 0, "pref_juan": 0, "pref_jibaja": 0, "pref_ticlla": 0, "pref_yenifer_pct": 11.21, "pref_gabriel_pct": 5.61, "pref_jessica_pct": 0.0, "pref_juan_pct": 0.0, "pref_jibaja_pct": 0.0, "pref_ticlla_pct": 0.0, "diputado_dom": "Yenifer Paredes" }, "geometry": { "type": "Polygon", "coordinates": [ [ [ -78.242163525104246, -6.903293638385621 ], [ -78.236362777115772, -6.906355206087131 ], [ -78.2405, -6.9103 ], [ -78.243683105504275, -6.919442962618671 ], [ -78.250834002390434, -6.918175643761674 ], [ -78.250363033315566, -6.910523399765387 ], [ -78.242163525104246, -6.903293638385621 ] ] ] } },
{ "type": "Feature", "properties": { "ubigeo": "060309", "nombre": "MUYOC LAGUNA CHICA", "categoria": "ANEXO", "provincia": "CELENDIN", "distrito": "SOROCHUCO", "altitud": 3644.0, "area_km2": 2.204, "densidad_hab_km2": 23.6, "poblacion": 52.0, "local_votacion": "IE LA CHORRERA", "electores_hab": 507, "total_votantes": 313, "mesas": 2, "participacion": 61.7, "ausentismo": 38.3, "partido_ganador": "Juntos por el Peru", "pct_ganador": 62.7, "margen_victoria": 52.45, "pct_an": 0.41, "pct_app": 0.41, "pct_fp": 10.25, "pct_jxp": 62.7, "pct_lp": 0.82, "pct_obra": 6.56, "pct_pbg": 1.64, "pct_pl": 0.0, "pct_pp": 5.74, "pct_ppt": 0.82, "pct_rp": 1.23, "pct_sp": 0.0, "pct_otros": 9.43, "pref_yenifer": 2, "pref_gabriel": 1, "pref_jessica": 0, "pref_juan": 0, "pref_jibaja": 0, "pref_ticlla": 0, "pref_yenifer_pct": 11.5, "pref_gabriel_pct": 6.39, "pref_jessica_pct": 1.28, "pref_juan_pct": 1.6, "pref_jibaja_pct": 0.0, "pref_ticlla_pct": 0.64, "diputado_dom": "Yenifer Paredes" }, "geometry": { "type": "Polygon", "coordinates": [ [ [ -78.327444448818213, -6.926860496265391 ], [ -78.318494296611235, -6.937385412583394 ], [ -78.326669239096361, -6.95001922692125 ], [ -78.334029877228772, -6.937898794226818 ], [ -78.327444448818213, -6.926860496265391 ] ] ] } },
{ "type": "Feature", "properties": { "ubigeo": "060309", "nombre": "OXAPATA", "categoria": "OTROS", "provincia": "CELENDIN", "distrito": "SOROCHUCO", "altitud": 3374.0, "area_km2": 0.658, "densidad_hab_km2": 10.6, "poblacion": 7.0, "local_votacion": "IE 821093", "electores_hab": 728, "total_votantes": 542, "mesas": 3, "participacion": 74.5, "ausentismo": 25.5, "partido_ganador": "Juntos por el Peru", "pct_ganador": 59.3, "margen_victoria": 41.96, "pct_an": 1.26, "pct_app": 0.5, "pct_fp": 17.34, "pct_jxp": 59.3, "pct_lp": 0.25, "pct_obra": 4.02, "pct_pbg": 0.0, "pct_pl": 0.0, "pct_pp": 3.27, "pct_ppt": 2.01, "pct_rp": 1.51, "pct_sp": 0.0, "pct_otros": 10.54, "pref_yenifer": 1, "pref_gabriel": 0, "pref_jessica": 0, "pref_juan": 0, "pref_jibaja": 0, "pref_ticlla": 0, "pref_yenifer_pct": 7.75, "pref_gabriel_pct": 2.4, "pref_jessica_pct": 0.74, "pref_juan_pct": 0.0, "pref_jibaja_pct": 0.55, "pref_ticlla_pct": 0.92, "diputado_dom": "Yenifer Paredes" }, "geometry": { "type": "Polygon", "coordinates": [ [ [ -78.300021708792684, -6.932990232580964 ], [ -78.293519526318761, -6.926007366590398 ], [ -78.290454321004432, -6.926585812843304 ], [ -78.289248022674059, -6.928770638822234 ], [ -78.288995264143679, -6.932415863800178 ], [ -78.298703854010654, -6.93414059830761 ], [ -78.300021708792684, -6.932990232580964 ] ] ] } },
{ "type": "Feature", "properties": { "ubigeo": "060309", "nombre": "POTRERILLO", "categoria": "ANEXO", "provincia": "CELENDIN", "distrito": "SOROCHUCO", "altitud": 3487.0, "area_km2": 1.212, "densidad_hab_km2": 35.5, "poblacion": 43.0, "local_votacion": "IE 821093", "electores_hab": 728, "total_votantes": 542, "mesas": 3, "participacion": 74.5, "ausentismo": 25.5, "partido_ganador": "Juntos por el Peru", "pct_ganador": 59.3, "margen_victoria": 41.96, "pct_an": 1.26, "pct_app": 0.5, "pct_fp": 17.34, "pct_jxp": 59.3, "pct_lp": 0.25, "pct_obra": 4.02, "pct_pbg": 0.0, "pct_pl": 0.0, "pct_pp": 3.27, "pct_ppt": 2.01, "pct_rp": 1.51, "pct_sp": 0.0, "pct_otros": 10.54, "pref_yenifer": 6, "pref_gabriel": 2, "pref_jessica": 1, "pref_juan": 0, "pref_jibaja": 0, "pref_ticlla": 1, "pref_yenifer_pct": 7.75, "pref_gabriel_pct": 2.4, "pref_jessica_pct": 0.74, "pref_juan_pct": 0.0, "pref_jibaja_pct": 0.55, "pref_ticlla_pct": 0.92, "diputado_dom": "Yenifer Paredes" }, "geometry": { "type": "Polygon", "coordinates": [ [ [ -78.311113707400111, -6.9244655023157 ], [ -78.301653143900097, -6.922391083192895 ], [ -78.301610659114075, -6.922444948582048 ], [ -78.301486996564364, -6.932302989989513 ], [ -78.309036546494497, -6.935406974843095 ], [ -78.310382643600448, -6.93526480883695 ], [ -78.311113707400111, -6.9244655023157 ] ] ] } },
{ "type": "Feature", "properties": { "ubigeo": "060309", "nombre": "TINGO", "categoria": "CASERIO", "provincia": "CELENDIN", "distrito": "SOROCHUCO", "altitud": 3424.0, "area_km2": 2.635, "densidad_hab_km2": 51.2, "poblacion": 135.0, "local_votacion": "IE LA CHORRERA", "electores_hab": 507, "total_votantes": 313, "mesas": 2, "participacion": 61.7, "ausentismo": 38.3, "partido_ganador": "Juntos por el Peru", "pct_ganador": 62.7, "margen_victoria": 52.45, "pct_an": 0.41, "pct_app": 0.41, "pct_fp": 10.25, "pct_jxp": 62.7, "pct_lp": 0.82, "pct_obra": 6.56, "pct_pbg": 1.64, "pct_pl": 0.0, "pct_pp": 5.74, "pct_ppt": 0.82, "pct_rp": 1.23, "pct_sp": 0.0, "pct_otros": 9.43, "pref_yenifer": 6, "pref_gabriel": 4, "pref_jessica": 1, "pref_juan": 1, "pref_jibaja": 0, "pref_ticlla": 0, "pref_yenifer_pct": 11.5, "pref_gabriel_pct": 6.39, "pref_jessica_pct": 1.28, "pref_juan_pct": 1.6, "pref_jibaja_pct": 0.0, "pref_ticlla_pct": 0.64, "diputado_dom": "Yenifer Paredes" }, "geometry": { "type": "Polygon", "coordinates": [ [ [ -78.327601077834458, -6.924159222431752 ], [ -78.31899794530645, -6.91868085335367 ], [ -78.311113707400111, -6.9244655023157 ], [ -78.310382643600448, -6.93526480883695 ], [ -78.31279928605133, -6.937207663036554 ], [ -78.318494296611235, -6.937385412583394 ], [ -78.327444448818213, -6.926860496265391 ], [ -78.327601077834458, -6.924159222431752 ] ] ] } },
{ "type": "Feature", "properties": { "ubigeo": "060309", "nombre": "LLAMERUME", "categoria": "ANEXO", "provincia": "CELENDIN", "distrito": "SOROCHUCO", "altitud": 3268.0, "area_km2": 0.575, "densidad_hab_km2": 7.0, "poblacion": 4.0, "local_votacion": "IE 821093", "electores_hab": 728, "total_votantes": 542, "mesas": 3, "participacion": 74.5, "ausentismo": 25.5, "partido_ganador": "Juntos por el Peru", "pct_ganador": 59.3, "margen_victoria": 41.96, "pct_an": 1.26, "pct_app": 0.5, "pct_fp": 17.34, "pct_jxp": 59.3, "pct_lp": 0.25, "pct_obra": 4.02, "pct_pbg": 0.0, "pct_pl": 0.0, "pct_pp": 3.27, "pct_ppt": 2.01, "pct_rp": 1.51, "pct_sp": 0.0, "pct_otros": 10.54, "pref_yenifer": 1, "pref_gabriel": 0, "pref_jessica": 0, "pref_juan": 0, "pref_jibaja": 0, "pref_ticlla": 0, "pref_yenifer_pct": 7.75, "pref_gabriel_pct": 2.4, "pref_jessica_pct": 0.74, "pref_juan_pct": 0.0, "pref_jibaja_pct": 0.55, "pref_ticlla_pct": 0.92, "diputado_dom": "Yenifer Paredes" }, "geometry": { "type": "Polygon", "coordinates": [ [ [ -78.301610659114075, -6.922444948582048 ], [ -78.293519526318761, -6.926007366590398 ], [ -78.300021708792684, -6.932990232580964 ], [ -78.301486996564364, -6.932302989989513 ], [ -78.301610659114075, -6.922444948582048 ] ] ] } },
{ "type": "Feature", "properties": { "ubigeo": "060309", "nombre": "MARAYPATA", "categoria": "ANEXO", "provincia": "CELENDIN", "distrito": "SOROCHUCO", "altitud": 3208.0, "area_km2": 1.369, "densidad_hab_km2": 5.1, "poblacion": 7.0, "local_votacion": "IE 821093", "electores_hab": 728, "total_votantes": 542, "mesas": 3, "participacion": 74.5, "ausentismo": 25.5, "partido_ganador": "Juntos por el Peru", "pct_ganador": 59.3, "margen_victoria": 41.96, "pct_an": 1.26, "pct_app": 0.5, "pct_fp": 17.34, "pct_jxp": 59.3, "pct_lp": 0.25, "pct_obra": 4.02, "pct_pbg": 0.0, "pct_pl": 0.0, "pct_pp": 3.27, "pct_ppt": 2.01, "pct_rp": 1.51, "pct_sp": 0.0, "pct_otros": 10.54, "pref_yenifer": 1, "pref_gabriel": 0, "pref_jessica": 0, "pref_juan": 0, "pref_jibaja": 0, "pref_ticlla": 0, "pref_yenifer_pct": 7.75, "pref_gabriel_pct": 2.4, "pref_jessica_pct": 0.74, "pref_juan_pct": 0.0, "pref_jibaja_pct": 0.55, "pref_ticlla_pct": 0.92, "diputado_dom": "Yenifer Paredes" }, "geometry": { "type": "Polygon", "coordinates": [ [ [ -78.300165995823804, -6.915732048294266 ], [ -78.29909807543325, -6.914135231380669 ], [ -78.288914279666955, -6.917276354556239 ], [ -78.288287259237393, -6.919630512903725 ], [ -78.290454321004432, -6.926585812843304 ], [ -78.293519526318761, -6.926007366590398 ], [ -78.301610659114075, -6.922444948582048 ], [ -78.301653143900097, -6.922391083192895 ], [ -78.300165995823804, -6.915732048294266 ] ] ] } },
{ "type": "Feature", "properties": { "ubigeo": "060309", "nombre": "PULULO", "categoria": "ANEXO", "provincia": "CELENDIN", "distrito": "SOROCHUCO", "altitud": 3726.0, "area_km2": 1.709, "densidad_hab_km2": 115.9, "poblacion": 198.0, "local_votacion": "IE JEC DAVID SANCHEZ INFANTE", "electores_hab": 3589, "total_votantes": 1826, "mesas": 13, "participacion": 50.9, "ausentismo": 49.1, "partido_ganador": "Juntos por el Peru", "pct_ganador": 58.61, "margen_victoria": 46.59, "pct_an": 2.42, "pct_app": 0.5, "pct_fp": 10.38, "pct_jxp": 58.61, "pct_lp": 0.28, "pct_obra": 12.02, "pct_pbg": 1.14, "pct_pl": 0.0, "pct_pp": 3.63, "pct_ppt": 1.0, "pct_rp": 1.49, "pct_sp": 0.0, "pct_otros": 8.5, "pref_yenifer": 12, "pref_gabriel": 6, "pref_jessica": 1, "pref_juan": 0, "pref_jibaja": 0, "pref_ticlla": 0, "pref_yenifer_pct": 5.59, "pref_gabriel_pct": 2.74, "pref_jessica_pct": 0.49, "pref_juan_pct": 0.22, "pref_jibaja_pct": 0.16, "pref_ticlla_pct": 0.22, "diputado_dom": "Yenifer Paredes" }, "geometry": { "type": "Polygon", "coordinates": [ [ [ -78.317572947150936, -6.913824910298314 ], [ -78.300165995823804, -6.915732048294266 ], [ -78.301653143900097, -6.922391083192895 ], [ -78.311113707400111, -6.9244655023157 ], [ -78.31899794530645, -6.91868085335367 ], [ -78.317572947150936, -6.913824910298314 ] ] ] } },
{ "type": "Feature", "properties": { "ubigeo": "060309", "nombre": "AGUA BLANCA", "categoria": "ANEXO", "provincia": "CELENDIN", "distrito": "SOROCHUCO", "altitud": 3657.0, "area_km2": 14.663, "densidad_hab_km2": 15.3, "poblacion": 224.0, "local_votacion": "IE LA CHORRERA", "electores_hab": 507, "total_votantes": 313, "mesas": 2, "participacion": 61.7, "ausentismo": 38.3, "partido_ganador": "Juntos por el Peru", "pct_ganador": 62.7, "margen_victoria": 52.45, "pct_an": 0.41, "pct_app": 0.41, "pct_fp": 10.25, "pct_jxp": 62.7, "pct_lp": 0.82, "pct_obra": 6.56, "pct_pbg": 1.64, "pct_pl": 0.0, "pct_pp": 5.74, "pct_ppt": 0.82, "pct_rp": 1.23, "pct_sp": 0.0, "pct_otros": 9.43, "pref_yenifer": 11, "pref_gabriel": 6, "pref_jessica": 1, "pref_juan": 1, "pref_jibaja": 0, "pref_ticlla": 1, "pref_yenifer_pct": 11.5, "pref_gabriel_pct": 6.39, "pref_jessica_pct": 1.28, "pref_juan_pct": 1.6, "pref_jibaja_pct": 0.0, "pref_ticlla_pct": 0.64, "diputado_dom": "Yenifer Paredes" }, "geometry": { "type": "Polygon", "coordinates": [ [ [ -78.355669047544637, -6.909930588122566 ], [ -78.327601077834458, -6.924159222431752 ], [ -78.327444448818213, -6.926860496265391 ], [ -78.334029877228772, -6.937898794226818 ], [ -78.361405680928925, -6.939005053399614 ], [ -78.3704, -6.9369 ], [ -78.3725, -6.9318 ], [ -78.3824, -6.9272 ], [ -78.3841, -6.9249 ], [ -78.3831, -6.9188 ], [ -78.3774, -6.9136 ], [ -78.3706, -6.912 ], [ -78.369204562010154, -6.90781368603044 ], [ -78.355669047544637, -6.909930588122566 ] ] ] } },
{ "type": "Feature", "properties": { "ubigeo": "060309", "nombre": "VISCACHAS", "categoria": "ANEXO", "provincia": "CELENDIN", "distrito": "SOROCHUCO", "altitud": 3685.0, "area_km2": 0.874, "densidad_hab_km2": 3.4, "poblacion": 3.0, "local_votacion": "IE JEC DAVID SANCHEZ INFANTE", "electores_hab": 3589, "total_votantes": 1826, "mesas": 13, "participacion": 50.9, "ausentismo": 49.1, "partido_ganador": "Juntos por el Peru", "pct_ganador": 58.61, "margen_victoria": 46.59, "pct_an": 2.42, "pct_app": 0.5, "pct_fp": 10.38, "pct_jxp": 58.61, "pct_lp": 0.28, "pct_obra": 12.02, "pct_pbg": 1.14, "pct_pl": 0.0, "pct_pp": 3.63, "pct_ppt": 1.0, "pct_rp": 1.49, "pct_sp": 0.0, "pct_otros": 8.5, "pref_yenifer": 0, "pref_gabriel": 0, "pref_jessica": 0, "pref_juan": 0, "pref_jibaja": 0, "pref_ticlla": 0, "pref_yenifer_pct": 5.59, "pref_gabriel_pct": 2.74, "pref_jessica_pct": 0.49, "pref_juan_pct": 0.22, "pref_jibaja_pct": 0.16, "pref_ticlla_pct": 0.22, "diputado_dom": "Yenifer Paredes" }, "geometry": { "type": "Polygon", "coordinates": [ [ [ -78.29909807543325, -6.914135231380669 ], [ -78.300165995823804, -6.915732048294266 ], [ -78.317572947150936, -6.913824910298314 ], [ -78.317506871778988, -6.911228822230243 ], [ -78.29927543158081, -6.910578804403927 ], [ -78.29909807543325, -6.914135231380669 ] ] ] } },
{ "type": "Feature", "properties": { "ubigeo": "060309", "nombre": "PICOTA CHICA", "categoria": "ANEXO", "provincia": "CELENDIN", "distrito": "SOROCHUCO", "altitud": 3844.0, "area_km2": 5.891, "densidad_hab_km2": 0.3, "poblacion": 2.0, "local_votacion": "IE JEC DAVID SANCHEZ INFANTE", "electores_hab": 3589, "total_votantes": 1826, "mesas": 13, "participacion": 50.9, "ausentismo": 49.1, "partido_ganador": "Juntos por el Peru", "pct_ganador": 58.61, "margen_victoria": 46.59, "pct_an": 2.42, "pct_app": 0.5, "pct_fp": 10.38, "pct_jxp": 58.61, "pct_lp": 0.28, "pct_obra": 12.02, "pct_pbg": 1.14, "pct_pl": 0.0, "pct_pp": 3.63, "pct_ppt": 1.0, "pct_rp": 1.49, "pct_sp": 0.0, "pct_otros": 8.5, "pref_yenifer": 0, "pref_gabriel": 0, "pref_jessica": 0, "pref_juan": 0, "pref_jibaja": 0, "pref_ticlla": 0, "pref_yenifer_pct": 5.59, "pref_gabriel_pct": 2.74, "pref_jessica_pct": 0.49, "pref_juan_pct": 0.22, "pref_jibaja_pct": 0.16, "pref_ticlla_pct": 0.22, "diputado_dom": "Yenifer Paredes" }, "geometry": { "type": "Polygon", "coordinates": [ [ [ -78.355669047544637, -6.909930588122566 ], [ -78.321827199757706, -6.901254329384949 ], [ -78.31940661693676, -6.90325591917953 ], [ -78.318111811957507, -6.905368698096858 ], [ -78.317506871778988, -6.911228822230243 ], [ -78.317572947150936, -6.913824910298314 ], [ -78.31899794530645, -6.91868085335367 ], [ -78.327601077834458, -6.924159222431752 ], [ -78.355669047544637, -6.909930588122566 ] ] ] } },
{ "type": "Feature", "properties": { "ubigeo": "060309", "nombre": "SAN JUAN DE REJOPAMPA", "categoria": "OTROS", "provincia": "CELENDIN", "distrito": "SOROCHUCO", "altitud": 2939.0, "area_km2": 0.606, "densidad_hab_km2": 493.4, "poblacion": 299.0, "local_votacion": "IE 82426 - CCPP SAN JUAN DE REJOPAMPA", "electores_hab": 738, "total_votantes": 315, "mesas": 3, "participacion": 42.7, "ausentismo": 57.3, "partido_ganador": "Juntos por el Peru", "pct_ganador": 57.21, "margen_victoria": 45.86, "pct_an": 1.31, "pct_app": 2.18, "pct_fp": 11.35, "pct_jxp": 57.21, "pct_lp": 0.44, "pct_obra": 11.35, "pct_pbg": 1.31, "pct_pl": 0.0, "pct_pp": 5.24, "pct_ppt": 0.0, "pct_rp": 1.31, "pct_sp": 0.0, "pct_otros": 8.32, "pref_yenifer": 4, "pref_gabriel": 3, "pref_jessica": 1, "pref_juan": 0, "pref_jibaja": 0, "pref_ticlla": 0, "pref_yenifer_pct": 5.71, "pref_gabriel_pct": 4.44, "pref_jessica_pct": 1.27, "pref_juan_pct": 0.63, "pref_jibaja_pct": 0.0, "pref_ticlla_pct": 0.32, "diputado_dom": "Yenifer Paredes" }, "geometry": { "type": "Polygon", "coordinates": [ [ [ -78.271200329403456, -6.928448041186913 ], [ -78.265889407609322, -6.928656243976867 ], [ -78.262289939654352, -6.93197508575464 ], [ -78.26224994890282, -6.932437681475101 ], [ -78.266491431771371, -6.935650149376669 ], [ -78.269510702123981, -6.935700162620576 ], [ -78.272285696201081, -6.930003143738347 ], [ -78.271200329403456, -6.928448041186913 ] ] ] } },
{ "type": "Feature", "properties": { "ubigeo": "060309", "nombre": "FARO BAJO", "categoria": "CASERIO", "provincia": "CELENDIN", "distrito": "SOROCHUCO", "altitud": 2906.0, "area_km2": 0.669, "densidad_hab_km2": 158.4, "poblacion": 106.0, "local_votacion": "IEI 073", "electores_hab": 292, "total_votantes": 107, "mesas": 1, "participacion": 36.6, "ausentismo": 63.4, "partido_ganador": "Juntos por el Peru", "pct_ganador": 60.67, "margen_victoria": 42.69, "pct_an": 3.37, "pct_app": 0.0, "pct_fp": 5.62, "pct_jxp": 60.67, "pct_lp": 0.0, "pct_obra": 17.98, "pct_pbg": 1.12, "pct_pl": 0.0, "pct_pp": 0.0, "pct_ppt": 2.25, "pct_rp": 2.25, "pct_sp": 0.0, "pct_otros": 6.74, "pref_yenifer": 1, "pref_gabriel": 0, "pref_jessica": 0, "pref_juan": 0, "pref_jibaja": 0, "pref_ticlla": 0, "pref_yenifer_pct": 11.21, "pref_gabriel_pct": 5.61, "pref_jessica_pct": 0.0, "pref_juan_pct": 0.0, "pref_jibaja_pct": 0.0, "pref_ticlla_pct": 0.0, "diputado_dom": "Yenifer Paredes" }, "geometry": { "type": "Polygon", "coordinates": [ [ [ -78.279430282232454, -6.923403745967478 ], [ -78.277204873192787, -6.922743404891381 ], [ -78.271895785799714, -6.924816520809327 ], [ -78.271200329403456, -6.928448041186913 ], [ -78.272285696201081, -6.930003143738347 ], [ -78.277180259523846, -6.931626503975767 ], [ -78.280275100288947, -6.925957923515681 ], [ -78.279430282232454, -6.923403745967478 ] ] ] } },
{ "type": "Feature", "properties": { "ubigeo": "060309", "nombre": "TABLACUCHO", "categoria": "CASERIO", "provincia": "CELENDIN", "distrito": "SOROCHUCO", "altitud": 3028.0, "area_km2": 0.802, "densidad_hab_km2": 111.0, "poblacion": 89.0, "local_votacion": "IE 821093", "electores_hab": 728, "total_votantes": 542, "mesas": 3, "participacion": 74.5, "ausentismo": 25.5, "partido_ganador": "Juntos por el Peru", "pct_ganador": 59.3, "margen_victoria": 41.96, "pct_an": 1.26, "pct_app": 0.5, "pct_fp": 17.34, "pct_jxp": 59.3, "pct_lp": 0.25, "pct_obra": 4.02, "pct_pbg": 0.0, "pct_pl": 0.0, "pct_pp": 3.27, "pct_ppt": 2.01, "pct_rp": 1.51, "pct_sp": 0.0, "pct_otros": 10.54, "pref_yenifer": 13, "pref_gabriel": 4, "pref_jessica": 1, "pref_juan": 0, "pref_jibaja": 1, "pref_ticlla": 2, "pref_yenifer_pct": 7.75, "pref_gabriel_pct": 2.4, "pref_jessica_pct": 0.74, "pref_juan_pct": 0.0, "pref_jibaja_pct": 0.55, "pref_ticlla_pct": 0.92, "diputado_dom": "Yenifer Paredes" }, "geometry": { "type": "Polygon", "coordinates": [ [ [ -78.290454321004432, -6.926585812843304 ], [ -78.288287259237393, -6.919630512903725 ], [ -78.281455930582766, -6.921088124965745 ], [ -78.279430282232454, -6.923403745967478 ], [ -78.280275100288947, -6.925957923515681 ], [ -78.289248022674059, -6.928770638822234 ], [ -78.290454321004432, -6.926585812843304 ] ] ] } },
{ "type": "Feature", "properties": { "ubigeo": "060309", "nombre": "INGENIO", "categoria": "ANEXO", "provincia": "CELENDIN", "distrito": "SOROCHUCO", "altitud": 2807.0, "area_km2": 0.778, "densidad_hab_km2": 138.8, "poblacion": 108.0, "local_votacion": "IEI 073", "electores_hab": 292, "total_votantes": 107, "mesas": 1, "participacion": 36.6, "ausentismo": 63.4, "partido_ganador": "Juntos por el Peru", "pct_ganador": 60.67, "margen_victoria": 42.69, "pct_an": 3.37, "pct_app": 0.0, "pct_fp": 5.62, "pct_jxp": 60.67, "pct_lp": 0.0, "pct_obra": 17.98, "pct_pbg": 1.12, "pct_pl": 0.0, "pct_pp": 0.0, "pct_ppt": 2.25, "pct_rp": 2.25, "pct_sp": 0.0, "pct_otros": 6.74, "pref_yenifer": 1, "pref_gabriel": 0, "pref_jessica": 0, "pref_juan": 0, "pref_jibaja": 0, "pref_ticlla": 0, "pref_yenifer_pct": 11.21, "pref_gabriel_pct": 5.61, "pref_jessica_pct": 0.0, "pref_juan_pct": 0.0, "pref_jibaja_pct": 0.0, "pref_ticlla_pct": 0.0, "diputado_dom": "Yenifer Paredes" }, "geometry": { "type": "Polygon", "coordinates": [ [ [ -78.271895785799714, -6.924816520809327 ], [ -78.268738797769359, -6.919728030185631 ], [ -78.265274677159439, -6.917955909224986 ], [ -78.262632997248829, -6.919615973067012 ], [ -78.265889407609322, -6.928656243976867 ], [ -78.271200329403456, -6.928448041186913 ], [ -78.271895785799714, -6.924816520809327 ] ] ] } },
{ "type": "Feature", "properties": { "ubigeo": "060309", "nombre": "POTRERO", "categoria": "ANEXO", "provincia": "CELENDIN", "distrito": "SOROCHUCO", "altitud": 2858.0, "area_km2": 0.446, "densidad_hab_km2": 100.9, "poblacion": 45.0, "local_votacion": "IEI 073", "electores_hab": 292, "total_votantes": 107, "mesas": 1, "participacion": 36.6, "ausentismo": 63.4, "partido_ganador": "Juntos por el Peru", "pct_ganador": 60.67, "margen_victoria": 42.69, "pct_an": 3.37, "pct_app": 0.0, "pct_fp": 5.62, "pct_jxp": 60.67, "pct_lp": 0.0, "pct_obra": 17.98, "pct_pbg": 1.12, "pct_pl": 0.0, "pct_pp": 0.0, "pct_ppt": 2.25, "pct_rp": 2.25, "pct_sp": 0.0, "pct_otros": 6.74, "pref_yenifer": 0, "pref_gabriel": 0, "pref_jessica": 0, "pref_juan": 0, "pref_jibaja": 0, "pref_ticlla": 0, "pref_yenifer_pct": 11.21, "pref_gabriel_pct": 5.61, "pref_jessica_pct": 0.0, "pref_juan_pct": 0.0, "pref_jibaja_pct": 0.0, "pref_ticlla_pct": 0.0, "diputado_dom": "Yenifer Paredes" }, "geometry": { "type": "Polygon", "coordinates": [ [ [ -78.277204873192787, -6.922743404891381 ], [ -78.275163667071865, -6.917373927779101 ], [ -78.268738797769359, -6.919728030185631 ], [ -78.271895785799714, -6.924816520809327 ], [ -78.277204873192787, -6.922743404891381 ] ] ] } },
{ "type": "Feature", "properties": { "ubigeo": "060309", "nombre": "ATUMPAMPA", "categoria": "CASERIO", "provincia": "CELENDIN", "distrito": "SOROCHUCO", "altitud": 3012.0, "area_km2": 0.48, "densidad_hab_km2": 185.4, "poblacion": 89.0, "local_votacion": "IEI 073", "electores_hab": 292, "total_votantes": 107, "mesas": 1, "participacion": 36.6, "ausentismo": 63.4, "partido_ganador": "Juntos por el Peru", "pct_ganador": 60.67, "margen_victoria": 42.69, "pct_an": 3.37, "pct_app": 0.0, "pct_fp": 5.62, "pct_jxp": 60.67, "pct_lp": 0.0, "pct_obra": 17.98, "pct_pbg": 1.12, "pct_pl": 0.0, "pct_pp": 0.0, "pct_ppt": 2.25, "pct_rp": 2.25, "pct_sp": 0.0, "pct_otros": 6.74, "pref_yenifer": 0, "pref_gabriel": 0, "pref_jessica": 0, "pref_juan": 0, "pref_jibaja": 0, "pref_ticlla": 0, "pref_yenifer_pct": 11.21, "pref_gabriel_pct": 5.61, "pref_jessica_pct": 0.0, "pref_juan_pct": 0.0, "pref_jibaja_pct": 0.0, "pref_ticlla_pct": 0.0, "diputado_dom": "Yenifer Paredes" }, "geometry": { "type": "Polygon", "coordinates": [ [ [ -78.278129488745492, -6.911862648022581 ], [ -78.275163667071865, -6.917373927779101 ], [ -78.277204873192787, -6.922743404891381 ], [ -78.279430282232454, -6.923403745967478 ], [ -78.281455930582766, -6.921088124965745 ], [ -78.278129488745492, -6.911862648022581 ] ] ] } },
{ "type": "Feature", "properties": { "ubigeo": "060309", "nombre": "LA CLARA", "categoria": "OTROS", "provincia": "CELENDIN", "distrito": "SOROCHUCO", "altitud": 3258.0, "area_km2": 1.031, "densidad_hab_km2": 6.8, "poblacion": 7.0, "local_votacion": "IEI 073", "electores_hab": 292, "total_votantes": 107, "mesas": 1, "participacion": 36.6, "ausentismo": 63.4, "partido_ganador": "Juntos por el Peru", "pct_ganador": 60.67, "margen_victoria": 42.69, "pct_an": 3.37, "pct_app": 0.0, "pct_fp": 5.62, "pct_jxp": 60.67, "pct_lp": 0.0, "pct_obra": 17.98, "pct_pbg": 1.12, "pct_pl": 0.0, "pct_pp": 0.0, "pct_ppt": 2.25, "pct_rp": 2.25, "pct_sp": 0.0, "pct_otros": 6.74, "pref_yenifer": 0, "pref_gabriel": 0, "pref_jessica": 0, "pref_juan": 0, "pref_jibaja": 0, "pref_ticlla": 0, "pref_yenifer_pct": 11.21, "pref_gabriel_pct": 5.61, "pref_jessica_pct": 0.0, "pref_juan_pct": 0.0, "pref_jibaja_pct": 0.0, "pref_ticlla_pct": 0.0, "diputado_dom": "Yenifer Paredes" }, "geometry": { "type": "Polygon", "coordinates": [ [ [ -78.288914279666955, -6.917276354556239 ], [ -78.283519252725768, -6.909351623129022 ], [ -78.279401530101168, -6.908669356740457 ], [ -78.278518666038963, -6.909689454216585 ], [ -78.278129488745492, -6.911862648022581 ], [ -78.281455930582766, -6.921088124965745 ], [ -78.288287259237393, -6.919630512903725 ], [ -78.288914279666955, -6.917276354556239 ] ] ] } },
{ "type": "Feature", "properties": { "ubigeo": "060309", "nombre": "CHOGO PAMPA", "categoria": "CASERIO", "provincia": "CELENDIN", "distrito": "SOROCHUCO", "altitud": 2944.0, "area_km2": 1.005, "densidad_hab_km2": 202.0, "poblacion": 203.0, "local_votacion": "IEI 073", "electores_hab": 292, "total_votantes": 107, "mesas": 1, "participacion": 36.6, "ausentismo": 63.4, "partido_ganador": "Juntos por el Peru", "pct_ganador": 60.67, "margen_victoria": 42.69, "pct_an": 3.37, "pct_app": 0.0, "pct_fp": 5.62, "pct_jxp": 60.67, "pct_lp": 0.0, "pct_obra": 17.98, "pct_pbg": 1.12, "pct_pl": 0.0, "pct_pp": 0.0, "pct_ppt": 2.25, "pct_rp": 2.25, "pct_sp": 0.0, "pct_otros": 6.74, "pref_yenifer": 1, "pref_gabriel": 1, "pref_jessica": 0, "pref_juan": 0, "pref_jibaja": 0, "pref_ticlla": 0, "pref_yenifer_pct": 11.21, "pref_gabriel_pct": 5.61, "pref_jessica_pct": 0.0, "pref_juan_pct": 0.0, "pref_jibaja_pct": 0.0, "pref_ticlla_pct": 0.0, "diputado_dom": "Yenifer Paredes" }, "geometry": { "type": "Polygon", "coordinates": [ [ [ -78.278518666038963, -6.909689454216585 ], [ -78.266477971862727, -6.912198311859751 ], [ -78.265274677159439, -6.917955909224986 ], [ -78.268738797769359, -6.919728030185631 ], [ -78.275163667071865, -6.917373927779101 ], [ -78.278129488745492, -6.911862648022581 ], [ -78.278518666038963, -6.909689454216585 ] ] ] } },
{ "type": "Feature", "properties": { "ubigeo": "060309", "nombre": "EL SURO", "categoria": "ANEXO", "provincia": "CELENDIN", "distrito": "SOROCHUCO", "altitud": 2907.0, "area_km2": 0.887, "densidad_hab_km2": 0.0, "poblacion": 0.0, "local_votacion": "IEI 073", "electores_hab": 292, "total_votantes": 107, "mesas": 1, "participacion": 36.6, "ausentismo": 63.4, "partido_ganador": "Juntos por el Peru", "pct_ganador": 60.67, "margen_victoria": 42.69, "pct_an": 3.37, "pct_app": 0.0, "pct_fp": 5.62, "pct_jxp": 60.67, "pct_lp": 0.0, "pct_obra": 17.98, "pct_pbg": 1.12, "pct_pl": 0.0, "pct_pp": 0.0, "pct_ppt": 2.25, "pct_rp": 2.25, "pct_sp": 0.0, "pct_otros": 6.74, "pref_yenifer": 0, "pref_gabriel": 0, "pref_jessica": 0, "pref_juan": 0, "pref_jibaja": 0, "pref_ticlla": 0, "pref_yenifer_pct": 11.21, "pref_gabriel_pct": 5.61, "pref_jessica_pct": 0.0, "pref_juan_pct": 0.0, "pref_jibaja_pct": 0.0, "pref_ticlla_pct": 0.0, "diputado_dom": "Yenifer Paredes" }, "geometry": { "type": "Polygon", "coordinates": [ [ [ -78.279401530101168, -6.908669356740457 ], [ -78.277980243148065, -6.904800798099823 ], [ -78.266371285834154, -6.906288881615329 ], [ -78.26454833666935, -6.909080148219751 ], [ -78.266477971862727, -6.912198311859751 ], [ -78.278518666038963, -6.909689454216585 ], [ -78.279401530101168, -6.908669356740457 ] ] ] } },
{ "type": "Feature", "properties": { "ubigeo": "060309", "nombre": "LA SHILLA", "categoria": "ANEXO", "provincia": "CELENDIN", "distrito": "SOROCHUCO", "altitud": 3292.0, "area_km2": 0.621, "densidad_hab_km2": 35.4, "poblacion": 22.0, "local_votacion": "IEI 073", "electores_hab": 292, "total_votantes": 107, "mesas": 1, "participacion": 36.6, "ausentismo": 63.4, "partido_ganador": "Juntos por el Peru", "pct_ganador": 60.67, "margen_victoria": 42.69, "pct_an": 3.37, "pct_app": 0.0, "pct_fp": 5.62, "pct_jxp": 60.67, "pct_lp": 0.0, "pct_obra": 17.98, "pct_pbg": 1.12, "pct_pl": 0.0, "pct_pp": 0.0, "pct_ppt": 2.25, "pct_rp": 2.25, "pct_sp": 0.0, "pct_otros": 6.74, "pref_yenifer": 0, "pref_gabriel": 0, "pref_jessica": 0, "pref_juan": 0, "pref_jibaja": 0, "pref_ticlla": 0, "pref_yenifer_pct": 11.21, "pref_gabriel_pct": 5.61, "pref_jessica_pct": 0.0, "pref_juan_pct": 0.0, "pref_jibaja_pct": 0.0, "pref_ticlla_pct": 0.0, "diputado_dom": "Yenifer Paredes" }, "geometry": { "type": "Polygon", "coordinates": [ [ [ -78.277482583227339, -6.902623476899935 ], [ -78.27150762013153, -6.899614600392801 ], [ -78.268528176910195, -6.899563633193951 ], [ -78.266371285834154, -6.906288881615329 ], [ -78.277980243148065, -6.904800798099823 ], [ -78.277482583227339, -6.902623476899935 ] ] ] } },
{ "type": "Feature", "properties": { "ubigeo": "060309", "nombre": "SURUPATA", "categoria": "ANEXO", "provincia": "CELENDIN", "distrito": "SOROCHUCO", "altitud": 2782.0, "area_km2": 1.506, "densidad_hab_km2": 28.6, "poblacion": 43.0, "local_votacion": "IEI 073", "electores_hab": 292, "total_votantes": 107, "mesas": 1, "participacion": 36.6, "ausentismo": 63.4, "partido_ganador": "Juntos por el Peru", "pct_ganador": 60.67, "margen_victoria": 42.69, "pct_an": 3.37, "pct_app": 0.0, "pct_fp": 5.62, "pct_jxp": 60.67, "pct_lp": 0.0, "pct_obra": 17.98, "pct_pbg": 1.12, "pct_pl": 0.0, "pct_pp": 0.0, "pct_ppt": 2.25, "pct_rp": 2.25, "pct_sp": 0.0, "pct_otros": 6.74, "pref_yenifer": 0, "pref_gabriel": 0, "pref_jessica": 0, "pref_juan": 0, "pref_jibaja": 0, "pref_ticlla": 0, "pref_yenifer_pct": 11.21, "pref_gabriel_pct": 5.61, "pref_jessica_pct": 0.0, "pref_juan_pct": 0.0, "pref_jibaja_pct": 0.0, "pref_ticlla_pct": 0.0, "diputado_dom": "Yenifer Paredes" }, "geometry": { "type": "Polygon", "coordinates": [ [ [ -78.258422388274326, -6.90610311046321 ], [ -78.257270143906638, -6.900768594775569 ], [ -78.245734181745505, -6.898195263097548 ], [ -78.242163525104246, -6.903293638385621 ], [ -78.250363033315566, -6.910523399765387 ], [ -78.258422388274326, -6.90610311046321 ] ] ] } },
{ "type": "Feature", "properties": { "ubigeo": "060309", "nombre": "MARCOPATA", "categoria": "CASERIO", "provincia": "CELENDIN", "distrito": "SOROCHUCO", "altitud": 3119.0, "area_km2": 1.193, "densidad_hab_km2": 120.7, "poblacion": 144.0, "local_votacion": "IEI 073", "electores_hab": 292, "total_votantes": 107, "mesas": 1, "participacion": 36.6, "ausentismo": 63.4, "partido_ganador": "Juntos por el Peru", "pct_ganador": 60.67, "margen_victoria": 42.69, "pct_an": 3.37, "pct_app": 0.0, "pct_fp": 5.62, "pct_jxp": 60.67, "pct_lp": 0.0, "pct_obra": 17.98, "pct_pbg": 1.12, "pct_pl": 0.0, "pct_pp": 0.0, "pct_ppt": 2.25, "pct_rp": 2.25, "pct_sp": 0.0, "pct_otros": 6.74, "pref_yenifer": 1, "pref_gabriel": 0, "pref_jessica": 0, "pref_juan": 0, "pref_jibaja": 0, "pref_ticlla": 0, "pref_yenifer_pct": 11.21, "pref_gabriel_pct": 5.61, "pref_jessica_pct": 0.0, "pref_juan_pct": 0.0, "pref_jibaja_pct": 0.0, "pref_ticlla_pct": 0.0, "diputado_dom": "Yenifer Paredes" }, "geometry": { "type": "Polygon", "coordinates": [ [ [ -78.262214305127657, -6.895343006470721 ], [ -78.257270143906638, -6.900768594775569 ], [ -78.258422388274326, -6.90610311046321 ], [ -78.259019304340782, -6.9067177189973 ], [ -78.26454833666935, -6.909080148219751 ], [ -78.266371285834154, -6.906288881615329 ], [ -78.268528176910195, -6.899563633193951 ], [ -78.262214305127657, -6.895343006470721 ] ] ] } },
{ "type": "Feature", "properties": { "ubigeo": "060309", "nombre": "CARIRPO", "categoria": "CASERIO", "provincia": "CELENDIN", "distrito": "SOROCHUCO", "altitud": 3183.0, "area_km2": 2.294, "densidad_hab_km2": 39.2, "poblacion": 90.0, "local_votacion": "IEI 073", "electores_hab": 292, "total_votantes": 107, "mesas": 1, "participacion": 36.6, "ausentismo": 63.4, "partido_ganador": "Juntos por el Peru", "pct_ganador": 60.67, "margen_victoria": 42.69, "pct_an": 3.37, "pct_app": 0.0, "pct_fp": 5.62, "pct_jxp": 60.67, "pct_lp": 0.0, "pct_obra": 17.98, "pct_pbg": 1.12, "pct_pl": 0.0, "pct_pp": 0.0, "pct_ppt": 2.25, "pct_rp": 2.25, "pct_sp": 0.0, "pct_otros": 6.74, "pref_yenifer": 0, "pref_gabriel": 0, "pref_jessica": 0, "pref_juan": 0, "pref_jibaja": 0, "pref_ticlla": 0, "pref_yenifer_pct": 11.21, "pref_gabriel_pct": 5.61, "pref_jessica_pct": 0.0, "pref_juan_pct": 0.0, "pref_jibaja_pct": 0.0, "pref_ticlla_pct": 0.0, "diputado_dom": "Yenifer Paredes" }, "geometry": { "type": "Polygon", "coordinates": [ [ [ -78.262289995226652, -6.892637945546488 ], [ -78.256912006659391, -6.887558895361517 ], [ -78.25384322303357, -6.885991284493294 ], [ -78.249152448595225, -6.886116109607941 ], [ -78.245190556267289, -6.889966084073511 ], [ -78.245734181745505, -6.898195263097548 ], [ -78.257270143906638, -6.900768594775569 ], [ -78.262214305127657, -6.895343006470721 ], [ -78.262289995226652, -6.892637945546488 ] ] ] } },
{ "type": "Feature", "properties": { "ubigeo": "060309", "nombre": "CHACATO", "categoria": "ANEXO", "provincia": "CELENDIN", "distrito": "SOROCHUCO", "altitud": 2661.0, "area_km2": 3.132, "densidad_hab_km2": 7.7, "poblacion": 24.0, "local_votacion": "IEI 073", "electores_hab": 292, "total_votantes": 107, "mesas": 1, "participacion": 36.6, "ausentismo": 63.4, "partido_ganador": "Juntos por el Peru", "pct_ganador": 60.67, "margen_victoria": 42.69, "pct_an": 3.37, "pct_app": 0.0, "pct_fp": 5.62, "pct_jxp": 60.67, "pct_lp": 0.0, "pct_obra": 17.98, "pct_pbg": 1.12, "pct_pl": 0.0, "pct_pp": 0.0, "pct_ppt": 2.25, "pct_rp": 2.25, "pct_sp": 0.0, "pct_otros": 6.74, "pref_yenifer": 0, "pref_gabriel": 0, "pref_jessica": 0, "pref_juan": 0, "pref_jibaja": 0, "pref_ticlla": 0, "pref_yenifer_pct": 11.21, "pref_gabriel_pct": 5.61, "pref_jessica_pct": 0.0, "pref_juan_pct": 0.0, "pref_jibaja_pct": 0.0, "pref_ticlla_pct": 0.0, "diputado_dom": "Yenifer Paredes" }, "geometry": { "type": "Polygon", "coordinates": [ [ [ -78.242163525104246, -6.903293638385621 ], [ -78.245734181745505, -6.898195263097548 ], [ -78.245190556267289, -6.889966084073511 ], [ -78.233179521073666, -6.885904220452999 ], [ -78.2317, -6.8874 ], [ -78.2275, -6.8942 ], [ -78.2276, -6.898 ], [ -78.236362777115772, -6.906355206087131 ], [ -78.242163525104246, -6.903293638385621 ] ] ] } },
{ "type": "Feature", "properties": { "ubigeo": "060309", "nombre": "ROSAPAMPA", "categoria": "ANEXO", "provincia": "CELENDIN", "distrito": "SOROCHUCO", "altitud": 2684.0, "area_km2": 0.782, "densidad_hab_km2": 6.4, "poblacion": 5.0, "local_votacion": "IEI 073", "electores_hab": 292, "total_votantes": 107, "mesas": 1, "participacion": 36.6, "ausentismo": 63.4, "partido_ganador": "Juntos por el Peru", "pct_ganador": 60.67, "margen_victoria": 42.69, "pct_an": 3.37, "pct_app": 0.0, "pct_fp": 5.62, "pct_jxp": 60.67, "pct_lp": 0.0, "pct_obra": 17.98, "pct_pbg": 1.12, "pct_pl": 0.0, "pct_pp": 0.0, "pct_ppt": 2.25, "pct_rp": 2.25, "pct_sp": 0.0, "pct_otros": 6.74, "pref_yenifer": 0, "pref_gabriel": 0, "pref_jessica": 0, "pref_juan": 0, "pref_jibaja": 0, "pref_ticlla": 0, "pref_yenifer_pct": 11.21, "pref_gabriel_pct": 5.61, "pref_jessica_pct": 0.0, "pref_juan_pct": 0.0, "pref_jibaja_pct": 0.0, "pref_ticlla_pct": 0.0, "diputado_dom": "Yenifer Paredes" }, "geometry": { "type": "Polygon", "coordinates": [ [ [ -78.264833581559941, -6.890809865724257 ], [ -78.267232324788239, -6.878526392403948 ], [ -78.256912006659391, -6.887558895361517 ], [ -78.262289995226652, -6.892637945546488 ], [ -78.264833581559941, -6.890809865724257 ] ] ] } },
{ "type": "Feature", "properties": { "ubigeo": "060309", "nombre": "SAN LUIS DE ALANYA", "categoria": "OTROS", "provincia": "CELENDIN", "distrito": "SOROCHUCO", "altitud": 2152.0, "area_km2": 1.521, "densidad_hab_km2": 17.8, "poblacion": 27.0, "local_votacion": "IEI 073", "electores_hab": 292, "total_votantes": 107, "mesas": 1, "participacion": 36.6, "ausentismo": 63.4, "partido_ganador": "Juntos por el Peru", "pct_ganador": 60.67, "margen_victoria": 42.69, "pct_an": 3.37, "pct_app": 0.0, "pct_fp": 5.62, "pct_jxp": 60.67, "pct_lp": 0.0, "pct_obra": 17.98, "pct_pbg": 1.12, "pct_pl": 0.0, "pct_pp": 0.0, "pct_ppt": 2.25, "pct_rp": 2.25, "pct_sp": 0.0, "pct_otros": 6.74, "pref_yenifer": 0, "pref_gabriel": 0, "pref_jessica": 0, "pref_juan": 0, "pref_jibaja": 0, "pref_ticlla": 0, "pref_yenifer_pct": 11.21, "pref_gabriel_pct": 5.61, "pref_jessica_pct": 0.0, "pref_juan_pct": 0.0, "pref_jibaja_pct": 0.0, "pref_ticlla_pct": 0.0, "diputado_dom": "Yenifer Paredes" }, "geometry": { "type": "Polygon", "coordinates": [ [ [ -78.245190556267289, -6.889966084073511 ], [ -78.249152448595225, -6.886116109607941 ], [ -78.247146181410059, -6.87661046862874 ], [ -78.2465, -6.8771 ], [ -78.2408, -6.8782 ], [ -78.233179521073666, -6.885904220452999 ], [ -78.245190556267289, -6.889966084073511 ] ] ] } },
{ "type": "Feature", "properties": { "ubigeo": "060309", "nombre": "CRUZPAMPA", "categoria": "CASERIO", "provincia": "CELENDIN", "distrito": "SOROCHUCO", "altitud": 3539.0, "area_km2": 1.877, "densidad_hab_km2": 199.8, "poblacion": 375.0, "local_votacion": "IE JEC DAVID SANCHEZ INFANTE", "electores_hab": 3589, "total_votantes": 1826, "mesas": 13, "participacion": 50.9, "ausentismo": 49.1, "partido_ganador": "Juntos por el Peru", "pct_ganador": 58.61, "margen_victoria": 46.59, "pct_an": 2.42, "pct_app": 0.5, "pct_fp": 10.38, "pct_jxp": 58.61, "pct_lp": 0.28, "pct_obra": 12.02, "pct_pbg": 1.14, "pct_pl": 0.0, "pct_pp": 3.63, "pct_ppt": 1.0, "pct_rp": 1.49, "pct_sp": 0.0, "pct_otros": 8.5, "pref_yenifer": 22, "pref_gabriel": 11, "pref_jessica": 2, "pref_juan": 1, "pref_jibaja": 1, "pref_ticlla": 1, "pref_yenifer_pct": 5.59, "pref_gabriel_pct": 2.74, "pref_jessica_pct": 0.49, "pref_juan_pct": 0.22, "pref_jibaja_pct": 0.16, "pref_ticlla_pct": 0.22, "diputado_dom": "Yenifer Paredes" }, "geometry": { "type": "Polygon", "coordinates": [ [ [ -78.29927543158081, -6.910578804403927 ], [ -78.298405309700442, -6.903595403539562 ], [ -78.297210291840287, -6.901968435613868 ], [ -78.295510040592575, -6.901959932865622 ], [ -78.283519252725768, -6.909351623129022 ], [ -78.288914279666955, -6.917276354556239 ], [ -78.29909807543325, -6.914135231380669 ], [ -78.29927543158081, -6.910578804403927 ] ] ] } },
{ "type": "Feature", "properties": { "ubigeo": "060309", "nombre": "UÑIGAN LIRIO", "categoria": "ANEXO", "provincia": "CELENDIN", "distrito": "SOROCHUCO", "altitud": 3729.0, "area_km2": 1.489, "densidad_hab_km2": 138.3, "poblacion": 206.0, "local_votacion": "IE JEC DAVID SANCHEZ INFANTE", "electores_hab": 3589, "total_votantes": 1826, "mesas": 13, "participacion": 50.9, "ausentismo": 49.1, "partido_ganador": "Juntos por el Peru", "pct_ganador": 58.61, "margen_victoria": 46.59, "pct_an": 2.42, "pct_app": 0.5, "pct_fp": 10.38, "pct_jxp": 58.61, "pct_lp": 0.28, "pct_obra": 12.02, "pct_pbg": 1.14, "pct_pl": 0.0, "pct_pp": 3.63, "pct_ppt": 1.0, "pct_rp": 1.49, "pct_sp": 0.0, "pct_otros": 8.5, "pref_yenifer": 12, "pref_gabriel": 6, "pref_jessica": 1, "pref_juan": 0, "pref_jibaja": 0, "pref_ticlla": 0, "pref_yenifer_pct": 5.59, "pref_gabriel_pct": 2.74, "pref_jessica_pct": 0.49, "pref_juan_pct": 0.22, "pref_jibaja_pct": 0.16, "pref_ticlla_pct": 0.22, "diputado_dom": "Yenifer Paredes" }, "geometry": { "type": "Polygon", "coordinates": [ [ [ -78.318111811957507, -6.905368698096858 ], [ -78.298405309700442, -6.903595403539562 ], [ -78.29927543158081, -6.910578804403927 ], [ -78.317506871778988, -6.911228822230243 ], [ -78.318111811957507, -6.905368698096858 ] ] ] } },
{ "type": "Feature", "properties": { "ubigeo": "060309", "nombre": "ALTO CRUZ PAMPA", "categoria": "CASERIO", "provincia": "CELENDIN", "distrito": "SOROCHUCO", "altitud": 3643.0, "area_km2": 2.154, "densidad_hab_km2": 30.6, "poblacion": 66.0, "local_votacion": "IE JEC DAVID SANCHEZ INFANTE", "electores_hab": 3589, "total_votantes": 1826, "mesas": 13, "participacion": 50.9, "ausentismo": 49.1, "partido_ganador": "Juntos por el Peru", "pct_ganador": 58.61, "margen_victoria": 46.59, "pct_an": 2.42, "pct_app": 0.5, "pct_fp": 10.38, "pct_jxp": 58.61, "pct_lp": 0.28, "pct_obra": 12.02, "pct_pbg": 1.14, "pct_pl": 0.0, "pct_pp": 3.63, "pct_ppt": 1.0, "pct_rp": 1.49, "pct_sp": 0.0, "pct_otros": 8.5, "pref_yenifer": 4, "pref_gabriel": 2, "pref_jessica": 0, "pref_juan": 0, "pref_jibaja": 0, "pref_ticlla": 0, "pref_yenifer_pct": 5.59, "pref_gabriel_pct": 2.74, "pref_jessica_pct": 0.49, "pref_juan_pct": 0.22, "pref_jibaja_pct": 0.16, "pref_ticlla_pct": 0.22, "diputado_dom": "Yenifer Paredes" }, "geometry": { "type": "Polygon", "coordinates": [ [ [ -78.31940661693676, -6.90325591917953 ], [ -78.302265925332634, -6.889939134338878 ], [ -78.297210291840287, -6.901968435613868 ], [ -78.298405309700442, -6.903595403539562 ], [ -78.318111811957507, -6.905368698096858 ], [ -78.31940661693676, -6.90325591917953 ] ] ] } },
{ "type": "Feature", "properties": { "ubigeo": "060309", "nombre": "YANACOLPA", "categoria": "CASERIO", "provincia": "CELENDIN", "distrito": "SOROCHUCO", "altitud": 3524.0, "area_km2": 3.288, "densidad_hab_km2": 58.1, "poblacion": 191.0, "local_votacion": "IE JEC DAVID SANCHEZ INFANTE", "electores_hab": 3589, "total_votantes": 1826, "mesas": 13, "participacion": 50.9, "ausentismo": 49.1, "partido_ganador": "Juntos por el Peru", "pct_ganador": 58.61, "margen_victoria": 46.59, "pct_an": 2.42, "pct_app": 0.5, "pct_fp": 10.38, "pct_jxp": 58.61, "pct_lp": 0.28, "pct_obra": 12.02, "pct_pbg": 1.14, "pct_pl": 0.0, "pct_pp": 3.63, "pct_ppt": 1.0, "pct_rp": 1.49, "pct_sp": 0.0, "pct_otros": 8.5, "pref_yenifer": 11, "pref_gabriel": 6, "pref_jessica": 1, "pref_juan": 0, "pref_jibaja": 0, "pref_ticlla": 0, "pref_yenifer_pct": 5.59, "pref_gabriel_pct": 2.74, "pref_jessica_pct": 0.49, "pref_juan_pct": 0.22, "pref_jibaja_pct": 0.16, "pref_ticlla_pct": 0.22, "diputado_dom": "Yenifer Paredes" }, "geometry": { "type": "Polygon", "coordinates": [ [ [ -78.302509431097263, -6.882510748884697 ], [ -78.2995, -6.8816 ], [ -78.287114087947543, -6.88120045444992 ], [ -78.286609142182641, -6.882755030393486 ], [ -78.285590784509992, -6.894862758590044 ], [ -78.295510040592575, -6.901959932865622 ], [ -78.297210291840287, -6.901968435613868 ], [ -78.302265925332634, -6.889939134338878 ], [ -78.302509431097263, -6.882510748884697 ] ] ] } },
{ "type": "Feature", "properties": { "ubigeo": "060309", "nombre": "LAS POSADAS", "categoria": "ANEXO", "provincia": "CELENDIN", "distrito": "SOROCHUCO", "altitud": 3733.0, "area_km2": 13.307, "densidad_hab_km2": 2.6, "poblacion": 35.0, "local_votacion": "IE JEC DAVID SANCHEZ INFANTE", "electores_hab": 3589, "total_votantes": 1826, "mesas": 13, "participacion": 50.9, "ausentismo": 49.1, "partido_ganador": "Juntos por el Peru", "pct_ganador": 58.61, "margen_victoria": 46.59, "pct_an": 2.42, "pct_app": 0.5, "pct_fp": 10.38, "pct_jxp": 58.61, "pct_lp": 0.28, "pct_obra": 12.02, "pct_pbg": 1.14, "pct_pl": 0.0, "pct_pp": 3.63, "pct_ppt": 1.0, "pct_rp": 1.49, "pct_sp": 0.0, "pct_otros": 8.5, "pref_yenifer": 2, "pref_gabriel": 1, "pref_jessica": 0, "pref_juan": 0, "pref_jibaja": 0, "pref_ticlla": 0, "pref_yenifer_pct": 5.59, "pref_gabriel_pct": 2.74, "pref_jessica_pct": 0.49, "pref_juan_pct": 0.22, "pref_jibaja_pct": 0.16, "pref_ticlla_pct": 0.22, "diputado_dom": "Yenifer Paredes" }, "geometry": { "type": "Polygon", "coordinates": [ [ [ -78.321827199757706, -6.901254329384949 ], [ -78.355669047544637, -6.909930588122566 ], [ -78.369204562010154, -6.90781368603044 ], [ -78.3679, -6.9039 ], [ -78.3614, -6.9018 ], [ -78.3636, -6.8839 ], [ -78.3616, -6.8749 ], [ -78.3479, -6.8738 ], [ -78.3437, -6.8774 ], [ -78.334, -6.8816 ], [ -78.3301, -6.8904 ], [ -78.3238, -6.891 ], [ -78.322942992737396, -6.890357244553043 ], [ -78.321827199757706, -6.901254329384949 ] ] ] } },
{ "type": "Feature", "properties": { "ubigeo": "060309", "nombre": "CHUGURMAYO", "categoria": "CASERIO", "provincia": "CELENDIN", "distrito": "SOROCHUCO", "altitud": 3590.0, "area_km2": 3.133, "densidad_hab_km2": 113.9, "poblacion": 357.0, "local_votacion": "IE JEC DAVID SANCHEZ INFANTE", "electores_hab": 3589, "total_votantes": 1826, "mesas": 13, "participacion": 50.9, "ausentismo": 49.1, "partido_ganador": "Juntos por el Peru", "pct_ganador": 58.61, "margen_victoria": 46.59, "pct_an": 2.42, "pct_app": 0.5, "pct_fp": 10.38, "pct_jxp": 58.61, "pct_lp": 0.28, "pct_obra": 12.02, "pct_pbg": 1.14, "pct_pl": 0.0, "pct_pp": 3.63, "pct_ppt": 1.0, "pct_rp": 1.49, "pct_sp": 0.0, "pct_otros": 8.5, "pref_yenifer": 21, "pref_gabriel": 10, "pref_jessica": 2, "pref_juan": 1, "pref_jibaja": 1, "pref_ticlla": 1, "pref_yenifer_pct": 5.59, "pref_gabriel_pct": 2.74, "pref_jessica_pct": 0.49, "pref_juan_pct": 0.22, "pref_jibaja_pct": 0.16, "pref_ticlla_pct": 0.22, "diputado_dom": "Yenifer Paredes" }, "geometry": { "type": "Polygon", "coordinates": [ [ [ -78.302265925332634, -6.889939134338878 ], [ -78.31940661693676, -6.90325591917953 ], [ -78.321827199757706, -6.901254329384949 ], [ -78.322942992737396, -6.890357244553043 ], [ -78.3122, -6.8823 ], [ -78.3071, -6.8839 ], [ -78.302509431097263, -6.882510748884697 ], [ -78.302265925332634, -6.889939134338878 ] ] ] } },
{ "type": "Feature", "properties": { "ubigeo": "060309", "nombre": "ALOCHUCO", "categoria": "ANEXO", "provincia": "CELENDIN", "distrito": "SOROCHUCO", "altitud": 2858.0, "area_km2": 1.205, "densidad_hab_km2": 130.3, "poblacion": 157.0, "local_votacion": "IEI 073", "electores_hab": 292, "total_votantes": 107, "mesas": 1, "participacion": 36.6, "ausentismo": 63.4, "partido_ganador": "Juntos por el Peru", "pct_ganador": 60.67, "margen_victoria": 42.69, "pct_an": 3.37, "pct_app": 0.0, "pct_fp": 5.62, "pct_jxp": 60.67, "pct_lp": 0.0, "pct_obra": 17.98, "pct_pbg": 1.12, "pct_pl": 0.0, "pct_pp": 0.0, "pct_ppt": 2.25, "pct_rp": 2.25, "pct_sp": 0.0, "pct_otros": 6.74, "pref_yenifer": 1, "pref_gabriel": 0, "pref_jessica": 0, "pref_juan": 0, "pref_jibaja": 0, "pref_ticlla": 0, "pref_yenifer_pct": 11.21, "pref_gabriel_pct": 5.61, "pref_jessica_pct": 0.0, "pref_juan_pct": 0.0, "pref_jibaja_pct": 0.0, "pref_ticlla_pct": 0.0, "diputado_dom": "Yenifer Paredes" }, "geometry": { "type": "Polygon", "coordinates": [ [ [ -78.272128112604804, -6.889630096621021 ], [ -78.273205392136035, -6.8907221151049 ], [ -78.276141806362233, -6.89156044526918 ], [ -78.286609142182641, -6.882755030393486 ], [ -78.287114087947543, -6.88120045444992 ], [ -78.2778, -6.8809 ], [ -78.274509088411946, -6.879453445455799 ], [ -78.272128112604804, -6.889630096621021 ] ] ] } },
{ "type": "Feature", "properties": { "ubigeo": "060309", "nombre": "LLULLAMAYO", "categoria": "CASERIO", "provincia": "CELENDIN", "distrito": "SOROCHUCO", "altitud": 3565.0, "area_km2": 1.854, "densidad_hab_km2": 39.9, "poblacion": 74.0, "local_votacion": "IE JEC DAVID SANCHEZ INFANTE", "electores_hab": 3589, "total_votantes": 1826, "mesas": 13, "participacion": 50.9, "ausentismo": 49.1, "partido_ganador": "Juntos por el Peru", "pct_ganador": 58.61, "margen_victoria": 46.59, "pct_an": 2.42, "pct_app": 0.5, "pct_fp": 10.38, "pct_jxp": 58.61, "pct_lp": 0.28, "pct_obra": 12.02, "pct_pbg": 1.14, "pct_pl": 0.0, "pct_pp": 3.63, "pct_ppt": 1.0, "pct_rp": 1.49, "pct_sp": 0.0, "pct_otros": 8.5, "pref_yenifer": 4, "pref_gabriel": 2, "pref_jessica": 0, "pref_juan": 0, "pref_jibaja": 0, "pref_ticlla": 0, "pref_yenifer_pct": 5.59, "pref_gabriel_pct": 2.74, "pref_jessica_pct": 0.49, "pref_juan_pct": 0.22, "pref_jibaja_pct": 0.16, "pref_ticlla_pct": 0.22, "diputado_dom": "Yenifer Paredes" }, "geometry": { "type": "Polygon", "coordinates": [ [ [ -78.285590784509992, -6.894862758590044 ], [ -78.280388629000427, -6.897578959776677 ], [ -78.277482583227339, -6.902623476899935 ], [ -78.277980243148065, -6.904800798099823 ], [ -78.279401530101168, -6.908669356740457 ], [ -78.283519252725768, -6.909351623129022 ], [ -78.295510040592575, -6.901959932865622 ], [ -78.285590784509992, -6.894862758590044 ] ] ] } },
{ "type": "Feature", "properties": { "ubigeo": "060309", "nombre": "URCOPAMPA", "categoria": "ANEXO", "provincia": "CELENDIN", "distrito": "SOROCHUCO", "altitud": 3014.0, "area_km2": 0.787, "densidad_hab_km2": 2.5, "poblacion": 2.0, "local_votacion": "IEI 073", "electores_hab": 292, "total_votantes": 107, "mesas": 1, "participacion": 36.6, "ausentismo": 63.4, "partido_ganador": "Juntos por el Peru", "pct_ganador": 60.67, "margen_victoria": 42.69, "pct_an": 3.37, "pct_app": 0.0, "pct_fp": 5.62, "pct_jxp": 60.67, "pct_lp": 0.0, "pct_obra": 17.98, "pct_pbg": 1.12, "pct_pl": 0.0, "pct_pp": 0.0, "pct_ppt": 2.25, "pct_rp": 2.25, "pct_sp": 0.0, "pct_otros": 6.74, "pref_yenifer": 0, "pref_gabriel": 0, "pref_jessica": 0, "pref_juan": 0, "pref_jibaja": 0, "pref_ticlla": 0, "pref_yenifer_pct": 11.21, "pref_gabriel_pct": 5.61, "pref_jessica_pct": 0.0, "pref_juan_pct": 0.0, "pref_jibaja_pct": 0.0, "pref_ticlla_pct": 0.0, "diputado_dom": "Yenifer Paredes" }, "geometry": { "type": "Polygon", "coordinates": [ [ [ -78.276141806362233, -6.89156044526918 ], [ -78.273205392136035, -6.8907221151049 ], [ -78.27150762013153, -6.899614600392801 ], [ -78.277482583227339, -6.902623476899935 ], [ -78.280388629000427, -6.897578959776677 ], [ -78.276141806362233, -6.89156044526918 ] ] ] } },
{ "type": "Feature", "properties": { "ubigeo": "060309", "nombre": "SALACAT", "categoria": "CASERIO", "provincia": "CELENDIN", "distrito": "SOROCHUCO", "altitud": 2978.0, "area_km2": 0.954, "densidad_hab_km2": 255.8, "poblacion": 244.0, "local_votacion": "IEI 073", "electores_hab": 292, "total_votantes": 107, "mesas": 1, "participacion": 36.6, "ausentismo": 63.4, "partido_ganador": "Juntos por el Peru", "pct_ganador": 60.67, "margen_victoria": 42.69, "pct_an": 3.37, "pct_app": 0.0, "pct_fp": 5.62, "pct_jxp": 60.67, "pct_lp": 0.0, "pct_obra": 17.98, "pct_pbg": 1.12, "pct_pl": 0.0, "pct_pp": 0.0, "pct_ppt": 2.25, "pct_rp": 2.25, "pct_sp": 0.0, "pct_otros": 6.74, "pref_yenifer": 1, "pref_gabriel": 1, "pref_jessica": 0, "pref_juan": 0, "pref_jibaja": 0, "pref_ticlla": 0, "pref_yenifer_pct": 11.21, "pref_gabriel_pct": 5.61, "pref_jessica_pct": 0.0, "pref_juan_pct": 0.0, "pref_jibaja_pct": 0.0, "pref_ticlla_pct": 0.0, "diputado_dom": "Yenifer Paredes" }, "geometry": { "type": "Polygon", "coordinates": [ [ [ -78.272128112604804, -6.889630096621021 ], [ -78.264833581559941, -6.890809865724257 ], [ -78.262289995226652, -6.892637945546488 ], [ -78.262214305127657, -6.895343006470721 ], [ -78.268528176910195, -6.899563633193951 ], [ -78.27150762013153, -6.899614600392801 ], [ -78.273205392136035, -6.8907221151049 ], [ -78.272128112604804, -6.889630096621021 ] ] ] } },
{ "type": "Feature", "properties": { "ubigeo": "060309", "nombre": "LICLLIPAMPA", "categoria": "ANEXO", "provincia": "CELENDIN", "distrito": "SOROCHUCO", "altitud": 2973.0, "area_km2": 0.983, "densidad_hab_km2": 227.9, "poblacion": 224.0, "local_votacion": "IE JEC DAVID SANCHEZ INFANTE", "electores_hab": 3589, "total_votantes": 1826, "mesas": 13, "participacion": 50.9, "ausentismo": 49.1, "partido_ganador": "Juntos por el Peru", "pct_ganador": 58.61, "margen_victoria": 46.59, "pct_an": 2.42, "pct_app": 0.5, "pct_fp": 10.38, "pct_jxp": 58.61, "pct_lp": 0.28, "pct_obra": 12.02, "pct_pbg": 1.14, "pct_pl": 0.0, "pct_pp": 3.63, "pct_ppt": 1.0, "pct_rp": 1.49, "pct_sp": 0.0, "pct_otros": 8.5, "pref_yenifer": 13, "pref_gabriel": 6, "pref_jessica": 1, "pref_juan": 1, "pref_jibaja": 0, "pref_ticlla": 1, "pref_yenifer_pct": 5.59, "pref_gabriel_pct": 2.74, "pref_jessica_pct": 0.49, "pref_juan_pct": 0.22, "pref_jibaja_pct": 0.16, "pref_ticlla_pct": 0.22, "diputado_dom": "Yenifer Paredes" }, "geometry": { "type": "Polygon", "coordinates": [ [ [ -78.286609142182641, -6.882755030393486 ], [ -78.276141806362233, -6.89156044526918 ], [ -78.280388629000427, -6.897578959776677 ], [ -78.285590784509992, -6.894862758590044 ], [ -78.286609142182641, -6.882755030393486 ] ] ] } },
{ "type": "Feature", "properties": { "ubigeo": "060309", "nombre": "PUEBLO NUEVO", "categoria": "ANEXO", "provincia": "CELENDIN", "distrito": "SOROCHUCO", "altitud": 2738.0, "area_km2": 1.086, "densidad_hab_km2": 46.0, "poblacion": 50.0, "local_votacion": "IEI 073", "electores_hab": 292, "total_votantes": 107, "mesas": 1, "participacion": 36.6, "ausentismo": 63.4, "partido_ganador": "Juntos por el Peru", "pct_ganador": 60.67, "margen_victoria": 42.69, "pct_an": 3.37, "pct_app": 0.0, "pct_fp": 5.62, "pct_jxp": 60.67, "pct_lp": 0.0, "pct_obra": 17.98, "pct_pbg": 1.12, "pct_pl": 0.0, "pct_pp": 0.0, "pct_ppt": 2.25, "pct_rp": 2.25, "pct_sp": 0.0, "pct_otros": 6.74, "pref_yenifer": 0, "pref_gabriel": 0, "pref_jessica": 0, "pref_juan": 0, "pref_jibaja": 0, "pref_ticlla": 0, "pref_yenifer_pct": 11.21, "pref_gabriel_pct": 5.61, "pref_jessica_pct": 0.0, "pref_juan_pct": 0.0, "pref_jibaja_pct": 0.0, "pref_ticlla_pct": 0.0, "diputado_dom": "Yenifer Paredes" }, "geometry": { "type": "Polygon", "coordinates": [ [ [ -78.274509088411946, -6.879453445455799 ], [ -78.268150082547649, -6.876658278042918 ], [ -78.267232324788239, -6.878526392403948 ], [ -78.264833581559941, -6.890809865724257 ], [ -78.272128112604804, -6.889630096621021 ], [ -78.274509088411946, -6.879453445455799 ] ] ] } },
{ "type": "Feature", "properties": { "ubigeo": "060309", "nombre": "PISHAN", "categoria": "ANEXO", "provincia": "CELENDIN", "distrito": "SOROCHUCO", "altitud": 2612.0, "area_km2": 1.072, "densidad_hab_km2": 28.9, "poblacion": 31.0, "local_votacion": "IEI 073", "electores_hab": 292, "total_votantes": 107, "mesas": 1, "participacion": 36.6, "ausentismo": 63.4, "partido_ganador": "Juntos por el Peru", "pct_ganador": 60.67, "margen_victoria": 42.69, "pct_an": 3.37, "pct_app": 0.0, "pct_fp": 5.62, "pct_jxp": 60.67, "pct_lp": 0.0, "pct_obra": 17.98, "pct_pbg": 1.12, "pct_pl": 0.0, "pct_pp": 0.0, "pct_ppt": 2.25, "pct_rp": 2.25, "pct_sp": 0.0, "pct_otros": 6.74, "pref_yenifer": 0, "pref_gabriel": 0, "pref_jessica": 0, "pref_juan": 0, "pref_jibaja": 0, "pref_ticlla": 0, "pref_yenifer_pct": 11.21, "pref_gabriel_pct": 5.61, "pref_jessica_pct": 0.0, "pref_juan_pct": 0.0, "pref_jibaja_pct": 0.0, "pref_ticlla_pct": 0.0, "diputado_dom": "Yenifer Paredes" }, "geometry": { "type": "Polygon", "coordinates": [ [ [ -78.25384322303357, -6.885991284493294 ], [ -78.256912006659391, -6.887558895361517 ], [ -78.267232324788239, -6.878526392403948 ], [ -78.268150082547649, -6.876658278042918 ], [ -78.260906445711157, -6.873474261851058 ], [ -78.25384322303357, -6.885991284493294 ] ] ] } },
{ "type": "Feature", "properties": { "ubigeo": "060309", "nombre": "CHIRIMOYA", "categoria": "ANEXO", "provincia": "CELENDIN", "distrito": "SOROCHUCO", "altitud": 2319.0, "area_km2": 1.609, "densidad_hab_km2": 15.5, "poblacion": 25.0, "local_votacion": "IEI 073", "electores_hab": 292, "total_votantes": 107, "mesas": 1, "participacion": 36.6, "ausentismo": 63.4, "partido_ganador": "Juntos por el Peru", "pct_ganador": 60.67, "margen_victoria": 42.69, "pct_an": 3.37, "pct_app": 0.0, "pct_fp": 5.62, "pct_jxp": 60.67, "pct_lp": 0.0, "pct_obra": 17.98, "pct_pbg": 1.12, "pct_pl": 0.0, "pct_pp": 0.0, "pct_ppt": 2.25, "pct_rp": 2.25, "pct_sp": 0.0, "pct_otros": 6.74, "pref_yenifer": 0, "pref_gabriel": 0, "pref_jessica": 0, "pref_juan": 0, "pref_jibaja": 0, "pref_ticlla": 0, "pref_yenifer_pct": 11.21, "pref_gabriel_pct": 5.61, "pref_jessica_pct": 0.0, "pref_juan_pct": 0.0, "pref_jibaja_pct": 0.0, "pref_ticlla_pct": 0.0, "diputado_dom": "Yenifer Paredes" }, "geometry": { "type": "Polygon", "coordinates": [ [ [ -78.249152448595225, -6.886116109607941 ], [ -78.25384322303357, -6.885991284493294 ], [ -78.260906445711157, -6.873474261851058 ], [ -78.2596, -6.8729 ], [ -78.2544, -6.8689 ], [ -78.2531, -6.8721 ], [ -78.247146181410059, -6.87661046862874 ], [ -78.249152448595225, -6.886116109607941 ] ] ] } }
]
}
